3202 3202 14094
2828 0 1
2827 0 1
2826 0 1
2825 0 1
2824 0 1
2823 0 1
2822 0 1
2821 0 1
2820 0 1
2819 0 1
2818 0 1
2817 0 1
2816 0 1
2815 0 1
2814 0 1
2813 0 1
2812 0 1
2811 0 1
2810 0 1
2809 0 1
2808 0 1
2807 0 1
2806 0 1
2805 0 1
2804 0 1
2748 0 1
2746 0 1
2744 0 1
2742 0 1
2740 0 1
2738 0 1
2736 0 1
2734 0 1
2732 0 1
2730 0 1
2728 0 1
2726 0 1
2724 0 1
2722 0 1
2720 0 1
2718 0 1
2716 0 1
2714 0 1
2712 0 1
2710 0 1
2708 0 1
2706 0 1
2704 0 1
2702 0 1
2700 0 1
2698 0 1
2696 0 1
2694 0 1
2692 0 1
2690 0 1
2688 0 1
2686 0 1
2684 0 1
2682 0 1
2680 0 1
2678 0 1
2676 0 1
2674 0 1
2672 0 1
2670 0 1
2668 0 1
2666 0 1
2664 0 1
2662 0 1
2660 0 1
2658 0 1
2656 0 1
2654 0 1
2652 0 1
2650 0 1
2648 0 1
2646 0 1
2644 0 1
2642 0 1
2640 0 1
2638 0 1
2636 0 1
2634 0 1
2632 0 1
2630 0 1
2628 0 1
2626 0 1
2624 0 1
2622 0 1
2620 0 1
2618 0 1
2616 0 1
2614 0 1
2612 0 1
2610 0 1
2608 0 1
2606 0 1
2604 0 1
2602 0 1
2600 0 1
2598 0 1
2596 0 1
2594 0 1
2592 0 1
2590 0 1
2588 0 1
2586 0 1
2584 0 1
2582 0 1
2580 0 1
2578 0 1
2576 0 1
2574 0 1
2572 0 1
2570 0 1
2568 0 1
2566 0 1
2564 0 1
2562 0 1
2560 0 1
2558 0 1
2556 0 1
2554 0 1
2552 0 1
2550 0 1
2548 0 1
2546 0 1
2544 0 1
2542 0 1
2540 0 1
2538 0 1
2536 0 1
2534 0 1
2532 0 1
2530 0 1
2528 0 1
2526 0 1
2524 0 1
2522 0 1
2520 0 1
2518 0 1
2516 0 1
2514 0 1
2512 0 1
2510 0 1
2508 0 1
2506 0 1
2504 0 1
2502 0 1
2500 0 1
2498 0 1
2496 0 1
2494 0 1
2492 0 1
2490 0 1
2488 0 1
2486 0 1
2484 0 1
2482 0 1
2480 0 1
2478 0 1
2476 0 1
2474 0 1
2472 0 1
2470 0 1
2468 0 1
2466 0 1
2464 0 1
2462 0 1
2460 0 1
2458 0 1
2456 0 1
2454 0 1
2452 0 1
2450 0 1
2448 0 1
2446 0 1
2444 0 1
2442 0 1
2440 0 1
2438 0 1
2436 0 1
2434 0 1
2432 0 1
2430 0 1
2428 0 1
2426 0 1
2424 0 1
2422 0 1
2420 0 1
2418 0 1
2416 0 1
2414 0 1
2412 0 1
2410 0 1
2408 0 1
2406 0 1
2404 0 1
2402 0 1
2400 0 1
2398 0 1
2396 0 1
2394 0 1
2392 0 1
2390 0 1
2388 0 1
2386 0 1
2384 0 1
2382 0 1
2380 0 1
2378 0 1
2376 0 1
2374 0 1
2372 0 1
2370 0 1
2368 0 1
2366 0 1
2364 0 1
2362 0 1
2360 0 1
2358 0 1
2356 0 1
2354 0 1
2352 0 1
2350 0 1
2348 0 1
2346 0 1
2344 0 1
2342 0 1
2340 0 1
2338 0 1
2336 0 1
2334 0 1
2332 0 1
2330 0 1
2328 0 1
2326 0 1
2324 0 1
2322 0 1
2320 0 1
2318 0 1
2316 0 1
2314 0 1
2312 0 1
2310 0 1
2308 0 1
2306 0 1
2304 0 1
2302 0 1
2300 0 1
2298 0 1
2296 0 1
2294 0 1
2292 0 1
2290 0 1
2288 0 1
2286 0 1
2284 0 1
2282 0 1
2280 0 1
2278 0 1
2276 0 1
2274 0 1
2272 0 1
2270 0 1
2268 0 1
2266 0 1
2264 0 1
2262 0 1
2260 0 1
2258 0 1
2256 0 1
2254 0 1
2252 0 1
2250 0 1
2248 0 1
2246 0 1
2244 0 1
2242 0 1
2240 0 1
2238 0 1
2236 0 1
2234 0 1
2232 0 1
2230 0 1
2228 0 1
2226 0 1
2224 0 1
2222 0 1
2220 0 1
2218 0 1
2216 0 1
2214 0 1
2212 0 1
2210 0 1
2208 0 1
2206 0 1
2204 0 1
2202 0 1
2200 0 1
2198 0 1
2196 0 1
2194 0 1
2192 0 1
2190 0 1
2188 0 1
2186 0 1
2184 0 1
2182 0 1
2180 0 1
2178 0 1
2176 0 1
2174 0 1
2172 0 1
2170 0 1
2168 0 1
2166 0 1
2164 0 1
2162 0 1
2160 0 1
2158 0 1
2156 0 1
2154 0 1
2152 0 1
2150 0 1
2148 0 1
2146 0 1
2144 0 1
2142 0 1
2140 0 1
2138 0 1
2136 0 1
2134 0 1
2132 0 1
2130 0 1
2128 0 1
2126 0 1
2124 0 1
2122 0 1
2120 0 1
2118 0 1
2116 0 1
2114 0 1
2112 0 1
2110 0 1
2108 0 1
2106 0 1
2104 0 1
2102 0 1
2100 0 1
2098 0 1
2096 0 1
2094 0 1
2092 0 1
2090 0 1
2088 0 1
2086 0 1
2084 0 1
2082 0 1
2080 0 1
2078 0 1
2076 0 1
2074 0 1
2072 0 1
2070 0 1
2068 0 1
2066 0 1
2064 0 1
2062 0 1
2060 0 1
2058 0 1
2056 0 1
2054 0 1
2052 0 1
2050 0 1
2048 0 1
2046 0 1
2044 0 1
2042 0 1
2040 0 1
2038 0 1
2036 0 1
2034 0 1
2032 0 1
2030 0 1
2028 0 1
2026 0 1
2024 0 1
2022 0 1
2020 0 1
2018 0 1
2016 0 1
2014 0 1
2012 0 1
2010 0 1
2008 0 1
2006 0 1
2004 0 1
2002 0 1
2000 0 1
1998 0 1
1996 0 1
1994 0 1
1992 0 1
1990 0 1
1988 0 1
1986 0 1
1984 0 1
1982 0 1
1980 0 1
1978 0 1
1976 0 1
1974 0 1
1972 0 1
1970 0 1
1968 0 1
1966 0 1
1964 0 1
1962 0 1
1960 0 1
1958 0 1
1956 0 1
1954 0 1
1952 0 1
1950 0 1
1948 0 1
1946 0 1
1944 0 1
1942 0 1
1940 0 1
1938 0 1
1936 0 1
1934 0 1
1932 0 1
1930 0 1
1928 0 1
1926 0 1
1924 0 1
1922 0 1
1920 0 1
1918 0 1
1916 0 1
1914 0 1
1912 0 1
1910 0 1
1908 0 1
1906 0 1
1904 0 1
1902 0 1
1900 0 1
1898 0 1
1896 0 1
1894 0 1
1892 0 1
1890 0 1
1888 0 1
1886 0 1
1884 0 1
1882 0 1
1880 0 1
1878 0 1
1876 0 1
1874 0 1
1872 0 1
1870 0 1
1868 0 1
1866 0 1
1864 0 1
1862 0 1
1860 0 1
1858 0 1
1856 0 1
1854 0 1
1852 0 1
1850 0 1
1848 0 1
1846 0 1
1844 0 1
1842 0 1
1840 0 1
1838 0 1
1836 0 1
1834 0 1
1832 0 1
1830 0 1
1828 0 1
1826 0 1
1824 0 1
1822 0 1
1820 0 1
1818 0 1
1816 0 1
1814 0 1
1812 0 1
1810 0 1
1808 0 1
1806 0 1
1804 0 1
1802 0 1
1800 0 1
1798 0 1
1796 0 1
1794 0 1
1792 0 1
1790 0 1
1788 0 1
1786 0 1
1784 0 1
1782 0 1
1780 0 1
1778 0 1
1776 0 1
1774 0 1
1772 0 1
1770 0 1
1768 0 1
1766 0 1
1764 0 1
1762 0 1
1760 0 1
1758 0 1
1756 0 1
1754 0 1
1752 0 1
1750 0 1
1748 0 1
1746 0 1
1744 0 1
1742 0 1
1740 0 1
1738 0 1
1736 0 1
1734 0 1
1732 0 1
1730 0 1
1728 0 1
1726 0 1
1724 0 1
1722 0 1
1720 0 1
1718 0 1
1716 0 1
1714 0 1
1712 0 1
1710 0 1
1708 0 1
1706 0 1
1704 0 1
1702 0 1
1700 0 1
1698 0 1
1696 0 1
1694 0 1
1692 0 1
1690 0 1
1688 0 1
1686 0 1
1684 0 1
1682 0 1
1680 0 1
1678 0 1
1676 0 1
1674 0 1
1672 0 1
1670 0 1
1668 0 1
1666 0 1
1664 0 1
1662 0 1
1660 0 1
1658 0 1
1656 0 1
1654 0 1
1652 0 1
1650 0 1
1648 0 1
1646 0 1
743 0 1
741 0 1
739 0 1
737 0 1
735 0 1
733 0 1
731 0 1
729 0 1
727 0 1
725 0 1
723 0 1
721 0 1
719 0 1
717 0 1
715 0 1
713 0 1
711 0 1
709 0 1
707 0 1
705 0 1
703 0 1
701 0 1
699 0 1
697 0 1
695 0 1
693 0 1
691 0 1
689 0 1
687 0 1
685 0 1
683 0 1
681 0 1
679 0 1
677 0 1
675 0 1
673 0 1
671 0 1
669 0 1
667 0 1
665 0 1
663 0 1
661 0 1
659 0 1
657 0 1
655 0 1
653 0 1
651 0 1
649 0 1
3184 1 -17
3176 1 -23
3069 1 -20
3039 1 -18
3006 1 -17
2998 1 -23
2903 1 -20
2877 1 -18
1649 1 1000
1648 1 135823/250
745 1 -43
624 1 43
26 1 1
0 1 1
3185 2 -17
3136 2 -39
3130 2 -18
3124 2 -19
3052 2 -37
3046 2 -40
1651 2 1000
1650 2 135823/250
746 2 -23
624 2 23
27 2 1
0 2 1
3189 3 -18
3152 3 -41
3137 3 -24
3105 3 -17
3070 3 -20
3025 3 -18
1655 3 1000
1654 3 135823/250
748 3 -41
624 3 41
29 3 1
0 3 1
3190 4 -20
3125 4 -19
3107 4 -21
3097 4 -37
3089 4 -41
3080 4 -39
3062 4 -61
3054 4 -41
3032 4 -22
3022 4 -21
1659 4 1000
1658 4 135823/250
750 4 -21
624 4 21
31 4 1
0 4 1
3178 5 -23
3163 5 -17
3145 5 -36
3055 5 -23
3047 5 -44
3033 5 -20
3023 5 -20
1661 5 1000
1660 5 135823/250
751 5 -20
624 5 20
32 5 1
0 5 1
3197 6 -22
3187 6 -40
3015 6 -22
2750 6 -360
1673 6 1000
1672 6 135823/250
752 6 -40
624 6 40
38 6 1
0 6 1
3192 7 -18
3157 7 -16
3148 7 -40
3112 7 -24
3090 7 -42
3057 7 -19
3035 7 -21
1675 7 1000
1674 7 135823/250
39 7 1
0 7 1
3199 8 -19
3141 8 -16
3093 8 -19
1683 8 1000
1682 8 135823/250
43 8 1
0 8 1
3160 9 -23
3102 9 -23
3076 9 -22
3068 9 -22
3060 9 -16
3037 9 -20
1691 9 1000
1690 9 135823/250
47 9 1
0 9 1
3184 10 -17
3176 10 -23
3169 10 -16
3162 10 -23
3151 10 -36
3135 10 -23
3129 10 -37
3087 10 -23
3078 10 -38
3069 10 -20
3039 10 -18
1695 10 1000
1694 10 135823/250
26 10 1
1 10 1
3189 11 -18
3152 11 -41
3137 11 -24
3105 11 -17
3070 11 -20
3025 11 -18
1701 11 1000
1700 11 135823/250
757 11 -18
625 11 18
29 11 1
1 11 1
3186 12 -40
3132 12 -43
3110 12 -24
3099 12 -63
3071 12 -20
3007 12 -40
2956 12 -43
2931 12 -24
2904 12 -20
1715 12 1000
1714 12 135823/250
762 12 -64
625 12 64
36 12 1
1 12 1
3090 13 -42
2919 13 -42
2751 13 -487
1721 13 1000
1720 13 135823/250
765 13 -64
625 13 64
39 13 1
1 13 1
3182 14 -23
3134 14 -18
3091 14 -42
3086 14 -21
3074 14 -38
3050 14 -19
1725 14 1000
1724 14 135823/250
41 14 1
1 14 1
3160 15 -23
3102 15 -23
3076 15 -22
3068 15 -22
3060 15 -16
3037 15 -20
1737 15 1000
1736 15 135823/250
47 15 1
1 15 1
3185 16 -17
3136 16 -39
3130 16 -18
3124 16 -19
3052 16 -37
3046 16 -40
1743 16 1000
1742 16 135823/250
772 16 -20
626 16 20
27 16 1
2 16 1
3104 17 -23
3053 17 -18
3021 17 -21
2933 17 -23
2887 17 -18
2860 17 -21
1745 17 1000
1744 17 135823/250
773 17 -44
626 17 44
28 17 1
2 17 1
3189 18 -18
3152 18 -41
3137 18 -24
3105 18 -17
3070 18 -20
3025 18 -18
1747 18 1000
1746 18 135823/250
29 18 1
2 18 1
3170 19 -24
3144 19 -38
3106 19 -39
3031 19 -42
2991 19 -24
2967 19 -38
2934 19 -39
2753 19 -537
1749 19 1000
1748 19 135823/250
774 19 -42
626 19 42
30 19 1
2 19 1
3190 20 -20
3125 20 -19
3107 20 -21
3097 20 -37
3089 20 -41
3080 20 -39
3062 20 -61
3054 20 -41
3032 20 -22
3022 20 -21
1751 20 1000
1750 20 135823/250
775 20 -22
626 20 22
31 20 1
2 20 1
3171 21 -16
3108 21 -17
3081 21 -36
1755 21 1000
1754 21 135823/250
33 21 1
2 21 1
3172 22 -24
3164 22 -20
3146 22 -20
3131 22 -43
3117 22 -43
3109 22 -40
3026 22 -40
1757 22 1000
1756 22 135823/250
34 22 1
2 22 1
3138 23 -20
3126 23 -39
3118 23 -58
3098 23 -44
3082 23 -21
3056 23 -63
3048 23 -60
3041 23 -17
1759 23 1000
1758 23 135823/250
777 23 -23
626 23 23
35 23 1
2 23 1
3186 24 -40
3179 24 -20
3173 24 -41
3165 24 -17
3154 24 -21
3139 24 -44
3132 24 -43
3110 24 -24
3099 24 -63
3083 24 -19
3071 24 -20
3063 24 -19
3034 24 -21
1761 24 1000
1760 24 135823/250
778 24 -21
626 24 21
36 24 1
2 24 1
3191 25 -19
3174 25 -24
3147 25 -23
3010 25 -19
2992 25 -24
2968 25 -23
1765 25 1000
1764 25 135823/250
779 25 -40
626 25 40
38 25 1
2 25 1
3192 26 -18
3157 26 -16
3148 26 -40
3112 26 -24
3090 26 -42
3057 26 -19
3035 26 -21
1767 26 1000
1766 26 135823/250
780 26 -21
626 26 21
39 26 1
2 26 1
3127 27 -24
2950 27 -24
2754 27 -537
1769 27 1000
1768 27 135823/250
781 27 -38
626 27 38
40 27 1
2 27 1
3193 28 -23
3058 28 -16
1773 28 1000
1772 28 135823/250
783 28 -22
626 28 22
42 28 1
2 28 1
3168 29 -42
3161 29 -17
3123 29 -44
3115 29 -23
3094 29 -60
3061 29 -22
1785 29 1000
1784 29 135823/250
789 29 -42
627 29 42
24 29 1
3 29 1
3175 30 -23
3150 30 -41
3142 30 -42
3116 30 -16
3103 30 -44
3095 30 -57
3077 30 -22
3051 30 -18
3038 30 -20
1787 30 1000
1786 30 135823/250
790 30 -20
627 30 20
25 30 1
3 30 1
3177 31 -42
3143 31 -23
3104 31 -23
3096 31 -16
3088 31 -20
3053 31 -18
3024 31 -21
3021 31 -21
1791 31 1000
1790 31 135823/250
792 31 -40
627 31 40
28 31 1
3 31 1
3189 32 -18
3152 32 -41
3137 32 -24
3105 32 -17
3070 32 -20
3025 32 -18
3011 32 -18
2974 32 -41
2961 32 -24
2935 32 -17
2905 32 -20
2863 32 -18
2806 32 -1000
1793 32 1000
1792 32 135823/250
793 32 -57
627 32 57
29 32 1
3 32 1
3171 33 -16
3108 33 -17
3081 33 -36
1801 33 1000
1800 33 135823/250
33 33 1
3 33 1
3064 34 -41
2894 34 -41
2767 34 -560
1809 34 1000
1808 34 135823/250
798 34 -39
627 34 39
37 34 1
3 34 1
2756 35 -542
1817 35 1000
1816 35 135823/250
800 35 -41
627 35 41
41 35 1
3 35 1
3200 36 -57
3194 36 -23
3158 36 -21
3121 36 -21
3113 36 -24
3043 36 -17
3036 36 -20
3028 36 -24
1823 36 1000
1822 36 135823/250
801 36 -17
627 36 17
44 36 1
3 36 1
3067 37 -44
3045 37 -40
2895 37 -44
2768 37 -560
1827 37 1000
1826 37 135823/250
803 37 -40
627 37 40
46 37 1
3 37 1
3160 38 -23
3060 38 -16
3037 38 -20
2975 38 -23
2888 38 -16
2870 38 -20
1829 38 1000
1828 38 135823/250
804 38 -43
627 38 43
47 38 1
3 38 1
3184 39 -17
3176 39 -23
3169 39 -16
3162 39 -23
3151 39 -36
3135 39 -23
3129 39 -37
3087 39 -23
3078 39 -38
3069 39 -20
3039 39 -18
1835 39 1000
1834 39 135823/250
26 39 1
4 39 1
3185 40 -17
3136 40 -39
3130 40 -18
3124 40 -19
3052 40 -37
3046 40 -40
1837 40 1000
1836 40 135823/250
805 40 -40
628 40 40
27 40 1
4 40 1
3195 41 -17
3153 41 -17
3079 41 -40
3040 41 -43
3031 41 -42
3016 41 -17
2976 41 -17
1841 41 1000
1840 41 135823/250
807 41 -60
628 41 60
30 41 1
4 41 1
3047 42 -44
2760 42 -520
1845 42 1000
1844 42 135823/250
808 42 -44
628 42 44
32 42 1
4 42 1
3048 43 -60
2761 43 -520
1851 43 1000
1850 43 135823/250
810 43 -60
628 43 60
35 43 1
4 43 1
3196 44 -37
3180 44 -41
3166 44 -24
3155 44 -17
3140 44 -43
3133 44 -24
3084 44 -39
3072 44 -62
3064 44 -41
3049 44 -40
1855 44 1000
1854 44 135823/250
811 44 -40
628 44 40
37 44 1
4 44 1
3197 45 -22
3191 45 -19
3187 45 -40
3181 45 -20
3174 45 -24
3156 45 -16
3147 45 -23
3119 45 -24
3111 45 -17
3100 45 -18
3085 45 -19
3073 45 -20
3065 45 -16
3027 45 -17
1857 45 1000
1856 45 135823/250
38 45 1
4 45 1
3192 46 -18
3157 46 -16
3148 46 -40
3112 46 -24
3090 46 -42
3057 46 -19
3035 46 -21
1859 46 1000
1858 46 135823/250
39 46 1
4 46 1
2763 47 -520
1867 47 1000
1866 47 135823/250
814 47 -39
628 47 39
43 47 1
4 47 1
3200 48 -57
3194 48 -23
3158 48 -21
3121 48 -21
3113 48 -24
3043 48 -17
3036 48 -20
3028 48 -24
1869 48 1000
1868 48 135823/250
815 48 -41
628 48 41
44 48 1
4 48 1
3160 49 -23
3102 49 -23
3076 49 -22
3068 49 -22
3060 49 -16
3037 49 -20
1875 49 1000
1874 49 135823/250
47 49 1
4 49 1
3184 50 -17
3176 50 -23
3169 50 -16
3162 50 -23
3151 50 -36
3135 50 -23
3129 50 -37
3087 50 -23
3078 50 -38
3069 50 -20
3039 50 -18
1881 50 1000
1880 50 135823/250
26 50 1
5 50 1
3052 51 -37
3046 51 -40
2884 51 -40
2764 51 -437
1883 51 1000
1882 51 135823/250
819 51 -37
629 51 37
27 51 1
5 51 1
3177 52 -42
3143 52 -23
3104 52 -23
3096 52 -16
3088 52 -20
3053 52 -18
3024 52 -21
3021 52 -21
1885 52 1000
1884 52 135823/250
820 52 -18
629 52 18
28 52 1
5 52 1
3190 53 -20
3125 53 -19
3107 53 -21
3097 53 -37
3089 53 -41
3080 53 -39
3062 53 -61
3054 53 -41
3032 53 -22
3022 53 -21
1889 53 1000
1888 53 135823/250
822 53 -41
629 53 41
31 53 1
5 53 1
3178 54 -23
3163 54 -17
3145 54 -36
3055 54 -23
3047 54 -44
3033 54 -20
3023 54 -20
1891 54 1000
1890 54 135823/250
823 54 -23
629 54 23
32 54 1
5 54 1
2757 55 -485
1893 55 1000
1892 55 135823/250
824 55 -39
629 55 39
33 55 1
5 55 1
3138 56 -20
3082 56 -21
3056 56 -63
3048 56 -60
3041 56 -17
2962 56 -20
2911 56 -21
2878 56 -17
1897 56 1000
1896 56 135823/250
825 56 -63
629 56 63
35 56 1
5 56 1
3139 57 -44
3083 57 -19
2963 57 -44
2912 57 -19
1899 57 1000
1898 57 135823/250
826 57 -60
629 57 60
36 57 1
5 57 1
3049 58 -40
2885 58 -40
2836 58 -39
2835 58 -39
2765 58 -437
1901 58 1000
1900 58 135823/250
827 58 -39
629 58 39
37 58 1
5 58 1
3197 59 -22
3191 59 -19
3187 59 -40
3181 59 -20
3174 59 -24
3156 59 -16
3147 59 -23
3119 59 -24
3111 59 -17
3100 59 -18
3085 59 -19
3073 59 -20
3065 59 -16
3027 59 -17
1903 59 1000
1902 59 135823/250
38 59 1
5 59 1
3192 60 -18
3157 60 -16
3148 60 -40
3112 60 -24
3090 60 -42
3057 60 -19
3035 60 -21
1905 60 1000
1904 60 135823/250
828 60 -19
629 60 19
39 60 1
5 60 1
3058 61 -16
2766 61 -526
1911 61 1000
1910 61 135823/250
830 61 -16
629 61 16
42 61 1
5 61 1
3199 62 -19
3141 62 -16
3093 62 -19
1913 62 1000
1912 62 135823/250
43 62 1
5 62 1
3201 63 -38
3188 63 -17
3183 63 -20
3159 63 -16
3149 63 -23
3122 63 -20
3114 63 -20
3101 63 -24
3075 63 -24
3067 63 -44
3045 63 -40
3030 63 -19
1919 63 1000
1918 63 135823/250
46 63 1
5 63 1
3184 64 -17
3176 64 -23
3169 64 -16
3162 64 -23
3151 64 -36
3135 64 -23
3129 64 -37
3087 64 -23
3078 64 -38
3069 64 -20
3039 64 -18
1927 64 1000
1926 64 135823/250
26 64 1
6 64 1
3190 65 -20
3125 65 -19
3107 65 -21
3097 65 -37
3089 65 -41
3080 65 -39
3062 65 -61
3054 65 -41
3032 65 -22
3022 65 -21
1935 65 1000
1934 65 135823/250
834 65 -61
630 65 61
31 65 1
6 65 1
1939 66 1000
1938 66 135823/250
836 66 -80
630 66 80
33 66 1
6 66 1
3196 67 -37
3180 67 -41
3166 67 -24
3155 67 -17
3140 67 -43
3133 67 -24
3084 67 -39
3072 67 -62
3064 67 -41
3049 67 -40
1947 67 1000
1946 67 135823/250
840 67 -41
630 67 41
37 67 1
6 67 1
3197 68 -22
3191 68 -19
3187 68 -40
3181 68 -20
3174 68 -24
3156 68 -16
3147 68 -23
3119 68 -24
3111 68 -17
3100 68 -18
3085 68 -19
3073 68 -20
3065 68 -16
3027 68 -17
1949 68 1000
1948 68 135823/250
841 68 -16
630 68 16
38 68 1
6 68 1
3198 69 -20
3167 69 -17
3127 69 -24
3042 69 -22
1953 69 1000
1952 69 135823/250
40 69 1
6 69 1
3182 70 -23
3134 70 -18
3091 70 -42
3086 70 -21
3074 70 -38
3050 70 -19
1955 70 1000
1954 70 135823/250
41 70 1
6 70 1
3200 71 -57
3194 71 -23
3158 71 -21
3121 71 -21
3113 71 -24
3043 71 -17
3036 71 -20
3028 71 -24
1961 71 1000
1960 71 135823/250
843 71 -43
630 71 43
44 71 1
6 71 1
3128 72 -43
3059 72 -40
3044 72 -42
3029 72 -18
1963 72 1000
1962 72 135823/250
45 72 1
6 72 1
3175 73 -23
3150 73 -41
3142 73 -42
3116 73 -16
3103 73 -44
3095 73 -57
3077 73 -22
3051 73 -18
3038 73 -20
1971 73 1000
1970 73 135823/250
25 73 1
7 73 1
3171 74 -16
3081 74 -36
2993 74 -16
1985 74 1000
1984 74 135823/250
851 74 -60
631 74 60
33 74 1
7 74 1
3172 75 -24
3164 75 -20
2994 75 -24
2984 75 -20
1987 75 1000
1986 75 135823/250
852 75 -61
631 75 61
34 75 1
7 75 1
3138 76 -20
3126 76 -39
3118 76 -58
3098 76 -44
3082 76 -21
3056 76 -63
3048 76 -60
3041 76 -17
1989 76 1000
1988 76 135823/250
35 76 1
7 76 1
3180 77 -41
3166 77 -24
3084 77 -39
3072 77 -62
2999 77 -41
2985 77 -24
2913 77 -39
1993 77 1000
1992 77 135823/250
854 77 -62
631 77 62
37 77 1
7 77 1
3193 78 -23
3120 78 -19
3092 78 -22
3066 78 -22
3058 78 -16
2003 78 1000
2002 78 135823/250
42 78 1
7 78 1
3199 79 -19
3141 79 -16
3093 79 -19
2005 79 1000
2004 79 135823/250
43 79 1
7 79 1
3200 80 -57
3194 80 -23
3158 80 -21
3121 80 -21
3113 80 -24
3043 80 -17
3036 80 -20
3028 80 -24
2007 80 1000
2006 80 135823/250
44 80 1
7 80 1
3160 81 -23
3102 81 -23
3076 81 -22
3068 81 -22
3060 81 -16
3037 81 -20
2013 81 1000
2012 81 135823/250
858 81 -22
631 81 22
47 81 1
7 81 1
3175 82 -23
3150 82 -41
3142 82 -42
3116 82 -16
3103 82 -44
3095 82 -57
3077 82 -22
3051 82 -18
3038 82 -20
2017 82 1000
2016 82 135823/250
860 82 -22
632 82 22
25 82 1
8 82 1
3151 83 -36
3078 83 -38
2977 83 -36
2859 83 -35
2795 83 -436
2019 83 1000
2018 83 135823/250
861 83 -38
632 83 38
26 83 1
8 83 1
3177 84 -42
3143 84 -23
3096 84 -16
3088 84 -20
3024 84 -21
2969 84 -23
2926 84 -16
2920 84 -20
2864 84 -21
2859 84 -29
2023 84 1000
2022 84 135823/250
862 84 -44
632 84 44
28 84 1
8 84 1
3144 85 -38
3079 85 -40
2970 85 -38
2859 85 -33
2794 85 -447
2027 85 1000
2026 85 135823/250
864 85 -40
632 85 40
30 85 1
8 85 1
3081 86 -36
2859 86 -39
2773 86 -522
2031 86 1000
2030 86 135823/250
866 86 -36
632 86 36
33 86 1
8 86 1
3155 87 -17
3140 87 -43
3084 87 -39
2978 87 -17
2964 87 -43
2859 87 -34
2840 87 -39
2839 87 -39
2791 87 -372
2039 87 1000
2038 87 135823/250
870 87 -39
632 87 39
37 87 1
8 87 1
3192 88 -18
3157 88 -16
3148 88 -40
3112 88 -24
3090 88 -42
3057 88 -19
3035 88 -21
2043 88 1000
2042 88 135823/250
39 88 1
8 88 1
3198 89 -20
3167 89 -17
3127 89 -24
3042 89 -22
2045 89 1000
2044 89 135823/250
40 89 1
8 89 1
2859 90 -241
2809 90 -1000
2049 90 1000
2048 90 135823/250
873 90 -24
632 90 24
42 90 1
8 90 1
3199 91 -19
3141 91 -16
3093 91 -19
2051 91 1000
2050 91 135823/250
874 91 -16
632 91 16
43 91 1
8 91 1
3188 92 -17
3159 92 -16
3008 92 -17
2979 92 -16
2859 92 -37
2057 92 1000
2056 92 135823/250
877 92 -37
632 92 37
46 92 1
8 92 1
3168 93 -42
3161 93 -17
3123 93 -44
3115 93 -23
3094 93 -60
3061 93 -22
2061 93 1000
2060 93 135823/250
24 93 1
9 93 1
3184 94 -17
3176 94 -23
3169 94 -16
3162 94 -23
3151 94 -36
3135 94 -23
3129 94 -37
3087 94 -23
3078 94 -38
3069 94 -20
3039 94 -18
2065 94 1000
2064 94 135823/250
879 94 -23
633 94 23
26 94 1
9 94 1
2842 95 -39
2841 95 -39
2769 95 -480
2067 95 1000
2066 95 135823/250
880 95 -39
633 95 39
27 95 1
9 95 1
3177 96 -42
3143 96 -23
3104 96 -23
3096 96 -16
3088 96 -20
3053 96 -18
3024 96 -21
3021 96 -21
2069 96 1000
2068 96 135823/250
881 96 -20
633 96 20
28 96 1
9 96 1
3089 97 -41
3062 97 -61
2896 97 -61
2844 97 -41
2843 97 -41
2770 97 -480
2075 97 1000
2074 97 135823/250
882 97 -41
633 97 41
31 97 1
9 97 1
3178 98 -23
3163 98 -17
3145 98 -36
3055 98 -23
3047 98 -44
3033 98 -20
3023 98 -20
2077 98 1000
2076 98 135823/250
32 98 1
9 98 1
3172 99 -24
3164 99 -20
3146 99 -20
3131 99 -43
3117 99 -43
3109 99 -40
3026 99 -40
2079 99 1000
2078 99 135823/250
34 99 1
9 99 1
3138 100 -20
3126 100 -39
3118 100 -58
3098 100 -44
3082 100 -21
3056 100 -63
3048 100 -60
3041 100 -17
2081 100 1000
2080 100 135823/250
883 100 -22
633 100 22
35 100 1
9 100 1
3181 101 -20
3156 101 -16
3085 101 -19
3073 101 -20
3065 101 -16
3000 101 -20
2980 101 -16
2914 101 -19
2906 101 -20
2897 101 -16
2087 101 1000
2086 101 135823/250
884 101 -44
633 101 44
38 101 1
9 101 1
3192 102 -18
3157 102 -16
3148 102 -40
3112 102 -24
3090 102 -42
3057 102 -19
3035 102 -21
2089 102 1000
2088 102 135823/250
885 102 -42
633 102 42
39 102 1
9 102 1
3182 103 -23
3134 103 -18
3091 103 -42
3074 103 -38
3050 103 -19
3001 103 -23
2957 103 -18
2907 103 -38
2886 103 -19
2810 103 -1000
2093 103 1000
2092 103 135823/250
887 103 -42
633 103 42
41 103 1
9 103 1
3092 104 -22
3066 104 -22
2898 104 -22
2846 104 -22
2845 104 -22
2771 104 -480
2095 104 1000
2094 104 135823/250
888 104 -22
633 104 22
42 104 1
9 104 1
3200 105 -57
3194 105 -23
3158 105 -21
3121 105 -21
3113 105 -24
3043 105 -17
3036 105 -20
3028 105 -24
2099 105 1000
2098 105 135823/250
890 105 -20
633 105 20
44 105 1
9 105 1
3044 106 -42
2879 106 -42
2758 106 -542
2101 106 1000
2100 106 135823/250
891 106 -58
633 106 58
45 106 1
9 106 1
3161 107 -17
3115 107 -23
3094 107 -60
3061 107 -22
2986 107 -17
2943 107 -23
2900 107 -22
2107 107 1000
2106 107 135823/250
893 107 -60
634 107 60
24 107 1
10 107 1
3095 108 -57
2109 108 1000
2108 108 135823/250
894 108 -57
634 108 57
25 108 1
10 108 1
3171 109 -16
3108 109 -17
3081 109 -36
2125 109 1000
2124 109 135823/250
33 109 1
10 109 1
3118 110 -58
3098 110 -44
2850 110 -44
2849 110 -44
2782 110 -264
2127 110 1000
2126 110 135823/250
898 110 -44
634 110 44
35 110 1
10 110 1
3099 111 -63
3063 111 -19
2901 111 -19
2780 111 -493
2129 111 1000
2128 111 135823/250
899 111 -63
634 111 63
36 111 1
10 111 1
3196 112 -37
3180 112 -41
3166 112 -24
3155 112 -17
3140 112 -43
3133 112 -24
3084 112 -39
3072 112 -62
3064 112 -41
3049 112 -40
2131 112 1000
2130 112 135823/250
37 112 1
10 112 1
3193 113 -23
3120 113 -19
3092 113 -22
3066 113 -22
3058 113 -16
2141 113 1000
2140 113 135823/250
42 113 1
10 113 1
3201 114 -38
3188 114 -17
3183 114 -20
3159 114 -16
3149 114 -23
3122 114 -20
3114 114 -20
3101 114 -24
3075 114 -24
3067 114 -44
3045 114 -40
3030 114 -19
2149 114 1000
2148 114 135823/250
904 114 -24
634 114 24
46 114 1
10 114 1
3160 115 -23
3102 115 -23
3076 115 -22
3068 115 -22
3060 115 -16
3037 115 -20
2151 115 1000
2150 115 135823/250
905 115 -23
634 115 23
47 115 1
10 115 1
3175 116 -23
3150 116 -41
3142 116 -42
3116 116 -16
3103 116 -44
3051 116 -18
2944 116 -16
2889 116 -18
2155 116 1000
2154 116 135823/250
906 116 -44
635 116 44
25 116 1
11 116 1
2157 117 1000
2156 117 135823/250
907 117 -44
635 117 44
26 117 1
11 117 1
3185 118 -17
3136 118 -39
3130 118 -18
3124 118 -19
3052 118 -37
3046 118 -40
2159 118 1000
2158 118 135823/250
27 118 1
11 118 1
3177 119 -42
3143 119 -23
3104 119 -23
3096 119 -16
3088 119 -20
3053 119 -18
3024 119 -21
3021 119 -21
2161 119 1000
2160 119 135823/250
908 119 -23
635 119 23
28 119 1
11 119 1
3189 120 -18
3152 120 -41
3137 120 -24
3105 120 -17
3070 120 -20
3025 120 -18
2163 120 1000
2162 120 135823/250
909 120 -17
635 120 17
29 120 1
11 120 1
3195 121 -17
3170 121 -24
3153 121 -17
3144 121 -38
3106 121 -39
3079 121 -40
3040 121 -43
3031 121 -42
2165 121 1000
2164 121 135823/250
910 121 -39
635 121 39
30 121 1
11 121 1
3171 122 -16
3108 122 -17
3081 122 -36
2171 122 1000
2170 122 135823/250
912 122 -17
635 122 17
33 122 1
11 122 1
3172 123 -24
3164 123 -20
3146 123 -20
3131 123 -43
3117 123 -43
3109 123 -40
3026 123 -40
2173 123 1000
2172 123 135823/250
913 123 -40
635 123 40
34 123 1
11 123 1
3197 124 -22
3191 124 -19
3187 124 -40
3181 124 -20
3174 124 -24
3156 124 -16
3147 124 -23
3119 124 -24
3111 124 -17
3100 124 -18
3085 124 -19
3073 124 -20
3065 124 -16
3027 124 -17
2179 124 1000
2178 124 135823/250
916 124 -17
635 124 17
38 124 1
11 124 1
3182 125 -23
3134 125 -18
3091 125 -42
3086 125 -21
3074 125 -38
3050 125 -19
2185 125 1000
2184 125 135823/250
919 125 -18
635 125 18
41 125 1
11 125 1
3193 126 -23
3120 126 -19
3092 126 -22
3066 126 -22
3058 126 -16
2187 126 1000
2186 126 135823/250
42 126 1
11 126 1
3199 127 -19
3141 127 -16
3093 127 -19
2189 127 1000
2188 127 135823/250
920 127 -24
635 127 24
43 127 1
11 127 1
3121 128 -21
3113 128 -24
2945 128 -21
2852 128 -24
2851 128 -24
2783 128 -249
2191 128 1000
2190 128 135823/250
921 128 -24
635 128 24
44 128 1
11 128 1
3201 129 -38
3188 129 -17
3183 129 -20
3159 129 -16
3149 129 -23
3122 129 -20
3114 129 -20
3101 129 -24
3075 129 -24
3067 129 -44
3045 129 -40
3030 129 -19
2195 129 1000
2194 129 135823/250
922 129 -20
635 129 20
46 129 1
11 129 1
3168 130 -42
3161 130 -17
3123 130 -44
3115 130 -23
3094 130 -60
3061 130 -22
2199 130 1000
2198 130 135823/250
923 130 -23
636 130 23
24 130 1
12 130 1
3184 131 -17
3176 131 -23
3169 131 -16
3162 131 -23
3151 131 -36
3135 131 -23
3129 131 -37
3087 131 -23
3078 131 -38
3069 131 -20
3039 131 -18
2203 131 1000
2202 131 135823/250
26 131 1
12 131 1
3190 132 -20
3125 132 -19
3107 132 -21
3097 132 -37
3089 132 -41
3080 132 -39
3062 132 -61
3054 132 -41
3032 132 -22
3022 132 -21
2213 132 1000
2212 132 135823/250
31 132 1
12 132 1
3146 133 -20
3131 133 -43
3117 133 -43
3026 133 -40
2971 133 -20
2865 133 -40
2219 133 1000
2218 133 135823/250
926 133 -43
636 133 43
34 133 1
12 133 1
3118 134 -58
3098 134 -44
3056 134 -63
2928 134 -44
2221 134 1000
2220 134 135823/250
927 134 -58
636 134 58
35 134 1
12 134 1
3197 135 -22
3191 135 -19
3187 135 -40
3181 135 -20
3174 135 -24
3156 135 -16
3147 135 -23
3119 135 -24
3111 135 -17
3100 135 -18
3085 135 -19
3073 135 -20
3065 135 -16
3027 135 -17
2225 135 1000
2224 135 135823/250
928 135 -24
636 135 24
38 135 1
12 135 1
3148 136 -40
3057 136 -19
2972 136 -40
2890 136 -19
2826 136 -1000
2227 136 1000
2226 136 135823/250
929 136 -60
636 136 60
39 136 1
12 136 1
3198 137 -20
3167 137 -17
3127 137 -24
3042 137 -22
2229 137 1000
2228 137 135823/250
40 137 1
12 137 1
3120 138 -19
2233 138 1000
2232 138 135823/250
930 138 -19
636 138 19
42 138 1
12 138 1
3160 139 -23
3102 139 -23
3076 139 -22
3068 139 -22
3060 139 -16
3037 139 -20
2243 139 1000
2242 139 135823/250
47 139 1
12 139 1
3123 140 -44
2788 140 -473
2245 140 1000
2244 140 135823/250
933 140 -44
637 140 44
24 140 1
13 140 1
3184 141 -17
3176 141 -23
3169 141 -16
3162 141 -23
3151 141 -36
3135 141 -23
3129 141 -37
3087 141 -23
3078 141 -38
3069 141 -20
3039 141 -18
2249 141 1000
2248 141 135823/250
26 141 1
13 141 1
3177 142 -42
3143 142 -23
3104 142 -23
3096 142 -16
3088 142 -20
3053 142 -18
3024 142 -21
3021 142 -21
2253 142 1000
2252 142 135823/250
936 142 -21
637 142 21
28 142 1
13 142 1
3171 143 -16
3108 143 -17
3081 143 -36
2263 143 1000
2262 143 135823/250
33 143 1
13 143 1
3199 144 -19
3017 144 -19
2281 144 1000
2280 144 135823/250
944 144 -39
637 144 39
43 144 1
13 144 1
3200 145 -57
3194 145 -23
3158 145 -21
3121 145 -21
3113 145 -24
3043 145 -17
3036 145 -20
3028 145 -24
2283 145 1000
2282 145 135823/250
44 145 1
13 145 1
3201 146 -38
3183 146 -20
3149 146 -23
3122 146 -20
3114 146 -20
3075 146 -24
3030 146 -19
3018 146 -38
3002 146 -20
2973 146 -23
2946 146 -20
2937 146 -20
2909 146 -24
2866 146 -19
2287 146 1000
2286 146 135823/250
946 146 -42
637 146 42
46 146 1
13 146 1
3160 147 -23
3102 147 -23
3076 147 -22
3068 147 -22
3060 147 -16
3037 147 -20
2289 147 1000
2288 147 135823/250
947 147 -16
637 147 16
47 147 1
13 147 1
3168 148 -42
3161 148 -17
3123 148 -44
3115 148 -23
3094 148 -60
3061 148 -22
2291 148 1000
2290 148 135823/250
24 148 1
14 148 1
3184 149 -17
3176 149 -23
3169 149 -16
3162 149 -23
3151 149 -36
3135 149 -23
3129 149 -37
3087 149 -23
3078 149 -38
3069 149 -20
3039 149 -18
2295 149 1000
2294 149 135823/250
949 149 -37
638 149 37
26 149 1
14 149 1
3108 150 -17
2938 150 -17
2309 150 1000
2308 150 135823/250
952 150 -41
638 150 41
33 150 1
14 150 1
3131 151 -43
2774 151 -430
2311 151 1000
2310 151 135823/250
953 151 -43
638 151 43
34 151 1
14 151 1
1525 152 -1
1524 152 1
1017 152 -1
618 152 -1
455 152 -1
3192 153 -18
3157 153 -16
3148 153 -40
3112 153 -24
3090 153 -42
3057 153 -19
3035 153 -21
2319 153 1000
2318 153 135823/250
39 153 1
14 153 1
3182 154 -23
3134 154 -18
3091 154 -42
3086 154 -21
3074 154 -38
3050 154 -19
2323 154 1000
2322 154 135823/250
958 154 -18
638 154 18
41 154 1
14 154 1
3193 155 -23
3120 155 -19
3092 155 -22
3066 155 -22
3058 155 -16
2325 155 1000
2324 155 135823/250
42 155 1
14 155 1
3141 156 -16
3093 156 -19
2965 156 -16
2921 156 -19
2327 156 1000
2326 156 135823/250
959 156 -44
638 156 44
43 156 1
14 156 1
3102 157 -23
3076 157 -22
3068 157 -22
2929 157 -23
2910 157 -22
2902 157 -22
2335 157 1000
2334 157 135823/250
962 157 -37
638 157 37
47 157 1
14 157 1
3175 158 -23
3150 158 -41
3142 158 -42
3116 158 -16
3103 158 -44
3095 158 -57
3077 158 -22
3051 158 -18
3038 158 -20
2339 158 1000
2338 158 135823/250
25 158 1
15 158 1
3136 159 -39
3124 159 -19
3052 159 -37
2951 159 -19
2811 159 -1000
2343 159 1000
2342 159 135823/250
964 159 -39
639 159 39
27 159 1
15 159 1
3189 160 -18
3152 160 -41
3137 160 -24
3105 160 -17
3070 160 -20
3025 160 -18
2347 160 1000
2346 160 135823/250
965 160 -24
639 160 24
29 160 1
15 160 1
2792 161 -385
2349 161 1000
2348 161 135823/250
966 161 -40
639 161 40
30 161 1
15 161 1
3145 162 -36
3055 162 -23
2891 162 -23
2353 162 1000
2352 162 135823/250
967 162 -37
639 162 37
32 162 1
15 162 1
3171 163 -16
3108 163 -17
3081 163 -36
2355 163 1000
2354 163 135823/250
33 163 1
15 163 1
3117 164 -43
3109 164 -40
2939 164 -40
2785 164 -247
2781 164 -494
2357 164 1000
2356 164 135823/250
968 164 -40
639 164 40
34 164 1
15 164 1
3138 165 -20
3126 165 -39
3118 165 -58
3098 165 -44
3082 165 -21
3056 165 -63
3048 165 -60
3041 165 -17
2359 165 1000
2358 165 135823/250
969 165 -20
639 165 20
35 165 1
15 165 1
3186 166 -40
3179 166 -20
3173 166 -41
3165 166 -17
3154 166 -21
3139 166 -44
3132 166 -43
3110 166 -24
3099 166 -63
3083 166 -19
3071 166 -20
3063 166 -19
3034 166 -21
2361 166 1000
2360 166 135823/250
970 166 -44
639 166 44
36 166 1
15 166 1
3140 167 -43
3072 167 -62
2793 167 -385
2786 167 -247
2363 167 1000
2362 167 135823/250
971 167 -43
639 167 43
37 167 1
15 167 1
3182 168 -23
3134 168 -18
3091 168 -42
3086 168 -21
3074 168 -38
3050 168 -19
2369 168 1000
2368 168 135823/250
41 168 1
15 168 1
3120 169 -19
2948 169 -19
2787 169 -247
2371 169 1000
2370 169 135823/250
42 169 1
15 169 1
3200 170 -57
3194 170 -23
3158 170 -21
3121 170 -21
3113 170 -24
3043 170 -17
3036 170 -20
3028 170 -24
2375 170 1000
2374 170 135823/250
44 170 1
15 170 1
3128 171 -43
3059 171 -40
3029 171 -18
2952 171 -43
2892 171 -40
2867 171 -18
2377 171 1000
2376 171 135823/250
973 171 -59
639 171 59
45 171 1
15 171 1
3160 172 -23
3102 172 -23
3076 172 -22
3068 172 -22
3060 172 -16
3037 172 -20
2381 172 1000
2380 172 135823/250
47 172 1
15 172 1
3175 173 -23
3142 173 -42
3103 173 -44
3003 173 -23
2385 173 1000
2384 173 135823/250
974 173 -42
640 173 42
25 173 1
16 173 1
3184 174 -17
3176 174 -23
3169 174 -16
3162 174 -23
3151 174 -36
3135 174 -23
3129 174 -37
3087 174 -23
3078 174 -38
3069 174 -20
3039 174 -18
2387 174 1000
2386 174 135823/250
26 174 1
16 174 1
3195 175 -17
3170 175 -24
3153 175 -17
3144 175 -38
3106 175 -39
3079 175 -40
3040 175 -43
3031 175 -42
2395 175 1000
2394 175 135823/250
977 175 -38
640 175 38
30 175 1
16 175 1
3145 176 -36
2399 176 1000
2398 176 135823/250
979 176 -36
640 176 36
32 176 1
16 176 1
2824 177 -1000
2812 177 -1000
2405 177 1000
2404 177 135823/250
981 177 -60
640 177 60
35 177 1
16 177 1
3179 178 -20
3173 178 -41
3165 178 -17
3154 178 -21
3034 178 -21
3004 178 -20
2995 178 -41
2987 178 -17
2982 178 -21
2873 178 -21
2407 178 1000
2406 178 135823/250
982 178 -57
640 178 57
36 178 1
16 178 1
3197 179 -22
3191 179 -19
3187 179 -40
3181 179 -20
3174 179 -24
3156 179 -16
3147 179 -23
3119 179 -24
3111 179 -17
3100 179 -18
3085 179 -19
3073 179 -20
3065 179 -16
3027 179 -17
2411 179 1000
2410 179 135823/250
983 179 -23
640 179 23
38 179 1
16 179 1
3192 180 -18
3157 180 -16
3148 180 -40
3112 180 -24
3090 180 -42
3057 180 -19
3035 180 -21
2413 180 1000
2412 180 135823/250
984 180 -40
640 180 40
39 180 1
16 180 1
3200 181 -57
3028 181 -24
2868 181 -24
2752 181 -427
2421 181 1000
2420 181 135823/250
986 181 -42
640 181 42
44 181 1
16 181 1
3128 182 -43
3059 182 -40
3044 182 -42
3029 182 -18
2423 182 1000
2422 182 135823/250
45 182 1
16 182 1
3168 183 -42
3161 183 -17
3123 183 -44
3115 183 -23
3094 183 -60
3061 183 -22
2429 183 1000
2428 183 135823/250
24 183 1
17 183 1
3150 184 -41
3077 184 -22
3038 184 -20
2915 184 -22
2880 184 -20
2796 184 -474
2431 184 1000
2430 184 135823/250
988 184 -41
641 184 41
25 184 1
17 184 1
3151 185 -36
3087 185 -23
2922 185 -23
2854 185 -36
2853 185 -36
2775 185 -432
2433 185 1000
2432 185 135823/250
989 185 -36
641 185 36
26 185 1
17 185 1
3189 186 -18
3152 186 -41
3137 186 -24
3105 186 -17
3070 186 -20
3025 186 -18
2439 186 1000
2438 186 135823/250
992 186 -41
641 186 41
29 186 1
17 186 1
3195 187 -17
3170 187 -24
3153 187 -17
3144 187 -38
3106 187 -39
3079 187 -40
3040 187 -43
3031 187 -42
2441 187 1000
2440 187 135823/250
993 187 -17
641 187 17
30 187 1
17 187 1
3178 188 -23
3163 188 -17
3047 188 -44
3033 188 -20
3023 188 -20
3005 188 -23
2988 188 -17
2874 188 -20
2861 188 -20
2445 188 1000
2444 188 135823/250
994 188 -38
641 188 38
32 188 1
17 188 1
3172 189 -24
3164 189 -20
3146 189 -20
3131 189 -43
3117 189 -43
3109 189 -40
3026 189 -40
2449 189 1000
2448 189 135823/250
34 189 1
17 189 1
2797 190 -474
2461 190 1000
2460 190 135823/250
1000 190 -39
641 190 39
40 190 1
17 190 1
3092 191 -22
2923 191 -22
2776 191 -432
2463 191 1000
2462 191 135823/250
1001 191 -22
641 191 22
42 191 1
17 191 1
3160 192 -23
3102 192 -23
3076 192 -22
3068 192 -22
3060 192 -16
3037 192 -20
2473 192 1000
2472 192 135823/250
1005 192 -23
641 192 23
47 192 1
17 192 1
3190 193 -20
3125 193 -19
3107 193 -21
3089 193 -41
3080 193 -39
3054 193 -41
3032 193 -22
3022 193 -21
3013 193 -20
2953 193 -19
2940 193 -21
2924 193 -41
2916 193 -39
2893 193 -41
2875 193 -22
2862 193 -21
2489 193 1000
2488 193 135823/250
1011 193 -58
642 193 58
31 193 1
18 193 1
3138 194 -20
3126 194 -39
3118 194 -58
3098 194 -44
3082 194 -21
3056 194 -63
3048 194 -60
3041 194 -17
2497 194 1000
2496 194 135823/250
35 194 1
18 194 1
3091 195 -42
3086 195 -21
2917 195 -21
2798 195 -418
2509 195 1000
2508 195 135823/250
1017 195 -42
642 195 42
41 195 1
18 195 1
3200 196 -57
3194 196 -23
3158 196 -21
3121 196 -21
3113 196 -24
3043 196 -17
3036 196 -20
3028 196 -24
2513 196 1000
2512 196 135823/250
1019 196 -19
642 196 19
44 196 1
18 196 1
3168 197 -42
3161 197 -17
3123 197 -44
3115 197 -23
3094 197 -60
3061 197 -22
2521 197 1000
2520 197 135823/250
1022 197 -42
643 197 42
24 197 1
19 197 1
3178 198 -23
3163 198 -17
3145 198 -36
3055 198 -23
3047 198 -44
3033 198 -20
3023 198 -20
2537 198 1000
2536 198 135823/250
32 198 1
19 198 1
3186 199 -40
3179 199 -20
3173 199 -41
3165 199 -17
3154 199 -21
3139 199 -44
3132 199 -43
3110 199 -24
3099 199 -63
3083 199 -19
3071 199 -20
3063 199 -19
3034 199 -21
2545 199 1000
2544 199 135823/250
1030 199 -41
643 199 41
36 199 1
19 199 1
3192 200 -18
3157 200 -16
3148 200 -40
3112 200 -24
3090 200 -42
3057 200 -19
3035 200 -21
2551 200 1000
2550 200 135823/250
39 200 1
19 200 1
3182 201 -23
3134 201 -18
3091 201 -42
3086 201 -21
3074 201 -38
3050 201 -19
2555 201 1000
2554 201 135823/250
41 201 1
19 201 1
2559 202 1000
2558 202 135823/250
1032 202 -56
643 202 56
44 202 1
19 202 1
3168 203 -42
2996 203 -42
2799 203 -484
2567 203 1000
2566 203 135823/250
1036 203 -37
644 203 37
24 203 1
20 203 1
3175 204 -23
3150 204 -41
3142 204 -42
3116 204 -16
3103 204 -44
3095 204 -57
3077 204 -22
3051 204 -18
3038 204 -20
2569 204 1000
2568 204 135823/250
1037 204 -23
644 204 23
25 204 1
20 204 1
3185 205 -17
3136 205 -39
3130 205 -18
3124 205 -19
3052 205 -37
3046 205 -40
2573 205 1000
2572 205 135823/250
27 205 1
20 205 1
3177 206 -42
2800 206 -514
2575 206 1000
2574 206 135823/250
1039 206 -42
644 206 42
28 206 1
20 206 1
3172 207 -24
3164 207 -20
3146 207 -20
3131 207 -43
3117 207 -43
3109 207 -40
3026 207 -40
2587 207 1000
2586 207 135823/250
34 207 1
20 207 1
3196 208 -37
3180 208 -41
3133 208 -24
3019 208 -37
2958 208 -24
2856 208 -41
2855 208 -41
2802 208 -420
2593 208 1000
2592 208 135823/250
1046 208 -41
644 208 41
37 208 1
20 208 1
3198 209 -20
3167 209 -17
3042 209 -22
3020 209 -20
2989 209 -17
2881 209 -22
2599 209 1000
2598 209 135823/250
1049 209 -40
644 209 40
40 209 1
20 209 1
3182 210 -23
3134 210 -18
3091 210 -42
3086 210 -21
3074 210 -38
3050 210 -19
2601 210 1000
2600 210 135823/250
1050 210 -23
644 210 23
41 210 1
20 210 1
3123 211 -44
3094 211 -60
2613 211 1000
2612 211 135823/250
1053 211 -43
645 211 43
24 211 1
21 211 1
3184 212 -17
3176 212 -23
3169 212 -16
3162 212 -23
3151 212 -36
3135 212 -23
3129 212 -37
3087 212 -23
3078 212 -38
3069 212 -20
3039 212 -18
2617 212 1000
2616 212 135823/250
1055 212 -17
645 212 17
26 212 1
21 212 1
3189 213 -18
3152 213 -41
3137 213 -24
3105 213 -17
3070 213 -20
3025 213 -18
2623 213 1000
2622 213 135823/250
1057 213 -20
645 213 20
29 213 1
21 213 1
3195 214 -17
3170 214 -24
3153 214 -17
3144 214 -38
3106 214 -39
3079 214 -40
3040 214 -43
3031 214 -42
2625 214 1000
2624 214 135823/250
1058 214 -19
645 214 19
30 214 1
21 214 1
3138 215 -20
3126 215 -39
3118 215 -58
3098 215 -44
3082 215 -21
3056 215 -63
3048 215 -60
3041 215 -17
2635 215 1000
2634 215 135823/250
35 215 1
21 215 1
3187 216 -40
3119 216 -24
3111 216 -17
3100 216 -18
3027 216 -17
2949 216 -24
2941 216 -17
2930 216 -18
2869 216 -17
2641 216 1000
2640 216 135823/250
1061 216 -40
645 216 40
38 216 1
21 216 1
3182 217 -23
3134 217 -18
3091 217 -42
3086 217 -21
3074 217 -38
3050 217 -19
2647 217 1000
2646 217 135823/250
41 217 1
21 217 1
3193 218 -23
3120 218 -19
3092 218 -22
3066 218 -22
3058 218 -16
2649 218 1000
2648 218 135823/250
42 218 1
21 218 1
3160 219 -23
3102 219 -23
3076 219 -22
3068 219 -22
3060 219 -16
3037 219 -20
2657 219 1000
2656 219 135823/250
47 219 1
21 219 1
3169 220 -16
3162 220 -23
3135 220 -23
3129 220 -37
3078 220 -38
2997 220 -16
2990 220 -23
2966 220 -23
2959 220 -37
2918 220 -38
2663 220 1000
2662 220 135823/250
1068 220 -44
646 220 44
26 220 1
22 220 1
3185 221 -17
3136 221 -39
3130 221 -18
3009 221 -17
2960 221 -18
2801 221 -407
2665 221 1000
2664 221 135823/250
1069 221 -40
646 221 40
27 221 1
22 221 1
3177 222 -42
3143 222 -23
3104 222 -23
3096 222 -16
3088 222 -20
3053 222 -18
3024 222 -21
3021 222 -21
2667 222 1000
2666 222 135823/250
1070 222 -21
646 222 21
28 222 1
22 222 1
3193 223 -23
2695 223 1000
2694 223 135823/250
1078 223 -23
646 223 23
42 223 1
22 223 1
3200 224 -57
3194 224 -23
3158 224 -21
3121 224 -21
3113 224 -24
3043 224 -17
3036 224 -20
3028 224 -24
2699 224 1000
2698 224 135823/250
1079 224 -23
646 224 23
44 224 1
22 224 1
3168 225 -42
3161 225 -17
3123 225 -44
3115 225 -23
3094 225 -60
3061 225 -22
2705 225 1000
2704 225 135823/250
1082 225 -44
647 225 44
24 225 1
23 225 1
3184 226 -17
3176 226 -23
3169 226 -16
3162 226 -23
3151 226 -36
3135 226 -23
3129 226 -37
3087 226 -23
3078 226 -38
3069 226 -20
3039 226 -18
2709 226 1000
2708 226 135823/250
26 226 1
23 226 1
3126 227 -39
2954 227 -39
2803 227 -438
2789 227 -495
2727 227 1000
2726 227 135823/250
1086 227 -63
647 227 63
35 227 1
23 227 1
3186 228 -40
3179 228 -20
3173 228 -41
3165 228 -17
3154 228 -21
3139 228 -44
3132 228 -43
3110 228 -24
3099 228 -63
3083 228 -19
3071 228 -20
3063 228 -19
3034 228 -21
2729 228 1000
2728 228 135823/250
36 228 1
23 228 1
3192 229 -18
3157 229 -16
3148 229 -40
3112 229 -24
3090 229 -42
3057 229 -19
3035 229 -21
2735 229 1000
2734 229 135823/250
39 229 1
23 229 1
3200 230 -57
3194 230 -23
3158 230 -21
3113 230 -24
3043 230 -17
3036 230 -20
3014 230 -23
2983 230 -21
2942 230 -24
2882 230 -17
2876 230 -20
2745 230 1000
2744 230 135823/250
1091 230 -57
647 230 57
44 230 1
23 230 1
3201 231 -38
3045 231 -40
2883 231 -40
2858 231 -38
2857 231 -38
2759 231 -499
2749 231 1000
2748 231 135823/250
1093 231 -38
647 231 38
46 231 1
23 231 1
1647 232 -1
1646 232 -1
698 232 -1
648 232 -1
48 232 1
1210 233 1
1209 233 -1
817 233 -1
605 233 -1
48 233 -1
3095 234 1
3094 234 -1
2777 234 1
1325 234 1
1324 234 -1
893 234 -1
610 234 -1
48 234 -1
1649 235 -1
1648 235 -1
700 235 -1
648 235 -1
49 235 1
1095 236 1
745 236 1
600 236 -1
49 236 -1
1211 237 1
1209 237 -1
817 237 -1
605 237 -1
49 237 -1
3061 238 -1
2900 238 -1
1234 238 1
1232 238 -1
833 238 -1
606 238 -1
49 238 -1
1280 239 1
1278 239 -1
859 239 -1
608 239 -1
49 239 -1
1303 240 1
1301 240 -1
609 240 -1
49 240 -1
3094 241 -1
1326 241 1
1324 241 -1
893 241 -1
610 241 -1
49 241 -1
1487 242 1
1485 242 -1
617 242 -1
49 242 -1
3168 243 -1
2996 243 -1
1533 243 1
1531 243 -1
1022 243 -1
619 243 -1
49 243 -1
3176 244 1
2998 244 1
1556 244 1
1554 244 -1
1036 244 -1
620 244 -1
49 244 -1
1651 245 -1
1650 245 -1
702 245 -1
648 245 -1
50 245 1
3052 246 1
1212 246 1
1209 246 -1
817 246 -1
605 246 -1
50 246 -1
1653 247 -1
1652 247 -1
704 247 -1
648 247 -1
51 247 1
3096 248 1
3094 248 -1
1328 248 1
1324 248 -1
893 248 -1
610 248 -1
51 248 -1
1655 249 -1
1654 249 -1
706 249 -1
648 249 -1
52 249 1
3094 250 -1
1329 250 1
1324 250 -1
893 250 -1
610 250 -1
52 250 -1
2820 251 1
1657 251 -1
1656 251 -1
708 251 -1
648 251 -1
53 251 1
1099 252 1
749 252 1
600 252 -1
53 252 -1
1122 253 1
1117 253 -1
601 253 -1
53 253 -1
1145 254 1
1140 254 -1
771 254 -1
602 254 -1
53 254 -1
1168 255 1
1163 255 -1
789 255 -1
603 255 -1
53 255 -1
1191 256 1
1186 256 -1
604 256 -1
53 256 -1
1214 257 1
1209 257 -1
817 257 -1
605 257 -1
53 257 -1
1261 258 1
1255 258 -1
607 258 -1
53 258 -1
1284 259 1
1278 259 -1
859 259 -1
608 259 -1
53 259 -1
3094 260 -1
1330 260 1
1324 260 -1
893 260 -1
610 260 -1
53 260 -1
1353 261 1
1347 261 -1
611 261 -1
53 261 -1
3123 262 -1
1399 262 1
1393 262 -1
933 262 -1
613 262 -1
53 262 -1
1422 263 1
1416 263 -1
614 263 -1
53 263 -1
1445 264 1
1439 264 -1
615 264 -1
53 264 -1
1491 265 1
1485 265 -1
617 265 -1
53 265 -1
3161 266 -1
2986 266 -1
1514 266 1
1508 266 -1
1006 266 -1
618 266 -1
53 266 -1
3168 267 -1
2996 267 -1
1537 267 1
1531 267 -1
1022 267 -1
619 267 -1
53 267 -1
1560 268 1
1554 268 -1
1036 268 -1
620 268 -1
53 268 -1
1583 269 1
1577 269 -1
1053 269 -1
621 269 -1
53 269 -1
1629 270 1
1623 270 -1
1082 270 -1
623 270 -1
53 270 -1
1659 271 -1
1658 271 -1
710 271 -1
648 271 -1
54 271 1
3097 272 1
3094 272 -1
1331 272 1
1324 272 -1
893 272 -1
610 272 -1
54 272 -1
1661 273 -1
1660 273 -1
712 273 -1
648 273 -1
55 273 1
3055 274 1
1216 274 1
1209 274 -1
817 274 -1
605 274 -1
55 274 -1
1663 275 -1
1662 275 -1
714 275 -1
648 275 -1
56 275 1
3061 276 -1
2900 276 -1
1240 276 1
1232 276 -1
833 276 -1
606 276 -1
56 276 -1
1665 277 -1
1664 277 -1
716 277 -1
648 277 -1
57 277 1
1218 278 1
1209 278 -1
817 278 -1
605 278 -1
57 278 -1
1667 279 -1
1666 279 -1
718 279 -1
648 279 -1
58 279 1
1104 280 1
600 280 -1
58 280 -1
1669 281 -1
1668 281 -1
720 281 -1
648 281 -1
59 281 1
1220 282 1
1209 282 -1
817 282 -1
605 282 -1
59 282 -1
1671 283 -1
1670 283 -1
722 283 -1
648 283 -1
60 283 1
3064 284 1
3061 284 -1
2900 284 -1
1244 284 1
1232 284 -1
833 284 -1
606 284 -1
60 284 -1
1673 285 -1
1672 285 -1
724 285 -1
648 285 -1
61 285 1
2750 286 1
1107 286 1
752 286 1
600 286 -1
61 286 -1
1153 287 1
1140 287 -1
771 287 -1
602 287 -1
61 287 -1
1222 288 1
1209 288 -1
817 288 -1
605 288 -1
61 288 -1
1291 289 1
1278 289 -1
859 289 -1
608 289 -1
61 289 -1
3094 290 -1
1337 290 1
1324 290 -1
893 290 -1
610 290 -1
61 290 -1
3115 291 -1
2943 291 -1
1383 291 1
1370 291 -1
923 291 -1
612 291 -1
61 291 -1
1476 292 1
1462 292 -1
616 292 -1
61 292 -1
1568 293 1
1554 293 -1
1036 293 -1
620 293 -1
61 293 -1
3187 294 1
1591 294 1
1577 294 -1
1053 294 -1
621 294 -1
61 294 -1
3197 295 1
3015 295 1
1637 295 1
1623 295 -1
1082 295 -1
623 295 -1
61 295 -1
3057 296 1
1223 296 1
1209 296 -1
817 296 -1
605 296 -1
62 296 -1
1677 297 -1
1676 297 -1
728 297 -1
648 297 -1
63 297 1
1109 298 1
600 298 -1
63 298 -1
1679 299 -1
1678 299 -1
730 299 -1
648 299 -1
64 299 1
3094 300 -1
1340 300 1
1324 300 -1
893 300 -1
610 300 -1
64 300 -1
1681 301 -1
1680 301 -1
732 301 -1
648 301 -1
65 301 1
3094 302 -1
1341 302 1
1324 302 -1
893 302 -1
610 302 -1
65 302 -1
1683 303 -1
1682 303 -1
734 303 -1
648 303 -1
66 303 1
1685 304 -1
1684 304 -1
736 304 -1
648 304 -1
67 304 1
1228 305 1
1209 305 -1
817 305 -1
605 305 -1
67 305 -1
1687 306 -1
1686 306 -1
738 306 -1
648 306 -1
68 306 1
3059 307 1
1229 307 1
1209 307 -1
817 307 -1
605 307 -1
68 307 -1
3094 308 -1
1344 308 1
1324 308 -1
893 308 -1
610 308 -1
68 308 -1
1689 309 -1
1688 309 -1
740 309 -1
648 309 -1
69 309 1
2832 310 1
2831 310 1
1115 310 1
755 310 1
600 310 -1
69 310 -1
3061 311 -1
2900 311 -1
1253 311 1
1232 311 -1
833 311 -1
606 311 -1
69 311 -1
3101 312 1
3094 312 -1
2925 312 1
2778 312 1
1345 312 1
1324 312 -1
893 312 -1
610 312 -1
69 312 -1
1691 313 -1
1690 313 -1
742 313 -1
648 313 -1
70 313 1
1693 314 -1
1692 314 -1
696 314 -1
650 314 -1
71 314 1
1117 315 1
601 315 -1
71 315 -1
1695 316 -1
1694 316 -1
700 316 -1
650 316 -1
72 316 1
1697 317 -1
1696 317 -1
702 317 -1
650 317 -1
73 317 1
1119 318 1
601 318 -1
73 318 -1
1699 319 -1
1698 319 -1
704 319 -1
650 319 -1
74 319 1
3096 320 1
3095 320 -1
1328 320 1
1325 320 -1
894 320 -1
610 320 -1
74 320 -1
3025 321 1
1121 321 1
757 321 1
601 321 -1
75 321 -1
1703 322 -1
1702 322 -1
708 322 -1
650 322 -1
76 322 1
1122 323 1
758 323 1
601 323 -1
76 323 -1
1705 324 -1
1704 324 -1
710 324 -1
650 324 -1
77 324 1
3097 325 1
3095 325 -1
1331 325 1
1325 325 -1
894 325 -1
610 325 -1
77 325 -1
1707 326 -1
1706 326 -1
712 326 -1
650 326 -1
78 326 1
1124 327 1
601 327 -1
78 327 -1
1709 328 -1
1708 328 -1
714 328 -1
650 328 -1
79 328 1
1425 329 1
1417 329 -1
948 329 -1
614 329 -1
79 329 -1
1711 330 -1
1710 330 -1
716 330 -1
650 330 -1
80 330 1
3026 331 1
2834 331 1
2833 331 1
1126 331 1
760 331 1
601 331 -1
80 331 -1
3131 332 1
2955 332 1
2790 332 1
1426 332 1
1417 332 -1
948 332 -1
614 332 -1
80 332 -1
1713 333 -1
1712 333 -1
718 333 -1
650 333 -1
81 333 1
3098 334 1
3095 334 -1
1334 334 1
1325 334 -1
894 334 -1
610 334 -1
81 334 -1
1715 335 -1
1714 335 -1
720 335 -1
650 335 -1
82 335 1
1128 336 1
762 336 1
601 336 -1
82 336 -1
1151 337 1
1141 337 -1
602 337 -1
82 337 -1
3051 338 -1
2889 338 -1
1220 338 1
1210 338 -1
818 338 -1
605 338 -1
82 338 -1
1243 339 1
1233 339 -1
606 339 -1
82 339 -1
1312 340 1
1302 340 -1
878 340 -1
609 340 -1
82 340 -1
3099 341 1
3095 341 -1
1335 341 1
1325 341 -1
894 341 -1
610 341 -1
82 341 -1
3132 342 1
2956 342 1
1428 342 1
1417 342 -1
948 342 -1
614 342 -1
82 342 -1
1451 343 1
1440 343 -1
615 343 -1
82 343 -1
3142 344 -1
1474 344 1
1463 344 -1
974 344 -1
616 344 -1
82 344 -1
3150 345 -1
1497 345 1
1486 345 -1
988 345 -1
617 345 -1
82 345 -1
1520 346 1
1509 346 -1
618 346 -1
82 346 -1
1543 347 1
1532 347 -1
619 347 -1
82 347 -1
3175 348 -1
3003 348 -1
1566 348 1
1555 348 -1
1037 348 -1
620 348 -1
82 348 -1
3186 349 1
3007 349 1
1589 349 1
1578 349 -1
1054 349 -1
621 349 -1
82 349 -1
1717 350 -1
1716 350 -1
722 350 -1
650 350 -1
83 350 1
3064 351 1
1244 351 1
1233 351 -1
606 351 -1
83 351 -1
1719 352 -1
1718 352 -1
724 352 -1
650 352 -1
84 352 1
3147 353 1
3142 353 -1
1476 353 1
1463 353 -1
974 353 -1
616 353 -1
84 353 -1
1721 354 -1
1720 354 -1
726 354 -1
650 354 -1
85 354 1
2751 355 1
1131 355 1
765 355 1
601 355 -1
85 355 -1
1269 356 1
1256 356 -1
607 356 -1
85 356 -1
3090 357 1
2919 357 1
1315 357 1
1302 357 -1
878 357 -1
609 357 -1
85 357 -1
3103 358 -1
1361 358 1
1348 358 -1
906 358 -1
611 358 -1
85 358 -1
1430 359 1
1417 359 -1
948 359 -1
614 359 -1
85 359 -1
2804 360 1
1723 360 -1
1722 360 -1
728 360 -1
650 360 -1
86 360 1
1132 361 1
766 361 1
601 361 -1
86 361 -1
1155 362 1
1141 362 -1
602 362 -1
86 362 -1
3038 363 -1
2880 363 -1
1178 363 1
1164 363 -1
790 363 -1
603 363 -1
86 363 -1
1201 364 1
1187 364 -1
604 364 -1
86 364 -1
1270 365 1
1256 365 -1
607 365 -1
86 365 -1
1316 366 1
1302 366 -1
878 366 -1
609 366 -1
86 366 -1
3095 367 -1
1339 367 1
1325 367 -1
894 367 -1
610 367 -1
86 367 -1
3103 368 -1
2932 368 1
1362 368 1
1348 368 -1
906 368 -1
611 368 -1
86 368 -1
3116 369 -1
2944 369 -1
1385 369 1
1371 369 -1
924 369 -1
612 369 -1
86 369 -1
1408 370 1
1394 370 -1
934 370 -1
613 370 -1
86 370 -1
1431 371 1
1417 371 -1
948 371 -1
614 371 -1
86 371 -1
3150 372 -1
1501 372 1
1486 372 -1
988 372 -1
617 372 -1
86 372 -1
3175 373 -1
1570 373 1
1555 373 -1
1037 373 -1
620 373 -1
86 373 -1
1593 374 1
1578 374 -1
1054 374 -1
621 374 -1
86 374 -1
1639 375 1
1624 375 -1
623 375 -1
86 375 -1
3095 376 -1
1340 376 1
1325 376 -1
894 376 -1
610 376 -1
87 376 -1
1727 377 -1
1726 377 -1
732 377 -1
650 377 -1
88 377 1
3095 378 -1
1341 378 1
1325 378 -1
894 378 -1
610 378 -1
88 378 -1
1135 379 1
767 379 1
601 379 -1
89 379 -1
1731 380 -1
1730 380 -1
736 380 -1
650 380 -1
90 380 1
3142 381 -1
1481 381 1
1463 381 -1
974 381 -1
616 381 -1
90 381 -1
1733 382 -1
1732 382 -1
738 382 -1
650 382 -1
91 382 1
3029 383 1
1137 383 1
769 383 1
601 383 -1
91 383 -1
3095 384 -1
1344 384 1
1325 384 -1
894 384 -1
610 384 -1
91 384 -1
1735 385 -1
1734 385 -1
740 385 -1
650 385 -1
92 385 1
3101 386 1
3095 386 -1
1345 386 1
1325 386 -1
894 386 -1
610 386 -1
92 386 -1
1737 387 -1
1736 387 -1
742 387 -1
650 387 -1
93 387 1
1739 388 -1
1738 388 -1
696 388 -1
652 388 -1
94 388 1
1602 389 -1
1600 389 1
1068 389 -1
622 389 -1
94 389 -1
1741 390 -1
1740 390 -1
698 390 -1
652 390 -1
95 390 1
1602 391 -1
1601 391 1
1068 391 -1
622 391 -1
95 391 -1
1743 392 -1
1742 392 -1
702 392 -1
652 392 -1
96 392 1
1745 393 -1
1744 393 -1
704 393 -1
652 393 -1
97 393 1
3021 394 1
2860 394 1
1097 394 1
1095 394 -1
745 394 -1
600 394 -1
97 394 -1
1120 395 1
1118 395 -1
601 395 -1
97 395 -1
1143 396 1
773 396 1
602 396 -1
97 396 -1
3053 397 1
2887 397 1
1213 397 1
1211 397 -1
605 397 -1
97 397 -1
1328 398 1
1326 398 -1
610 398 -1
97 398 -1
3104 399 1
2933 399 1
1351 399 1
1349 399 -1
907 399 -1
611 399 -1
97 399 -1
3176 400 -1
2998 400 -1
1558 400 1
1556 400 -1
1038 400 -1
620 400 -1
97 400 -1
1747 401 -1
1746 401 -1
706 401 -1
652 401 -1
98 401 1
1749 402 -1
1748 402 -1
708 402 -1
652 402 -1
99 402 1
1099 403 1
1095 403 -1
745 403 -1
600 403 -1
99 403 -1
3031 404 1
2753 404 1
1145 404 1
774 404 1
602 404 -1
99 404 -1
3129 405 -1
2959 405 -1
1422 405 1
1418 405 -1
949 405 -1
614 405 -1
99 405 -1
1606 406 1
1602 406 -1
1068 406 -1
622 406 -1
99 406 -1
3022 407 1
1100 407 1
1095 407 -1
745 407 -1
600 407 -1
100 407 -1
1753 408 -1
1752 408 -1
712 408 -1
652 408 -1
101 408 1
3033 409 1
1147 409 1
776 409 1
602 409 -1
101 409 -1
1755 410 -1
1754 410 -1
714 410 -1
652 410 -1
102 410 1
1610 411 1
1602 411 -1
1068 411 -1
622 411 -1
103 411 -1
1759 412 -1
1758 412 -1
718 412 -1
652 412 -1
104 412 1
1761 413 -1
1760 413 -1
720 413 -1
652 413 -1
105 413 1
1763 414 -1
1762 414 -1
722 414 -1
652 414 -1
106 414 1
1152 415 1
602 415 -1
106 415 -1
1765 416 -1
1764 416 -1
724 416 -1
652 416 -1
107 416 1
1107 417 1
1095 417 -1
745 417 -1
600 417 -1
107 417 -1
1130 418 1
1118 418 -1
601 418 -1
107 418 -1
1153 419 1
779 419 1
602 419 -1
107 419 -1
3078 420 -1
2918 420 -1
1291 420 1
1280 420 -1
861 420 -1
608 420 -1
107 420 -1
1360 421 1
1349 421 -1
907 421 -1
611 421 -1
107 421 -1
1383 422 1
1372 422 -1
612 422 -1
107 422 -1
3147 423 1
2968 423 1
1476 423 1
1464 423 -1
616 423 -1
107 423 -1
3151 424 -1
2977 424 -1
1499 424 1
1487 424 -1
989 424 -1
617 424 -1
107 424 -1
3174 425 1
3169 425 -1
2997 425 -1
2992 425 1
1545 425 1
1533 425 -1
1023 425 -1
619 425 -1
107 425 -1
3191 426 1
3010 426 1
1614 426 1
1602 426 -1
1068 426 -1
622 426 -1
107 426 -1
3192 427 1
1615 427 1
1602 427 -1
1068 427 -1
622 427 -1
108 427 -1
1769 428 -1
1768 428 -1
728 428 -1
652 428 -1
109 428 1
1109 429 1
1095 429 -1
745 429 -1
600 429 -1
109 429 -1
1132 430 1
1118 430 -1
601 430 -1
109 430 -1
2754 431 1
1155 431 1
781 431 1
602 431 -1
109 431 -1
1201 432 1
1188 432 -1
604 432 -1
109 432 -1
1362 433 1
1349 433 -1
907 433 -1
611 433 -1
109 433 -1
3127 434 1
2950 434 1
1408 434 1
1395 434 -1
613 434 -1
109 434 -1
3135 435 -1
2966 435 -1
1454 435 1
1441 435 -1
963 435 -1
615 435 -1
109 435 -1
1616 436 1
1602 436 -1
1068 436 -1
622 436 -1
109 436 -1
2805 437 1
1771 437 -1
1770 437 -1
730 437 -1
652 437 -1
110 437 1
1110 438 1
1095 438 -1
745 438 -1
600 438 -1
110 438 -1
1156 439 1
782 439 1
602 439 -1
110 439 -1
3039 440 -1
2877 440 -1
1179 440 1
1165 440 -1
791 440 -1
603 440 -1
110 440 -1
1225 441 1
1211 441 -1
605 441 -1
110 441 -1
3069 442 -1
2903 442 -1
1271 442 1
1257 442 -1
846 442 -1
607 442 -1
110 442 -1
3078 443 -1
2918 443 -1
1294 443 1
1280 443 -1
861 443 -1
608 443 -1
110 443 -1
1340 444 1
1326 444 -1
610 444 -1
110 444 -1
1363 445 1
1349 445 -1
907 445 -1
611 445 -1
110 445 -1
1409 446 1
1395 446 -1
613 446 -1
110 446 -1
3129 447 -1
2959 447 -1
1432 447 1
1418 447 -1
949 447 -1
614 447 -1
110 447 -1
3162 448 -1
2990 448 -1
1525 448 1
1510 448 -1
1007 448 -1
618 448 -1
110 448 -1
3176 449 -1
2998 449 -1
1571 449 1
1556 449 -1
1038 449 -1
620 449 -1
110 449 -1
3184 450 -1
3006 450 -1
1594 450 1
1579 450 -1
1055 450 -1
621 450 -1
110 450 -1
1617 451 1
1602 451 -1
1068 451 -1
622 451 -1
110 451 -1
1773 452 -1
1772 452 -1
732 452 -1
652 452 -1
111 452 1
1111 453 1
1095 453 -1
745 453 -1
600 453 -1
111 453 -1
1157 454 1
783 454 1
602 454 -1
111 454 -1
3058 455 1
1226 455 1
1211 455 -1
605 455 -1
111 455 -1
3078 456 -1
2918 456 -1
1295 456 1
1280 456 -1
861 456 -1
608 456 -1
111 456 -1
1364 457 1
1349 457 -1
907 457 -1
611 457 -1
111 457 -1
3129 458 -1
2959 458 -1
1433 458 1
1418 458 -1
949 458 -1
614 458 -1
111 458 -1
3193 459 1
1618 459 1
1602 459 -1
1068 459 -1
622 459 -1
111 459 -1
1641 460 1
1625 460 -1
623 460 -1
111 460 -1
3129 461 -1
2959 461 -1
1434 461 1
1418 461 -1
949 461 -1
614 461 -1
112 461 -1
1777 462 -1
1776 462 -1
736 462 -1
652 462 -1
113 462 1
1481 463 1
1464 463 -1
616 463 -1
113 463 -1
1779 464 -1
1778 464 -1
738 464 -1
652 464 -1
114 464 1
1621 465 1
1602 465 -1
1068 465 -1
622 465 -1
114 465 -1
1781 466 -1
1780 466 -1
740 466 -1
652 466 -1
115 466 1
1115 467 1
1095 467 -1
745 467 -1
600 467 -1
115 467 -1
1783 468 -1
1782 468 -1
742 468 -1
652 468 -1
116 468 1
1116 469 1
1095 469 -1
745 469 -1
600 469 -1
116 469 -1
1785 470 -1
1784 470 -1
696 470 -1
654 470 -1
117 470 1
1163 471 1
789 471 1
603 471 -1
117 471 -1
1787 472 -1
1786 472 -1
698 472 -1
654 472 -1
118 472 1
1789 473 -1
1788 473 -1
700 473 -1
654 473 -1
119 473 1
3039 474 1
1165 474 1
791 474 1
603 474 -1
119 474 -1
1791 475 -1
1790 475 -1
704 475 -1
654 475 -1
120 475 1
2806 476 1
1793 476 -1
1792 476 -1
706 476 -1
654 476 -1
121 476 1
3025 477 1
2863 477 1
1121 477 1
1119 477 -1
601 477 -1
121 477 -1
1144 478 1
1142 478 -1
772 478 -1
602 478 -1
121 478 -1
1167 479 1
793 479 1
603 479 -1
121 479 -1
3046 480 -1
1190 480 1
1189 480 -1
805 480 -1
604 480 -1
121 480 -1
3070 481 1
2905 481 1
1260 481 1
1258 481 -1
847 481 -1
607 481 -1
121 481 -1
3105 482 1
2935 482 1
1352 482 1
1350 482 -1
611 482 -1
121 482 -1
1375 483 1
1373 483 -1
612 483 -1
121 483 -1
3124 484 -1
2951 484 -1
1398 484 1
1396 484 -1
935 484 -1
613 484 -1
121 484 -1
3137 485 1
3136 485 -1
2961 485 1
1444 485 1
1442 485 -1
964 485 -1
615 485 -1
121 485 -1
3152 486 1
2974 486 1
1490 486 1
1488 486 -1
990 486 -1
617 486 -1
121 486 -1
1536 487 1
1534 487 -1
619 487 -1
121 487 -1
3189 488 1
3011 488 1
1605 488 1
1603 488 -1
1069 488 -1
622 488 -1
121 488 -1
1795 489 -1
1794 489 -1
708 489 -1
654 489 -1
122 489 1
3040 490 1
2755 490 1
1168 490 1
794 490 1
603 490 -1
122 490 -1
1491 491 1
1488 491 -1
990 491 -1
617 491 -1
122 491 -1
1797 492 -1
1796 492 -1
710 492 -1
654 492 -1
123 492 1
3054 493 1
3052 493 -1
1215 493 1
1212 493 -1
819 493 -1
605 493 -1
123 493 -1
1799 494 -1
1798 494 -1
712 494 -1
654 494 -1
124 494 1
1493 495 1
1488 495 -1
990 495 -1
617 495 -1
124 495 -1
1171 496 1
603 496 -1
125 496 -1
1803 497 -1
1802 497 -1
716 497 -1
654 497 -1
126 497 1
1172 498 1
796 498 1
603 498 -1
126 498 -1
1805 499 -1
1804 499 -1
718 499 -1
654 499 -1
127 499 1
3041 500 1
1173 500 1
797 500 1
603 500 -1
127 500 -1
1807 501 -1
1806 501 -1
720 501 -1
654 501 -1
128 501 1
3139 502 1
3136 502 -1
1451 502 1
1442 502 -1
964 502 -1
615 502 -1
128 502 -1
1809 503 -1
1808 503 -1
722 503 -1
654 503 -1
129 503 1
1175 504 1
798 504 1
603 504 -1
129 504 -1
3136 505 -1
1452 505 1
1442 505 -1
964 505 -1
615 505 -1
129 505 -1
1811 506 -1
1810 506 -1
724 506 -1
654 506 -1
130 506 1
3156 507 1
1499 507 1
1488 507 -1
990 507 -1
617 507 -1
130 507 -1
1813 508 -1
1812 508 -1
726 508 -1
654 508 -1
131 508 1
1177 509 1
603 509 -1
131 509 -1
1815 510 -1
1814 510 -1
728 510 -1
654 510 -1
132 510 1
3042 511 1
1178 511 1
799 511 1
603 511 -1
132 511 -1
3046 512 -1
2884 512 -1
1201 512 1
1189 512 -1
805 512 -1
604 512 -1
132 512 -1
1817 513 -1
1816 513 -1
730 513 -1
654 513 -1
133 513 1
1156 514 1
1142 514 -1
772 514 -1
602 514 -1
133 514 -1
2756 515 1
1179 515 1
800 515 1
603 515 -1
133 515 -1
3046 516 -1
2884 516 -1
1202 516 1
1189 516 -1
805 516 -1
604 516 -1
133 516 -1
1271 517 1
1258 517 -1
847 517 -1
607 517 -1
133 517 -1
1317 518 1
1304 518 -1
880 518 -1
609 518 -1
133 518 -1
3136 519 -1
1455 519 1
1442 519 -1
964 519 -1
615 519 -1
133 519 -1
1819 520 -1
1818 520 -1
732 520 -1
654 520 -1
134 520 1
1180 521 1
603 521 -1
134 521 -1
1821 522 -1
1820 522 -1
734 522 -1
654 522 -1
135 522 1
1181 523 1
603 523 -1
135 523 -1
3043 524 1
1182 524 1
801 524 1
603 524 -1
136 524 -1
1825 525 -1
1824 525 -1
738 525 -1
654 525 -1
137 525 1
3044 526 1
1183 526 1
802 526 1
603 526 -1
137 526 -1
1505 527 1
1488 527 -1
990 527 -1
617 527 -1
137 527 -1
1827 528 -1
1826 528 -1
740 528 -1
654 528 -1
138 528 1
3045 529 1
1184 529 1
803 529 1
603 529 -1
138 529 -1
3067 530 1
2895 530 1
2768 530 1
1253 530 1
1235 530 -1
606 530 -1
138 530 -1
1506 531 1
1488 531 -1
990 531 -1
617 531 -1
138 531 -1
1645 532 1
1626 532 -1
623 532 -1
138 532 -1
1829 533 -1
1828 533 -1
742 533 -1
654 533 -1
139 533 1
1116 534 1
1096 534 -1
746 534 -1
600 534 -1
139 534 -1
1139 535 1
1119 535 -1
601 535 -1
139 535 -1
3037 536 1
2870 536 1
1162 536 1
1142 536 -1
772 536 -1
602 536 -1
139 536 -1
1185 537 1
804 537 1
603 537 -1
139 537 -1
3046 538 -1
2884 538 -1
1208 538 1
1189 538 -1
805 538 -1
604 538 -1
139 538 -1
3060 539 1
3052 539 -1
2888 539 1
1231 539 1
1212 539 -1
819 539 -1
605 539 -1
139 539 -1
1254 540 1
1235 540 -1
606 540 -1
139 540 -1
1277 541 1
1258 541 -1
847 541 -1
607 541 -1
139 541 -1
1300 542 1
1281 542 -1
608 542 -1
139 542 -1
1346 543 1
1327 543 -1
610 543 -1
139 543 -1
3160 544 1
2975 544 1
1507 544 1
1488 544 -1
990 544 -1
617 544 -1
139 544 -1
1576 545 1
1557 545 -1
620 545 -1
139 545 -1
3185 546 -1
3009 546 -1
1599 546 1
1580 546 -1
1056 546 -1
621 546 -1
139 546 -1
1622 547 1
1603 547 -1
1069 547 -1
622 547 -1
139 547 -1
1831 548 -1
1830 548 -1
696 548 -1
656 548 -1
140 548 1
1186 549 1
604 549 -1
140 549 -1
1833 550 -1
1832 550 -1
698 550 -1
656 550 -1
141 550 1
1187 551 1
604 551 -1
141 551 -1
1835 552 -1
1834 552 -1
700 552 -1
656 552 -1
142 552 1
1837 553 -1
1836 553 -1
702 553 -1
656 553 -1
143 553 1
3046 554 1
1189 554 1
805 554 1
604 554 -1
143 554 -1
2807 555 1
1839 555 -1
1838 555 -1
706 555 -1
656 555 -1
144 555 1
3021 556 -1
2860 556 -1
1098 556 1
1097 556 -1
747 556 -1
600 556 -1
144 556 -1
3024 557 -1
2864 557 -1
1121 557 1
1120 557 -1
756 557 -1
601 557 -1
144 557 -1
1144 558 1
1143 558 -1
773 558 -1
602 558 -1
144 558 -1
1167 559 1
1166 559 -1
792 559 -1
603 559 -1
144 559 -1
1190 560 1
806 560 1
604 560 -1
144 560 -1
1260 561 1
1259 561 -1
848 561 -1
607 561 -1
144 561 -1
1283 562 1
1282 562 -1
862 562 -1
608 562 -1
144 562 -1
3104 563 -1
2933 563 -1
1352 563 1
1351 563 -1
908 563 -1
611 563 -1
144 563 -1
1444 564 1
1443 564 -1
615 564 -1
144 564 -1
3143 565 -1
2969 565 -1
1467 565 1
1466 565 -1
975 565 -1
616 565 -1
144 565 -1
1490 566 1
1489 566 -1
991 566 -1
617 566 -1
144 566 -1
1513 567 1
1512 567 -1
1009 567 -1
618 567 -1
144 567 -1
1536 568 1
1535 568 -1
1024 568 -1
619 568 -1
144 568 -1
3177 569 -1
1559 569 1
1558 569 -1
1039 569 -1
620 569 -1
144 569 -1
1582 570 1
1581 570 -1
621 570 -1
144 570 -1
1605 571 1
1604 571 -1
1070 571 -1
622 571 -1
144 571 -1
1628 572 1
1627 572 -1
1083 572 -1
623 572 -1
144 572 -1
1841 573 -1
1840 573 -1
708 573 -1
656 573 -1
145 573 1
3031 574 1
1145 574 1
1143 574 -1
773 574 -1
602 574 -1
145 574 -1
1191 575 1
807 575 1
604 575 -1
145 575 -1
3079 576 1
1284 576 1
1282 576 -1
862 576 -1
608 576 -1
145 576 -1
1422 577 1
1420 577 -1
614 577 -1
145 577 -1
1606 578 1
1604 578 -1
1070 578 -1
622 578 -1
145 578 -1
3195 579 1
3016 579 1
1629 579 1
1627 579 -1
1083 579 -1
623 579 -1
145 579 -1
1843 580 -1
1842 580 -1
710 580 -1
656 580 -1
146 580 1
1192 581 1
604 581 -1
146 581 -1
1845 582 -1
1844 582 -1
712 582 -1
656 582 -1
147 582 1
3047 583 1
2760 583 1
1193 583 1
808 583 1
604 583 -1
147 583 -1
1493 584 1
1489 584 -1
991 584 -1
617 584 -1
147 584 -1
1631 585 1
1627 585 -1
1083 585 -1
623 585 -1
147 585 -1
1847 586 -1
1846 586 -1
714 586 -1
656 586 -1
148 586 1
1194 587 1
604 587 -1
148 587 -1
1849 588 -1
1848 588 -1
716 588 -1
656 588 -1
149 588 1
1195 589 1
809 589 1
604 589 -1
149 589 -1
1851 590 -1
1850 590 -1
718 590 -1
656 590 -1
150 590 1
3048 591 1
2761 591 1
1196 591 1
810 591 1
604 591 -1
150 591 -1
1288 592 1
1282 592 -1
862 592 -1
608 592 -1
150 592 -1
3088 593 -1
2920 593 -1
1311 593 1
1305 593 -1
881 593 -1
609 593 -1
150 593 -1
1381 594 1
1374 594 -1
612 594 -1
150 594 -1
1634 595 1
1627 595 -1
1083 595 -1
623 595 -1
150 595 -1
1853 596 -1
1852 596 -1
720 596 -1
656 596 -1
151 596 1
1197 597 1
604 597 -1
151 597 -1
1855 598 -1
1854 598 -1
722 598 -1
656 598 -1
152 598 1
3049 599 1
1198 599 1
811 599 1
604 599 -1
152 599 -1
1857 600 -1
1856 600 -1
724 600 -1
656 600 -1
153 600 1
1859 601 -1
1858 601 -1
726 601 -1
656 601 -1
154 601 1
1861 602 -1
1860 602 -1
728 602 -1
656 602 -1
155 602 1
2762 603 1
1201 603 1
812 603 1
604 603 -1
155 603 -1
1639 604 1
1627 604 -1
1083 604 -1
623 604 -1
155 604 -1
1863 605 -1
1862 605 -1
730 605 -1
656 605 -1
156 605 1
3050 606 1
1202 606 1
813 606 1
604 606 -1
156 606 -1
1865 607 -1
1864 607 -1
732 607 -1
656 607 -1
157 607 1
1203 608 1
604 608 -1
157 608 -1
1867 609 -1
1866 609 -1
734 609 -1
656 609 -1
158 609 1
2763 610 1
1204 610 1
814 610 1
604 610 -1
158 610 -1
1642 611 1
1627 611 -1
1083 611 -1
623 611 -1
158 611 -1
1869 612 -1
1868 612 -1
736 612 -1
656 612 -1
159 612 1
1205 613 1
815 613 1
604 613 -1
159 613 -1
1871 614 -1
1870 614 -1
738 614 -1
656 614 -1
160 614 1
1206 615 1
816 615 1
604 615 -1
160 615 -1
1873 616 -1
1872 616 -1
740 616 -1
656 616 -1
161 616 1
1207 617 1
604 617 -1
161 617 -1
1208 618 1
604 618 -1
162 618 -1
2818 619 1
2808 619 1
1877 619 -1
1876 619 -1
696 619 -1
658 619 -1
163 619 1
1144 620 -1
1140 620 1
602 620 -1
163 620 -1
1167 621 -1
1163 621 1
793 621 -1
603 621 -1
163 621 -1
1190 622 -1
1186 622 1
806 622 -1
604 622 -1
163 622 -1
1209 623 1
817 623 1
605 623 -1
163 623 -1
1283 624 -1
1278 624 1
863 624 -1
608 624 -1
163 624 -1
1329 625 -1
1324 625 1
610 625 -1
163 625 -1
1398 626 -1
1393 626 1
613 626 -1
163 626 -1
1421 627 -1
1416 627 1
614 627 -1
163 627 -1
3152 628 -1
2974 628 -1
1490 628 -1
1485 628 1
992 628 -1
617 628 -1
163 628 -1
1536 629 -1
1531 629 1
619 629 -1
163 629 -1
1559 630 -1
1554 630 1
1040 630 -1
620 630 -1
163 630 -1
1582 631 -1
1577 631 1
1057 631 -1
621 631 -1
163 631 -1
3189 632 -1
3011 632 -1
1605 632 -1
1600 632 1
1071 632 -1
622 632 -1
163 632 -1
1628 633 -1
1623 633 1
623 633 -1
163 633 -1
1879 634 -1
1878 634 -1
698 634 -1
658 634 -1
164 634 1
3051 635 1
1210 635 1
818 635 1
605 635 -1
164 635 -1
1881 636 -1
1880 636 -1
700 636 -1
658 636 -1
165 636 1
1883 637 -1
1882 637 -1
702 637 -1
658 637 -1
166 637 1
3046 638 1
2884 638 1
2764 638 1
1190 638 -1
1189 638 1
806 638 -1
604 638 -1
166 638 -1
3052 639 1
1212 639 1
819 639 1
605 639 -1
166 639 -1
3053 640 1
1213 640 1
820 640 1
605 640 -1
167 640 -1
1887 641 -1
1886 641 -1
708 641 -1
658 641 -1
168 641 1
1191 642 1
1190 642 -1
806 642 -1
604 642 -1
168 642 -1
1889 643 -1
1888 643 -1
710 643 -1
658 643 -1
169 643 1
1192 644 1
1190 644 -1
806 644 -1
604 644 -1
169 644 -1
3054 645 1
1215 645 1
822 645 1
605 645 -1
169 645 -1
1891 646 -1
1890 646 -1
712 646 -1
658 646 -1
170 646 1
3047 647 1
1193 647 1
1190 647 -1
806 647 -1
604 647 -1
170 647 -1
3055 648 1
1216 648 1
823 648 1
605 648 -1
170 648 -1
1893 649 -1
1892 649 -1
714 649 -1
658 649 -1
171 649 1
1217 650 1
824 650 1
605 650 -1
171 650 -1
1895 651 -1
1894 651 -1
716 651 -1
658 651 -1
172 651 1
1218 652 1
605 652 -1
172 652 -1
1897 653 -1
1896 653 -1
718 653 -1
658 653 -1
173 653 1
3041 654 1
2878 654 1
1173 654 1
1167 654 -1
793 654 -1
603 654 -1
173 654 -1
3048 655 1
1196 655 1
1190 655 -1
806 655 -1
604 655 -1
173 655 -1
3056 656 1
1219 656 1
825 656 1
605 656 -1
173 656 -1
1242 657 1
1237 657 -1
606 657 -1
173 657 -1
3070 658 -1
2905 658 -1
1265 658 1
1260 658 -1
849 658 -1
607 658 -1
173 658 -1
3082 659 1
2911 659 1
1288 659 1
1283 659 -1
863 659 -1
608 659 -1
173 659 -1
1311 660 1
1306 660 -1
609 660 -1
173 660 -1
1404 661 1
1398 661 -1
613 661 -1
173 661 -1
3152 662 -1
2974 662 -1
1496 662 1
1490 662 -1
992 662 -1
617 662 -1
173 662 -1
1899 663 -1
1898 663 -1
720 663 -1
658 663 -1
174 663 1
1197 664 1
1190 664 -1
806 664 -1
604 664 -1
174 664 -1
1220 665 1
826 665 1
605 665 -1
174 665 -1
2575 666 -1
1543 667 1
1536 667 -1
619 667 -1
174 667 -1
3049 668 1
2885 668 1
2765 668 1
1198 668 1
1190 668 -1
806 668 -1
604 668 -1
175 668 -1
2836 669 1
2835 669 1
1221 669 1
827 669 1
605 669 -1
175 669 -1
1199 670 1
1190 670 -1
806 670 -1
604 670 -1
176 670 -1
3057 671 1
1223 671 1
828 671 1
605 671 -1
177 671 -1
1907 672 -1
1906 672 -1
728 672 -1
658 672 -1
178 672 1
1201 673 1
1190 673 -1
806 673 -1
604 673 -1
178 673 -1
1909 674 -1
1908 674 -1
730 674 -1
658 674 -1
179 674 1
1225 675 1
829 675 1
605 675 -1
179 675 -1
1911 676 -1
1910 676 -1
732 676 -1
658 676 -1
180 676 1
3058 677 1
2766 677 1
1226 677 1
830 677 1
605 677 -1
180 677 -1
1913 678 -1
1912 678 -1
734 678 -1
658 678 -1
181 678 1
1915 679 -1
1914 679 -1
736 679 -1
658 679 -1
182 679 1
1228 680 1
605 680 -1
182 680 -1
1917 681 -1
1916 681 -1
738 681 -1
658 681 -1
183 681 1
3059 682 1
1229 682 1
831 682 1
605 682 -1
183 682 -1
1230 683 1
605 683 -1
184 683 -1
1921 684 -1
1920 684 -1
742 684 -1
658 684 -1
185 684 1
3060 685 1
1231 685 1
832 685 1
605 685 -1
185 685 -1
1923 686 -1
1922 686 -1
696 686 -1
660 686 -1
186 686 1
3061 687 1
1232 687 1
833 687 1
606 687 -1
186 687 -1
1925 688 -1
1924 688 -1
698 688 -1
660 688 -1
187 688 1
1233 689 1
606 689 -1
187 689 -1
1927 690 -1
1926 690 -1
700 690 -1
660 690 -1
188 690 1
1929 691 -1
1928 691 -1
702 691 -1
660 691 -1
189 691 1
1235 692 1
606 692 -1
189 692 -1
1931 693 -1
1930 693 -1
704 693 -1
660 693 -1
190 693 1
1236 694 1
606 694 -1
190 694 -1
1933 695 -1
1932 695 -1
706 695 -1
660 695 -1
191 695 1
1237 696 1
606 696 -1
191 696 -1
1935 697 -1
1934 697 -1
710 697 -1
660 697 -1
192 697 1
3062 698 1
1238 698 1
834 698 1
606 698 -1
192 698 -1
1937 699 -1
1936 699 -1
712 699 -1
660 699 -1
193 699 1
1239 700 1
835 700 1
606 700 -1
193 700 -1
1939 701 -1
1938 701 -1
714 701 -1
660 701 -1
194 701 1
1102 702 1
1099 702 -1
749 702 -1
600 702 -1
194 702 -1
3040 703 -1
1171 703 1
1168 703 -1
794 703 -1
603 703 -1
194 703 -1
1194 704 1
1191 704 -1
807 704 -1
604 704 -1
194 704 -1
1217 705 1
1214 705 -1
821 705 -1
605 705 -1
194 705 -1
1240 706 1
836 706 1
606 706 -1
194 706 -1
1263 707 1
1261 707 -1
850 707 -1
607 707 -1
194 707 -1
3079 708 -1
1286 708 1
1284 708 -1
864 708 -1
608 708 -1
194 708 -1
1333 709 1
1330 709 -1
896 709 -1
610 709 -1
194 709 -1
3106 710 -1
2934 710 -1
1356 710 1
1353 710 -1
910 710 -1
611 710 -1
194 710 -1
1425 711 1
1422 711 -1
614 711 -1
194 711 -1
2823 712 1
1941 712 -1
1940 712 -1
716 712 -1
660 712 -1
195 712 1
1103 713 1
1099 713 -1
749 713 -1
600 713 -1
195 713 -1
1126 714 1
1122 714 -1
758 714 -1
601 714 -1
195 714 -1
3031 715 -1
1149 715 1
1145 715 -1
774 715 -1
602 715 -1
195 715 -1
3040 716 -1
1172 716 1
1168 716 -1
794 716 -1
603 716 -1
195 716 -1
1195 717 1
1191 717 -1
807 717 -1
604 717 -1
195 717 -1
1241 718 1
837 718 1
606 718 -1
195 718 -1
3079 719 -1
1287 719 1
1284 719 -1
864 719 -1
608 719 -1
195 719 -1
1310 720 1
1307 720 -1
609 720 -1
195 720 -1
3106 721 -1
2934 721 -1
1357 721 1
1353 721 -1
910 721 -1
611 721 -1
195 721 -1
1380 722 1
1376 722 -1
612 722 -1
195 722 -1
1426 723 1
1422 723 -1
614 723 -1
195 723 -1
1449 724 1
1445 724 -1
966 724 -1
615 724 -1
195 724 -1
3144 725 -1
2970 725 -1
2967 725 -1
1472 725 1
1468 725 -1
977 725 -1
616 725 -1
195 725 -1
1518 726 1
1514 726 -1
1010 726 -1
618 726 -1
195 726 -1
3170 727 -1
2991 727 -1
1541 727 1
1537 727 -1
1025 727 -1
619 727 -1
195 727 -1
1610 728 1
1606 728 -1
622 728 -1
195 728 -1
3195 729 -1
3016 729 -1
1633 729 1
1629 729 -1
1084 729 -1
623 729 -1
195 729 -1
1943 730 -1
1942 730 -1
718 730 -1
660 730 -1
196 730 1
1242 731 1
838 731 1
606 731 -1
196 731 -1
1945 732 -1
1944 732 -1
720 732 -1
660 732 -1
197 732 1
3063 733 1
1243 733 1
839 733 1
606 733 -1
197 733 -1
1947 734 -1
1946 734 -1
722 734 -1
660 734 -1
198 734 1
3064 735 1
1244 735 1
840 735 1
606 735 -1
198 735 -1
1949 736 -1
1948 736 -1
724 736 -1
660 736 -1
199 736 1
1951 737 -1
1950 737 -1
726 737 -1
660 737 -1
200 737 1
1246 738 1
606 738 -1
200 738 -1
1953 739 -1
1952 739 -1
728 739 -1
660 739 -1
201 739 1
1955 740 -1
1954 740 -1
730 740 -1
660 740 -1
202 740 1
1957 741 -1
1956 741 -1
732 741 -1
660 741 -1
203 741 1
3066 742 1
1249 742 1
842 742 1
606 742 -1
203 742 -1
1959 743 -1
1958 743 -1
734 743 -1
660 743 -1
204 743 1
1250 744 1
606 744 -1
204 744 -1
1961 745 -1
1960 745 -1
736 745 -1
660 745 -1
205 745 1
1251 746 1
843 746 1
606 746 -1
205 746 -1
1252 747 1
606 747 -1
206 747 -1
1965 748 -1
1964 748 -1
740 748 -1
660 748 -1
207 748 1
3067 749 1
1253 749 1
844 749 1
606 749 -1
207 749 -1
1967 750 -1
1966 750 -1
742 750 -1
660 750 -1
208 750 1
3068 751 1
1254 751 1
845 751 1
606 751 -1
208 751 -1
1969 752 -1
1968 752 -1
696 752 -1
662 752 -1
209 752 1
1255 753 1
607 753 -1
209 753 -1
1971 754 -1
1970 754 -1
698 754 -1
662 754 -1
210 754 1
1973 755 -1
1972 755 -1
700 755 -1
662 755 -1
211 755 1
3069 756 1
1257 756 1
846 756 1
607 756 -1
211 756 -1
1975 757 -1
1974 757 -1
702 757 -1
662 757 -1
212 757 1
1258 758 1
847 758 1
607 758 -1
212 758 -1
1977 759 -1
1976 759 -1
704 759 -1
662 759 -1
213 759 1
1259 760 1
848 760 1
607 760 -1
213 760 -1
1979 761 -1
1978 761 -1
706 761 -1
662 761 -1
214 761 1
3070 762 1
1260 762 1
849 762 1
607 762 -1
214 762 -1
1981 763 -1
1980 763 -1
708 763 -1
662 763 -1
215 763 1
1261 764 1
850 764 1
607 764 -1
215 764 -1
1983 765 -1
1982 765 -1
712 765 -1
662 765 -1
216 765 1
1262 766 1
607 766 -1
216 766 -1
1985 767 -1
1984 767 -1
714 767 -1
662 767 -1
217 767 1
3062 768 -1
1240 768 1
1238 768 -1
834 768 -1
606 768 -1
217 768 -1
1263 769 1
851 769 1
607 769 -1
217 769 -1
3081 770 1
3080 770 -1
2916 770 -1
1286 770 1
1285 770 -1
865 770 -1
608 770 -1
217 770 -1
1425 771 1
1423 771 -1
951 771 -1
614 771 -1
217 771 -1
1517 772 1
1515 772 -1
1011 772 -1
618 772 -1
217 772 -1
3171 773 1
2993 773 1
1540 773 1
1538 773 -1
1026 773 -1
619 773 -1
217 773 -1
1563 774 1
1561 774 -1
1042 774 -1
620 774 -1
217 774 -1
1632 775 1
1630 775 -1
1085 775 -1
623 775 -1
217 775 -1
1987 776 -1
1986 776 -1
716 776 -1
662 776 -1
218 776 1
1264 777 1
852 777 1
607 777 -1
218 777 -1
1380 778 1
1377 778 -1
612 778 -1
218 778 -1
3164 779 1
2984 779 1
1518 779 1
1515 779 -1
1011 779 -1
618 779 -1
218 779 -1
3172 780 1
2994 780 1
1541 780 1
1538 780 -1
1026 780 -1
619 780 -1
218 780 -1
1564 781 1
1561 781 -1
1042 781 -1
620 781 -1
218 781 -1
1587 782 1
1584 782 -1
621 782 -1
218 782 -1
1265 783 1
607 783 -1
219 783 -1
1991 784 -1
1990 784 -1
720 784 -1
662 784 -1
220 784 1
3071 785 1
1266 785 1
853 785 1
607 785 -1
220 785 -1
1993 786 -1
1992 786 -1
722 786 -1
662 786 -1
221 786 1
3032 787 -1
2875 787 -1
1152 787 1
1146 787 -1
775 787 -1
602 787 -1
221 787 -1
3062 788 -1
2896 788 -1
1244 788 1
1238 788 -1
834 788 -1
606 788 -1
221 788 -1
3072 789 1
1267 789 1
854 789 1
607 789 -1
221 789 -1
3084 790 1
3080 790 -1
2916 790 -1
2913 790 1
1290 790 1
1285 790 -1
865 790 -1
608 790 -1
221 790 -1
3089 791 -1
2924 791 -1
1313 791 1
1308 791 -1
882 791 -1
609 791 -1
221 791 -1
3097 792 -1
2927 792 -1
1336 792 1
1331 792 -1
897 792 -1
610 792 -1
221 792 -1
1452 793 1
1446 793 -1
615 793 -1
221 793 -1
1498 794 1
1492 794 -1
617 794 -1
221 794 -1
3166 795 1
2985 795 1
1521 795 1
1515 795 -1
1011 795 -1
618 795 -1
221 795 -1
3180 796 1
2999 796 1
1567 796 1
1561 796 -1
1042 796 -1
620 796 -1
221 796 -1
1590 797 1
1584 797 -1
621 797 -1
221 797 -1
3190 798 -1
3013 798 -1
1613 798 1
1607 798 -1
1072 798 -1
622 798 -1
221 798 -1
1636 799 1
1630 799 -1
1085 799 -1
623 799 -1
221 799 -1
1995 800 -1
1994 800 -1
724 800 -1
662 800 -1
222 800 1
3073 801 1
1268 801 1
855 801 1
607 801 -1
222 801 -1
1997 802 -1
1996 802 -1
726 802 -1
662 802 -1
223 802 1
1269 803 1
607 803 -1
223 803 -1
1999 804 -1
1998 804 -1
728 804 -1
662 804 -1
224 804 1
1270 805 1
607 805 -1
224 805 -1
3097 806 -1
2927 806 -1
1340 806 1
1331 806 -1
897 806 -1
610 806 -1
225 806 -1
2003 807 -1
2002 807 -1
732 807 -1
662 807 -1
226 807 1
2005 808 -1
2004 808 -1
734 808 -1
662 808 -1
227 808 1
2007 809 -1
2006 809 -1
736 809 -1
662 809 -1
228 809 1
2009 810 -1
2008 810 -1
738 810 -1
662 810 -1
229 810 1
3097 811 -1
2927 811 -1
1344 811 1
1331 811 -1
897 811 -1
610 811 -1
229 811 -1
2011 812 -1
2010 812 -1
740 812 -1
662 812 -1
230 812 1
3101 813 1
3097 813 -1
2927 813 -1
1345 813 1
1331 813 -1
897 813 -1
610 813 -1
230 813 -1
2013 814 -1
2012 814 -1
742 814 -1
662 814 -1
231 814 1
2015 815 -1
2014 815 -1
696 815 -1
664 815 -1
232 815 1
1585 816 -1
1577 816 1
1059 816 -1
621 816 -1
232 816 -1
2017 817 -1
2016 817 -1
698 817 -1
664 817 -1
233 817 1
2019 818 -1
2018 818 -1
700 818 -1
664 818 -1
234 818 1
3078 819 1
1280 819 1
861 819 1
608 819 -1
234 819 -1
1309 820 -1
1303 820 1
609 820 -1
234 820 -1
1447 821 -1
1441 821 1
967 821 -1
615 821 -1
234 821 -1
3151 822 1
2977 822 1
2795 822 1
1493 822 -1
1487 822 1
994 822 -1
617 822 -1
234 822 -1
1585 823 -1
1579 823 1
1059 823 -1
621 823 -1
234 823 -1
2021 824 -1
2020 824 -1
702 824 -1
664 824 -1
235 824 1
3185 825 1
1585 825 -1
1580 825 1
1059 825 -1
621 825 -1
235 825 -1
2023 826 -1
2022 826 -1
704 826 -1
664 826 -1
236 826 1
3023 827 -1
2861 827 -1
1101 827 -1
1097 827 1
751 827 -1
600 827 -1
236 827 -1
3024 828 1
2864 828 1
1124 828 -1
1120 828 1
601 828 -1
236 828 -1
1262 829 -1
1259 829 1
607 829 -1
236 829 -1
1282 830 1
862 830 1
608 830 -1
236 830 -1
3088 831 1
2920 831 1
1309 831 -1
1305 831 1
609 831 -1
236 831 -1
3096 832 1
2926 832 1
1332 832 -1
1328 832 1
610 832 -1
236 832 -1
1355 833 -1
1351 833 1
611 833 -1
236 833 -1
1401 834 -1
1397 834 1
613 834 -1
236 834 -1
1447 835 -1
1443 835 1
967 835 -1
615 835 -1
236 835 -1
3145 836 -1
3143 836 1
2969 836 1
1470 836 -1
1466 836 1
979 836 -1
616 836 -1
236 836 -1
3178 837 -1
3177 837 1
3005 837 -1
1562 837 -1
1558 837 1
1043 837 -1
620 837 -1
236 837 -1
1585 838 -1
1581 838 1
1059 838 -1
621 838 -1
236 838 -1
2025 839 -1
2024 839 -1
706 839 -1
664 839 -1
237 839 1
3145 840 -1
1470 840 -1
1467 840 1
979 840 -1
616 840 -1
237 840 -1
2027 841 -1
2026 841 -1
708 841 -1
664 841 -1
238 841 1
3079 842 1
1284 842 1
864 842 1
608 842 -1
238 842 -1
1493 843 -1
1491 843 1
994 843 -1
617 843 -1
238 843 -1
2029 844 -1
2028 844 -1
710 844 -1
664 844 -1
239 844 1
3047 845 -1
1193 845 -1
1192 845 1
808 845 -1
604 845 -1
239 845 -1
3097 846 1
2927 846 1
2779 846 1
1332 846 -1
1331 846 1
610 846 -1
239 846 -1
2031 847 -1
2030 847 -1
714 847 -1
664 847 -1
240 847 1
3033 848 -1
2874 848 -1
1148 848 1
1147 848 -1
776 848 -1
602 848 -1
240 848 -1
3081 849 1
2773 849 1
1286 849 1
866 849 1
608 849 -1
240 849 -1
1356 850 1
1355 850 -1
611 850 -1
240 850 -1
1425 851 1
1424 851 -1
614 851 -1
240 851 -1
1494 852 1
1493 852 -1
994 852 -1
617 852 -1
240 852 -1
2033 853 -1
2032 853 -1
716 853 -1
664 853 -1
241 853 1
1287 854 1
867 854 1
608 854 -1
241 854 -1
2035 855 -1
2034 855 -1
718 855 -1
664 855 -1
242 855 1
3082 856 1
1288 856 1
868 856 1
608 856 -1
242 856 -1
2037 857 -1
2036 857 -1
720 857 -1
664 857 -1
243 857 1
3186 858 1
1589 858 1
1585 858 -1
1059 858 -1
621 858 -1
243 858 -1
2039 859 -1
2038 859 -1
722 859 -1
664 859 -1
244 859 1
3084 860 1
2840 860 1
2839 860 1
1290 860 1
870 860 1
608 860 -1
244 860 -1
3140 861 1
2964 861 1
2791 861 1
1452 861 1
1447 861 -1
967 861 -1
615 861 -1
244 861 -1
3155 862 1
2978 862 1
1498 862 1
1493 862 -1
994 862 -1
617 862 -1
244 862 -1
1590 863 1
1585 863 -1
1059 863 -1
621 863 -1
244 863 -1
2041 864 -1
2040 864 -1
724 864 -1
664 864 -1
245 864 1
3147 865 1
3145 865 -1
1476 865 1
1470 865 -1
979 865 -1
616 865 -1
245 865 -1
2043 866 -1
2042 866 -1
726 866 -1
664 866 -1
246 866 1
2045 867 -1
2044 867 -1
728 867 -1
664 867 -1
247 867 1
1594 868 1
1585 868 -1
1059 868 -1
621 868 -1
248 868 -1
2809 869 1
2049 869 -1
2048 869 -1
732 869 -1
664 869 -1
249 869 1
1134 870 1
1124 870 -1
601 870 -1
249 870 -1
3033 871 -1
2874 871 -1
1157 871 1
1147 871 -1
776 871 -1
602 871 -1
249 871 -1
3047 872 -1
1203 872 1
1193 872 -1
808 872 -1
604 872 -1
249 872 -1
1295 873 1
873 873 1
608 873 -1
249 873 -1
1318 874 1
1309 874 -1
609 874 -1
249 874 -1
1341 875 1
1332 875 -1
610 875 -1
249 875 -1
1387 876 1
1378 876 -1
612 876 -1
249 876 -1
1410 877 1
1401 877 -1
613 877 -1
249 877 -1
1456 878 1
1447 878 -1
967 878 -1
615 878 -1
249 878 -1
3145 879 -1
1479 879 1
1470 879 -1
979 879 -1
616 879 -1
249 879 -1
1502 880 1
1493 880 -1
994 880 -1
617 880 -1
249 880 -1
1595 881 1
1585 881 -1
1059 881 -1
621 881 -1
249 881 -1
3047 882 -1
1204 882 1
1193 882 -1
808 882 -1
604 882 -1
250 882 -1
2053 883 -1
2052 883 -1
736 883 -1
664 883 -1
251 883 1
3145 884 -1
1481 884 1
1470 884 -1
979 884 -1
616 884 -1
251 884 -1
2055 885 -1
2054 885 -1
738 885 -1
664 885 -1
252 885 1
1505 886 1
1493 886 -1
994 886 -1
617 886 -1
252 886 -1
2057 887 -1
2056 887 -1
740 887 -1
664 887 -1
253 887 1
1138 888 1
1124 888 -1
601 888 -1
253 888 -1
1184 889 1
1170 889 -1
603 889 -1
253 889 -1
1299 890 1
877 890 1
608 890 -1
253 890 -1
1345 891 1
1332 891 -1
610 891 -1
253 891 -1
1368 892 1
1355 892 -1
611 892 -1
253 892 -1
1391 893 1
1378 893 -1
612 893 -1
253 893 -1
3145 894 -1
1483 894 1
1470 894 -1
979 894 -1
616 894 -1
253 894 -1
3159 895 1
2979 895 1
1506 895 1
1493 895 -1
994 895 -1
617 895 -1
253 895 -1
3188 896 1
3008 896 1
1598 896 1
1585 896 -1
1059 896 -1
621 896 -1
253 896 -1
1645 897 1
1631 897 -1
623 897 -1
253 897 -1
2059 898 -1
2058 898 -1
742 898 -1
664 898 -1
254 898 1
3145 899 -1
1484 899 1
1470 899 -1
979 899 -1
616 899 -1
254 899 -1
3061 900 1
1240 900 -1
1232 900 1
836 900 -1
606 900 -1
255 900 -1
2063 901 -1
2062 901 -1
698 901 -1
666 901 -1
256 901 1
1425 902 -1
1417 902 1
952 902 -1
614 902 -1
256 902 -1
1240 903 -1
1234 903 1
836 903 -1
606 903 -1
257 903 -1
2067 904 -1
2066 904 -1
702 904 -1
666 904 -1
258 904 1
1194 905 -1
1189 905 1
604 905 -1
258 905 -1
1217 906 -1
1212 906 1
824 906 -1
605 906 -1
258 906 -1
2769 907 1
1240 907 -1
1235 907 1
836 907 -1
606 907 -1
258 907 -1
2842 908 1
2841 908 1
1304 908 1
880 908 1
609 908 -1
258 908 -1
2069 909 -1
2068 909 -1
704 909 -1
666 909 -1
259 909 1
1240 910 -1
1236 910 1
836 910 -1
606 910 -1
259 910 -1
2071 911 -1
2070 911 -1
706 911 -1
666 911 -1
260 911 1
3070 912 1
1263 912 -1
1260 912 1
851 912 -1
607 912 -1
260 912 -1
2073 913 -1
2072 913 -1
708 913 -1
666 913 -1
261 913 1
1425 914 -1
1422 914 1
952 914 -1
614 914 -1
261 914 -1
2075 915 -1
2074 915 -1
710 915 -1
666 915 -1
262 915 1
1102 916 -1
1100 916 1
600 916 -1
262 916 -1
1217 917 -1
1215 917 1
824 917 -1
605 917 -1
262 917 -1
3062 918 1
2896 918 1
2770 918 1
1240 918 -1
1238 918 1
836 918 -1
606 918 -1
262 918 -1
3089 919 1
2844 919 1
2843 919 1
1308 919 1
882 919 1
609 919 -1
262 919 -1
1333 920 -1
1331 920 1
610 920 -1
262 920 -1
2077 921 -1
2076 921 -1
712 921 -1
666 921 -1
263 921 1
1241 922 1
1240 922 -1
836 922 -1
606 922 -1
264 922 -1
2081 923 -1
2080 923 -1
718 923 -1
666 923 -1
265 923 1
2083 924 -1
2082 924 -1
720 924 -1
666 924 -1
266 924 1
3063 925 1
1243 925 1
1240 925 -1
836 925 -1
606 925 -1
266 925 -1
2085 926 -1
2084 926 -1
722 926 -1
666 926 -1
267 926 1
3064 927 1
1244 927 1
1240 927 -1
836 927 -1
606 927 -1
267 927 -1
2087 928 -1
2086 928 -1
724 928 -1
666 928 -1
268 928 1
1107 929 1
1102 929 -1
600 929 -1
268 929 -1
1130 930 1
1125 930 -1
601 930 -1
268 930 -1
1153 931 1
1148 931 -1
602 931 -1
268 931 -1
1199 932 1
1194 932 -1
604 932 -1
268 932 -1
3065 933 1
2897 933 1
1245 933 1
1240 933 -1
836 933 -1
606 933 -1
268 933 -1
3073 934 1
2906 934 1
1268 934 1
1263 934 -1
851 934 -1
607 934 -1
268 934 -1
3085 935 1
3081 935 -1
2914 935 1
1291 935 1
1286 935 -1
866 935 -1
608 935 -1
268 935 -1
1314 936 1
884 936 1
609 936 -1
268 936 -1
1383 937 1
1379 937 -1
612 937 -1
268 937 -1
1476 938 1
1471 938 -1
616 938 -1
268 938 -1
3156 939 1
2980 939 1
1499 939 1
1494 939 -1
617 939 -1
268 939 -1
1522 940 1
1517 940 -1
618 940 -1
268 940 -1
3171 941 -1
2993 941 -1
1545 941 1
1540 941 -1
1027 941 -1
619 941 -1
268 941 -1
3181 942 1
3000 942 1
1568 942 1
1563 942 -1
620 942 -1
268 942 -1
1614 943 1
1609 943 -1
622 943 -1
268 943 -1
1637 944 1
1632 944 -1
623 944 -1
268 944 -1
2089 945 -1
2088 945 -1
726 945 -1
666 945 -1
269 945 1
1246 946 1
1240 946 -1
836 946 -1
606 946 -1
269 946 -1
3090 947 1
1315 947 1
885 947 1
609 947 -1
269 947 -1
2091 948 -1
2090 948 -1
728 948 -1
666 948 -1
270 948 1
1316 949 1
886 949 1
609 949 -1
270 949 -1
2810 950 1
2093 950 -1
2092 950 -1
730 950 -1
666 950 -1
271 950 1
3050 951 1
2886 951 1
1202 951 1
1194 951 -1
604 951 -1
271 951 -1
1248 952 1
1240 952 -1
836 952 -1
606 952 -1
271 952 -1
3074 953 1
2907 953 1
1271 953 1
1263 953 -1
851 953 -1
607 953 -1
271 953 -1
3091 954 1
1317 954 1
887 954 1
609 954 -1
271 954 -1
3134 955 1
2957 955 1
1432 955 1
1425 955 -1
952 955 -1
614 955 -1
271 955 -1
1455 956 1
1448 956 -1
615 956 -1
271 956 -1
1525 957 1
1517 957 -1
618 957 -1
271 957 -1
3182 958 1
3001 958 1
1571 958 1
1563 958 -1
620 958 -1
271 958 -1
1594 959 1
1586 959 -1
621 959 -1
271 959 -1
2095 960 -1
2094 960 -1
732 960 -1
666 960 -1
272 960 1
3066 961 1
2898 961 1
2771 961 1
1249 961 1
1240 961 -1
836 961 -1
606 961 -1
272 961 -1
3092 962 1
2846 962 1
2845 962 1
1318 962 1
888 962 1
609 962 -1
272 962 -1
1433 963 1
1425 963 -1
952 963 -1
614 963 -1
272 963 -1
2097 964 -1
2096 964 -1
734 964 -1
666 964 -1
273 964 1
1250 965 1
1240 965 -1
836 965 -1
606 965 -1
273 965 -1
2099 966 -1
2098 966 -1
736 966 -1
666 966 -1
274 966 1
1251 967 1
1240 967 -1
836 967 -1
606 967 -1
274 967 -1
2101 968 -1
2100 968 -1
738 968 -1
666 968 -1
275 968 1
2872 969 -1
1160 969 1
1148 969 -1
602 969 -1
275 969 -1
1321 970 1
891 970 1
609 970 -1
275 970 -1
2103 971 -1
2102 971 -1
740 971 -1
666 971 -1
276 971 1
3067 972 1
2899 972 1
2772 972 1
1253 972 1
1240 972 -1
836 972 -1
606 972 -1
276 972 -1
2848 973 1
2847 973 1
1322 973 1
892 973 1
609 973 -1
276 973 -1
2105 974 -1
2104 974 -1
742 974 -1
666 974 -1
277 974 1
3068 975 1
1254 975 1
1240 975 -1
836 975 -1
606 975 -1
277 975 -1
2107 976 -1
2106 976 -1
696 976 -1
668 976 -1
278 976 1
3061 977 1
2900 977 1
1241 977 -1
1232 977 1
837 977 -1
606 977 -1
278 977 -1
1264 978 -1
1255 978 1
852 978 -1
607 978 -1
278 978 -1
3094 979 1
1324 979 1
893 979 1
610 979 -1
278 979 -1
3109 980 -1
2939 980 -1
1357 980 -1
1347 980 1
913 980 -1
611 980 -1
278 980 -1
3117 981 -1
3115 981 1
2943 981 1
1380 981 -1
1370 981 1
926 981 -1
612 981 -1
278 981 -1
1403 982 -1
1393 982 1
613 982 -1
278 982 -1
3164 983 -1
3161 983 1
2986 983 1
2984 983 -1
1518 983 -1
1508 983 1
1013 983 -1
618 983 -1
278 983 -1
1564 984 -1
1554 984 1
620 984 -1
278 984 -1
2109 985 -1
2108 985 -1
698 985 -1
668 985 -1
279 985 1
1103 986 -1
1094 986 1
600 986 -1
279 986 -1
1241 987 -1
1233 987 1
837 987 -1
606 987 -1
279 987 -1
1264 988 -1
1256 988 1
852 988 -1
607 988 -1
279 988 -1
3095 989 1
1325 989 1
894 989 1
610 989 -1
279 989 -1
3109 990 -1
2939 990 -1
1357 990 -1
1348 990 1
913 990 -1
611 990 -1
279 990 -1
3117 991 -1
1380 991 -1
1371 991 1
926 991 -1
612 991 -1
279 991 -1
3131 992 -1
1426 992 -1
1417 992 1
953 992 -1
614 992 -1
279 992 -1
3146 993 -1
2971 993 -1
1472 993 -1
1463 993 1
980 993 -1
616 993 -1
279 993 -1
2111 994 -1
2110 994 -1
700 994 -1
668 994 -1
280 994 1
1326 995 1
610 995 -1
280 995 -1
2113 996 -1
2112 996 -1
702 996 -1
668 996 -1
281 996 1
1327 997 1
610 997 -1
281 997 -1
2115 998 -1
2114 998 -1
704 998 -1
668 998 -1
282 998 1
3096 999 1
1328 999 1
895 999 1
610 999 -1
282 999 -1
2117 1000 -1
2116 1000 -1
706 1000 -1
668 1000 -1
283 1000 1
1329 1001 1
610 1001 -1
283 1001 -1
2119 1002 -1
2118 1002 -1
708 1002 -1
668 1002 -1
284 1002 1
1330 1003 1
896 1003 1
610 1003 -1
284 1003 -1
3022 1004 1
1103 1004 -1
1100 1004 1
600 1004 -1
285 1004 -1
2123 1005 -1
2122 1005 -1
712 1005 -1
668 1005 -1
286 1005 1
1332 1006 1
610 1006 -1
286 1006 -1
2125 1007 -1
2124 1007 -1
714 1007 -1
668 1007 -1
287 1007 1
2127 1008 -1
2126 1008 -1
718 1008 -1
668 1008 -1
288 1008 1
1242 1009 1
1241 1009 -1
837 1009 -1
606 1009 -1
288 1009 -1
3098 1010 1
2850 1010 1
2849 1010 1
1334 1010 1
898 1010 1
610 1010 -1
288 1010 -1
2129 1011 -1
2128 1011 -1
720 1011 -1
668 1011 -1
289 1011 1
3063 1012 1
2901 1012 1
1243 1012 1
1241 1012 -1
837 1012 -1
606 1012 -1
289 1012 -1
1266 1013 1
1264 1013 -1
852 1013 -1
607 1013 -1
289 1013 -1
3099 1014 1
2780 1014 1
1335 1014 1
899 1014 1
610 1014 -1
289 1014 -1
3164 1015 -1
2984 1015 -1
1520 1015 1
1518 1015 -1
1013 1015 -1
618 1015 -1
289 1015 -1
3064 1016 1
1244 1016 1
1241 1016 -1
837 1016 -1
606 1016 -1
290 1016 -1
2133 1017 -1
2132 1017 -1
724 1017 -1
668 1017 -1
291 1017 1
3100 1018 1
1337 1018 1
900 1018 1
610 1018 -1
291 1018 -1
2135 1019 -1
2134 1019 -1
726 1019 -1
668 1019 -1
292 1019 1
1338 1020 1
610 1020 -1
292 1020 -1
2137 1021 -1
2136 1021 -1
728 1021 -1
668 1021 -1
293 1021 1
1339 1022 1
901 1022 1
610 1022 -1
293 1022 -1
2139 1023 -1
2138 1023 -1
730 1023 -1
668 1023 -1
294 1023 1
1340 1024 1
902 1024 1
610 1024 -1
294 1024 -1
2141 1025 -1
2140 1025 -1
732 1025 -1
668 1025 -1
295 1025 1
1341 1026 1
610 1026 -1
295 1026 -1
2143 1027 -1
2142 1027 -1
734 1027 -1
668 1027 -1
296 1027 1
1342 1028 1
610 1028 -1
296 1028 -1
2145 1029 -1
2144 1029 -1
736 1029 -1
668 1029 -1
297 1029 1
1343 1030 1
610 1030 -1
297 1030 -1
2827 1031 1
2147 1031 -1
2146 1031 -1
738 1031 -1
668 1031 -1
298 1031 1
1114 1032 1
1103 1032 -1
600 1032 -1
298 1032 -1
3026 1033 -1
2865 1033 -1
1137 1033 1
1126 1033 -1
760 1033 -1
601 1033 -1
298 1033 -1
1160 1034 1
1149 1034 -1
602 1034 -1
298 1034 -1
1206 1035 1
1195 1035 -1
809 1035 -1
604 1035 -1
298 1035 -1
1229 1036 1
1218 1036 -1
605 1036 -1
298 1036 -1
1252 1037 1
1241 1037 -1
837 1037 -1
606 1037 -1
298 1037 -1
1275 1038 1
1264 1038 -1
852 1038 -1
607 1038 -1
298 1038 -1
1321 1039 1
1310 1039 -1
609 1039 -1
298 1039 -1
1344 1040 1
903 1040 1
610 1040 -1
298 1040 -1
1413 1041 1
1403 1041 -1
613 1041 -1
298 1041 -1
1459 1042 1
1449 1042 -1
968 1042 -1
615 1042 -1
298 1042 -1
1505 1043 1
1495 1043 -1
617 1043 -1
298 1043 -1
3164 1044 -1
2984 1044 -1
1528 1044 1
1518 1044 -1
1013 1044 -1
618 1044 -1
298 1044 -1
3172 1045 -1
2994 1045 -1
1551 1045 1
1541 1045 -1
1028 1045 -1
619 1045 -1
298 1045 -1
1574 1046 1
1564 1046 -1
620 1046 -1
298 1046 -1
1621 1047 1
1610 1047 -1
1073 1047 -1
622 1047 -1
298 1047 -1
1644 1048 1
1633 1048 -1
623 1048 -1
298 1048 -1
2149 1049 -1
2148 1049 -1
740 1049 -1
668 1049 -1
299 1049 1
3067 1050 1
1253 1050 1
1241 1050 -1
837 1050 -1
606 1050 -1
299 1050 -1
3101 1051 1
1345 1051 1
904 1051 1
610 1051 -1
299 1051 -1
2151 1052 -1
2150 1052 -1
742 1052 -1
668 1052 -1
300 1052 1
3102 1053 1
1346 1053 1
905 1053 1
610 1053 -1
300 1053 -1
2153 1054 -1
2152 1054 -1
696 1054 -1
670 1054 -1
301 1054 1
3056 1055 -1
1219 1055 -1
1209 1055 1
825 1055 -1
605 1055 -1
301 1055 -1
2155 1056 -1
2154 1056 -1
698 1056 -1
670 1056 -1
302 1056 1
3041 1057 -1
2878 1057 -1
1173 1057 -1
1164 1057 1
797 1057 -1
603 1057 -1
302 1057 -1
3056 1058 -1
3051 1058 1
2889 1058 1
1219 1058 -1
1210 1058 1
825 1058 -1
605 1058 -1
302 1058 -1
3098 1059 -1
2928 1059 -1
1334 1059 -1
1325 1059 1
898 1059 -1
610 1059 -1
302 1059 -1
3103 1060 1
1348 1060 1
906 1060 1
611 1060 -1
302 1060 -1
3118 1061 -1
3116 1061 1
2944 1061 1
1381 1061 -1
1371 1061 1
927 1061 -1
612 1061 -1
302 1061 -1
3142 1062 1
1473 1062 -1
1463 1062 1
981 1062 -1
616 1062 -1
302 1062 -1
3150 1063 1
1496 1063 -1
1486 1063 1
995 1063 -1
617 1063 -1
302 1063 -1
3175 1064 1
1565 1064 -1
1555 1064 1
1044 1064 -1
620 1064 -1
302 1064 -1
1634 1065 -1
1624 1065 1
1086 1065 -1
623 1065 -1
302 1065 -1
2157 1066 -1
2156 1066 -1
700 1066 -1
670 1066 -1
303 1066 1
1104 1067 -1
1095 1067 1
600 1067 -1
303 1067 -1
1127 1068 -1
1118 1068 1
761 1068 -1
601 1068 -1
303 1068 -1
1349 1069 1
907 1069 1
611 1069 -1
303 1069 -1
1473 1070 -1
1464 1070 1
981 1070 -1
616 1070 -1
303 1070 -1
1565 1071 -1
1556 1071 1
1044 1071 -1
620 1071 -1
303 1071 -1
3056 1072 -1
3052 1072 1
1219 1072 -1
1212 1072 1
825 1072 -1
605 1072 -1
304 1072 -1
2161 1073 -1
2160 1073 -1
704 1073 -1
670 1073 -1
305 1073 1
2163 1074 -1
2162 1074 -1
706 1074 -1
670 1074 -1
306 1074 1
2165 1075 -1
2164 1075 -1
708 1075 -1
670 1075 -1
307 1075 1
3144 1076 1
1473 1076 -1
1468 1076 1
981 1076 -1
616 1076 -1
307 1076 -1
2167 1077 -1
2166 1077 -1
710 1077 -1
670 1077 -1
308 1077 1
3056 1078 -1
3054 1078 1
1219 1078 -1
1215 1078 1
825 1078 -1
605 1078 -1
308 1078 -1
2169 1079 -1
2168 1079 -1
712 1079 -1
670 1079 -1
309 1079 1
3056 1080 -1
3055 1080 1
1219 1080 -1
1216 1080 1
825 1080 -1
605 1080 -1
309 1080 -1
2171 1081 -1
2170 1081 -1
714 1081 -1
670 1081 -1
310 1081 1
2173 1082 -1
2172 1082 -1
716 1082 -1
670 1082 -1
311 1082 1
3026 1083 1
1127 1083 -1
1126 1083 1
761 1083 -1
601 1083 -1
311 1083 -1
3056 1084 -1
1219 1084 -1
1218 1084 1
825 1084 -1
605 1084 -1
311 1084 -1
3109 1085 1
1357 1085 1
913 1085 1
611 1085 -1
311 1085 -1
3118 1086 -1
3117 1086 1
1381 1086 -1
1380 1086 1
927 1086 -1
612 1086 -1
311 1086 -1
3146 1087 1
1473 1087 -1
1472 1087 1
981 1087 -1
616 1087 -1
311 1087 -1
2175 1088 -1
2174 1088 -1
720 1088 -1
670 1088 -1
312 1088 1
3056 1089 -1
1220 1089 1
1219 1089 -1
825 1089 -1
605 1089 -1
312 1089 -1
2825 1090 1
2177 1090 -1
2176 1090 -1
722 1090 -1
670 1090 -1
313 1090 1
1129 1091 1
1127 1091 -1
761 1091 -1
601 1091 -1
313 1091 -1
3041 1092 -1
2878 1092 -1
1175 1092 1
1173 1092 -1
797 1092 -1
603 1092 -1
313 1092 -1
3048 1093 -1
1198 1093 1
1196 1093 -1
810 1093 -1
604 1093 -1
313 1093 -1
3056 1094 -1
1221 1094 1
1219 1094 -1
825 1094 -1
605 1094 -1
313 1094 -1
1267 1095 1
1265 1095 -1
607 1095 -1
313 1095 -1
3082 1096 -1
2911 1096 -1
1290 1096 1
1288 1096 -1
868 1096 -1
608 1096 -1
313 1096 -1
1359 1097 1
915 1097 1
611 1097 -1
313 1097 -1
3118 1098 -1
1382 1098 1
1381 1098 -1
927 1098 -1
612 1098 -1
313 1098 -1
1429 1099 1
1427 1099 -1
954 1099 -1
614 1099 -1
313 1099 -1
3138 1100 -1
2962 1100 -1
1452 1100 1
1450 1100 -1
969 1100 -1
615 1100 -1
313 1100 -1
1475 1101 1
1473 1101 -1
981 1101 -1
616 1101 -1
313 1101 -1
1498 1102 1
1496 1102 -1
995 1102 -1
617 1102 -1
313 1102 -1
1567 1103 1
1565 1103 -1
1044 1103 -1
620 1103 -1
313 1103 -1
1590 1104 1
1588 1104 -1
621 1104 -1
313 1104 -1
1636 1105 1
1634 1105 -1
1086 1105 -1
623 1105 -1
313 1105 -1
2179 1106 -1
2178 1106 -1
724 1106 -1
670 1106 -1
314 1106 1
3119 1107 1
3118 1107 -1
1383 1107 1
1381 1107 -1
927 1107 -1
612 1107 -1
314 1107 -1
2181 1108 -1
2180 1108 -1
726 1108 -1
670 1108 -1
315 1108 1
3118 1109 -1
1384 1109 1
1381 1109 -1
927 1109 -1
612 1109 -1
315 1109 -1
2183 1110 -1
2182 1110 -1
728 1110 -1
670 1110 -1
316 1110 1
3118 1111 -1
1385 1111 1
1381 1111 -1
927 1111 -1
612 1111 -1
316 1111 -1
2185 1112 -1
2184 1112 -1
730 1112 -1
670 1112 -1
317 1112 1
2187 1113 -1
2186 1113 -1
732 1113 -1
670 1113 -1
318 1113 1
3120 1114 1
3118 1114 -1
1387 1114 1
1381 1114 -1
927 1114 -1
612 1114 -1
318 1114 -1
2189 1115 -1
2188 1115 -1
734 1115 -1
670 1115 -1
319 1115 1
2191 1116 -1
2190 1116 -1
736 1116 -1
670 1116 -1
320 1116 1
3113 1117 1
2852 1117 1
2851 1117 1
1366 1117 1
921 1117 1
611 1117 -1
320 1117 -1
3121 1118 1
3118 1118 -1
2945 1118 1
2783 1118 1
1389 1118 1
1381 1118 -1
927 1118 -1
612 1118 -1
320 1118 -1
1481 1119 1
1473 1119 -1
981 1119 -1
616 1119 -1
320 1119 -1
2193 1120 -1
2192 1120 -1
738 1120 -1
670 1120 -1
321 1120 1
3059 1121 1
3056 1121 -1
1229 1121 1
1219 1121 -1
825 1121 -1
605 1121 -1
321 1121 -1
2195 1122 -1
2194 1122 -1
740 1122 -1
670 1122 -1
322 1122 1
3122 1123 1
3118 1123 -1
1391 1123 1
1381 1123 -1
927 1123 -1
612 1123 -1
322 1123 -1
2197 1124 -1
2196 1124 -1
742 1124 -1
670 1124 -1
323 1124 1
1484 1125 1
1473 1125 -1
981 1125 -1
616 1125 -1
323 1125 -1
2199 1126 -1
2198 1126 -1
696 1126 -1
672 1126 -1
324 1126 1
3115 1127 1
1370 1127 1
923 1127 1
612 1127 -1
324 1127 -1
2201 1128 -1
2200 1128 -1
698 1128 -1
672 1128 -1
325 1128 1
3116 1129 1
1371 1129 1
924 1129 1
612 1129 -1
325 1129 -1
2203 1130 -1
2202 1130 -1
700 1130 -1
672 1130 -1
326 1130 1
2205 1131 -1
2204 1131 -1
702 1131 -1
672 1131 -1
327 1131 1
1373 1132 1
612 1132 -1
327 1132 -1
2207 1133 -1
2206 1133 -1
704 1133 -1
672 1133 -1
328 1133 1
1374 1134 1
612 1134 -1
328 1134 -1
2784 1135 1
1375 1135 1
925 1135 1
612 1135 -1
329 1135 -1
1474 1136 -1
1467 1136 1
982 1136 -1
616 1136 -1
329 1136 -1
2211 1137 -1
2210 1137 -1
708 1137 -1
672 1137 -1
330 1137 1
1376 1138 1
612 1138 -1
330 1138 -1
3099 1139 -1
3097 1139 1
1335 1139 -1
1331 1139 1
899 1139 -1
610 1139 -1
331 1139 -1
2215 1140 -1
2214 1140 -1
712 1140 -1
672 1140 -1
332 1140 1
1378 1141 1
612 1141 -1
332 1141 -1
2217 1142 -1
2216 1142 -1
714 1142 -1
672 1142 -1
333 1142 1
1379 1143 1
612 1143 -1
333 1143 -1
2219 1144 -1
2218 1144 -1
716 1144 -1
672 1144 -1
334 1144 1
3026 1145 1
2865 1145 1
1128 1145 -1
1126 1145 1
762 1145 -1
601 1145 -1
334 1145 -1
3110 1146 -1
2931 1146 -1
1358 1146 -1
1357 1146 1
914 1146 -1
611 1146 -1
334 1146 -1
3117 1147 1
1380 1147 1
926 1147 1
612 1147 -1
334 1147 -1
3132 1148 -1
3131 1148 1
2956 1148 -1
1428 1148 -1
1426 1148 1
955 1148 -1
614 1148 -1
334 1148 -1
3146 1149 1
2971 1149 1
1474 1149 -1
1472 1149 1
982 1149 -1
616 1149 -1
334 1149 -1
2221 1150 -1
2220 1150 -1
718 1150 -1
672 1150 -1
335 1150 1
1105 1151 -1
1104 1151 1
600 1151 -1
335 1151 -1
1197 1152 -1
1196 1152 1
604 1152 -1
335 1152 -1
3056 1153 1
1220 1153 -1
1219 1153 1
826 1153 -1
605 1153 -1
335 1153 -1
3063 1154 -1
2901 1154 -1
1243 1154 -1
1242 1154 1
839 1154 -1
606 1154 -1
335 1154 -1
3099 1155 -1
3098 1155 1
2928 1155 1
1335 1155 -1
1334 1155 1
899 1155 -1
610 1155 -1
335 1155 -1
3118 1156 1
1381 1156 1
927 1156 1
612 1156 -1
335 1156 -1
1405 1157 -1
1404 1157 1
940 1157 -1
613 1157 -1
335 1157 -1
3139 1158 -1
2963 1158 -1
1451 1158 -1
1450 1158 1
970 1158 -1
615 1158 -1
335 1158 -1
1474 1159 -1
1473 1159 1
982 1159 -1
616 1159 -1
335 1159 -1
2223 1160 -1
2222 1160 -1
722 1160 -1
672 1160 -1
336 1160 1
1382 1161 1
612 1161 -1
336 1161 -1
2225 1162 -1
2224 1162 -1
724 1162 -1
672 1162 -1
337 1162 1
3119 1163 1
1383 1163 1
928 1163 1
612 1163 -1
337 1163 -1
2826 1164 1
2227 1164 -1
2226 1164 -1
726 1164 -1
672 1164 -1
338 1164 1
1131 1165 1
1128 1165 -1
762 1165 -1
601 1165 -1
338 1165 -1
3034 1166 -1
2873 1166 -1
1154 1166 1
1151 1166 -1
778 1166 -1
602 1166 -1
338 1166 -1
1177 1167 1
1174 1167 -1
603 1167 -1
338 1167 -1
3057 1168 1
2890 1168 1
1223 1168 1
1220 1168 -1
826 1168 -1
605 1168 -1
338 1168 -1
3071 1169 -1
2904 1169 -1
1269 1169 1
1266 1169 -1
853 1169 -1
607 1169 -1
338 1169 -1
1315 1170 1
1312 1170 -1
609 1170 -1
338 1170 -1
1384 1171 1
929 1171 1
612 1171 -1
338 1171 -1
1407 1172 1
1405 1172 -1
940 1172 -1
613 1172 -1
338 1172 -1
3148 1173 1
2972 1173 1
1477 1173 1
1474 1173 -1
982 1173 -1
616 1173 -1
338 1173 -1
3154 1174 -1
2982 1174 -1
1500 1174 1
1497 1174 -1
996 1174 -1
617 1174 -1
338 1174 -1
3173 1175 -1
2995 1175 -1
1546 1175 1
1543 1175 -1
1030 1175 -1
619 1175 -1
338 1175 -1
3179 1176 -1
3004 1176 -1
1569 1176 1
1566 1176 -1
1045 1176 -1
620 1176 -1
338 1176 -1
3186 1177 -1
3007 1177 -1
1592 1177 1
1589 1177 -1
1060 1177 -1
621 1177 -1
338 1177 -1
1615 1178 1
1612 1178 -1
622 1178 -1
338 1178 -1
2229 1179 -1
2228 1179 -1
728 1179 -1
672 1179 -1
339 1179 1
1385 1180 1
612 1180 -1
339 1180 -1
2231 1181 -1
2230 1181 -1
730 1181 -1
672 1181 -1
340 1181 1
1386 1182 1
612 1182 -1
340 1182 -1
2233 1183 -1
2232 1183 -1
732 1183 -1
672 1183 -1
341 1183 1
1226 1184 1
1220 1184 -1
826 1184 -1
605 1184 -1
341 1184 -1
3120 1185 1
1387 1185 1
930 1185 1
612 1185 -1
341 1185 -1
2235 1186 -1
2234 1186 -1
734 1186 -1
672 1186 -1
342 1186 1
1388 1187 1
612 1187 -1
342 1187 -1
2237 1188 -1
2236 1188 -1
736 1188 -1
672 1188 -1
343 1188 1
3121 1189 1
1389 1189 1
931 1189 1
612 1189 -1
343 1189 -1
2239 1190 -1
2238 1190 -1
738 1190 -1
672 1190 -1
344 1190 1
1390 1191 1
612 1191 -1
344 1191 -1
2241 1192 -1
2240 1192 -1
740 1192 -1
672 1192 -1
345 1192 1
3122 1193 1
1391 1193 1
932 1193 1
612 1193 -1
345 1193 -1
2243 1194 -1
2242 1194 -1
742 1194 -1
672 1194 -1
346 1194 1
1392 1195 1
612 1195 -1
346 1195 -1
2245 1196 -1
2244 1196 -1
696 1196 -1
674 1196 -1
347 1196 1
1221 1197 -1
1209 1197 1
827 1197 -1
605 1197 -1
347 1197 -1
1336 1198 -1
1324 1198 1
610 1198 -1
347 1198 -1
1359 1199 -1
1347 1199 1
915 1199 -1
611 1199 -1
347 1199 -1
3123 1200 1
2788 1200 1
1393 1200 1
933 1200 1
613 1200 -1
347 1200 -1
2247 1201 -1
2246 1201 -1
698 1201 -1
674 1201 -1
348 1201 1
1394 1202 1
934 1202 1
613 1202 -1
348 1202 -1
2249 1203 -1
2248 1203 -1
700 1203 -1
674 1203 -1
349 1203 1
2251 1204 -1
2250 1204 -1
702 1204 -1
674 1204 -1
350 1204 1
3124 1205 1
1396 1205 1
935 1205 1
613 1205 -1
350 1205 -1
2253 1206 -1
2252 1206 -1
704 1206 -1
674 1206 -1
351 1206 1
2255 1207 -1
2254 1207 -1
706 1207 -1
674 1207 -1
352 1207 1
3072 1208 -1
3070 1208 1
1267 1208 -1
1260 1208 1
854 1208 -1
607 1208 -1
352 1208 -1
2257 1209 -1
2256 1209 -1
708 1209 -1
674 1209 -1
353 1209 1
3106 1210 1
1359 1210 -1
1353 1210 1
915 1210 -1
611 1210 -1
353 1210 -1
1399 1211 1
937 1211 1
613 1211 -1
353 1211 -1
2259 1212 -1
2258 1212 -1
710 1212 -1
674 1212 -1
354 1212 1
3054 1213 1
1221 1213 -1
1215 1213 1
827 1213 -1
605 1213 -1
354 1213 -1
2261 1214 -1
2260 1214 -1
712 1214 -1
674 1214 -1
355 1214 1
3049 1215 -1
3047 1215 1
2885 1215 -1
1198 1215 -1
1193 1215 1
811 1215 -1
604 1215 -1
355 1215 -1
2263 1216 -1
2262 1216 -1
714 1216 -1
674 1216 -1
356 1216 1
2265 1217 -1
2264 1217 -1
716 1217 -1
674 1217 -1
357 1217 1
3140 1218 -1
2964 1218 -1
1452 1218 -1
1449 1218 1
971 1218 -1
615 1218 -1
357 1218 -1
2267 1219 -1
2266 1219 -1
718 1219 -1
674 1219 -1
358 1219 1
3072 1220 -1
1267 1220 -1
1265 1220 1
854 1220 -1
607 1220 -1
358 1220 -1
3126 1221 1
1404 1221 1
939 1221 1
613 1221 -1
358 1221 -1
2269 1222 -1
2268 1222 -1
720 1222 -1
674 1222 -1
359 1222 1
1405 1223 1
940 1223 1
613 1223 -1
359 1223 -1
2271 1224 -1
2270 1224 -1
724 1224 -1
674 1224 -1
360 1224 1
3147 1225 1
1476 1225 1
1475 1225 -1
616 1225 -1
360 1225 -1
2273 1226 -1
2272 1226 -1
726 1226 -1
674 1226 -1
361 1226 1
3035 1227 1
2871 1227 1
1154 1227 1
1152 1227 -1
602 1227 -1
361 1227 -1
1177 1228 1
1175 1228 -1
798 1228 -1
603 1228 -1
361 1228 -1
3049 1229 -1
2885 1229 -1
1200 1229 1
1198 1229 -1
811 1229 -1
604 1229 -1
361 1229 -1
1223 1230 1
1221 1230 -1
827 1230 -1
605 1230 -1
361 1230 -1
3072 1231 -1
2908 1231 1
1269 1231 1
1267 1231 -1
854 1231 -1
607 1231 -1
361 1231 -1
3084 1232 -1
2913 1232 -1
1292 1232 1
1290 1232 -1
870 1232 -1
608 1232 -1
361 1232 -1
1315 1233 1
1313 1233 -1
609 1233 -1
361 1233 -1
3112 1234 1
2936 1234 1
1361 1234 1
1359 1234 -1
915 1234 -1
611 1234 -1
361 1234 -1
1384 1235 1
1382 1235 -1
612 1235 -1
361 1235 -1
1407 1236 1
941 1236 1
613 1236 -1
361 1236 -1
1477 1237 1
1475 1237 -1
616 1237 -1
361 1237 -1
3157 1238 1
3155 1238 -1
2981 1238 1
2978 1238 -1
1500 1238 1
1498 1238 -1
997 1238 -1
617 1238 -1
361 1238 -1
3166 1239 -1
2985 1239 -1
1523 1239 1
1521 1239 -1
1015 1239 -1
618 1239 -1
361 1239 -1
1546 1240 1
1544 1240 -1
619 1240 -1
361 1240 -1
3180 1241 -1
2999 1241 -1
1569 1241 1
1567 1241 -1
1046 1241 -1
620 1241 -1
361 1241 -1
1592 1242 1
1590 1242 -1
621 1242 -1
361 1242 -1
3192 1243 1
3012 1243 1
1615 1243 1
1613 1243 -1
622 1243 -1
361 1243 -1
3196 1244 -1
3019 1244 -1
1638 1244 1
1636 1244 -1
1087 1244 -1
623 1244 -1
361 1244 -1
2275 1245 -1
2274 1245 -1
728 1245 -1
674 1245 -1
362 1245 1
3127 1246 1
1408 1246 1
942 1246 1
613 1246 -1
362 1246 -1
2277 1247 -1
2276 1247 -1
730 1247 -1
674 1247 -1
363 1247 1
3074 1248 1
3072 1248 -1
1271 1248 1
1267 1248 -1
854 1248 -1
607 1248 -1
363 1248 -1
2279 1249 -1
2278 1249 -1
732 1249 -1
674 1249 -1
364 1249 1
1410 1250 1
613 1250 -1
364 1250 -1
2281 1251 -1
2280 1251 -1
734 1251 -1
674 1251 -1
365 1251 1
3049 1252 -1
2885 1252 -1
1204 1252 1
1198 1252 -1
811 1252 -1
604 1252 -1
365 1252 -1
1365 1253 1
1359 1253 -1
915 1253 -1
611 1253 -1
365 1253 -1
1411 1254 1
944 1254 1
613 1254 -1
365 1254 -1
1480 1255 1
1475 1255 -1
616 1255 -1
365 1255 -1
2283 1256 -1
2282 1256 -1
736 1256 -1
674 1256 -1
366 1256 1
2285 1257 -1
2284 1257 -1
738 1257 -1
674 1257 -1
367 1257 1
3128 1258 1
1413 1258 1
945 1258 1
613 1258 -1
367 1258 -1
2287 1259 -1
2286 1259 -1
740 1259 -1
674 1259 -1
368 1259 1
1115 1260 1
1106 1260 -1
600 1260 -1
368 1260 -1
3030 1261 1
2866 1261 1
1138 1261 1
1129 1261 -1
763 1261 -1
601 1261 -1
368 1261 -1
1184 1262 1
1175 1262 -1
798 1262 -1
603 1262 -1
368 1262 -1
3075 1263 1
3072 1263 -1
2909 1263 1
1276 1263 1
1267 1263 -1
854 1263 -1
607 1263 -1
368 1263 -1
3114 1264 1
2937 1264 1
1368 1264 1
1359 1264 -1
915 1264 -1
611 1264 -1
368 1264 -1
3122 1265 1
2947 1265 -1
2946 1265 1
1391 1265 1
1382 1265 -1
612 1265 -1
368 1265 -1
1414 1266 1
946 1266 1
613 1266 -1
368 1266 -1
3140 1267 -1
2964 1267 -1
1460 1267 1
1452 1267 -1
971 1267 -1
615 1267 -1
368 1267 -1
3149 1268 1
2973 1268 1
1483 1268 1
1475 1268 -1
616 1268 -1
368 1268 -1
1552 1269 1
1544 1269 -1
619 1269 -1
368 1269 -1
3183 1270 1
3180 1270 -1
3002 1270 1
2999 1270 -1
1575 1270 1
1567 1270 -1
1046 1270 -1
620 1270 -1
368 1270 -1
3201 1271 1
3196 1271 -1
3019 1271 -1
3018 1271 1
1645 1271 1
1636 1271 -1
1087 1271 -1
623 1271 -1
368 1271 -1
2289 1272 -1
2288 1272 -1
742 1272 -1
674 1272 -1
369 1272 1
1416 1273 1
614 1273 -1
370 1273 -1
2293 1274 -1
2292 1274 -1
698 1274 -1
676 1274 -1
371 1274 1
1107 1275 -1
1094 1275 1
752 1275 -1
600 1275 -1
371 1275 -1
1153 1276 -1
1141 1276 1
779 1276 -1
602 1276 -1
371 1276 -1
1176 1277 -1
1164 1277 1
603 1277 -1
371 1277 -1
1222 1278 -1
1210 1278 1
605 1278 -1
371 1278 -1
3085 1279 -1
2914 1279 -1
1291 1279 -1
1279 1279 1
871 1279 -1
608 1279 -1
371 1279 -1
1314 1280 -1
1302 1280 1
884 1280 -1
609 1280 -1
371 1280 -1
3100 1281 -1
2930 1281 -1
1337 1281 -1
1325 1281 1
900 1281 -1
610 1281 -1
371 1281 -1
1406 1282 -1
1394 1282 1
613 1282 -1
371 1282 -1
1417 1283 1
948 1283 1
614 1283 -1
371 1283 -1
1453 1284 -1
1440 1284 1
615 1284 -1
371 1284 -1
3147 1285 -1
2968 1285 -1
1476 1285 -1
1463 1285 1
983 1285 -1
616 1285 -1
371 1285 -1
1522 1286 -1
1509 1286 1
618 1286 -1
371 1286 -1
3181 1287 -1
3000 1287 -1
1568 1287 -1
1555 1287 1
1047 1287 -1
620 1287 -1
371 1287 -1
3187 1288 -1
1591 1288 -1
1578 1288 1
1061 1288 -1
621 1288 -1
371 1288 -1
3191 1289 -1
3010 1289 -1
1614 1289 -1
1601 1289 1
1075 1289 -1
622 1289 -1
371 1289 -1
2295 1290 -1
2294 1290 -1
700 1290 -1
676 1290 -1
372 1290 1
1107 1291 -1
1095 1291 1
752 1291 -1
600 1291 -1
372 1291 -1
3087 1292 1
1314 1292 -1
1303 1292 1
884 1292 -1
609 1292 -1
372 1292 -1
3129 1293 1
1418 1293 1
949 1293 1
614 1293 -1
372 1293 -1
2297 1294 -1
2296 1294 -1
702 1294 -1
676 1294 -1
373 1294 1
3130 1295 1
1419 1295 1
950 1295 1
614 1295 -1
373 1295 -1
2299 1296 -1
2298 1296 -1
704 1296 -1
676 1296 -1
374 1296 1
3065 1297 -1
2897 1297 -1
1245 1297 -1
1236 1297 1
841 1297 -1
606 1297 -1
374 1297 -1
2301 1298 -1
2300 1298 -1
706 1298 -1
676 1298 -1
375 1298 1
3073 1299 -1
3070 1299 1
2906 1299 -1
1268 1299 -1
1260 1299 1
855 1299 -1
607 1299 -1
375 1299 -1
2303 1300 -1
2302 1300 -1
708 1300 -1
676 1300 -1
376 1300 1
1422 1301 1
614 1301 -1
376 1301 -1
2305 1302 -1
2304 1302 -1
710 1302 -1
676 1302 -1
377 1302 1
1423 1303 1
951 1303 1
614 1303 -1
377 1303 -1
2307 1304 -1
2306 1304 -1
712 1304 -1
676 1304 -1
378 1304 1
1424 1305 1
614 1305 -1
378 1305 -1
2309 1306 -1
2308 1306 -1
714 1306 -1
676 1306 -1
379 1306 1
2872 1307 1
1153 1307 -1
1148 1307 1
779 1307 -1
602 1307 -1
379 1307 -1
3111 1308 -1
3108 1308 1
2941 1308 -1
2938 1308 1
1360 1308 -1
1356 1308 1
916 1308 -1
611 1308 -1
379 1308 -1
1406 1309 -1
1402 1309 1
613 1309 -1
379 1309 -1
1425 1310 1
952 1310 1
614 1310 -1
379 1310 -1
3174 1311 -1
2992 1311 -1
1545 1311 -1
1540 1311 1
1031 1311 -1
619 1311 -1
379 1311 -1
3187 1312 -1
1591 1312 -1
1586 1312 1
1061 1312 -1
621 1312 -1
379 1312 -1
3191 1313 -1
3010 1313 -1
1614 1313 -1
1609 1313 1
1075 1313 -1
622 1313 -1
379 1313 -1
2311 1314 -1
2310 1314 -1
716 1314 -1
676 1314 -1
380 1314 1
3065 1315 -1
2897 1315 -1
1245 1315 -1
1241 1315 1
841 1315 -1
606 1315 -1
380 1315 -1
3073 1316 -1
2906 1316 -1
1268 1316 -1
1264 1316 1
855 1316 -1
607 1316 -1
380 1316 -1
2774 1317 1
1314 1317 -1
1310 1317 1
884 1317 -1
609 1317 -1
380 1317 -1
3119 1318 -1
2949 1318 -1
1383 1318 -1
1380 1318 1
928 1318 -1
612 1318 -1
380 1318 -1
3131 1319 1
1426 1319 1
953 1319 1
614 1319 -1
380 1319 -1
1453 1320 -1
1449 1320 1
615 1320 -1
380 1320 -1
2313 1321 -1
2312 1321 -1
718 1321 -1
676 1321 -1
381 1321 1
1427 1322 1
954 1322 1
614 1322 -1
381 1322 -1
2315 1323 -1
2314 1323 -1
720 1323 -1
676 1323 -1
382 1323 1
3132 1324 1
1428 1324 1
955 1324 1
614 1324 -1
382 1324 -1
2317 1325 -1
2316 1325 -1
722 1325 -1
676 1325 -1
383 1325 1
3133 1326 1
1429 1326 1
956 1326 1
614 1326 -1
383 1326 -1
1430 1327 1
614 1327 -1
384 1327 -1
2321 1328 -1
2320 1328 -1
728 1328 -1
676 1328 -1
385 1328 1
1431 1329 1
957 1329 1
614 1329 -1
385 1329 -1
3134 1330 1
1432 1330 1
958 1330 1
614 1330 -1
386 1330 -1
1433 1331 1
614 1331 -1
387 1331 -1
2327 1332 -1
2326 1332 -1
734 1332 -1
676 1332 -1
388 1332 1
1112 1333 1
1107 1333 -1
752 1333 -1
600 1333 -1
388 1333 -1
3027 1334 -1
2869 1334 -1
1135 1334 1
1130 1334 -1
764 1334 -1
601 1334 -1
388 1334 -1
1227 1335 1
1222 1335 -1
605 1335 -1
388 1335 -1
3065 1336 -1
2897 1336 -1
1250 1336 1
1245 1336 -1
841 1336 -1
606 1336 -1
388 1336 -1
3073 1337 -1
2906 1337 -1
1273 1337 1
1268 1337 -1
855 1337 -1
607 1337 -1
388 1337 -1
3093 1338 1
2921 1338 1
1319 1338 1
1314 1338 -1
884 1338 -1
609 1338 -1
388 1338 -1
1434 1339 1
959 1339 1
614 1339 -1
388 1339 -1
1526 1340 1
1522 1340 -1
618 1340 -1
388 1340 -1
3181 1341 -1
3000 1341 -1
1573 1341 1
1568 1341 -1
1047 1341 -1
620 1341 -1
388 1341 -1
3187 1342 -1
1596 1342 1
1591 1342 -1
1061 1342 -1
621 1342 -1
388 1342 -1
3197 1343 -1
3015 1343 -1
1642 1343 1
1637 1343 -1
1088 1343 -1
623 1343 -1
388 1343 -1
2329 1344 -1
2328 1344 -1
736 1344 -1
676 1344 -1
389 1344 1
3121 1345 1
3119 1345 -1
2949 1345 -1
1389 1345 1
1383 1345 -1
928 1345 -1
612 1345 -1
389 1345 -1
2331 1346 -1
2330 1346 -1
738 1346 -1
676 1346 -1
390 1346 1
1321 1347 1
1314 1347 -1
884 1347 -1
609 1347 -1
390 1347 -1
2333 1348 -1
2332 1348 -1
740 1348 -1
676 1348 -1
391 1348 1
3067 1349 1
3065 1349 -1
2897 1349 -1
1253 1349 1
1245 1349 -1
841 1349 -1
606 1349 -1
391 1349 -1
2335 1350 -1
2334 1350 -1
742 1350 -1
676 1350 -1
392 1350 1
1162 1351 1
1153 1351 -1
779 1351 -1
602 1351 -1
392 1351 -1
1231 1352 1
1222 1352 -1
605 1352 -1
392 1352 -1
3068 1353 1
3065 1353 -1
2902 1353 1
2897 1353 -1
1254 1353 1
1245 1353 -1
841 1353 -1
606 1353 -1
392 1353 -1
1323 1354 1
1314 1354 -1
884 1354 -1
609 1354 -1
392 1354 -1
3102 1355 1
3100 1355 -1
2930 1355 -1
2929 1355 1
1346 1355 1
1337 1355 -1
900 1355 -1
610 1355 -1
392 1355 -1
1438 1356 1
962 1356 1
614 1356 -1
392 1356 -1
3187 1357 -1
1599 1357 1
1591 1357 -1
1061 1357 -1
621 1357 -1
392 1357 -1
2337 1358 -1
2336 1358 -1
696 1358 -1
678 1358 -1
393 1358 1
1439 1359 1
615 1359 -1
393 1359 -1
2339 1360 -1
2338 1360 -1
698 1360 -1
678 1360 -1
394 1360 1
2341 1361 -1
2340 1361 -1
700 1361 -1
678 1361 -1
395 1361 1
3135 1362 1
1441 1362 1
963 1362 1
615 1362 -1
395 1362 -1
2811 1363 1
2343 1363 -1
2342 1363 -1
702 1363 -1
678 1363 -1
396 1363 1
1131 1364 -1
1119 1364 1
765 1364 -1
601 1364 -1
396 1364 -1
3057 1365 -1
3052 1365 1
2890 1365 -1
1223 1365 -1
1212 1365 1
828 1365 -1
605 1365 -1
396 1365 -1
3112 1366 -1
2936 1366 -1
1361 1366 -1
1350 1366 1
917 1366 -1
611 1366 -1
396 1366 -1
1384 1367 -1
1373 1367 1
929 1367 -1
612 1367 -1
396 1367 -1
3124 1368 1
2951 1368 1
1407 1368 -1
1396 1368 1
941 1368 -1
613 1368 -1
396 1368 -1
3136 1369 1
1442 1369 1
964 1369 1
615 1369 -1
396 1369 -1
3148 1370 -1
2972 1370 -1
1477 1370 -1
1465 1370 1
984 1370 -1
616 1370 -1
396 1370 -1
2345 1371 -1
2344 1371 -1
704 1371 -1
678 1371 -1
397 1371 1
1384 1372 -1
1374 1372 1
929 1372 -1
612 1372 -1
397 1372 -1
2347 1373 -1
2346 1373 -1
706 1373 -1
678 1373 -1
398 1373 1
1384 1374 -1
1375 1374 1
929 1374 -1
612 1374 -1
398 1374 -1
2349 1375 -1
2348 1375 -1
708 1375 -1
678 1375 -1
399 1375 1
3112 1376 -1
2936 1376 -1
1361 1376 -1
1353 1376 1
917 1376 -1
611 1376 -1
399 1376 -1
1407 1377 -1
1399 1377 1
941 1377 -1
613 1377 -1
399 1377 -1
2792 1378 1
1445 1378 1
966 1378 1
615 1378 -1
399 1378 -1
3148 1379 -1
2972 1379 -1
1477 1379 -1
1468 1379 1
984 1379 -1
616 1379 -1
399 1379 -1
2351 1380 -1
2350 1380 -1
710 1380 -1
678 1380 -1
400 1380 1
3097 1381 1
1338 1381 -1
1331 1381 1
610 1381 -1
400 1381 -1
2353 1382 -1
2352 1382 -1
712 1382 -1
678 1382 -1
401 1382 1
3057 1383 -1
3055 1383 1
2891 1383 1
2890 1383 -1
1223 1383 -1
1216 1383 1
828 1383 -1
605 1383 -1
401 1383 -1
1384 1384 -1
1378 1384 1
929 1384 -1
612 1384 -1
401 1384 -1
1447 1385 1
967 1385 1
615 1385 -1
401 1385 -1
3148 1386 -1
3145 1386 1
2972 1386 -1
1477 1386 -1
1470 1386 1
984 1386 -1
616 1386 -1
401 1386 -1
1592 1387 -1
1585 1387 1
1062 1387 -1
621 1387 -1
401 1387 -1
2355 1388 -1
2354 1388 -1
714 1388 -1
678 1388 -1
402 1388 1
2357 1389 -1
2356 1389 -1
716 1389 -1
678 1389 -1
403 1389 1
1131 1390 -1
1126 1390 1
765 1390 -1
601 1390 -1
403 1390 -1
2908 1391 -1
1269 1391 -1
1264 1391 1
607 1391 -1
403 1391 -1
3112 1392 -1
3109 1392 1
2939 1392 1
2936 1392 -1
2781 1392 1
1361 1392 -1
1357 1392 1
917 1392 -1
611 1392 -1
403 1392 -1
1407 1393 -1
1403 1393 1
941 1393 -1
613 1393 -1
403 1393 -1
1430 1394 -1
1426 1394 1
614 1394 -1
403 1394 -1
1449 1395 1
968 1395 1
615 1395 -1
403 1395 -1
1523 1396 -1
1518 1396 1
618 1396 -1
403 1396 -1
2359 1397 -1
2358 1397 -1
718 1397 -1
678 1397 -1
404 1397 1
3118 1398 1
1384 1398 -1
1381 1398 1
929 1398 -1
612 1398 -1
404 1398 -1
2361 1399 -1
2360 1399 -1
720 1399 -1
678 1399 -1
405 1399 1
1407 1400 -1
1405 1400 1
941 1400 -1
613 1400 -1
405 1400 -1
3139 1401 1
1451 1401 1
970 1401 1
615 1401 -1
405 1401 -1
2363 1402 -1
2362 1402 -1
722 1402 -1
678 1402 -1
406 1402 1
1108 1403 -1
1106 1403 1
600 1403 -1
406 1403 -1
1246 1404 -1
1244 1404 1
606 1404 -1
406 1404 -1
3112 1405 -1
1361 1405 -1
1359 1405 1
917 1405 -1
611 1405 -1
406 1405 -1
1430 1406 -1
1429 1406 1
614 1406 -1
406 1406 -1
3140 1407 1
2793 1407 1
1452 1407 1
971 1407 1
615 1407 -1
406 1407 -1
1523 1408 -1
1521 1408 1
618 1408 -1
406 1408 -1
2365 1409 -1
2364 1409 -1
724 1409 -1
678 1409 -1
407 1409 1
3119 1410 1
1384 1410 -1
1383 1410 1
929 1410 -1
612 1410 -1
407 1410 -1
2367 1411 -1
2366 1411 -1
728 1411 -1
678 1411 -1
408 1411 1
1385 1412 1
1384 1412 -1
929 1412 -1
612 1412 -1
408 1412 -1
2369 1413 -1
2368 1413 -1
730 1413 -1
678 1413 -1
409 1413 1
2371 1414 -1
2370 1414 -1
732 1414 -1
678 1414 -1
410 1414 1
3120 1415 1
2948 1415 1
2787 1415 1
1387 1415 1
1384 1415 -1
929 1415 -1
612 1415 -1
410 1415 -1
2373 1416 -1
2372 1416 -1
734 1416 -1
678 1416 -1
411 1416 1
1388 1417 1
1384 1417 -1
929 1417 -1
612 1417 -1
411 1417 -1
2375 1418 -1
2374 1418 -1
736 1418 -1
678 1418 -1
412 1418 1
2377 1419 -1
2376 1419 -1
738 1419 -1
678 1419 -1
413 1419 1
3029 1420 1
2867 1420 1
1137 1420 1
1131 1420 -1
765 1420 -1
601 1420 -1
413 1420 -1
1183 1421 1
1177 1421 -1
603 1421 -1
413 1421 -1
3059 1422 1
3057 1422 -1
2892 1422 1
2890 1422 -1
1229 1422 1
1223 1422 -1
828 1422 -1
605 1422 -1
413 1422 -1
1298 1423 1
1292 1423 -1
608 1423 -1
413 1423 -1
3090 1424 -1
2919 1424 -1
1321 1424 1
1315 1424 -1
885 1424 -1
609 1424 -1
413 1424 -1
1344 1425 1
1338 1425 -1
610 1425 -1
413 1425 -1
3112 1426 -1
2936 1426 -1
1367 1426 1
1361 1426 -1
917 1426 -1
611 1426 -1
413 1426 -1
1390 1427 1
1384 1427 -1
929 1427 -1
612 1427 -1
413 1427 -1
3128 1428 1
2952 1428 1
1413 1428 1
1407 1428 -1
941 1428 -1
613 1428 -1
413 1428 -1
1459 1429 1
973 1429 1
615 1429 -1
413 1429 -1
3148 1430 -1
2972 1430 -1
1482 1430 1
1477 1430 -1
984 1430 -1
616 1430 -1
413 1430 -1
3157 1431 -1
2981 1431 -1
1505 1431 1
1500 1431 -1
999 1431 -1
617 1431 -1
413 1431 -1
1528 1432 1
1523 1432 -1
618 1432 -1
413 1432 -1
1551 1433 1
1546 1433 -1
619 1433 -1
413 1433 -1
3192 1434 -1
3012 1434 -1
1621 1434 1
1615 1434 -1
1076 1434 -1
622 1434 -1
413 1434 -1
2379 1435 -1
2378 1435 -1
740 1435 -1
678 1435 -1
414 1435 1
3122 1436 1
1391 1436 1
1384 1436 -1
929 1436 -1
612 1436 -1
414 1436 -1
2381 1437 -1
2380 1437 -1
742 1437 -1
678 1437 -1
415 1437 1
2383 1438 -1
2382 1438 -1
696 1438 -1
680 1438 -1
416 1438 1
1462 1439 1
616 1439 -1
416 1439 -1
2385 1440 -1
2384 1440 -1
698 1440 -1
680 1440 -1
417 1440 1
3142 1441 1
1463 1441 1
974 1441 1
616 1441 -1
417 1441 -1
1501 1442 -1
1486 1442 1
1000 1442 -1
617 1442 -1
417 1442 -1
3175 1443 1
3003 1443 1
1570 1443 -1
1555 1443 1
1049 1443 -1
620 1443 -1
417 1443 -1
1464 1444 1
616 1444 -1
418 1444 -1
2389 1445 -1
2388 1445 -1
702 1445 -1
680 1445 -1
419 1445 1
1465 1446 1
616 1446 -1
419 1446 -1
2391 1447 -1
2390 1447 -1
704 1447 -1
680 1447 -1
420 1447 1
3143 1448 1
1466 1448 1
975 1448 1
616 1448 -1
420 1448 -1
3025 1449 1
1132 1449 -1
1121 1449 1
766 1449 -1
601 1449 -1
421 1449 -1
1467 1450 1
976 1450 1
616 1450 -1
421 1450 -1
2395 1451 -1
2394 1451 -1
708 1451 -1
680 1451 -1
422 1451 1
1132 1452 -1
1122 1452 1
766 1452 -1
601 1452 -1
422 1452 -1
3144 1453 1
1468 1453 1
977 1453 1
616 1453 -1
422 1453 -1
2397 1454 -1
2396 1454 -1
710 1454 -1
680 1454 -1
423 1454 1
1469 1455 1
978 1455 1
616 1455 -1
423 1455 -1
2399 1456 -1
2398 1456 -1
712 1456 -1
680 1456 -1
424 1456 1
1132 1457 -1
1124 1457 1
766 1457 -1
601 1457 -1
424 1457 -1
1201 1458 -1
1193 1458 1
812 1458 -1
604 1458 -1
424 1458 -1
3145 1459 1
1470 1459 1
979 1459 1
616 1459 -1
424 1459 -1
1570 1460 -1
1562 1460 1
1049 1460 -1
620 1460 -1
424 1460 -1
2401 1461 -1
2400 1461 -1
714 1461 -1
680 1461 -1
425 1461 1
1471 1462 1
616 1462 -1
425 1462 -1
2403 1463 -1
2402 1463 -1
716 1463 -1
680 1463 -1
426 1463 1
3146 1464 1
1472 1464 1
980 1464 1
616 1464 -1
426 1464 -1
2824 1465 1
2812 1465 1
2405 1465 -1
2404 1465 -1
718 1465 -1
680 1465 -1
427 1465 1
1132 1466 -1
1127 1466 1
766 1466 -1
601 1466 -1
427 1466 -1
1155 1467 -1
1150 1467 1
781 1467 -1
602 1467 -1
427 1467 -1
1247 1468 -1
1242 1468 1
606 1468 -1
427 1468 -1
1270 1469 -1
1265 1469 1
607 1469 -1
427 1469 -1
1316 1470 -1
1311 1470 1
886 1470 -1
609 1470 -1
427 1470 -1
1339 1471 -1
1334 1471 1
901 1471 -1
610 1471 -1
427 1471 -1
1385 1472 -1
1381 1472 1
612 1472 -1
427 1472 -1
1431 1473 -1
1427 1473 1
957 1473 -1
614 1473 -1
427 1473 -1
1473 1474 1
981 1474 1
616 1474 -1
427 1474 -1
1501 1475 -1
1496 1475 1
1000 1475 -1
617 1475 -1
427 1475 -1
3167 1476 -1
2989 1476 -1
1524 1476 -1
1519 1476 1
1016 1476 -1
618 1476 -1
427 1476 -1
1547 1477 -1
1542 1477 1
619 1477 -1
427 1477 -1
1570 1478 -1
1565 1478 1
1049 1478 -1
620 1478 -1
427 1478 -1
3198 1479 -1
3020 1479 -1
1639 1479 -1
1634 1479 1
1089 1479 -1
623 1479 -1
427 1479 -1
2407 1480 -1
2406 1480 -1
720 1480 -1
680 1480 -1
428 1480 1
1132 1481 -1
1128 1481 1
766 1481 -1
601 1481 -1
428 1481 -1
3034 1482 1
2873 1482 1
1155 1482 -1
1151 1482 1
781 1482 -1
602 1482 -1
428 1482 -1
1224 1483 -1
1220 1483 1
605 1483 -1
428 1483 -1
1293 1484 -1
1289 1484 1
608 1484 -1
428 1484 -1
2932 1485 -1
1362 1485 -1
1358 1485 1
918 1485 -1
611 1485 -1
428 1485 -1
1431 1486 -1
1428 1486 1
957 1486 -1
614 1486 -1
428 1486 -1
1454 1487 -1
1451 1487 1
615 1487 -1
428 1487 -1
1474 1488 1
982 1488 1
616 1488 -1
428 1488 -1
3154 1489 1
2982 1489 1
1501 1489 -1
1497 1489 1
1000 1489 -1
617 1489 -1
428 1489 -1
3167 1490 -1
3165 1490 1
2989 1490 -1
2987 1490 1
1524 1490 -1
1520 1490 1
1016 1490 -1
618 1490 -1
428 1490 -1
3173 1491 1
2995 1491 1
1547 1491 -1
1543 1491 1
619 1491 -1
428 1491 -1
3179 1492 1
3004 1492 1
1570 1492 -1
1566 1492 1
1049 1492 -1
620 1492 -1
428 1492 -1
1593 1493 -1
1589 1493 1
1063 1493 -1
621 1493 -1
428 1493 -1
1616 1494 -1
1612 1494 1
622 1494 -1
428 1494 -1
3198 1495 -1
3020 1495 -1
1639 1495 -1
1635 1495 1
1089 1495 -1
623 1495 -1
428 1495 -1
2409 1496 -1
2408 1496 -1
722 1496 -1
680 1496 -1
429 1496 1
1475 1497 1
616 1497 -1
429 1497 -1
2411 1498 -1
2410 1498 -1
724 1498 -1
680 1498 -1
430 1498 1
3147 1499 1
1476 1499 1
983 1499 1
616 1499 -1
430 1499 -1
2413 1500 -1
2412 1500 -1
726 1500 -1
680 1500 -1
431 1500 1
3148 1501 1
1477 1501 1
984 1501 1
616 1501 -1
431 1501 -1
2415 1502 -1
2414 1502 -1
730 1502 -1
680 1502 -1
432 1502 1
1478 1503 1
616 1503 -1
432 1503 -1
2417 1504 -1
2416 1504 -1
732 1504 -1
680 1504 -1
433 1504 1
1479 1505 1
616 1505 -1
433 1505 -1
2419 1506 -1
2418 1506 -1
734 1506 -1
680 1506 -1
434 1506 1
1480 1507 1
985 1507 1
616 1507 -1
434 1507 -1
2421 1508 -1
2420 1508 -1
736 1508 -1
680 1508 -1
435 1508 1
3028 1509 1
2868 1509 1
2752 1509 1
1136 1509 1
1132 1509 -1
766 1509 -1
601 1509 -1
435 1509 -1
1481 1510 1
986 1510 1
616 1510 -1
435 1510 -1
2423 1511 -1
2422 1511 -1
738 1511 -1
680 1511 -1
436 1511 1
2425 1512 -1
2424 1512 -1
740 1512 -1
680 1512 -1
437 1512 1
3149 1513 1
1483 1513 1
987 1513 1
616 1513 -1
437 1513 -1
2427 1514 -1
2426 1514 -1
742 1514 -1
680 1514 -1
438 1514 1
1484 1515 1
616 1515 -1
438 1515 -1
2429 1516 -1
2428 1516 -1
696 1516 -1
682 1516 -1
439 1516 1
2431 1517 -1
2430 1517 -1
698 1517 -1
682 1517 -1
440 1517 1
1156 1518 -1
1141 1518 1
782 1518 -1
602 1518 -1
440 1518 -1
3038 1519 1
2880 1519 1
1179 1519 -1
1164 1519 1
800 1519 -1
603 1519 -1
440 1519 -1
3086 1520 -1
3077 1520 1
2917 1520 -1
2915 1520 1
1294 1520 -1
1279 1520 1
872 1520 -1
608 1520 -1
440 1520 -1
1340 1521 -1
1325 1521 1
902 1521 -1
610 1521 -1
440 1521 -1
3150 1522 1
2796 1522 1
1486 1522 1
988 1522 1
617 1522 -1
440 1522 -1
1548 1523 -1
1532 1523 1
619 1523 -1
440 1523 -1
2433 1524 -1
2432 1524 -1
700 1524 -1
682 1524 -1
441 1524 1
3134 1525 -1
2957 1525 -1
1432 1525 -1
1418 1525 1
958 1525 -1
614 1525 -1
441 1525 -1
3151 1526 1
2854 1526 1
2853 1526 1
1487 1526 1
989 1526 1
617 1526 -1
441 1526 -1
1525 1527 -1
1510 1527 1
1017 1527 -1
618 1527 -1
441 1527 -1
1617 1528 -1
1602 1528 1
1077 1528 -1
622 1528 -1
441 1528 -1
2813 1529 1
2435 1529 -1
2434 1529 -1
702 1529 -1
682 1529 -1
442 1529 1
1110 1530 -1
1096 1530 1
600 1530 -1
442 1530 -1
1133 1531 -1
1119 1531 1
601 1531 -1
442 1531 -1
1156 1532 -1
1142 1532 1
782 1532 -1
602 1532 -1
442 1532 -1
3074 1533 -1
2907 1533 -1
1271 1533 -1
1258 1533 1
856 1533 -1
607 1533 -1
442 1533 -1
3091 1534 -1
1317 1534 -1
1304 1534 1
887 1534 -1
609 1534 -1
442 1534 -1
3134 1535 -1
2957 1535 -1
1432 1535 -1
1419 1535 1
958 1535 -1
614 1535 -1
442 1535 -1
1455 1536 -1
1442 1536 1
615 1536 -1
442 1536 -1
1488 1537 1
990 1537 1
617 1537 -1
442 1537 -1
1525 1538 -1
1511 1538 1
1017 1538 -1
618 1538 -1
442 1538 -1
3182 1539 -1
3001 1539 -1
1571 1539 -1
1557 1539 1
1050 1539 -1
620 1539 -1
442 1539 -1
1594 1540 -1
1580 1540 1
621 1540 -1
442 1540 -1
1617 1541 -1
1603 1541 1
1077 1541 -1
622 1541 -1
442 1541 -1
2437 1542 -1
2436 1542 -1
704 1542 -1
682 1542 -1
443 1542 1
1248 1543 -1
1236 1543 1
606 1543 -1
443 1543 -1
3074 1544 -1
3070 1544 1
2907 1544 -1
1271 1544 -1
1260 1544 1
856 1544 -1
607 1544 -1
444 1544 -1
3153 1545 1
1491 1545 1
993 1545 1
617 1545 -1
445 1545 -1
2443 1546 -1
2442 1546 -1
710 1546 -1
682 1546 -1
446 1546 1
3091 1547 -1
3089 1547 1
1317 1547 -1
1308 1547 1
887 1547 -1
609 1547 -1
446 1547 -1
2445 1548 -1
2444 1548 -1
712 1548 -1
682 1548 -1
447 1548 1
3023 1549 1
2861 1549 1
1110 1549 -1
1101 1549 1
600 1549 -1
447 1549 -1
3033 1550 1
2874 1550 1
1156 1550 -1
1147 1550 1
782 1550 -1
602 1550 -1
447 1550 -1
1179 1551 -1
1170 1551 1
800 1551 -1
603 1551 -1
447 1551 -1
1225 1552 -1
1216 1552 1
829 1552 -1
605 1552 -1
447 1552 -1
3074 1553 -1
2907 1553 -1
1271 1553 -1
1262 1553 1
856 1553 -1
607 1553 -1
447 1553 -1
3091 1554 -1
1317 1554 -1
1309 1554 1
887 1554 -1
609 1554 -1
447 1554 -1
1478 1555 -1
1470 1555 1
616 1555 -1
447 1555 -1
1493 1556 1
994 1556 1
617 1556 -1
447 1556 -1
3163 1557 1
2988 1557 1
1525 1557 -1
1516 1557 1
1017 1557 -1
618 1557 -1
447 1557 -1
1548 1558 -1
1539 1558 1
619 1558 -1
447 1558 -1
1594 1559 -1
1585 1559 1
621 1559 -1
447 1559 -1
1617 1560 -1
1608 1560 1
1077 1560 -1
622 1560 -1
447 1560 -1
1640 1561 -1
1631 1561 1
623 1561 -1
447 1561 -1
2447 1562 -1
2446 1562 -1
714 1562 -1
682 1562 -1
448 1562 1
1248 1563 -1
1240 1563 1
606 1563 -1
448 1563 -1
1495 1564 1
617 1564 -1
449 1564 -1
2451 1565 -1
2450 1565 -1
718 1565 -1
682 1565 -1
450 1565 1
3091 1566 -1
1317 1566 -1
1311 1566 1
887 1566 -1
609 1566 -1
450 1566 -1
2453 1567 -1
2452 1567 -1
720 1567 -1
682 1567 -1
451 1567 1
3154 1568 1
1497 1568 1
996 1568 1
617 1568 -1
451 1568 -1
2455 1569 -1
2454 1569 -1
722 1569 -1
682 1569 -1
452 1569 1
3064 1570 1
1248 1570 -1
1244 1570 1
606 1570 -1
452 1570 -1
2457 1571 -1
2456 1571 -1
724 1571 -1
682 1571 -1
453 1571 1
3156 1572 1
1499 1572 1
998 1572 1
617 1572 -1
453 1572 -1
2459 1573 -1
2458 1573 -1
726 1573 -1
682 1573 -1
454 1573 1
3157 1574 1
1500 1574 1
999 1574 1
617 1574 -1
454 1574 -1
2461 1575 -1
2460 1575 -1
728 1575 -1
682 1575 -1
455 1575 1
1179 1576 -1
1178 1576 1
800 1576 -1
603 1576 -1
455 1576 -1
3091 1577 -1
1317 1577 -1
1316 1577 1
887 1577 -1
609 1577 -1
455 1577 -1
2797 1578 1
1501 1578 1
1000 1578 1
617 1578 -1
455 1578 -1
3162 1579 -1
2990 1579 -1
1524 1579 1
1510 1579 -1
1007 1579 -1
618 1579 -1
109 1579 -1
2463 1580 -1
2462 1580 -1
732 1580 -1
682 1580 -1
456 1580 1
1180 1581 1
1179 1581 -1
800 1581 -1
603 1581 -1
456 1581 -1
1249 1582 1
1248 1582 -1
606 1582 -1
456 1582 -1
3092 1583 1
3091 1583 -1
2923 1583 1
2776 1583 1
1318 1583 1
1317 1583 -1
887 1583 -1
609 1583 -1
456 1583 -1
1387 1584 1
1386 1584 -1
612 1584 -1
456 1584 -1
1502 1585 1
1001 1585 1
617 1585 -1
456 1585 -1
3182 1586 -1
3001 1586 -1
1572 1586 1
1571 1586 -1
1050 1586 -1
620 1586 -1
456 1586 -1
1618 1587 1
1617 1587 -1
1077 1587 -1
622 1587 -1
456 1587 -1
1181 1588 1
1179 1588 -1
800 1588 -1
603 1588 -1
457 1588 -1
2467 1589 -1
2466 1589 -1
736 1589 -1
682 1589 -1
458 1589 1
1251 1590 1
1248 1590 -1
606 1590 -1
458 1590 -1
2469 1591 -1
2468 1591 -1
738 1591 -1
682 1591 -1
459 1591 1
3091 1592 -1
1321 1592 1
1317 1592 -1
887 1592 -1
609 1592 -1
459 1592 -1
2471 1593 -1
2470 1593 -1
740 1593 -1
682 1593 -1
460 1593 1
3067 1594 1
1253 1594 1
1248 1594 -1
606 1594 -1
460 1594 -1
3160 1595 1
1507 1595 1
1005 1595 1
617 1595 -1
461 1595 -1
2475 1596 -1
2474 1596 -1
696 1596 -1
684 1596 -1
462 1596 1
3161 1597 1
1508 1597 1
1006 1597 1
618 1597 -1
462 1597 -1
2477 1598 -1
2476 1598 -1
698 1598 -1
684 1598 -1
463 1598 1
1509 1599 1
618 1599 -1
463 1599 -1
2479 1600 -1
2478 1600 -1
700 1600 -1
684 1600 -1
464 1600 1
3162 1601 1
1510 1601 1
1007 1601 1
618 1601 -1
464 1601 -1
2481 1602 -1
2480 1602 -1
702 1602 -1
684 1602 -1
465 1602 1
1511 1603 1
1008 1603 1
618 1603 -1
465 1603 -1
2483 1604 -1
2482 1604 -1
704 1604 -1
684 1604 -1
466 1604 1
1512 1605 1
1009 1605 1
618 1605 -1
466 1605 -1
2485 1606 -1
2484 1606 -1
706 1606 -1
684 1606 -1
467 1606 1
3120 1607 -1
2948 1607 -1
1387 1607 -1
1375 1607 1
930 1607 -1
612 1607 -1
467 1607 -1
2487 1608 -1
2486 1608 -1
708 1608 -1
684 1608 -1
468 1608 1
1514 1609 1
1010 1609 1
618 1609 -1
468 1609 -1
2489 1610 -1
2488 1610 -1
710 1610 -1
684 1610 -1
469 1610 1
3022 1611 1
2862 1611 1
1111 1611 -1
1100 1611 1
600 1611 -1
469 1611 -1
3032 1612 1
2875 1612 1
1157 1612 -1
1146 1612 1
783 1612 -1
602 1612 -1
469 1612 -1
3058 1613 -1
3054 1613 1
2893 1613 1
1226 1613 -1
1215 1613 1
830 1613 -1
605 1613 -1
469 1613 -1
3066 1614 -1
2898 1614 -1
1249 1614 -1
1238 1614 1
842 1614 -1
606 1614 -1
469 1614 -1
3080 1615 1
2916 1615 1
1295 1615 -1
1285 1615 1
873 1615 -1
608 1615 -1
469 1615 -1
3092 1616 -1
3089 1616 1
2924 1616 1
2923 1616 -1
1318 1616 -1
1308 1616 1
888 1616 -1
609 1616 -1
469 1616 -1
1341 1617 -1
1331 1617 1
610 1617 -1
469 1617 -1
3107 1618 1
2940 1618 1
1364 1618 -1
1354 1618 1
611 1618 -1
469 1618 -1
3125 1619 1
2953 1619 1
1410 1619 -1
1400 1619 1
613 1619 -1
469 1619 -1
1515 1620 1
1011 1620 1
618 1620 -1
469 1620 -1
1572 1621 -1
1561 1621 1
620 1621 -1
469 1621 -1
3193 1622 -1
3190 1622 1
3013 1622 1
1618 1622 -1
1607 1622 1
1078 1622 -1
622 1622 -1
469 1622 -1
2491 1623 -1
2490 1623 -1
712 1623 -1
684 1623 -1
470 1623 1
1502 1624 -1
1493 1624 1
1001 1624 -1
617 1624 -1
470 1624 -1
3163 1625 1
1516 1625 1
1012 1625 1
618 1625 -1
470 1625 -1
2493 1626 -1
2492 1626 -1
714 1626 -1
684 1626 -1
471 1626 1
1517 1627 1
618 1627 -1
471 1627 -1
2495 1628 -1
2494 1628 -1
716 1628 -1
684 1628 -1
472 1628 1
3164 1629 1
1518 1629 1
1013 1629 1
618 1629 -1
472 1629 -1
2497 1630 -1
2496 1630 -1
718 1630 -1
684 1630 -1
473 1630 1
2499 1631 -1
2498 1631 -1
720 1631 -1
684 1631 -1
474 1631 1
3165 1632 1
1520 1632 1
1014 1632 1
618 1632 -1
474 1632 -1
2501 1633 -1
2500 1633 -1
722 1633 -1
684 1633 -1
475 1633 1
3166 1634 1
1521 1634 1
1015 1634 1
618 1634 -1
475 1634 -1
2503 1635 -1
2502 1635 -1
724 1635 -1
684 1635 -1
476 1635 1
3120 1636 -1
3119 1636 1
2948 1636 -1
1387 1636 -1
1383 1636 1
930 1636 -1
612 1636 -1
476 1636 -1
2505 1637 -1
2504 1637 -1
726 1637 -1
684 1637 -1
477 1637 1
3120 1638 -1
1387 1638 -1
1384 1638 1
930 1638 -1
612 1638 -1
477 1638 -1
2507 1639 -1
2506 1639 -1
728 1639 -1
684 1639 -1
478 1639 1
3167 1640 1
1524 1640 1
1016 1640 1
618 1640 -1
478 1640 -1
2509 1641 -1
2508 1641 -1
730 1641 -1
684 1641 -1
479 1641 1
3086 1642 1
2917 1642 1
1295 1642 -1
1294 1642 1
873 1642 -1
608 1642 -1
479 1642 -1
2798 1643 1
1525 1643 1
1017 1643 1
618 1643 -1
479 1643 -1
1595 1644 -1
1594 1644 1
621 1644 -1
479 1644 -1
2814 1645 1
2511 1645 -1
2510 1645 -1
734 1645 -1
684 1645 -1
480 1645 1
1112 1646 1
1111 1646 -1
600 1646 -1
480 1646 -1
1135 1647 1
1134 1647 -1
601 1647 -1
480 1647 -1
1158 1648 1
1157 1648 -1
783 1648 -1
602 1648 -1
480 1648 -1
1181 1649 1
1180 1649 -1
603 1649 -1
480 1649 -1
1204 1650 1
1203 1650 -1
604 1650 -1
480 1650 -1
1273 1651 1
1272 1651 -1
607 1651 -1
480 1651 -1
1296 1652 1
1295 1652 -1
873 1652 -1
608 1652 -1
480 1652 -1
3092 1653 -1
2923 1653 -1
1319 1653 1
1318 1653 -1
888 1653 -1
609 1653 -1
480 1653 -1
3120 1654 -1
2948 1654 -1
1388 1654 1
1387 1654 -1
930 1654 -1
612 1654 -1
480 1654 -1
1411 1655 1
1410 1655 -1
613 1655 -1
480 1655 -1
1434 1656 1
1433 1656 -1
614 1656 -1
480 1656 -1
1457 1657 1
1456 1657 -1
615 1657 -1
480 1657 -1
1480 1658 1
1479 1658 -1
616 1658 -1
480 1658 -1
1503 1659 1
1502 1659 -1
1001 1659 -1
617 1659 -1
480 1659 -1
1526 1660 1
1018 1660 1
618 1660 -1
480 1660 -1
1596 1661 1
1595 1661 -1
621 1661 -1
480 1661 -1
3193 1662 -1
1619 1662 1
1618 1662 -1
1078 1662 -1
622 1662 -1
480 1662 -1
1642 1663 1
1641 1663 -1
623 1663 -1
480 1663 -1
2513 1664 -1
2512 1664 -1
736 1664 -1
684 1664 -1
481 1664 1
2515 1665 -1
2514 1665 -1
738 1665 -1
684 1665 -1
482 1665 1
3193 1666 -1
1621 1666 1
1618 1666 -1
1078 1666 -1
622 1666 -1
482 1666 -1
2517 1667 -1
2516 1667 -1
740 1667 -1
684 1667 -1
483 1667 1
3122 1668 1
3120 1668 -1
2948 1668 -1
1391 1668 1
1387 1668 -1
930 1668 -1
612 1668 -1
483 1668 -1
2519 1669 -1
2518 1669 -1
742 1669 -1
684 1669 -1
484 1669 1
1530 1670 1
1021 1670 1
618 1670 -1
484 1670 -1
2521 1671 -1
2520 1671 -1
696 1671 -1
686 1671 -1
485 1671 1
3161 1672 1
1526 1672 -1
1508 1672 1
1018 1672 -1
618 1672 -1
485 1672 -1
3168 1673 1
1531 1673 1
1022 1673 1
619 1673 -1
485 1673 -1
2523 1674 -1
2522 1674 -1
698 1674 -1
686 1674 -1
486 1674 1
1532 1675 1
619 1675 -1
486 1675 -1
2525 1676 -1
2524 1676 -1
700 1676 -1
686 1676 -1
487 1676 1
3169 1677 1
1533 1677 1
1023 1677 1
619 1677 -1
487 1677 -1
2527 1678 -1
2526 1678 -1
702 1678 -1
686 1678 -1
488 1678 1
1534 1679 1
619 1679 -1
488 1679 -1
2529 1680 -1
2528 1680 -1
704 1680 -1
686 1680 -1
489 1680 1
1535 1681 1
1024 1681 1
619 1681 -1
489 1681 -1
2531 1682 -1
2530 1682 -1
706 1682 -1
686 1682 -1
490 1682 1
1536 1683 1
619 1683 -1
490 1683 -1
2533 1684 -1
2532 1684 -1
708 1684 -1
686 1684 -1
491 1684 1
3170 1685 1
1537 1685 1
1025 1685 1
619 1685 -1
491 1685 -1
2535 1686 -1
2534 1686 -1
710 1686 -1
686 1686 -1
492 1686 1
1434 1687 -1
1423 1687 1
959 1687 -1
614 1687 -1
492 1687 -1
2537 1688 -1
2536 1688 -1
712 1688 -1
686 1688 -1
493 1688 1
2539 1689 -1
2538 1689 -1
714 1689 -1
686 1689 -1
494 1689 1
1434 1690 -1
1425 1690 1
959 1690 -1
614 1690 -1
494 1690 -1
2541 1691 -1
2540 1691 -1
716 1691 -1
686 1691 -1
495 1691 1
3172 1692 1
1541 1692 1
1028 1692 1
619 1692 -1
495 1692 -1
2543 1693 -1
2542 1693 -1
718 1693 -1
686 1693 -1
496 1693 1
1542 1694 1
1029 1694 1
619 1694 -1
496 1694 -1
2545 1695 -1
2544 1695 -1
720 1695 -1
686 1695 -1
497 1695 1
3173 1696 1
1543 1696 1
1030 1696 1
619 1696 -1
497 1696 -1
2547 1697 -1
2546 1697 -1
722 1697 -1
686 1697 -1
498 1697 1
1544 1698 1
619 1698 -1
498 1698 -1
2549 1699 -1
2548 1699 -1
724 1699 -1
686 1699 -1
499 1699 1
3174 1700 1
1545 1700 1
1031 1700 1
619 1700 -1
499 1700 -1
1546 1701 1
619 1701 -1
500 1701 -1
2553 1702 -1
2552 1702 -1
728 1702 -1
686 1702 -1
501 1702 1
3167 1703 1
1526 1703 -1
1524 1703 1
1018 1703 -1
618 1703 -1
501 1703 -1
2555 1704 -1
2554 1704 -1
730 1704 -1
686 1704 -1
502 1704 1
2557 1705 -1
2556 1705 -1
732 1705 -1
686 1705 -1
503 1705 1
1549 1706 1
619 1706 -1
503 1706 -1
2559 1707 -1
2558 1707 -1
736 1707 -1
686 1707 -1
504 1707 1
1113 1708 1
1112 1708 -1
600 1708 -1
504 1708 -1
1159 1709 1
1158 1709 -1
784 1709 -1
602 1709 -1
504 1709 -1
1182 1710 1
1181 1710 -1
603 1710 -1
504 1710 -1
1205 1711 1
1204 1711 -1
814 1711 -1
604 1711 -1
504 1711 -1
1297 1712 1
1296 1712 -1
874 1712 -1
608 1712 -1
504 1712 -1
3093 1713 -1
2921 1713 -1
1320 1713 1
1319 1713 -1
889 1713 -1
609 1713 -1
504 1713 -1
1366 1714 1
1365 1714 -1
920 1714 -1
611 1714 -1
504 1714 -1
1389 1715 1
1388 1715 -1
612 1715 -1
504 1715 -1
1435 1716 1
1434 1716 -1
959 1716 -1
614 1716 -1
504 1716 -1
3141 1717 -1
2965 1717 -1
1458 1717 1
1457 1717 -1
972 1717 -1
615 1717 -1
504 1717 -1
1481 1718 1
1480 1718 -1
985 1718 -1
616 1718 -1
504 1718 -1
1504 1719 1
1503 1719 -1
617 1719 -1
504 1719 -1
1527 1720 1
1526 1720 -1
1018 1720 -1
618 1720 -1
504 1720 -1
1550 1721 1
1032 1721 1
619 1721 -1
504 1721 -1
1620 1722 1
1619 1722 -1
622 1722 -1
504 1722 -1
3199 1723 -1
3017 1723 -1
1643 1723 1
1642 1723 -1
1090 1723 -1
623 1723 -1
504 1723 -1
2561 1724 -1
2560 1724 -1
738 1724 -1
686 1724 -1
505 1724 1
3093 1725 -1
2921 1725 -1
1321 1725 1
1319 1725 -1
889 1725 -1
609 1725 -1
505 1725 -1
2563 1726 -1
2562 1726 -1
740 1726 -1
686 1726 -1
506 1726 1
1115 1727 1
1112 1727 -1
600 1727 -1
506 1727 -1
1161 1728 1
1158 1728 -1
784 1728 -1
602 1728 -1
506 1728 -1
1253 1729 1
1250 1729 -1
606 1729 -1
506 1729 -1
1276 1730 1
1273 1730 -1
607 1730 -1
506 1730 -1
1299 1731 1
1296 1731 -1
874 1731 -1
608 1731 -1
506 1731 -1
3093 1732 -1
2921 1732 -1
1322 1732 1
1319 1732 -1
889 1732 -1
609 1732 -1
506 1732 -1
1345 1733 1
1342 1733 -1
610 1733 -1
506 1733 -1
1368 1734 1
1365 1734 -1
920 1734 -1
611 1734 -1
506 1734 -1
1414 1735 1
1411 1735 -1
944 1735 -1
613 1735 -1
506 1735 -1
1437 1736 1
1434 1736 -1
959 1736 -1
614 1736 -1
506 1736 -1
1506 1737 1
1503 1737 -1
617 1737 -1
506 1737 -1
1529 1738 1
1526 1738 -1
1018 1738 -1
618 1738 -1
506 1738 -1
1552 1739 1
1034 1739 1
619 1739 -1
506 1739 -1
1575 1740 1
1573 1740 -1
620 1740 -1
506 1740 -1
1598 1741 1
1596 1741 -1
621 1741 -1
506 1741 -1
3199 1742 -1
3017 1742 -1
1645 1742 1
1642 1742 -1
1090 1742 -1
623 1742 -1
506 1742 -1
2565 1743 -1
2564 1743 -1
742 1743 -1
686 1743 -1
507 1743 1
1438 1744 1
1434 1744 -1
959 1744 -1
614 1744 -1
507 1744 -1
2567 1745 -1
2566 1745 -1
696 1745 -1
688 1745 -1
508 1745 1
1527 1746 -1
1508 1746 1
1019 1746 -1
618 1746 -1
508 1746 -1
3168 1747 1
2996 1747 1
2799 1747 1
1550 1747 -1
1531 1747 1
1032 1747 -1
619 1747 -1
508 1747 -1
1554 1748 1
1036 1748 1
620 1748 -1
508 1748 -1
2569 1749 -1
2568 1749 -1
698 1749 -1
688 1749 -1
509 1749 1
2571 1750 -1
2570 1750 -1
700 1750 -1
688 1750 -1
510 1750 1
3176 1751 1
1556 1751 1
1038 1751 1
620 1751 -1
510 1751 -1
1557 1752 1
620 1752 -1
511 1752 -1
2575 1753 -1
2574 1753 -1
704 1753 -1
688 1753 -1
512 1753 1
1481 1754 -1
1466 1754 1
986 1754 -1
616 1754 -1
512 1754 -1
1550 1755 -1
1535 1755 1
1032 1755 -1
619 1755 -1
512 1755 -1
3177 1756 1
2800 1756 1
1558 1756 1
1039 1756 1
620 1756 -1
512 1756 -1
3200 1757 -1
1643 1757 -1
1627 1757 1
1091 1757 -1
623 1757 -1
512 1757 -1
2577 1758 -1
2576 1758 -1
706 1758 -1
688 1758 -1
513 1758 1
1559 1759 1
1040 1759 1
620 1759 -1
513 1759 -1
2579 1760 -1
2578 1760 -1
708 1760 -1
688 1760 -1
514 1760 1
1527 1761 -1
1514 1761 1
1019 1761 -1
618 1761 -1
514 1761 -1
1560 1762 1
1041 1762 1
620 1762 -1
514 1762 -1
2821 1763 1
2815 1763 1
2581 1763 -1
2580 1763 -1
710 1763 -1
688 1763 -1
515 1763 1
3028 1764 -1
2868 1764 -1
1136 1764 -1
1123 1764 1
768 1764 -1
601 1764 -1
515 1764 -1
3036 1765 -1
2876 1765 -1
1159 1765 -1
1146 1765 1
785 1765 -1
602 1765 -1
515 1765 -1
3043 1766 -1
2882 1766 -1
1182 1766 -1
1169 1766 1
801 1766 -1
603 1766 -1
515 1766 -1
1297 1767 -1
1285 1767 1
875 1767 -1
608 1767 -1
515 1767 -1
1343 1768 -1
1331 1768 1
610 1768 -1
515 1768 -1
3113 1769 -1
2942 1769 -1
1366 1769 -1
1354 1769 1
921 1769 -1
611 1769 -1
515 1769 -1
1412 1770 -1
1400 1770 1
613 1770 -1
515 1770 -1
1435 1771 -1
1423 1771 1
960 1771 -1
614 1771 -1
515 1771 -1
1481 1772 -1
1469 1772 1
986 1772 -1
616 1772 -1
515 1772 -1
1527 1773 -1
1515 1773 1
1019 1773 -1
618 1773 -1
515 1773 -1
1550 1774 -1
1538 1774 1
1032 1774 -1
619 1774 -1
515 1774 -1
1561 1775 1
1042 1775 1
620 1775 -1
515 1775 -1
3194 1776 -1
3014 1776 -1
1620 1776 -1
1607 1776 1
1079 1776 -1
622 1776 -1
515 1776 -1
3200 1777 -1
1643 1777 -1
1630 1777 1
1091 1777 -1
623 1777 -1
515 1777 -1
2583 1778 -1
2582 1778 -1
712 1778 -1
688 1778 -1
516 1778 1
3178 1779 1
1562 1779 1
1043 1779 1
620 1779 -1
516 1779 -1
2585 1780 -1
2584 1780 -1
714 1780 -1
688 1780 -1
517 1780 1
3171 1781 1
1550 1781 -1
1540 1781 1
1032 1781 -1
619 1781 -1
517 1781 -1
3172 1782 1
1550 1782 -1
1541 1782 1
1032 1782 -1
619 1782 -1
518 1782 -1
2589 1783 -1
2588 1783 -1
718 1783 -1
688 1783 -1
519 1783 1
3200 1784 -1
1643 1784 -1
1634 1784 1
1091 1784 -1
623 1784 -1
519 1784 -1
2591 1785 -1
2590 1785 -1
720 1785 -1
688 1785 -1
520 1785 1
3179 1786 1
1566 1786 1
1045 1786 1
620 1786 -1
520 1786 -1
2593 1787 -1
2592 1787 -1
722 1787 -1
688 1787 -1
521 1787 1
1550 1788 -1
1544 1788 1
1032 1788 -1
619 1788 -1
521 1788 -1
3180 1789 1
2856 1789 1
2855 1789 1
1567 1789 1
1046 1789 1
620 1789 -1
521 1789 -1
3194 1790 -1
3014 1790 -1
1620 1790 -1
1613 1790 1
1079 1790 -1
622 1790 -1
521 1790 -1
3200 1791 -1
3196 1791 1
3019 1791 1
2802 1791 1
1643 1791 -1
1636 1791 1
1091 1791 -1
623 1791 -1
521 1791 -1
2595 1792 -1
2594 1792 -1
724 1792 -1
688 1792 -1
522 1792 1
3181 1793 1
1568 1793 1
1047 1793 1
620 1793 -1
522 1793 -1
2597 1794 -1
2596 1794 -1
726 1794 -1
688 1794 -1
523 1794 1
3200 1795 -1
1643 1795 -1
1638 1795 1
1091 1795 -1
623 1795 -1
523 1795 -1
2599 1796 -1
2598 1796 -1
728 1796 -1
688 1796 -1
524 1796 1
3043 1797 -1
3042 1797 1
2882 1797 -1
2881 1797 1
1182 1797 -1
1178 1797 1
801 1797 -1
603 1797 -1
524 1797 -1
1205 1798 -1
1201 1798 1
815 1798 -1
604 1798 -1
524 1798 -1
1297 1799 -1
1293 1799 1
875 1799 -1
608 1799 -1
524 1799 -1
3121 1800 -1
2945 1800 -1
1389 1800 -1
1385 1800 1
931 1800 -1
612 1800 -1
524 1800 -1
1412 1801 -1
1408 1801 1
613 1801 -1
524 1801 -1
1458 1802 -1
1454 1802 1
615 1802 -1
524 1802 -1
3167 1803 1
2989 1803 1
1527 1803 -1
1524 1803 1
1019 1803 -1
618 1803 -1
524 1803 -1
1550 1804 -1
1547 1804 1
1032 1804 -1
619 1804 -1
524 1804 -1
1570 1805 1
1049 1805 1
620 1805 -1
524 1805 -1
3200 1806 -1
3198 1806 1
3020 1806 1
1643 1806 -1
1639 1806 1
1091 1806 -1
623 1806 -1
524 1806 -1
2601 1807 -1
2600 1807 -1
730 1807 -1
688 1807 -1
525 1807 1
3182 1808 1
1571 1808 1
1050 1808 1
620 1808 -1
525 1808 -1
2603 1809 -1
2602 1809 -1
732 1809 -1
688 1809 -1
526 1809 1
1572 1810 1
620 1810 -1
526 1810 -1
2605 1811 -1
2604 1811 -1
734 1811 -1
688 1811 -1
527 1811 1
3200 1812 -1
3199 1812 1
1643 1812 -1
1642 1812 1
1091 1812 -1
623 1812 -1
527 1812 -1
2607 1813 -1
2606 1813 -1
738 1813 -1
688 1813 -1
528 1813 1
1551 1814 1
1550 1814 -1
1032 1814 -1
619 1814 -1
528 1814 -1
2609 1815 -1
2608 1815 -1
740 1815 -1
688 1815 -1
529 1815 1
3183 1816 1
1575 1816 1
1052 1816 1
620 1816 -1
529 1816 -1
2611 1817 -1
2610 1817 -1
742 1817 -1
688 1817 -1
530 1817 1
1576 1818 1
620 1818 -1
530 1818 -1
2613 1819 -1
2612 1819 -1
696 1819 -1
690 1819 -1
531 1819 1
1252 1820 -1
1232 1820 1
606 1820 -1
531 1820 -1
3094 1821 1
1344 1821 -1
1324 1821 1
903 1821 -1
610 1821 -1
531 1821 -1
1390 1822 -1
1370 1822 1
612 1822 -1
531 1822 -1
3128 1823 -1
3123 1823 1
2952 1823 -1
1413 1823 -1
1393 1823 1
945 1823 -1
613 1823 -1
531 1823 -1
1459 1824 -1
1439 1824 1
973 1824 -1
615 1824 -1
531 1824 -1
1577 1825 1
1053 1825 1
621 1825 -1
531 1825 -1
2615 1826 -1
2614 1826 -1
698 1826 -1
690 1826 -1
532 1826 1
3095 1827 1
1344 1827 -1
1325 1827 1
903 1827 -1
610 1827 -1
532 1827 -1
2617 1828 -1
2616 1828 -1
700 1828 -1
690 1828 -1
533 1828 1
2619 1829 -1
2618 1829 -1
702 1829 -1
690 1829 -1
534 1829 1
1344 1830 -1
1327 1830 1
903 1830 -1
610 1830 -1
534 1830 -1
2621 1831 -1
2620 1831 -1
704 1831 -1
690 1831 -1
535 1831 1
3096 1832 1
1344 1832 -1
1328 1832 1
903 1832 -1
610 1832 -1
535 1832 -1
1344 1833 -1
1329 1833 1
903 1833 -1
610 1833 -1
536 1833 -1
2625 1834 -1
2624 1834 -1
708 1834 -1
690 1834 -1
537 1834 1
2627 1835 -1
2626 1835 -1
710 1835 -1
690 1835 -1
538 1835 1
3097 1836 1
1344 1836 -1
1331 1836 1
903 1836 -1
610 1836 -1
538 1836 -1
2822 1837 1
2629 1837 -1
2628 1837 -1
712 1837 -1
690 1837 -1
539 1837 1
1114 1838 -1
1101 1838 1
754 1838 -1
600 1838 -1
539 1838 -1
1160 1839 -1
1147 1839 1
786 1839 -1
602 1839 -1
539 1839 -1
1206 1840 -1
1193 1840 1
816 1840 -1
604 1840 -1
539 1840 -1
1252 1841 -1
1239 1841 1
606 1841 -1
539 1841 -1
1275 1842 -1
1262 1842 1
607 1842 -1
539 1842 -1
1344 1843 -1
1332 1843 1
903 1843 -1
610 1843 -1
539 1843 -1
1367 1844 -1
1355 1844 1
611 1844 -1
539 1844 -1
3128 1845 -1
2952 1845 -1
1413 1845 -1
1401 1845 1
945 1845 -1
613 1845 -1
539 1845 -1
1436 1846 -1
1424 1846 1
614 1846 -1
539 1846 -1
1459 1847 -1
1447 1847 1
973 1847 -1
615 1847 -1
539 1847 -1
1482 1848 -1
1470 1848 1
616 1848 -1
539 1848 -1
1505 1849 -1
1493 1849 1
1003 1849 -1
617 1849 -1
539 1849 -1
1528 1850 -1
1516 1850 1
1020 1850 -1
618 1850 -1
539 1850 -1
1574 1851 -1
1562 1851 1
1051 1851 -1
620 1851 -1
539 1851 -1
1585 1852 1
1059 1852 1
621 1852 -1
539 1852 -1
2631 1853 -1
2630 1853 -1
714 1853 -1
690 1853 -1
540 1853 1
1252 1854 -1
1240 1854 1
606 1854 -1
540 1854 -1
2633 1855 -1
2632 1855 -1
716 1855 -1
690 1855 -1
541 1855 1
1587 1856 1
621 1856 -1
541 1856 -1
3128 1857 -1
3126 1857 1
2952 1857 -1
1413 1857 -1
1404 1857 1
945 1857 -1
613 1857 -1
542 1857 -1
2637 1858 -1
2636 1858 -1
720 1858 -1
690 1858 -1
543 1858 1
3139 1859 1
1459 1859 -1
1451 1859 1
973 1859 -1
615 1859 -1
543 1859 -1
2639 1860 -1
2638 1860 -1
722 1860 -1
690 1860 -1
544 1860 1
3064 1861 1
1252 1861 -1
1244 1861 1
606 1861 -1
544 1861 -1
2641 1862 -1
2640 1862 -1
724 1862 -1
690 1862 -1
545 1862 1
3029 1863 -1
3027 1863 1
2869 1863 1
2867 1863 -1
1137 1863 -1
1130 1863 1
769 1863 -1
601 1863 -1
545 1863 -1
1252 1864 -1
1245 1864 1
606 1864 -1
545 1864 -1
1275 1865 -1
1268 1865 1
607 1865 -1
545 1865 -1
1321 1866 -1
1314 1866 1
891 1866 -1
609 1866 -1
545 1866 -1
3100 1867 1
2930 1867 1
1344 1867 -1
1337 1867 1
903 1867 -1
610 1867 -1
545 1867 -1
3128 1868 -1
2952 1868 -1
1413 1868 -1
1406 1868 1
945 1868 -1
613 1868 -1
545 1868 -1
1459 1869 -1
1453 1869 1
973 1869 -1
615 1869 -1
545 1869 -1
1482 1870 -1
1476 1870 1
616 1870 -1
545 1870 -1
1551 1871 -1
1545 1871 1
1033 1871 -1
619 1871 -1
545 1871 -1
3187 1872 1
1591 1872 1
1061 1872 1
621 1872 -1
545 1872 -1
1621 1873 -1
1614 1873 1
1080 1873 -1
622 1873 -1
545 1873 -1
2643 1874 -1
2642 1874 -1
726 1874 -1
690 1874 -1
546 1874 1
1592 1875 1
1062 1875 1
621 1875 -1
546 1875 -1
1593 1876 1
1063 1876 1
621 1876 -1
547 1876 -1
2647 1877 -1
2646 1877 -1
730 1877 -1
690 1877 -1
548 1877 1
2649 1878 -1
2648 1878 -1
732 1878 -1
690 1878 -1
549 1878 1
1596 1879 1
621 1879 -1
550 1879 -1
2653 1880 -1
2652 1880 -1
736 1880 -1
690 1880 -1
551 1880 1
1344 1881 -1
1343 1881 1
903 1881 -1
610 1881 -1
551 1881 -1
2655 1882 -1
2654 1882 -1
740 1882 -1
690 1882 -1
552 1882 1
3101 1883 1
1345 1883 1
1344 1883 -1
903 1883 -1
610 1883 -1
552 1883 -1
2657 1884 -1
2656 1884 -1
742 1884 -1
690 1884 -1
553 1884 1
2659 1885 -1
2658 1885 -1
696 1885 -1
692 1885 -1
554 1885 1
1600 1886 1
1066 1886 1
622 1886 -1
554 1886 -1
2661 1887 -1
2660 1887 -1
698 1887 -1
692 1887 -1
555 1887 1
1601 1888 1
1067 1888 1
622 1888 -1
555 1888 -1
2663 1889 -1
2662 1889 -1
700 1889 -1
692 1889 -1
556 1889 1
3045 1890 -1
2883 1890 -1
1184 1890 -1
1165 1890 1
803 1890 -1
603 1890 -1
556 1890 -1
3075 1891 -1
2909 1891 -1
1276 1891 -1
1257 1891 1
857 1891 -1
607 1891 -1
556 1891 -1
3078 1892 1
2918 1892 1
1299 1892 -1
1280 1892 1
877 1892 -1
608 1892 -1
556 1892 -1
1322 1893 -1
1303 1893 1
892 1893 -1
609 1893 -1
556 1893 -1
3114 1894 -1
2937 1894 -1
1368 1894 -1
1349 1894 1
922 1894 -1
611 1894 -1
556 1894 -1
1414 1895 -1
1395 1895 1
946 1895 -1
613 1895 -1
556 1895 -1
3129 1896 1
2959 1896 1
1437 1896 -1
1418 1896 1
961 1896 -1
614 1896 -1
556 1896 -1
3135 1897 1
2966 1897 1
1460 1897 -1
1441 1897 1
615 1897 -1
556 1897 -1
3159 1898 -1
2979 1898 -1
1506 1898 -1
1487 1898 1
1004 1898 -1
617 1898 -1
556 1898 -1
3162 1899 1
2990 1899 1
1529 1899 -1
1510 1899 1
618 1899 -1
556 1899 -1
3169 1900 1
2997 1900 1
1552 1900 -1
1533 1900 1
1034 1900 -1
619 1900 -1
556 1900 -1
1602 1901 1
1068 1901 1
622 1901 -1
556 1901 -1
2665 1902 -1
2664 1902 -1
702 1902 -1
692 1902 -1
557 1902 1
1207 1903 -1
1189 1903 1
604 1903 -1
557 1903 -1
1230 1904 -1
1212 1904 1
605 1904 -1
557 1904 -1
1414 1905 -1
1396 1905 1
946 1905 -1
613 1905 -1
557 1905 -1
3159 1906 -1
2979 1906 -1
1506 1906 -1
1488 1906 1
1004 1906 -1
617 1906 -1
557 1906 -1
1529 1907 -1
1511 1907 1
618 1907 -1
557 1907 -1
1552 1908 -1
1534 1908 1
1034 1908 -1
619 1908 -1
557 1908 -1
3188 1909 -1
3185 1909 1
3009 1909 1
3008 1909 -1
1598 1909 -1
1580 1909 1
1065 1909 -1
621 1909 -1
557 1909 -1
2801 1910 1
1603 1910 1
1069 1910 1
622 1910 -1
557 1910 -1
2667 1911 -1
2666 1911 -1
704 1911 -1
692 1911 -1
558 1911 1
3075 1912 -1
3070 1912 1
2909 1912 -1
1276 1912 -1
1260 1912 1
857 1912 -1
607 1912 -1
559 1912 -1
2671 1913 -1
2670 1913 -1
708 1913 -1
692 1913 -1
560 1913 1
1606 1914 1
622 1914 -1
560 1914 -1
2673 1915 -1
2672 1915 -1
710 1915 -1
692 1915 -1
561 1915 1
3054 1916 1
1230 1916 -1
1215 1916 1
605 1916 -1
561 1916 -1
2675 1917 -1
2674 1917 -1
712 1917 -1
692 1917 -1
562 1917 1
1608 1918 1
622 1918 -1
562 1918 -1
2677 1919 -1
2676 1919 -1
714 1919 -1
692 1919 -1
563 1919 1
3067 1920 -1
2895 1920 -1
1253 1920 -1
1240 1920 1
844 1920 -1
606 1920 -1
563 1920 -1
1609 1921 1
622 1921 -1
563 1921 -1
2679 1922 -1
2678 1922 -1
716 1922 -1
692 1922 -1
564 1922 1
1610 1923 1
1073 1923 1
622 1923 -1
564 1923 -1
2681 1924 -1
2680 1924 -1
718 1924 -1
692 1924 -1
565 1924 1
1611 1925 1
1074 1925 1
622 1925 -1
565 1925 -1
2683 1926 -1
2682 1926 -1
720 1926 -1
692 1926 -1
566 1926 1
3173 1927 1
1552 1927 -1
1543 1927 1
1034 1927 -1
619 1927 -1
566 1927 -1
2685 1928 -1
2684 1928 -1
722 1928 -1
692 1928 -1
567 1928 1
1613 1929 1
622 1929 -1
567 1929 -1
2687 1930 -1
2686 1930 -1
724 1930 -1
692 1930 -1
568 1930 1
3191 1931 1
1614 1931 1
1075 1931 1
622 1931 -1
568 1931 -1
2689 1932 -1
2688 1932 -1
726 1932 -1
692 1932 -1
569 1932 1
3192 1933 1
1615 1933 1
1076 1933 1
622 1933 -1
569 1933 -1
2691 1934 -1
2690 1934 -1
728 1934 -1
692 1934 -1
570 1934 1
3127 1935 1
1414 1935 -1
1408 1935 1
946 1935 -1
613 1935 -1
570 1935 -1
3045 1936 -1
2883 1936 -1
1184 1936 -1
1179 1936 1
803 1936 -1
603 1936 -1
571 1936 -1
2695 1937 -1
2694 1937 -1
732 1937 -1
692 1937 -1
572 1937 1
1299 1938 -1
1295 1938 1
877 1938 -1
608 1938 -1
572 1938 -1
3122 1939 -1
2946 1939 -1
1391 1939 -1
1387 1939 1
932 1939 -1
612 1939 -1
572 1939 -1
1414 1940 -1
1410 1940 1
946 1940 -1
613 1940 -1
572 1940 -1
1552 1941 -1
1549 1941 1
1034 1941 -1
619 1941 -1
572 1941 -1
3193 1942 1
1618 1942 1
1078 1942 1
622 1942 -1
572 1942 -1
3201 1943 -1
3018 1943 -1
1645 1943 -1
1641 1943 1
1093 1943 -1
623 1943 -1
572 1943 -1
1529 1944 -1
1526 1944 1
618 1944 -1
573 1944 -1
2699 1945 -1
2698 1945 -1
736 1945 -1
692 1945 -1
574 1945 1
2701 1946 -1
2700 1946 -1
738 1946 -1
692 1946 -1
575 1946 1
1552 1947 -1
1551 1947 1
1034 1947 -1
619 1947 -1
575 1947 -1
2828 1948 1
2816 1948 1
2703 1948 -1
2702 1948 -1
742 1948 -1
692 1948 -1
576 1948 1
3030 1949 -1
2866 1949 -1
1139 1949 1
1138 1949 -1
770 1949 -1
601 1949 -1
576 1949 -1
3045 1950 -1
1185 1950 1
1184 1950 -1
803 1950 -1
603 1950 -1
576 1950 -1
3075 1951 -1
2909 1951 -1
1277 1951 1
1276 1951 -1
857 1951 -1
607 1951 -1
576 1951 -1
1300 1952 1
1299 1952 -1
877 1952 -1
608 1952 -1
576 1952 -1
3101 1953 -1
2925 1953 -1
1346 1953 1
1345 1953 -1
904 1953 -1
610 1953 -1
576 1953 -1
3114 1954 -1
2937 1954 -1
1369 1954 1
1368 1954 -1
922 1954 -1
611 1954 -1
576 1954 -1
1415 1955 1
1414 1955 -1
946 1955 -1
613 1955 -1
576 1955 -1
1438 1956 1
1437 1956 -1
961 1956 -1
614 1956 -1
576 1956 -1
3159 1957 -1
2979 1957 -1
1507 1957 1
1506 1957 -1
1004 1957 -1
617 1957 -1
576 1957 -1
1530 1958 1
1529 1958 -1
618 1958 -1
576 1958 -1
1553 1959 1
1552 1959 -1
1034 1959 -1
619 1959 -1
576 1959 -1
1622 1960 1
1081 1960 1
622 1960 -1
576 1960 -1
2705 1961 -1
2704 1961 -1
696 1961 -1
694 1961 -1
577 1961 1
1623 1962 1
1082 1962 1
623 1962 -1
577 1962 -1
2707 1963 -1
2706 1963 -1
698 1963 -1
694 1963 -1
578 1963 1
1624 1964 1
623 1964 -1
578 1964 -1
1625 1965 1
623 1965 -1
579 1965 -1
2711 1966 -1
2710 1966 -1
702 1966 -1
694 1966 -1
580 1966 1
1626 1967 1
623 1967 -1
580 1967 -1
2819 1968 1
2817 1968 1
2713 1968 -1
2712 1968 -1
704 1968 -1
694 1968 -1
581 1968 1
3037 1969 -1
2870 1969 -1
1162 1969 -1
1143 1969 1
788 1969 -1
602 1969 -1
581 1969 -1
1185 1970 -1
1166 1970 1
804 1970 -1
603 1970 -1
581 1970 -1
3060 1971 -1
2888 1971 -1
1231 1971 -1
1213 1971 1
832 1971 -1
605 1971 -1
581 1971 -1
1300 1972 -1
1282 1972 1
608 1972 -1
581 1972 -1
1323 1973 -1
1305 1973 1
609 1973 -1
581 1973 -1
3102 1974 -1
2929 1974 -1
1346 1974 -1
1328 1974 1
905 1974 -1
610 1974 -1
581 1974 -1
1369 1975 -1
1351 1975 1
611 1975 -1
581 1975 -1
1415 1976 -1
1397 1976 1
947 1976 -1
613 1976 -1
581 1976 -1
1438 1977 -1
1420 1977 1
962 1977 -1
614 1977 -1
581 1977 -1
1461 1978 -1
1458 1978 1
615 1978 -1
597 1978 -1
3160 1979 -1
2975 1979 -1
1507 1979 -1
1489 1979 1
1005 1979 -1
617 1979 -1
581 1979 -1
1530 1980 -1
1512 1980 1
1021 1980 -1
618 1980 -1
581 1980 -1
1553 1981 -1
1535 1981 1
1035 1981 -1
619 1981 -1
581 1981 -1
1576 1982 -1
1558 1982 1
620 1982 -1
581 1982 -1
1622 1983 -1
1604 1983 1
1081 1983 -1
622 1983 -1
581 1983 -1
1627 1984 1
1083 1984 1
623 1984 -1
581 1984 -1
3137 1985 1
1461 1985 -1
1444 1985 1
615 1985 -1
582 1985 -1
2717 1986 -1
2716 1986 -1
708 1986 -1
694 1986 -1
583 1986 1
3195 1987 1
1629 1987 1
1084 1987 1
623 1987 -1
583 1987 -1
2719 1988 -1
2718 1988 -1
710 1988 -1
694 1988 -1
584 1988 1
1438 1989 -1
1423 1989 1
962 1989 -1
614 1989 -1
584 1989 -1
2721 1990 -1
2720 1990 -1
712 1990 -1
694 1990 -1
585 1990 1
1631 1991 1
623 1991 -1
585 1991 -1
2723 1992 -1
2722 1992 -1
714 1992 -1
694 1992 -1
586 1992 1
1438 1993 -1
1425 1993 1
962 1993 -1
614 1993 -1
586 1993 -1
2725 1994 -1
2724 1994 -1
716 1994 -1
694 1994 -1
587 1994 1
3131 1995 1
1438 1995 -1
1426 1995 1
962 1995 -1
614 1995 -1
587 1995 -1
2727 1996 -1
2726 1996 -1
718 1996 -1
694 1996 -1
588 1996 1
1185 1997 -1
1173 1997 1
804 1997 -1
603 1997 -1
588 1997 -1
1392 1998 -1
1381 1998 1
612 1998 -1
588 1998 -1
1622 1999 -1
1611 1999 1
1081 1999 -1
622 1999 -1
588 1999 -1
2803 2000 1
1634 2000 1
1086 2000 1
623 2000 -1
588 2000 -1
2729 2001 -1
2728 2001 -1
720 2001 -1
694 2001 -1
589 2001 1
2731 2002 -1
2730 2002 -1
722 2002 -1
694 2002 -1
590 2002 1
3196 2003 1
1636 2003 1
1087 2003 1
623 2003 -1
590 2003 -1
2733 2004 -1
2732 2004 -1
724 2004 -1
694 2004 -1
591 2004 1
3197 2005 1
1637 2005 1
1088 2005 1
623 2005 -1
591 2005 -1
1638 2006 1
623 2006 -1
592 2006 -1
2737 2007 -1
2736 2007 -1
728 2007 -1
694 2007 -1
593 2007 1
3198 2008 1
1639 2008 1
1089 2008 1
623 2008 -1
593 2008 -1
2739 2009 -1
2738 2009 -1
730 2009 -1
694 2009 -1
594 2009 1
1185 2010 -1
1179 2010 1
804 2010 -1
603 2010 -1
594 2010 -1
2741 2011 -1
2740 2011 -1
732 2011 -1
694 2011 -1
595 2011 1
1641 2012 1
623 2012 -1
595 2012 -1
2743 2013 -1
2742 2013 -1
734 2013 -1
694 2013 -1
596 2013 1
3199 2014 1
1642 2014 1
1090 2014 1
623 2014 -1
596 2014 -1
2745 2015 -1
2744 2015 -1
736 2015 -1
694 2015 -1
597 2015 1
1116 2016 -1
1113 2016 1
600 2016 -1
597 2016 -1
1139 2017 -1
1136 2017 1
601 2017 -1
597 2017 -1
3037 2018 -1
3036 2018 1
2876 2018 1
2870 2018 -1
1162 2018 -1
1159 2018 1
788 2018 -1
602 2018 -1
597 2018 -1
3043 2019 1
2882 2019 1
1185 2019 -1
1182 2019 1
804 2019 -1
603 2019 -1
597 2019 -1
1208 2020 -1
1205 2020 1
604 2020 -1
597 2020 -1
3060 2021 -1
2888 2021 -1
1231 2021 -1
1228 2021 1
832 2021 -1
605 2021 -1
597 2021 -1
3068 2022 -1
2902 2022 -1
1254 2022 -1
1251 2022 1
845 2022 -1
606 2022 -1
597 2022 -1
3076 2023 -1
2910 2023 -1
1277 2023 -1
1274 2023 1
858 2023 -1
607 2023 -1
597 2023 -1
3113 2024 1
2942 2024 1
1369 2024 -1
1366 2024 1
611 2024 -1
597 2024 -1
1415 2025 -1
1412 2025 1
947 2025 -1
613 2025 -1
597 2025 -1
1438 2026 -1
1435 2026 1
962 2026 -1
614 2026 -1
597 2026 -1
1484 2027 -1
1481 2027 1
616 2027 -1
597 2027 -1
3160 2028 -1
3158 2028 1
2983 2028 1
2975 2028 -1
1507 2028 -1
1504 2028 1
1005 2028 -1
617 2028 -1
597 2028 -1
1553 2029 -1
1550 2029 1
1035 2029 -1
619 2029 -1
597 2029 -1
1599 2030 -1
1597 2030 1
621 2030 -1
597 2030 -1
3194 2031 1
3014 2031 1
1622 2031 -1
1620 2031 1
1081 2031 -1
622 2031 -1
597 2031 -1
3200 2032 1
1643 2032 1
1091 2032 1
623 2032 -1
597 2032 -1
2747 2033 -1
2746 2033 -1
738 2033 -1
694 2033 -1
598 2033 1
3044 2034 1
1185 2034 -1
1183 2034 1
804 2034 -1
603 2034 -1
598 2034 -1
2749 2035 -1
2748 2035 -1
740 2035 -1
694 2035 -1
599 2035 1
3045 2036 1
2883 2036 1
2759 2036 1
1185 2036 -1
1184 2036 1
804 2036 -1
603 2036 -1
599 2036 -1
3201 2037 1
2858 2037 1
2857 2037 1
1645 2037 1
1093 2037 1
623 2037 -1
599 2037 -1
624 2038 1
600 2038 1
625 2039 1
601 2039 1
626 2040 1
602 2040 1
627 2041 1
603 2041 1
628 2042 1
604 2042 1
629 2043 1
605 2043 1
630 2044 1
606 2044 1
631 2045 1
607 2045 1
2859 2046 1
632 2046 1
608 2046 1
633 2047 1
609 2047 1
634 2048 1
610 2048 1
635 2049 1
611 2049 1
636 2050 1
612 2050 1
637 2051 1
613 2051 1
638 2052 1
614 2052 1
639 2053 1
615 2053 1
640 2054 1
616 2054 1
641 2055 1
617 2055 1
642 2056 1
618 2056 1
643 2057 1
619 2057 1
644 2058 1
620 2058 1
645 2059 1
621 2059 1
646 2060 1
622 2060 1
647 2061 1
623 2061 1
649 2062 -1/2
648 2062 1
2804 2063 -1
651 2063 -1/2
650 2063 1
2805 2064 -1
653 2064 -1/2
652 2064 1
2806 2065 -1
655 2065 -1/2
654 2065 1
2807 2066 -1
657 2066 -1/2
656 2066 1
2808 2067 -1
659 2067 -1/2
658 2067 1
661 2068 -1/2
660 2068 1
663 2069 -1/2
662 2069 1
2809 2070 -1
665 2070 -1/2
664 2070 1
2810 2071 -1
667 2071 -1/2
666 2071 1
669 2072 -1/2
668 2072 1
671 2073 -1/2
670 2073 1
673 2074 -1/2
672 2074 1
675 2075 -1/2
674 2075 1
677 2076 -1/2
676 2076 1
2811 2077 -1
679 2077 -1/2
678 2077 1
2812 2078 -1
681 2078 -1/2
680 2078 1
2813 2079 -1
683 2079 -1/2
682 2079 1
2814 2080 -1
685 2080 -1/2
684 2080 1
687 2081 -1/2
686 2081 1
2815 2082 -1
689 2082 -1/2
688 2082 1
691 2083 -1/2
690 2083 1
2816 2084 -1
693 2084 -1/2
692 2084 1
2817 2085 -1
695 2085 -1/2
694 2085 1
2818 2086 -1
697 2086 -1/2
696 2086 1
699 2087 -1/2
698 2087 1
701 2088 -1/2
700 2088 1
703 2089 -1/2
702 2089 1
2819 2090 -1
705 2090 -1/2
704 2090 1
707 2091 -1/2
706 2091 1
2820 2092 -1
709 2092 -1/2
708 2092 1
2821 2093 -1
711 2093 -1/2
710 2093 1
2822 2094 -1
713 2094 -1/2
712 2094 1
715 2095 -1/2
714 2095 1
2823 2096 -1
717 2096 -1/2
716 2096 1
2824 2097 -1
719 2097 -1/2
718 2097 1
721 2098 -1/2
720 2098 1
2825 2099 -1
723 2099 -1/2
722 2099 1
725 2100 -1/2
724 2100 1
2826 2101 -1
727 2101 -1/2
726 2101 1
729 2102 -1/2
728 2102 1
731 2103 -1/2
730 2103 1
733 2104 -1/2
732 2104 1
735 2105 -1/2
734 2105 1
737 2106 -1/2
736 2106 1
2827 2107 -1
739 2107 -1/2
738 2107 1
741 2108 -1/2
740 2108 1
2828 2109 -1
743 2109 -1/2
742 2109 1
25 2110 1
649 2111 -1
661 2112 -1
663 2113 -1
669 2114 -1
671 2115 -1
673 2116 -1
675 2117 -1
679 2118 -1
691 2119 -1
693 2120 -1
699 2121 -1
701 2122 -1
703 2123 -1
705 2124 -1
707 2125 -1
713 2126 -1
715 2127 -1
725 2128 -1
729 2129 -1
731 2130 -1
733 2131 -1
735 2132 -1
737 2133 -1
743 2134 -1
744 2135 1
746 2136 1
747 2137 1
748 2138 1
750 2139 1
751 2140 1
753 2141 1
754 2142 1
755 2143 1
756 2144 1
757 2145 1
759 2146 1
760 2147 1
761 2148 1
762 2149 1
763 2150 1
765 2151 1
767 2152 1
768 2153 1
769 2154 1
770 2155 1
771 2156 1
772 2157 1
774 2158 1
775 2159 1
776 2160 1
777 2161 1
778 2162 1
780 2163 1
781 2164 1
784 2165 1
785 2166 1
786 2167 1
787 2168 1
788 2169 1
789 2170 1
791 2171 1
792 2172 1
794 2173 1
795 2174 1
796 2175 1
797 2176 1
801 2177 1
809 2178 1
810 2179 1
813 2180 1
816 2181 1
818 2182 1
820 2183 1
821 2184 1
827 2185 1
828 2186 1
829 2187 1
830 2188 1
831 2189 1
832 2190 1
835 2191 1
838 2192 1
839 2193 1
841 2194 1
842 2195 1
847 2196 1
848 2197 1
850 2198 1
855 2199 1
856 2200 1
857 2201 1
858 2202 1
859 2203 1
860 2204 1
863 2205 1
865 2206 1
867 2207 1
868 2208 1
869 2209 1
871 2210 1
872 2211 1
874 2212 1
875 2213 1
876 2214 1
877 2215 1
878 2216 1
879 2217 1
880 2218 1
883 2219 1
885 2220 1
886 2221 1
889 2222 1
890 2223 1
895 2224 1
900 2225 1
901 2226 1
908 2227 1
909 2228 1
910 2229 1
911 2230 1
912 2231 1
914 2232 1
916 2233 1
917 2234 1
918 2235 1
919 2236 1
920 2237 1
921 2238 1
922 2239 1
925 2240 1
934 2241 1
935 2242 1
936 2243 1
938 2244 1
940 2245 1
942 2246 1
943 2247 1
945 2248 1
947 2249 1
950 2250 1
951 2251 1
954 2252 1
2314 2253 -1
956 2254 1
957 2255 1
958 2256 1
960 2257 1
961 2258 1
965 2259 1
969 2260 1
975 2261 1
978 2262 1
980 2263 1
984 2264 1
985 2265 1
987 2266 1
991 2267 1
992 2268 1
993 2269 1
995 2270 1
996 2271 1
997 2272 1
998 2273 1
999 2274 1
1002 2275 1
1003 2276 1
1004 2277 1
1005 2278 1
1006 2279 1
1007 2280 1
1008 2281 1
1009 2282 1
1010 2283 1
1013 2284 1
1014 2285 1
1015 2286 1
1016 2287 1
1019 2288 1
1020 2289 1
1021 2290 1
1023 2291 1
1024 2292 1
1025 2293 1
1026 2294 1
1027 2295 1
1028 2296 1
1029 2297 1
1031 2298 1
1035 2299 1
1037 2300 1
1038 2301 1
1040 2302 1
1044 2303 1
1045 2304 1
1047 2305 1
1048 2306 1
1050 2307 1
1051 2308 1
1052 2309 1
1054 2310 1
1057 2311 1
1058 2312 1
1063 2313 1
1064 2314 1
1065 2315 1
1066 2316 1
1067 2317 1
1070 2318 1
1071 2319 1
1072 2320 1
1073 2321 1
1074 2322 1
1075 2323 1
1077 2324 1
1079 2325 1
1082 2326 1
1084 2327 1
1085 2328 1
1087 2329 1
1088 2330 1
1089 2331 1
1090 2332 1
1092 2333 1
1646 2334 -1
1648 2335 -1
1649 2336 -1
1650 2337 -1
1652 2338 -1
1654 2339 -1
1655 2340 -1
1656 2341 -1
1657 2342 -1
1658 2343 -1
1660 2344 -1
1662 2345 -1
1664 2346 -1
1666 2347 -1
1668 2348 -1
1670 2349 -1
1673 2350 -1
1674 2351 -1
1676 2352 -1
1678 2353 -1
1680 2354 -1
1682 2355 -1
1684 2356 -1
1686 2357 -1
1688 2358 -1
1690 2359 -1
1692 2360 -1
1694 2361 -1
1696 2362 -1
1698 2363 -1
1700 2364 -1
1702 2365 -1
1704 2366 -1
1706 2367 -1
1708 2368 -1
1710 2369 -1
1712 2370 -1
1714 2371 -1
1715 2372 -1
1716 2373 -1
1718 2374 -1
1721 2375 -1
1722 2376 -1
1723 2377 -1
1724 2378 -1
1726 2379 -1
1728 2380 -1
1729 2381 -1
1730 2382 -1
1732 2383 -1
1734 2384 -1
1736 2385 -1
1738 2386 -1
1740 2387 -1
1742 2388 -1
1745 2389 -1
1746 2390 -1
1750 2391 -1
1752 2392 -1
1754 2393 -1
1756 2394 -1
1758 2395 -1
1760 2396 -1
1762 2397 -1
1765 2398 -1
1766 2399 -1
1768 2400 -1
1770 2401 -1
1771 2402 -1
1772 2403 -1
1773 2404 -1
1774 2405 -1
1775 2406 -1
1776 2407 -1
1778 2408 -1
1780 2409 -1
1782 2410 -1
1784 2411 -1
1786 2412 -1
1788 2413 -1
1790 2414 -1
1792 2415 -1
1793 2416 -1
1794 2417 -1
1796 2418 -1
1798 2419 -1
1800 2420 -1
1802 2421 -1
1804 2422 -1
1806 2423 -1
1810 2424 -1
1812 2425 -1
1814 2426 -1
1816 2427 -1
1817 2428 -1
1818 2429 -1
1820 2430 -1
1822 2431 -1
1824 2432 -1
1828 2433 -1
1829 2434 -1
1830 2435 -1
1832 2436 -1
1834 2437 -1
1836 2438 -1
1838 2439 -1
1839 2440 -1
1840 2441 -1
1841 2442 -1
1842 2443 -1
1844 2444 -1
1846 2445 -1
1848 2446 -1
1852 2447 -1
1854 2448 -1
1856 2449 -1
1858 2450 -1
1860 2451 -1
1862 2452 -1
1864 2453 -1
1866 2454 -1
1867 2455 -1
1868 2456 -1
1870 2457 -1
1872 2458 -1
1874 2459 -1
1876 2460 -1
1877 2461 -1
1878 2462 -1
1880 2463 -1
1882 2464 -1
1884 2465 -1
1886 2466 -1
1888 2467 -1
1889 2468 -1
1890 2469 -1
1892 2470 -1
1894 2471 -1
1896 2472 -1
1897 2473 -1
1898 2474 -1
1899 2475 -1
1900 2476 -1
1902 2477 -1
1904 2478 -1
1906 2479 -1
1908 2480 -1
1910 2481 -1
1911 2482 -1
1912 2483 -1
1914 2484 -1
1916 2485 -1
1918 2486 -1
1920 2487 -1
1922 2488 -1
1924 2489 -1
1926 2490 -1
1928 2491 -1
1930 2492 -1
1932 2493 -1
1934 2494 -1
1936 2495 -1
1938 2496 -1
1939 2497 -1
1941 2498 -1
1942 2499 -1
1944 2500 -1
1946 2501 -1
1948 2502 -1
1950 2503 -1
1952 2504 -1
1954 2505 -1
1956 2506 -1
1958 2507 -1
1960 2508 -1
1962 2509 -1
1964 2510 -1
1966 2511 -1
1968 2512 -1
1970 2513 -1
1972 2514 -1
1974 2515 -1
1976 2516 -1
1978 2517 -1
1980 2518 -1
1982 2519 -1
1984 2520 -1
1985 2521 -1
1987 2522 -1
1988 2523 -1
1990 2524 -1
1992 2525 -1
1993 2526 -1
1994 2527 -1
1996 2528 -1
1998 2529 -1
2000 2530 -1
2001 2531 -1
2002 2532 -1
2004 2533 -1
2006 2534 -1
2008 2535 -1
2010 2536 -1
2012 2537 -1
2014 2538 -1
2016 2539 -1
2020 2540 -1
2022 2541 -1
2023 2542 -1
2024 2543 -1
2026 2544 -1
2028 2545 -1
2032 2546 -1
2034 2547 -1
2036 2548 -1
2040 2549 -1
2042 2550 -1
2044 2551 -1
2046 2552 -1
2047 2553 -1
2048 2554 -1
2049 2555 -1
2050 2556 -1
2052 2557 -1
2054 2558 -1
2056 2559 -1
2057 2560 -1
2058 2561 -1
2060 2562 -1
2062 2563 -1
2064 2564 -1
2066 2565 -1
2067 2566 -1
2068 2567 -1
2070 2568 -1
2072 2569 -1
2074 2570 -1
2076 2571 -1
2078 2572 -1
2080 2573 -1
2082 2574 -1
2084 2575 -1
2087 2576 -1
2088 2577 -1
2090 2578 -1
2092 2579 -1
2093 2580 -1
2094 2581 -1
2095 2582 -1
2096 2583 -1
2098 2584 -1
2100 2585 -1
2102 2586 -1
2104 2587 -1
2106 2588 -1
2107 2589 -1
2108 2590 -1
2109 2591 -1
2110 2592 -1
2112 2593 -1
2114 2594 -1
2116 2595 -1
2118 2596 -1
2120 2597 -1
2121 2598 -1
2122 2599 -1
2124 2600 -1
2126 2601 -1
2128 2602 -1
2130 2603 -1
2132 2604 -1
2134 2605 -1
2136 2606 -1
2138 2607 -1
2140 2608 -1
2142 2609 -1
2144 2610 -1
2146 2611 -1
2147 2612 -1
2148 2613 -1
2150 2614 -1
2152 2615 -1
2154 2616 -1
2155 2617 -1
2156 2618 -1
2157 2619 -1
2158 2620 -1
2160 2621 -1
2162 2622 -1
2164 2623 -1
2166 2624 -1
2168 2625 -1
2170 2626 -1
2174 2627 -1
2176 2628 -1
2177 2629 -1
2178 2630 -1
2180 2631 -1
2182 2632 -1
2184 2633 -1
2186 2634 -1
2188 2635 -1
2190 2636 -1
2192 2637 -1
2194 2638 -1
2196 2639 -1
2198 2640 -1
2200 2641 -1
2202 2642 -1
2204 2643 -1
2206 2644 -1
2208 2645 -1
2209 2646 -1
2210 2647 -1
2212 2648 -1
2214 2649 -1
2216 2650 -1
2218 2651 -1
2219 2652 -1
2220 2653 -1
2221 2654 -1
2222 2655 -1
2224 2656 -1
2226 2657 -1
2227 2658 -1
2228 2659 -1
2230 2660 -1
2232 2661 -1
2233 2662 -1
2234 2663 -1
2236 2664 -1
2238 2665 -1
2240 2666 -1
2242 2667 -1
2246 2668 -1
2248 2669 -1
2250 2670 -1
2252 2671 -1
2254 2672 -1
2256 2673 -1
2258 2674 -1
2260 2675 -1
2262 2676 -1
2264 2677 -1
2266 2678 -1
2268 2679 -1
2270 2680 -1
2273 2681 -1
2274 2682 -1
2276 2683 -1
2278 2684 -1
2280 2685 -1
2281 2686 -1
2282 2687 -1
2284 2688 -1
2286 2689 -1
2287 2690 -1
2288 2691 -1
2290 2692 -1
2293 2693 -1
2294 2694 -1
2296 2695 -1
2298 2696 -1
2300 2697 -1
2302 2698 -1
2304 2699 -1
2306 2700 -1
2312 2701 -1
3186 2702 -40
3179 2702 -20
3173 2702 -41
3165 2702 -17
3154 2702 -21
3139 2702 -44
3132 2702 -43
3110 2702 -24
3099 2702 -63
3083 2702 -19
3071 2702 -20
3063 2702 -19
3034 2702 -21
2315 2702 1000
2314 2702 135823/250
955 2702 -43
638 2702 43
36 2702 1
14 2702 1
2316 2703 -1
2318 2704 -1
2320 2705 -1
2322 2706 -1
2324 2707 -1
2326 2708 -1
2327 2709 -1
2328 2710 -1
2330 2711 -1
2332 2712 -1
2335 2713 -1
2336 2714 -1
2338 2715 -1
2340 2716 -1
2342 2717 -1
2343 2718 -1
2344 2719 -1
2346 2720 -1
2350 2721 -1
2352 2722 -1
2354 2723 -1
2358 2724 -1
2362 2725 -1
2364 2726 -1
2366 2727 -1
2368 2728 -1
2370 2729 -1
2372 2730 -1
2374 2731 -1
2376 2732 -1
2377 2733 -1
2378 2734 -1
2380 2735 -1
2382 2736 -1
2384 2737 -1
2386 2738 -1
2388 2739 -1
2390 2740 -1
2392 2741 -1
2393 2742 -1
2394 2743 -1
2396 2744 -1
2398 2745 -1
2399 2746 -1
2400 2747 -1
2402 2748 -1
2405 2749 -1
2406 2750 -1
2407 2751 -1
2408 2752 -1
2410 2753 -1
2412 2754 -1
2414 2755 -1
2416 2756 -1
2418 2757 -1
2420 2758 -1
2421 2759 -1
2422 2760 -1
2424 2761 -1
2426 2762 -1
2428 2763 -1
2431 2764 -1
2432 2765 -1
2434 2766 -1
2435 2767 -1
2436 2768 -1
2438 2769 -1
2440 2770 -1
2442 2771 -1
2444 2772 -1
2445 2773 -1
2446 2774 -1
2448 2775 -1
2450 2776 -1
2452 2777 -1
2454 2778 -1
2456 2779 -1
2458 2780 -1
2460 2781 -1
2461 2782 -1
2462 2783 -1
2463 2784 -1
2464 2785 -1
2465 2786 -1
2466 2787 -1
2468 2788 -1
2470 2789 -1
2472 2790 -1
2474 2791 -1
2476 2792 -1
2478 2793 -1
2480 2794 -1
2482 2795 -1
2484 2796 -1
2486 2797 -1
2488 2798 -1
2489 2799 -1
2490 2800 -1
2492 2801 -1
2494 2802 -1
2496 2803 -1
2498 2804 -1
2500 2805 -1
2502 2806 -1
2504 2807 -1
2506 2808 -1
2508 2809 -1
2509 2810 -1
2510 2811 -1
2511 2812 -1
2512 2813 -1
2514 2814 -1
2516 2815 -1
2518 2816 -1
2522 2817 -1
2524 2818 -1
2526 2819 -1
2528 2820 -1
2530 2821 -1
2532 2822 -1
2534 2823 -1
2536 2824 -1
2538 2825 -1
2540 2826 -1
2542 2827 -1
2544 2828 -1
2546 2829 -1
2548 2830 -1
2550 2831 -1
2552 2832 -1
2554 2833 -1
2556 2834 -1
2558 2835 -1
2559 2836 -1
2560 2837 -1
2562 2838 -1
2563 2839 -1
2564 2840 -1
2566 2841 -1
2568 2842 -1
2570 2843 -1
2572 2844 -1
955 2845 1
2576 2846 -1
2578 2847 -1
2580 2848 -1
2581 2849 -1
2582 2850 -1
2584 2851 -1
2586 2852 -1
2588 2853 -1
2590 2854 -1
2593 2855 -1
2594 2856 -1
2596 2857 -1
2598 2858 -1
2599 2859 -1
2600 2860 -1
2602 2861 -1
2604 2862 -1
2606 2863 -1
2608 2864 -1
2610 2865 -1
2612 2866 -1
2613 2867 -1
2614 2868 -1
2616 2869 -1
2618 2870 -1
2620 2871 -1
2622 2872 -1
2624 2873 -1
2626 2874 -1
2628 2875 -1
2629 2876 -1
2630 2877 -1
2632 2878 -1
2634 2879 -1
2636 2880 -1
2638 2881 -1
2640 2882 -1
2641 2883 -1
2642 2884 -1
2644 2885 -1
2645 2886 -1
2646 2887 -1
2648 2888 -1
2650 2889 -1
2651 2890 -1
2652 2891 -1
2654 2892 -1
2656 2893 -1
2658 2894 -1
2660 2895 -1
2663 2896 -1
2664 2897 -1
2665 2898 -1
2666 2899 -1
2668 2900 -1
2669 2901 -1
2670 2902 -1
2672 2903 -1
2674 2904 -1
2676 2905 -1
2678 2906 -1
2680 2907 -1
2682 2908 -1
2684 2909 -1
2686 2910 -1
2688 2911 -1
2690 2912 -1
2692 2913 -1
2693 2914 -1
2694 2915 -1
2696 2916 -1
2697 2917 -1
2698 2918 -1
2700 2919 -1
2702 2920 -1
2703 2921 -1
2704 2922 -1
2706 2923 -1
2708 2924 -1
2710 2925 -1
2713 2926 -1
2714 2927 -1
2715 2928 -1
2716 2929 -1
2718 2930 -1
2720 2931 -1
2722 2932 -1
2724 2933 -1
2728 2934 -1
2730 2935 -1
2732 2936 -1
2734 2937 -1
2736 2938 -1
2738 2939 -1
2740 2940 -1
2742 2941 -1
2744 2942 -1
2745 2943 -1
2746 2944 -1
2748 2945 -1
2752 2946 1
2757 2947 1
2758 2948 1
2764 2949 1
2767 2950 1
2768 2951 1
2769 2952 1
2770 2953 1
2771 2954 1
2775 2955 1
2776 2956 1
2779 2957 1
2780 2958 1
2781 2959 1
2782 2960 1
2783 2961 1
2785 2962 1
2786 2963 1
2789 2964 1
2791 2965 1
2794 2966 1
2795 2967 1
2799 2968 1
2801 2969 1
2802 2970 1
2803 2971 1
2806 2972 -1
2811 2973 -1
2812 2974 -1
2817 2975 -1
2818 2976 -1
2819 2977 -1
2821 2978 -1
2823 2979 -1
2824 2980 -1
2826 2981 -1
2828 2982 -1
2829 2983 -1
2830 2984 -1
2831 2985 -1
2832 2986 -1
2833 2987 -1
2834 2988 -1
2835 2989 -1
2836 2990 -1
2837 2991 -1
2838 2992 -1
2839 2993 -1
2840 2994 -1
2842 2995 -1
2843 2996 -1
2844 2997 -1
2845 2998 -1
2846 2999 -1
2847 3000 -1
2848 3001 -1
2849 3002 -1
2850 3003 -1
2852 3004 -1
2853 3005 -1
2854 3006 -1
2855 3007 -1
2856 3008 -1
2857 3009 -1
2858 3010 -1
2859 3011 -1
2865 3012 1
2869 3013 1
2871 3014 1
2877 3015 1
2879 3016 1
2883 3017 1
2884 3018 1
2885 3019 1
2887 3020 1
2892 3021 1
2893 3022 1
2894 3023 1
2896 3024 1
2899 3025 1
2903 3026 1
2904 3027 1
2910 3028 1
2912 3029 1
2913 3030 1
2915 3031 1
2917 3032 1
2918 3033 1
2919 3034 1
2920 3035 1
2922 3036 1
2923 3037 1
2925 3038 1
2926 3039 1
2931 3040 1
2934 3041 1
3139 3042 1
3137 3042 -1
2963 3042 1
2961 3042 -1
1451 3042 1
1444 3042 -1
965 3042 -1
615 3042 -1
174 3042 -1
2939 3043 1
2941 3044 1
2943 3045 1
2944 3046 1
2946 3047 1
2947 3048 1
2948 3049 1
2949 3050 1
2954 3051 1
2955 3052 1
2958 3053 1
2959 3054 1
2960 3055 1
2962 3056 1
2963 3057 1
2964 3058 1
2965 3059 1
2967 3060 1
2970 3061 1
2976 3062 1
2977 3063 1
2981 3064 1
2986 3065 1
2991 3066 1
2996 3067 1
2998 3068 1
2999 3069 1
3005 3070 1
3006 3071 1
1461 3072 -1
1443 3072 1
615 3072 -1
581 3072 -1
3011 3073 1
3012 3074 1
3015 3075 1
3017 3076 1
3021 3077 1
3022 3078 1
3023 3079 1
3024 3080 1
3025 3081 1
3027 3082 1
3028 3083 1
3030 3084 1
3032 3085 1
3033 3086 1
3034 3087 1
3035 3088 1
3036 3089 1
3037 3090 1
3038 3091 1
3039 3092 1
3040 3093 1
3041 3094 1
3042 3095 1
3043 3096 1
3044 3097 1
3045 3098 1
3049 3099 1
3050 3100 1
3051 3101 1
3054 3102 1
3056 3103 1
3057 3104 1
3060 3105 1
3061 3106 1
3063 3107 1
3064 3108 1
3065 3109 1
3066 3110 1
3068 3111 1
3069 3112 1
3070 3113 1
3071 3114 1
3072 3115 1
3073 3116 1
3074 3117 1
3075 3118 1
3076 3119 1
3077 3120 1
3080 3121 1
3082 3122 1
3083 3123 1
3085 3124 1
3089 3125 1
3091 3126 1
3093 3127 1
3095 3128 1
3100 3129 1
3101 3130 1
3103 3131 1
3104 3132 1
3105 3133 1
3106 3134 1
3107 3135 1
3108 3136 1
3110 3137 1
3111 3138 1
3112 3139 1
3113 3140 1
3114 3141 1
3121 3142 1
3124 3143 1
3125 3144 1
3126 3145 1
3127 3146 1
3128 3147 1
3130 3148 1
3133 3149 1
3134 3150 1
3135 3151 1
3136 3152 1
3137 3153 1
3138 3154 1
3139 3155 1
3141 3156 1
3143 3157 1
3149 3158 1
3150 3159 1
3152 3160 1
3153 3161 1
3154 3162 1
3155 3163 1
3156 3164 1
3157 3165 1
3158 3166 1
3159 3167 1
3160 3168 1
3162 3169 1
3163 3170 1
3164 3171 1
3165 3172 1
3166 3173 1
3167 3174 1
3169 3175 1
3170 3176 1
3171 3177 1
3172 3178 1
3174 3179 1
3176 3180 1
3177 3181 1
3178 3182 1
3179 3183 1
3181 3184 1
3183 3185 1
3184 3186 1
3185 3187 1
3186 3188 1
2886 3189 1
3188 3190 1
3189 3191 1
3190 3192 1
3191 3193 1
3192 3194 1
3194 3195 1
3195 3196 1
3196 3197 1
3197 3198 1
3198 3199 1
3199 3200 1
3200 3201 1
