10789 10789 51817
281 0 -1
554 1 -1
827 2 -1
1100 3 -1
1373 4 -1
1646 5 -1
1919 6 -1
2192 7 -1
2465 8 -1
9988 9 1
9623 9 -1/20
8244 9 -1
9989 10 1
9626 10 -1/20
8250 10 -1
9990 11 1
9629 11 -1/20
8256 11 -1
9991 12 1
9632 12 -1/20
8262 12 -1
9992 13 1
9635 13 -1/20
8268 13 -1
9993 14 1
9638 14 -1/20
8274 14 -1
9994 15 1
9641 15 -1/20
8280 15 -1
9995 16 1
9644 16 -1/20
8286 16 -1
9996 17 1
9647 17 -1/20
8292 17 -1
9970 18 1
9625 18 -1/20
8248 18 -1
9971 19 1
9628 19 -1/20
8254 19 -1
9972 20 1
9631 20 -1/20
8260 20 -1
9973 21 1
9634 21 -1/20
8266 21 -1
9974 22 1
9637 22 -1/20
8272 22 -1
9975 23 1
9640 23 -1/20
8278 23 -1
9976 24 1
9643 24 -1/20
8284 24 -1
9977 25 1
9646 25 -1/20
8290 25 -1
9978 26 1
9649 26 -1/20
8296 26 -1
9952 27 1
9624 27 -1/20
8246 27 -1
9953 28 1
9627 28 -1/20
8252 28 -1
9954 29 1
9630 29 -1/20
8258 29 -1
9955 30 1
9633 30 -1/20
8264 30 -1
9956 31 1
9636 31 -1/20
8270 31 -1
9957 32 1
9639 32 -1/20
8276 32 -1
9958 33 1
9642 33 -1/20
8282 33 -1
9959 34 1
9645 34 -1/20
8288 34 -1
9960 35 1
9648 35 -1/20
8294 35 -1
10042 36 1
9623 36 -1/20
8244 36 -1
10043 37 1
9626 37 -1/20
8250 37 -1
10044 38 1
9629 38 -1/20
8256 38 -1
10045 39 1
9632 39 -1/20
8262 39 -1
10046 40 1
9635 40 -1/20
8268 40 -1
10047 41 1
9638 41 -1/20
8274 41 -1
10048 42 1
9641 42 -1/20
8280 42 -1
10049 43 1
9644 43 -1/20
8286 43 -1
10050 44 1
9647 44 -1/20
8292 44 -1
10024 45 1
9625 45 -1/20
8248 45 -1
10025 46 1
9628 46 -1/20
8254 46 -1
10026 47 1
9631 47 -1/20
8260 47 -1
10027 48 1
9634 48 -1/20
8266 48 -1
10028 49 1
9637 49 -1/20
8272 49 -1
10029 50 1
9640 50 -1/20
8278 50 -1
10030 51 1
9643 51 -1/20
8284 51 -1
10031 52 1
9646 52 -1/20
8290 52 -1
10032 53 1
9649 53 -1/20
8296 53 -1
10006 54 1
9624 54 -1/20
8246 54 -1
10007 55 1
9627 55 -1/20
8252 55 -1
10008 56 1
9630 56 -1/20
8258 56 -1
10009 57 1
9633 57 -1/20
8264 57 -1
10010 58 1
9636 58 -1/20
8270 58 -1
10011 59 1
9639 59 -1/20
8276 59 -1
10012 60 1
9642 60 -1/20
8282 60 -1
10013 61 1
9645 61 -1/20
8288 61 -1
10014 62 1
9648 62 -1/20
8294 62 -1
342 63 -1
615 64 -1
888 65 -1
1161 66 -1
1434 67 -1
1707 68 -1
1980 69 -1
2253 70 -1
2526 71 -1
88 72 1
361 73 1
634 74 1
907 75 1
1180 76 1
1453 77 1
1726 78 1
1999 79 1
2272 80 1
99 81 1
372 82 1
645 83 1
918 84 1
1191 85 1
1464 86 1
1737 87 1
2010 88 1
2283 89 1
285 90 1
558 91 1
831 92 1
1104 93 1
1377 94 1
1650 95 1
1923 96 1
2196 97 1
2469 98 1
290 99 1
563 100 1
836 101 1
1109 102 1
1382 103 1
1655 104 1
1928 105 1
2201 106 1
2474 107 1
10051 108 1
8243 108 959/1000
10052 109 1
8249 109 959/1000
10053 110 1
8255 110 959/1000
10054 111 1
8261 111 959/1000
10056 112 1
8273 112 959/1000
10057 113 1
8279 113 959/1000
10058 114 1
8285 114 959/1000
10059 115 1
8291 115 959/1000
10051 116 1
8247 116 959/1000
10053 117 1
8259 117 959/1000
10054 118 1
8265 118 959/1000
10055 119 1
8271 119 959/1000
10056 120 1
8277 120 959/1000
10057 121 1
8283 121 959/1000
10058 122 1
8289 122 959/1000
10059 123 1
8295 123 959/1000
298 124 1
571 125 1
844 126 1
1117 127 1
1390 128 1
1663 129 1
1936 130 1
2209 131 1
2482 132 1
10258 133 -81/800
202 133 1
10259 134 -7/64
475 134 1
10260 135 -47/400
748 135 1
10261 136 -201/1600
1021 136 1
10262 137 -107/800
1294 137 1
10263 138 -227/1600
1567 138 1
10264 139 -3/20
1840 139 1
10265 140 -253/1600
2113 140 1
10266 141 -133/800
2386 141 1
206 142 1
479 143 1
752 144 1
1025 145 1
1298 146 1
1571 147 1
1844 148 1
2117 149 1
2390 150 1
207 151 1
480 152 1
753 153 1
1026 154 1
1299 155 1
1572 156 1
1845 157 1
2118 158 1
2391 159 1
10267 160 1/50
208 160 191/200
10268 161 1/50
481 161 191/200
10269 162 1/50
754 162 191/200
10270 163 1/50
1027 163 191/200
10271 164 1/50
1300 164 191/200
10272 165 1/50
1573 165 191/200
10273 166 1/50
1846 166 191/200
10274 167 1/50
2119 167 191/200
10275 168 1/50
2392 168 191/200
331 169 1
604 170 1
877 171 1
1150 172 1
1423 173 1
1696 174 1
1969 175 1
2242 176 1
2515 177 1
10258 178 319/400
210 178 1
10259 179 25/32
483 179 1
10260 180 153/200
756 180 1
10261 181 599/800
1029 181 1
10262 182 293/400
1302 182 1
10263 183 573/800
1575 183 1
10264 184 7/10
1848 184 1
10265 185 547/800
2121 185 1
10266 186 267/400
2394 186 1
333 187 1
36 187 353/500
0 187 221/5000
606 188 1
37 188 353/500
1 188 221/5000
879 189 1
38 189 353/500
2 189 221/5000
1152 190 1
39 190 353/500
3 190 221/5000
1425 191 1
40 191 353/500
4 191 221/5000
1698 192 1
41 192 353/500
5 192 221/5000
1971 193 1
42 193 353/500
6 193 221/5000
2244 194 1
43 194 353/500
7 194 221/5000
2517 195 1
44 195 353/500
8 195 221/5000
246 196 1
519 197 1
792 198 1
1065 199 1
1338 200 1
1611 201 1
1884 202 1
2157 203 1
2430 204 1
353 205 1
626 206 1
899 207 1
1172 208 1
1445 209 1
1718 210 1
1991 211 1
2264 212 1
2537 213 1
291 214 1
564 215 1
837 216 1
1110 217 1
1383 218 1
1656 219 1
1929 220 1
2202 221 1
2475 222 1
313 223 1
586 224 1
859 225 1
1132 226 1
1405 227 1
1678 228 1
1951 229 1
2224 230 1
2497 231 1
270 232 1
543 233 1
816 234 1
1089 235 1
1362 236 1
1635 237 1
1908 238 1
2181 239 1
10267 240 -49/50
208 240 191/200
10268 241 -49/50
481 241 191/200
10269 242 -49/50
754 242 191/200
10270 243 -49/50
1027 243 191/200
10271 244 -49/50
1300 244 191/200
10272 245 -49/50
1573 245 191/200
10273 246 -49/50
1846 246 191/200
10274 247 -49/50
2119 247 191/200
10275 248 -49/50
2392 248 191/200
271 249 1
544 250 1
817 251 1
1090 252 1
1363 253 1
1636 254 1
1909 255 1
2182 256 1
2455 257 1
1152 258 1
39 258 22703/500
3 258 221/5000
1425 259 1
40 259 22703/500
4 259 221/5000
1698 260 1
41 260 22703/500
5 260 221/5000
352 261 1
625 262 1
898 263 1
1171 264 1
1444 265 1
1717 266 1
1990 267 1
2263 268 1
2536 269 1
54 270 1
57 271 1
60 272 1
75 273 1
78 274 1
55 275 1
58 276 1
61 277 1
64 278 1
67 279 1
70 280 1
73 281 1
76 282 1
79 283 1
56 284 1
59 285 1
62 286 1
65 287 1
68 288 1
71 289 1
74 290 1
77 291 1
80 292 1
4726 293 -1
4429 293 -1
4132 293 -1
3853 293 -1
3579 293 -1
3307 293 -1
3039 293 -1
2777 293 -1
4726 294 -1
4429 294 -1
4132 294 -1
3853 294 -1
3579 294 -1
3307 294 -1
3039 294 -1
4726 295 -1
4429 295 -1
4132 295 -1
3853 295 -1
3579 295 -1
3307 295 -1
4726 296 -1
4429 296 -1
4132 296 -1
3853 296 -1
3579 296 -1
4726 297 -1
4429 297 -1
4132 297 -1
3853 297 -1
4726 298 -1
4429 298 -1
4132 298 -1
4726 299 -1
4429 299 -1
4726 300 -1
4727 301 -1
4430 301 -1
4133 301 -1
3854 301 -1
3580 301 -1
3308 301 -1
3040 301 -1
4727 302 -1
4430 302 -1
4133 302 -1
3854 302 -1
4727 303 -1
4430 303 -1
4727 304 -1
4728 305 -1
4431 305 -1
4134 305 -1
3855 305 -1
3581 305 -1
3309 305 -1
3041 305 -1
2779 305 -1
4728 306 -1
4431 306 -1
4134 306 -1
3855 306 -1
3581 306 -1
3309 306 -1
4728 307 -1
4431 307 -1
4134 307 -1
3855 307 -1
3581 307 -1
4728 308 -1
4431 308 -1
4134 308 -1
3855 308 -1
4728 309 -1
4431 309 -1
4134 309 -1
4728 310 -1
3856 311 -1
3582 311 -1
3310 311 -1
3042 311 -1
2780 311 -1
2538 311 -1
4135 312 -1
3856 312 -1
3582 312 -1
3310 312 -1
3042 312 -1
2780 312 -1
4432 313 -1
4135 313 -1
3856 313 -1
3582 313 -1
3310 313 -1
3042 313 -1
4729 314 -1
4432 314 -1
4135 314 -1
3856 314 -1
3582 314 -1
3310 314 -1
4729 315 -1
4432 315 -1
4135 315 -1
3856 315 -1
3582 315 -1
4729 316 -1
4432 316 -1
4135 316 -1
3856 316 -1
4729 317 -1
4432 317 -1
4135 317 -1
4729 318 -1
4432 318 -1
4729 319 -1
4136 320 -1
3857 320 -1
3583 320 -1
3311 320 -1
3043 320 -1
2781 320 -1
4433 321 -1
4136 321 -1
3857 321 -1
3583 321 -1
3311 321 -1
3043 321 -1
4730 322 -1
4433 322 -1
4136 322 -1
3857 322 -1
3583 322 -1
3311 322 -1
4730 323 -1
4433 323 -1
4136 323 -1
3857 323 -1
3583 323 -1
4730 324 -1
4433 324 -1
4136 324 -1
3857 324 -1
3862 325 -1
3588 325 -1
3316 325 -1
3048 325 -1
2786 325 -1
2543 325 -1
3863 326 -1
3589 326 -1
3317 326 -1
3049 326 -1
2787 326 -1
2544 326 -1
4439 327 -1
4142 327 -1
3863 327 -1
3589 327 -1
3317 327 -1
3049 327 -1
4736 328 -1
4439 328 -1
4142 328 -1
3863 328 -1
3589 328 -1
4736 329 -1
4439 329 -1
4142 329 -1
3863 329 -1
4736 330 -1
4439 330 -1
4737 331 -1
4440 331 -1
4143 331 -1
3864 331 -1
3590 331 -1
3318 331 -1
3050 331 -1
4737 332 -1
4440 332 -1
4143 332 -1
3864 332 -1
3590 332 -1
3318 332 -1
4737 333 -1
4440 333 -1
4143 333 -1
3864 333 -1
3590 333 -1
4737 334 -1
4440 334 -1
4143 334 -1
3864 334 -1
4737 335 -1
3319 336 -1
3051 336 -1
2789 336 -1
3591 337 -1
3319 337 -1
3051 337 -1
3865 338 -1
3591 338 -1
3319 338 -1
4144 339 -1
3865 339 -1
3591 339 -1
4441 340 -1
4144 340 -1
3865 340 -1
4738 341 -1
4441 341 -1
4144 341 -1
3866 342 -1
3592 342 -1
3320 342 -1
4145 343 -1
3866 343 -1
3592 343 -1
4442 344 -1
4145 344 -1
3866 344 -1
4739 345 -1
4442 345 -1
4145 345 -1
4146 346 -1
3867 346 -1
3593 346 -1
4443 347 -1
4146 347 -1
3867 347 -1
4740 348 -1
4443 348 -1
3594 349 -1
3321 349 -1
3052 349 -1
4444 350 -1
4147 350 -1
3868 350 -1
4741 351 -1
4444 351 -1
4147 351 -1
3869 352 -1
3595 352 -1
3322 352 -1
3053 352 -1
2790 352 -1
2545 352 -1
4445 353 -1
4148 353 -1
3869 353 -1
3595 353 -1
3322 353 -1
3053 353 -1
4447 354 -1
4150 354 -1
3871 354 -1
3597 354 -1
3324 354 -1
3055 354 -1
2792 354 -1
2547 354 -1
4744 355 -1
4447 355 -1
4150 355 -1
3871 355 -1
3597 355 -1
3324 355 -1
3055 355 -1
543 355 -92849/500
542 355 -20967/500
4746 356 -1
4449 356 -1
4152 356 -1
3873 356 -1
3599 356 -1
3326 356 -1
3057 356 -1
2794 356 -1
2549 356 -1
4746 357 -1
4449 357 -1
4152 357 -1
3873 357 -1
3599 357 -1
3326 357 -1
3057 357 -1
4746 358 -1
4449 358 -1
4152 358 -1
3873 358 -1
3599 358 -1
3326 358 -1
4746 359 -1
4449 359 -1
4152 359 -1
3873 359 -1
3599 359 -1
4746 360 -1
4449 360 -1
4152 360 -1
3873 360 -1
4746 361 -1
4449 361 -1
4152 361 -1
4746 362 -1
4449 362 -1
4746 363 -1
4748 364 -1
4451 364 -1
4154 364 -1
3875 364 -1
3601 364 -1
3328 364 -1
3059 364 -1
2796 364 -1
4748 365 -1
4451 365 -1
4154 365 -1
3875 365 -1
3601 365 -1
3328 365 -1
3059 365 -1
4748 366 -1
4451 366 -1
4154 366 -1
3875 366 -1
3601 366 -1
3328 366 -1
4748 367 -1
4451 367 -1
4154 367 -1
3875 367 -1
3601 367 -1
4748 368 -1
4451 368 -1
4154 368 -1
3875 368 -1
4748 369 -1
4451 369 -1
4154 369 -1
4748 370 -1
4451 370 -1
4748 371 -1
4749 372 -1
4452 372 -1
4155 372 -1
3876 372 -1
3602 372 -1
3329 372 -1
3060 372 -1
2797 372 -1
2551 372 -1
4749 373 -1
4452 373 -1
4155 373 -1
3876 373 -1
3602 373 -1
3329 373 -1
3060 373 -1
4749 374 -1
4452 374 -1
4155 374 -1
3876 374 -1
3602 374 -1
4749 375 -1
4452 375 -1
4155 375 -1
3876 375 -1
4749 376 -1
4452 376 -1
4155 376 -1
4749 377 -1
4452 377 -1
4749 378 -1
4750 379 -1
4453 379 -1
4156 379 -1
3877 379 -1
3603 379 -1
3330 379 -1
3061 379 -1
2798 379 -1
2552 379 -1
4750 380 -1
4453 380 -1
4156 380 -1
3877 380 -1
3603 380 -1
3330 380 -1
3061 380 -1
2798 380 -1
4750 381 -1
4453 381 -1
4156 381 -1
3877 381 -1
3603 381 -1
3330 381 -1
4750 382 -1
4453 382 -1
4156 382 -1
3877 382 -1
3603 382 -1
4750 383 -1
4453 383 -1
4156 383 -1
4750 384 -1
4453 384 -1
4750 385 -1
4751 386 -1
4454 386 -1
4157 386 -1
3878 386 -1
3604 386 -1
3331 386 -1
3062 386 -1
4751 387 -1
4454 387 -1
4157 387 -1
3878 387 -1
3604 387 -1
3331 387 -1
4751 388 -1
4454 388 -1
4157 388 -1
3878 388 -1
3604 388 -1
4751 389 -1
4454 389 -1
4157 389 -1
3878 389 -1
4751 390 -1
4454 390 -1
4157 390 -1
4751 391 -1
4454 391 -1
4751 392 -1
4752 393 -1
4455 393 -1
4158 393 -1
3879 393 -1
3605 393 -1
3332 393 -1
4752 394 -1
4455 394 -1
4158 394 -1
3879 394 -1
4752 395 -1
4455 395 -1
4158 395 -1
4752 396 -1
4455 396 -1
3882 397 -1
3608 397 -1
3335 397 -1
3065 397 -1
2802 397 -1
2555 397 -1
4458 398 -1
4161 398 -1
3882 398 -1
3608 398 -1
3335 398 -1
3065 398 -1
4755 399 -1
4458 399 -1
4161 399 -1
3882 399 -1
3608 399 -1
3335 399 -1
4755 400 -1
4458 400 -1
4161 400 -1
3882 400 -1
4755 401 -1
4458 401 -1
4161 401 -1
4755 402 -1
4458 402 -1
4755 403 -1
4756 404 -1
4459 404 -1
4162 404 -1
3883 404 -1
3609 404 -1
3336 404 -1
3066 404 -1
4756 405 -1
4459 405 -1
4162 405 -1
3883 405 -1
3609 405 -1
3336 405 -1
4756 406 -1
4459 406 -1
4162 406 -1
3883 406 -1
3609 406 -1
4756 407 -1
4459 407 -1
4162 407 -1
3883 407 -1
4756 408 -1
4459 408 -1
4162 408 -1
4756 409 -1
4459 409 -1
4756 410 -1
3884 411 -1
3610 411 -1
3337 411 -1
3067 411 -1
4163 412 -1
3884 412 -1
3610 412 -1
3337 412 -1
4757 413 -1
4460 413 -1
4163 413 -1
3884 413 -1
4757 414 -1
4460 414 -1
4163 414 -1
4757 415 -1
4460 415 -1
4757 416 -1
3885 417 -1
3611 417 -1
3338 417 -1
3068 417 -1
4164 418 -1
3885 418 -1
3611 418 -1
3338 418 -1
4461 419 -1
4164 419 -1
3885 419 -1
3611 419 -1
4758 420 -1
4461 420 -1
4164 420 -1
3885 420 -1
4758 421 -1
4461 421 -1
4164 421 -1
4758 422 -1
4461 422 -1
4758 423 -1
2559 424 -1
2806 425 -1
3069 426 -1
3339 427 -1
3612 428 -1
3886 429 -1
4165 430 -1
4462 431 -1
4759 432 -1
2560 433 -1
2807 434 -1
3070 435 -1
3340 436 -1
3613 437 -1
3887 438 -1
4166 439 -1
4463 440 -1
4760 441 -1
3888 442 -1
3614 442 -1
3341 442 -1
3071 442 -1
4167 443 -1
3888 443 -1
3614 443 -1
3341 443 -1
4464 444 -1
4167 444 -1
3888 444 -1
3614 444 -1
4761 445 -1
4464 445 -1
4167 445 -1
3888 445 -1
4761 446 -1
4464 446 -1
4167 446 -1
4761 447 -1
4464 447 -1
4761 448 -1
2562 449 -1
2809 450 -1
3072 451 -1
3342 452 -1
3615 453 -1
3889 454 -1
4168 455 -1
4465 456 -1
4762 457 -1
3343 458 -1
3073 458 -1
2810 458 -1
2563 458 -1
3890 459 -1
3616 459 -1
3343 459 -1
3073 459 -1
4169 460 -1
3890 460 -1
3616 460 -1
3343 460 -1
4763 461 -1
4466 461 -1
4169 461 -1
3344 462 -1
3074 462 -1
2811 462 -1
2564 462 -1
3345 463 -1
3075 463 -1
2812 463 -1
2565 463 -1
4171 464 -1
3892 464 -1
3618 464 -1
3345 464 -1
4468 465 -1
4171 465 -1
3892 465 -1
3618 465 -1
4765 466 -1
4468 466 -1
4171 466 -1
3892 466 -1
4765 467 -1
4468 467 -1
4171 467 -1
4765 468 -1
4468 468 -1
4765 469 -1
3346 470 -1
3076 470 -1
2813 470 -1
2566 470 -1
3347 471 -1
3077 471 -1
2814 471 -1
2567 471 -1
3620 472 -1
3347 472 -1
3077 472 -1
2814 472 -1
4470 473 -1
4173 473 -1
3894 473 -1
3620 473 -1
4767 474 -1
3621 475 -1
3348 475 -1
3078 475 -1
2815 475 -1
3895 476 -1
3621 476 -1
3348 476 -1
3078 476 -1
4174 477 -1
3895 477 -1
3621 477 -1
3348 477 -1
4471 478 -1
4174 478 -1
3895 478 -1
3621 478 -1
4768 479 -1
4471 479 -1
4174 479 -1
3895 479 -1
4768 480 -1
4471 480 -1
4174 480 -1
4768 481 -1
4471 481 -1
4768 482 -1
3896 483 -1
3622 483 -1
3349 483 -1
3079 483 -1
4175 484 -1
3896 484 -1
3622 484 -1
3349 484 -1
4472 485 -1
4175 485 -1
3896 485 -1
3622 485 -1
4769 486 -1
3897 487 -1
3623 487 -1
3350 487 -1
3080 487 -1
4176 488 -1
3897 488 -1
3623 488 -1
3350 488 -1
4770 489 -1
4473 489 -1
4176 489 -1
3897 489 -1
4770 490 -1
4473 490 -1
4176 490 -1
4770 491 -1
4473 491 -1
4770 492 -1
3351 493 -1
3081 493 -1
2818 493 -1
2571 493 -1
3624 494 -1
3351 494 -1
3081 494 -1
2818 494 -1
3898 495 -1
3624 495 -1
3351 495 -1
3081 495 -1
4177 496 -1
3898 496 -1
3624 496 -1
3351 496 -1
4474 497 -1
4177 497 -1
3898 497 -1
3624 497 -1
4771 498 -1
4474 498 -1
4177 498 -1
3898 498 -1
4771 499 -1
4474 499 -1
4177 499 -1
4771 500 -1
4474 500 -1
4771 501 -1
2572 502 -1
2819 503 -1
3082 504 -1
3352 505 -1
3625 506 -1
3899 507 -1
4178 508 -1
4475 509 -1
4772 510 -1
2573 511 -1
2820 512 -1
3083 513 -1
3353 514 -1
3626 515 -1
3900 516 -1
4179 517 -1
4476 518 -1
4773 519 -1
2574 520 -1
2821 521 -1
3084 522 -1
3354 523 -1
3627 524 -1
3901 525 -1
4180 526 -1
4477 527 -1
4774 528 -1
2575 529 -1
2822 530 -1
3085 531 -1
3355 532 -1
3628 533 -1
3902 534 -1
4181 535 -1
4478 536 -1
4775 537 -1
2576 538 -1
2823 539 -1
3086 540 -1
3356 541 -1
3629 542 -1
3903 543 -1
4182 544 -1
4479 545 -1
4776 546 -1
2577 547 -1
2824 548 -1
3087 549 -1
3357 550 -1
3630 551 -1
3904 552 -1
4183 553 -1
4480 554 -1
4777 555 -1
2578 556 -1
2825 557 -1
3088 558 -1
3358 559 -1
3631 560 -1
3905 561 -1
4184 562 -1
4481 563 -1
4778 564 -1
2579 565 -1
2826 566 -1
3089 567 -1
3359 568 -1
3632 569 -1
3906 570 -1
4185 571 -1
4482 572 -1
4779 573 -1
2580 574 -1
2827 575 -1
3090 576 -1
3360 577 -1
3633 578 -1
3907 579 -1
4186 580 -1
4483 581 -1
4780 582 -1
2581 583 -1
2828 584 -1
3091 585 -1
3361 586 -1
3634 587 -1
3908 588 -1
4187 589 -1
4484 590 -1
4781 591 -1
2582 592 -1
2829 593 -1
3092 594 -1
3362 595 -1
3635 596 -1
3909 597 -1
4188 598 -1
4485 599 -1
4782 600 -1
2583 601 -1
2830 602 -1
3093 603 -1
3363 604 -1
3636 605 -1
3910 606 -1
4189 607 -1
4486 608 -1
4783 609 -1
2584 610 -1
2831 611 -1
3094 612 -1
3364 613 -1
3637 614 -1
3911 615 -1
4190 616 -1
4487 617 -1
4784 618 -1
2585 619 -1
2832 620 -1
3095 621 -1
3365 622 -1
3638 623 -1
3912 624 -1
4191 625 -1
4488 626 -1
4785 627 -1
2586 628 -1
2833 629 -1
3096 630 -1
3366 631 -1
3639 632 -1
3913 633 -1
4192 634 -1
4489 635 -1
4786 636 -1
2587 637 -1
2834 638 -1
3097 639 -1
3367 640 -1
3640 641 -1
3914 642 -1
4193 643 -1
4490 644 -1
4787 645 -1
2588 646 -1
2835 647 -1
3098 648 -1
3368 649 -1
3641 650 -1
3915 651 -1
4194 652 -1
4491 653 -1
4788 654 -1
2589 655 -1
2836 656 -1
3099 657 -1
3369 658 -1
3642 659 -1
3916 660 -1
4195 661 -1
4492 662 -1
4789 663 -1
2590 664 -1
2837 665 -1
3100 666 -1
3370 667 -1
3643 668 -1
3917 669 -1
4196 670 -1
4493 671 -1
4790 672 -1
2591 673 -1
2838 674 -1
3101 675 -1
3371 676 -1
3644 677 -1
3918 678 -1
4197 679 -1
4494 680 -1
4791 681 -1
2592 682 -1
2839 683 -1
3102 684 -1
3372 685 -1
3645 686 -1
3919 687 -1
4198 688 -1
4495 689 -1
4792 690 -1
2593 691 -1
2840 692 -1
3103 693 -1
3373 694 -1
3646 695 -1
3920 696 -1
4199 697 -1
4496 698 -1
4793 699 -1
2841 700 -1
2594 700 -1
3104 701 -1
2841 701 -1
3374 702 -1
3104 702 -1
3647 703 -1
3374 703 -1
3921 704 -1
3647 704 -1
4200 705 -1
3921 705 -1
4497 706 -1
4200 706 -1
4794 707 -1
4497 707 -1
4794 708 -1
10123 709 -1
3105 709 -1
2842 709 -1
10124 710 -1
3375 710 -1
3105 710 -1
10125 711 -1
3648 711 -1
3375 711 -1
10126 712 -1
3922 712 -1
3648 712 -1
10127 713 -1
4201 713 -1
3922 713 -1
10128 714 -1
4498 714 -1
4201 714 -1
10123 715 -1
3106 715 -1
2843 715 -1
10122 716 1
10124 716 -1
3376 716 -1
3106 716 -1
10123 717 1
10125 717 -1
3649 717 -1
3376 717 -1
10124 718 1
10126 718 -1
3923 718 -1
3649 718 -1
10127 719 1
4796 719 -1
4499 719 -1
10128 720 1
4796 720 -1
10177 721 -1
3924 721 -1
3650 721 -1
3377 721 -1
3107 721 -1
2844 721 -1
2596 721 -1
10178 722 -1
4203 722 -1
3924 722 -1
3650 722 -1
3377 722 -1
3107 722 -1
2844 722 -1
10179 723 -1
4500 723 -1
4203 723 -1
3924 723 -1
3650 723 -1
3377 723 -1
3107 723 -1
4797 724 -1
4500 724 -1
4203 724 -1
3924 724 -1
3650 724 -1
3377 724 -1
4797 725 -1
4500 725 -1
4203 725 -1
3924 725 -1
3650 725 -1
4797 726 -1
4500 726 -1
4203 726 -1
3924 726 -1
4797 727 -1
4500 727 -1
4203 727 -1
4797 728 -1
4500 728 -1
4797 729 -1
10153 730 -1
3925 730 -1
3651 730 -1
3378 730 -1
3108 730 -1
2845 730 -1
2597 730 -1
10155 731 -1
4501 731 -1
4204 731 -1
3925 731 -1
3651 731 -1
3378 731 -1
3108 731 -1
4798 732 -1
4501 732 -1
4204 732 -1
3925 732 -1
3651 732 -1
3378 732 -1
4798 733 -1
4501 733 -1
4204 733 -1
3925 733 -1
3651 733 -1
4798 734 -1
4501 734 -1
4204 734 -1
3925 734 -1
4798 735 -1
4501 735 -1
4204 735 -1
4798 736 -1
4501 736 -1
4798 737 -1
10177 738 1
4502 738 -1
4205 738 -1
10178 739 1
4799 739 -1
4502 739 -1
10179 740 1
4799 740 -1
10155 741 1
4800 741 -1
2598 742 -1
2846 743 -1
3109 744 -1
3379 745 -1
3652 746 -1
3926 747 -1
4207 748 -1
4504 749 -1
4801 750 -1
2599 751 -1
2847 752 -1
3110 753 -1
3380 754 -1
3653 755 -1
3927 756 -1
4208 757 -1
4505 758 -1
4802 759 -1
3111 760 -1
2848 760 -1
3654 761 -1
3381 761 -1
3928 762 -1
3654 762 -1
4209 763 -1
3928 763 -1
4506 764 -1
4209 764 -1
2849 765 -1
2601 765 -1
3382 766 -1
3112 766 -1
3929 767 -1
3655 767 -1
4210 768 -1
3929 768 -1
4507 769 -1
4210 769 -1
4804 770 -1
4507 770 -1
4804 771 -1
3113 772 -1
2850 772 -1
10115 773 -1
2852 773 -1
2603 773 -1
10116 774 -1
3115 774 -1
2852 774 -1
10117 775 -1
3385 775 -1
3115 775 -1
10118 776 -1
3658 776 -1
3385 776 -1
10119 777 -1
3932 777 -1
3658 777 -1
10120 778 -1
4213 778 -1
3932 778 -1
4807 779 -1
4510 779 -1
4807 780 -1
10116 781 -1
3116 781 -1
2853 781 -1
10115 782 1
10117 782 -1
3386 782 -1
3116 782 -1
10116 783 1
10118 783 -1
3659 783 -1
3386 783 -1
10117 784 1
10119 784 -1
3933 784 -1
3659 784 -1
10118 785 1
10120 785 -1
4214 785 -1
3933 785 -1
10119 786 1
10121 786 -1
4511 786 -1
4214 786 -1
10120 787 1
4808 787 -1
4511 787 -1
10121 788 1
4808 788 -1
10136 789 -1
4215 789 -1
3934 789 -1
3660 789 -1
3387 789 -1
3117 789 -1
2854 789 -1
4809 790 -1
4512 790 -1
4215 790 -1
3934 790 -1
3660 790 -1
3387 790 -1
10132 791 -1
3935 791 -1
3661 791 -1
3388 791 -1
3118 791 -1
2855 791 -1
2605 791 -1
10133 792 -1
4216 792 -1
3935 792 -1
3661 792 -1
3388 792 -1
3118 792 -1
2855 792 -1
4810 793 -1
4513 793 -1
4810 794 -1
10129 795 -1
3937 795 -1
3663 795 -1
3390 795 -1
3120 795 -1
2857 795 -1
2607 795 -1
10130 796 -1
4218 796 -1
3937 796 -1
3663 796 -1
3390 796 -1
3120 796 -1
2857 796 -1
10131 797 -1
4515 797 -1
4218 797 -1
3937 797 -1
3663 797 -1
3390 797 -1
3120 797 -1
4812 798 -1
4515 798 -1
4218 798 -1
3937 798 -1
3663 798 -1
3390 798 -1
4812 799 -1
4515 799 -1
4218 799 -1
3937 799 -1
3663 799 -1
4812 800 -1
4515 800 -1
4218 800 -1
3937 800 -1
4812 801 -1
4515 801 -1
4218 801 -1
4812 802 -1
4515 802 -1
4812 803 -1
10132 804 1
4517 804 -1
4220 804 -1
10133 805 1
4814 805 -1
4517 805 -1
10134 806 1
4814 806 -1
10129 807 1
4519 807 -1
4222 807 -1
10130 808 1
4816 808 -1
4519 808 -1
10131 809 1
4816 809 -1
2608 810 -1
2858 811 -1
3121 812 -1
3391 813 -1
3664 814 -1
3938 815 -1
4223 816 -1
4520 817 -1
4817 818 -1
3939 819 -1
3665 819 -1
4224 820 -1
3939 820 -1
4521 821 -1
4224 821 -1
4818 822 -1
4521 822 -1
4818 823 -1
10156 824 -1
3940 824 -1
3666 824 -1
3392 824 -1
3122 824 -1
2859 824 -1
2609 824 -1
10157 825 -1
4225 825 -1
3940 825 -1
3666 825 -1
3392 825 -1
3122 825 -1
2859 825 -1
10158 826 -1
4522 826 -1
4225 826 -1
3940 826 -1
3666 826 -1
3392 826 -1
3122 826 -1
4819 827 -1
4522 827 -1
4225 827 -1
3940 827 -1
3666 827 -1
3392 827 -1
4819 828 -1
4522 828 -1
4225 828 -1
3940 828 -1
3666 828 -1
4819 829 -1
4522 829 -1
4225 829 -1
3940 829 -1
4819 830 -1
4522 830 -1
4225 830 -1
4819 831 -1
4522 831 -1
4819 832 -1
10156 833 1
4523 833 -1
4226 833 -1
10157 834 1
4820 834 -1
4523 834 -1
10158 835 1
4820 835 -1
2610 836 -1
2860 837 -1
3123 838 -1
3393 839 -1
3667 840 -1
3941 841 -1
4227 842 -1
4524 843 -1
4821 844 -1
2611 845 -1
2861 846 -1
3124 847 -1
3394 848 -1
3668 849 -1
3942 850 -1
4228 851 -1
4525 852 -1
4822 853 -1
10095 854 -1
3125 854 -1
2862 854 -1
10097 855 -1
3669 855 -1
3395 855 -1
10099 856 -1
4229 856 -1
3943 856 -1
10100 857 -1
4526 857 -1
4229 857 -1
10101 858 -1
2863 858 -1
2613 858 -1
10103 859 -1
3396 859 -1
3126 859 -1
10104 860 -1
3670 860 -1
3396 860 -1
10105 861 -1
3944 861 -1
3670 861 -1
4824 862 -1
4527 862 -1
2864 863 -1
2614 863 -1
3671 864 -1
3397 864 -1
4231 865 -1
3945 865 -1
4528 866 -1
4231 866 -1
4825 867 -1
4528 867 -1
4825 868 -1
10102 869 -1
3129 869 -1
2866 869 -1
10101 870 1
10103 870 -1
3399 870 -1
3129 870 -1
10102 871 1
10104 871 -1
3673 871 -1
3399 871 -1
10103 872 1
10105 872 -1
3947 872 -1
3673 872 -1
10104 873 1
10106 873 -1
4233 873 -1
3947 873 -1
10105 874 1
10107 874 -1
4530 874 -1
4233 874 -1
10106 875 1
4827 875 -1
4530 875 -1
4828 876 -1
4531 876 -1
4234 876 -1
3948 876 -1
4828 877 -1
4531 877 -1
4828 878 -1
4829 879 -1
10147 880 -1
3950 880 -1
3676 880 -1
3402 880 -1
3132 880 -1
2869 880 -1
2617 880 -1
10148 881 -1
4236 881 -1
3950 881 -1
3676 881 -1
3402 881 -1
3132 881 -1
2869 881 -1
10149 882 -1
4533 882 -1
4236 882 -1
3950 882 -1
3676 882 -1
3402 882 -1
3132 882 -1
4830 883 -1
4533 883 -1
4236 883 -1
3950 883 -1
3676 883 -1
3402 883 -1
4830 884 -1
4533 884 -1
4236 884 -1
3950 884 -1
3676 884 -1
4830 885 -1
4533 885 -1
4236 885 -1
3950 885 -1
4830 886 -1
4533 886 -1
4236 886 -1
4830 887 -1
4533 887 -1
4830 888 -1
10147 889 1
4536 889 -1
4239 889 -1
10148 890 1
4833 890 -1
4536 890 -1
10149 891 1
4833 891 -1
2618 892 -1
2870 893 -1
3133 894 -1
3403 895 -1
3677 896 -1
3951 897 -1
4240 898 -1
4537 899 -1
4834 900 -1
10108 901 -1
2871 901 -1
2619 901 -1
10109 902 -1
3134 902 -1
2871 902 -1
10110 903 -1
3404 903 -1
3134 903 -1
10111 904 -1
3678 904 -1
3404 904 -1
10114 905 -1
4538 905 -1
4241 905 -1
3953 906 -1
3679 906 -1
4242 907 -1
3953 907 -1
4539 908 -1
4242 908 -1
4836 909 -1
4539 909 -1
4836 910 -1
10109 911 -1
3136 911 -1
2872 911 -1
10109 912 1
10111 912 -1
3680 912 -1
3406 912 -1
10110 913 1
10112 913 -1
3954 913 -1
3680 913 -1
10112 914 1
10114 914 -1
4540 914 -1
4243 914 -1
10162 915 -1
3955 915 -1
3681 915 -1
3407 915 -1
3137 915 -1
2873 915 -1
2620 915 -1
10163 916 -1
4244 916 -1
3955 916 -1
3681 916 -1
3407 916 -1
3137 916 -1
2873 916 -1
10164 917 -1
4541 917 -1
4244 917 -1
3955 917 -1
3681 917 -1
3407 917 -1
3137 917 -1
4838 918 -1
4541 918 -1
4244 918 -1
3955 918 -1
3681 918 -1
10159 919 -1
3956 919 -1
3682 919 -1
3408 919 -1
3138 919 -1
2874 919 -1
2621 919 -1
10160 920 -1
4245 920 -1
3956 920 -1
3682 920 -1
3408 920 -1
3138 920 -1
2874 920 -1
10161 921 -1
4542 921 -1
4245 921 -1
3956 921 -1
3682 921 -1
3408 921 -1
3138 921 -1
4839 922 -1
4542 922 -1
4245 922 -1
3956 922 -1
3682 922 -1
4839 923 -1
4542 923 -1
4245 923 -1
3956 923 -1
4839 924 -1
4542 924 -1
4245 924 -1
4839 925 -1
4542 925 -1
10162 926 1
4543 926 -1
4246 926 -1
10163 927 1
4840 927 -1
4543 927 -1
10164 928 1
4840 928 -1
10159 929 1
4544 929 -1
4247 929 -1
2622 930 -1
2875 931 -1
3139 932 -1
3409 933 -1
3683 934 -1
3957 935 -1
4248 936 -1
4545 937 -1
4842 938 -1
3140 939 -1
2876 939 -1
3410 940 -1
3140 940 -1
3684 941 -1
3410 941 -1
4249 942 -1
3958 942 -1
4546 943 -1
4249 943 -1
4843 944 -1
4546 944 -1
4844 945 -1
4547 945 -1
4250 945 -1
3959 945 -1
3685 945 -1
3411 945 -1
4844 946 -1
4547 946 -1
4250 946 -1
3959 946 -1
4844 947 -1
4547 947 -1
10168 948 1
4548 948 -1
4251 948 -1
10169 949 1
4845 949 -1
4548 949 -1
2625 950 -1
2878 951 -1
3142 952 -1
3412 953 -1
3686 954 -1
3960 955 -1
4252 956 -1
4549 957 -1
4846 958 -1
3687 959 -1
3413 959 -1
3961 960 -1
3687 960 -1
4253 961 -1
3961 961 -1
4550 962 -1
4253 962 -1
4847 963 -1
4550 963 -1
4847 964 -1
10150 965 -1
3962 965 -1
3688 965 -1
3414 965 -1
3143 965 -1
2879 965 -1
2626 965 -1
10151 966 -1
4254 966 -1
3962 966 -1
3688 966 -1
3414 966 -1
3143 966 -1
2879 966 -1
10152 967 -1
4551 967 -1
4254 967 -1
3962 967 -1
3688 967 -1
3414 967 -1
3143 967 -1
4848 968 -1
4551 968 -1
4254 968 -1
3962 968 -1
3688 968 -1
3414 968 -1
4848 969 -1
4551 969 -1
4254 969 -1
3962 969 -1
3688 969 -1
4848 970 -1
4551 970 -1
4254 970 -1
3962 970 -1
4848 971 -1
4551 971 -1
4254 971 -1
4848 972 -1
4551 972 -1
4848 973 -1
10150 974 1
4552 974 -1
4255 974 -1
10151 975 1
4849 975 -1
4552 975 -1
10152 976 1
4849 976 -1
2627 977 -1
2880 978 -1
3144 979 -1
3415 980 -1
3689 981 -1
3963 982 -1
4256 983 -1
4553 984 -1
4850 985 -1
10175 986 -1
4258 986 -1
3965 986 -1
3691 986 -1
3417 986 -1
3146 986 -1
2882 986 -1
10176 987 -1
4555 987 -1
4258 987 -1
3965 987 -1
3691 987 -1
3417 987 -1
3146 987 -1
4852 988 -1
4555 988 -1
4258 988 -1
3965 988 -1
4852 989 -1
4555 989 -1
2630 990 -1
2883 991 -1
3147 992 -1
3418 993 -1
3692 994 -1
3966 995 -1
4260 996 -1
4557 997 -1
4854 998 -1
2884 999 -1
2631 999 -1
3148 1000 -1
2884 1000 -1
3419 1001 -1
3148 1001 -1
3693 1002 -1
3419 1002 -1
3967 1003 -1
3693 1003 -1
4261 1004 -1
3967 1004 -1
4558 1005 -1
4261 1005 -1
4855 1006 -1
4558 1006 -1
4855 1007 -1
10171 1008 -1
3968 1008 -1
3694 1008 -1
3420 1008 -1
3149 1008 -1
2885 1008 -1
2632 1008 -1
10172 1009 -1
4262 1009 -1
3968 1009 -1
3694 1009 -1
3420 1009 -1
3149 1009 -1
2885 1009 -1
10173 1010 -1
4559 1010 -1
4262 1010 -1
3968 1010 -1
3694 1010 -1
3420 1010 -1
3149 1010 -1
4856 1011 -1
4559 1011 -1
4262 1011 -1
3968 1011 -1
3694 1011 -1
3420 1011 -1
4856 1012 -1
4559 1012 -1
4262 1012 -1
3968 1012 -1
3694 1012 -1
4856 1013 -1
4559 1013 -1
4262 1013 -1
3968 1013 -1
4856 1014 -1
4559 1014 -1
4262 1014 -1
4856 1015 -1
4559 1015 -1
4856 1016 -1
10171 1017 1
4560 1017 -1
4263 1017 -1
10172 1018 1
4857 1018 -1
4560 1018 -1
10173 1019 1
4857 1019 -1
2633 1020 -1
2886 1021 -1
3150 1022 -1
3421 1023 -1
3695 1024 -1
3969 1025 -1
4264 1026 -1
4561 1027 -1
4858 1028 -1
2887 1029 -1
2634 1029 -1
3151 1030 -1
2887 1030 -1
3422 1031 -1
3151 1031 -1
3696 1032 -1
3422 1032 -1
3970 1033 -1
3696 1033 -1
4265 1034 -1
3970 1034 -1
4562 1035 -1
4265 1035 -1
4859 1036 -1
4562 1036 -1
4859 1037 -1
10165 1038 -1
3971 1038 -1
3697 1038 -1
3423 1038 -1
3152 1038 -1
2888 1038 -1
2635 1038 -1
10166 1039 -1
4266 1039 -1
3971 1039 -1
3697 1039 -1
3423 1039 -1
3152 1039 -1
2888 1039 -1
10167 1040 -1
4563 1040 -1
4266 1040 -1
3971 1040 -1
3697 1040 -1
3423 1040 -1
3152 1040 -1
4860 1041 -1
4563 1041 -1
4266 1041 -1
3971 1041 -1
3697 1041 -1
3423 1041 -1
4860 1042 -1
4563 1042 -1
4266 1042 -1
3971 1042 -1
3697 1042 -1
4860 1043 -1
4563 1043 -1
4266 1043 -1
3971 1043 -1
4860 1044 -1
4563 1044 -1
4266 1044 -1
4860 1045 -1
4563 1045 -1
4860 1046 -1
10165 1047 1
4564 1047 -1
4267 1047 -1
10166 1048 1
4861 1048 -1
4564 1048 -1
10167 1049 1
4861 1049 -1
3424 1050 -1
3153 1050 -1
2889 1050 -1
2636 1050 -1
3972 1051 -1
3698 1051 -1
3424 1051 -1
3153 1051 -1
4268 1052 -1
3972 1052 -1
3698 1052 -1
3424 1052 -1
4862 1053 -1
4565 1053 -1
4268 1053 -1
3972 1053 -1
4862 1054 -1
4565 1054 -1
4268 1054 -1
4862 1055 -1
4565 1055 -1
3425 1056 -1
3154 1056 -1
2890 1056 -1
2637 1056 -1
3699 1057 -1
3425 1057 -1
3154 1057 -1
2890 1057 -1
3973 1058 -1
3699 1058 -1
3425 1058 -1
3154 1058 -1
4269 1059 -1
3973 1059 -1
3699 1059 -1
3425 1059 -1
4566 1060 -1
4269 1060 -1
3973 1060 -1
3699 1060 -1
4863 1061 -1
4566 1061 -1
4269 1061 -1
3973 1061 -1
4863 1062 -1
4566 1062 -1
4269 1062 -1
4863 1063 -1
4566 1063 -1
3426 1064 -1
3155 1064 -1
2891 1064 -1
2638 1064 -1
3700 1065 -1
3426 1065 -1
3155 1065 -1
2891 1065 -1
4864 1066 -1
4567 1066 -1
4270 1066 -1
4864 1067 -1
4567 1067 -1
4864 1068 -1
3701 1069 -1
3427 1069 -1
3156 1069 -1
2892 1069 -1
4271 1070 -1
3975 1070 -1
3701 1070 -1
3427 1070 -1
4568 1071 -1
4271 1071 -1
3975 1071 -1
3701 1071 -1
4865 1072 -1
4568 1072 -1
4271 1072 -1
3975 1072 -1
4865 1073 -1
4568 1073 -1
4271 1073 -1
4865 1074 -1
4568 1074 -1
4865 1075 -1
3428 1076 -1
3157 1076 -1
2893 1076 -1
2640 1076 -1
3702 1077 -1
3428 1077 -1
3157 1077 -1
2893 1077 -1
3976 1078 -1
3702 1078 -1
3428 1078 -1
3157 1078 -1
4272 1079 -1
3976 1079 -1
3702 1079 -1
3428 1079 -1
4569 1080 -1
4272 1080 -1
3976 1080 -1
3702 1080 -1
4866 1081 -1
4569 1081 -1
4272 1081 -1
3976 1081 -1
3977 1082 -1
3703 1082 -1
3429 1082 -1
3158 1082 -1
4273 1083 -1
3977 1083 -1
3703 1083 -1
3429 1083 -1
4570 1084 -1
4273 1084 -1
3977 1084 -1
3703 1084 -1
4867 1085 -1
4570 1085 -1
4273 1085 -1
3977 1085 -1
4867 1086 -1
4570 1086 -1
4273 1086 -1
4867 1087 -1
4570 1087 -1
4867 1088 -1
3430 1089 -1
3159 1089 -1
2895 1089 -1
2642 1089 -1
3978 1090 -1
3704 1090 -1
3430 1090 -1
3159 1090 -1
4571 1091 -1
4274 1091 -1
3978 1091 -1
3704 1091 -1
4868 1092 -1
4571 1092 -1
4274 1092 -1
2643 1093 -1
2896 1094 -1
3160 1095 -1
3431 1096 -1
3705 1097 -1
3979 1098 -1
4275 1099 -1
4572 1100 -1
4869 1101 -1
2644 1102 -1
2897 1103 -1
3161 1104 -1
3432 1105 -1
3706 1106 -1
3980 1107 -1
4276 1108 -1
4573 1109 -1
4870 1110 -1
2645 1111 -1
2898 1112 -1
3162 1113 -1
3433 1114 -1
3707 1115 -1
3981 1116 -1
4277 1117 -1
4574 1118 -1
4871 1119 -1
2646 1120 -1
2899 1121 -1
3163 1122 -1
3434 1123 -1
3708 1124 -1
3982 1125 -1
4278 1126 -1
4575 1127 -1
4872 1128 -1
2647 1129 -1
2900 1130 -1
3164 1131 -1
3435 1132 -1
3709 1133 -1
3983 1134 -1
4279 1135 -1
4576 1136 -1
4873 1137 -1
2648 1138 -1
2901 1139 -1
3165 1140 -1
3436 1141 -1
3710 1142 -1
3984 1143 -1
4280 1144 -1
4577 1145 -1
4874 1146 -1
2649 1147 -1
2902 1148 -1
3166 1149 -1
3437 1150 -1
3711 1151 -1
3985 1152 -1
4281 1153 -1
4578 1154 -1
4875 1155 -1
2650 1156 -1
2903 1157 -1
3167 1158 -1
3438 1159 -1
3712 1160 -1
3986 1161 -1
4282 1162 -1
4579 1163 -1
4876 1164 -1
2651 1165 -1
2904 1166 -1
3168 1167 -1
3439 1168 -1
3713 1169 -1
3987 1170 -1
4283 1171 -1
4580 1172 -1
4877 1173 -1
2652 1174 -1
2905 1175 -1
3169 1176 -1
3440 1177 -1
3714 1178 -1
3988 1179 -1
4284 1180 -1
4581 1181 -1
4878 1182 -1
2653 1183 -1
2906 1184 -1
3170 1185 -1
3441 1186 -1
3715 1187 -1
3989 1188 -1
4285 1189 -1
4582 1190 -1
4879 1191 -1
2654 1192 -1
2907 1193 -1
3171 1194 -1
3442 1195 -1
3716 1196 -1
3990 1197 -1
4286 1198 -1
4583 1199 -1
4880 1200 -1
2655 1201 -1
2908 1202 -1
3172 1203 -1
3443 1204 -1
3717 1205 -1
3991 1206 -1
4287 1207 -1
4584 1208 -1
4881 1209 -1
2656 1210 -1
2909 1211 -1
3173 1212 -1
3444 1213 -1
3718 1214 -1
3992 1215 -1
4288 1216 -1
4585 1217 -1
4882 1218 -1
2657 1219 -1
2910 1220 -1
3174 1221 -1
3445 1222 -1
3719 1223 -1
3993 1224 -1
4289 1225 -1
4586 1226 -1
4883 1227 -1
3994 1228 -1
3720 1228 -1
3446 1228 -1
3175 1228 -1
2911 1228 -1
2658 1228 -1
4290 1229 -1
3994 1229 -1
3720 1229 -1
3446 1229 -1
3175 1229 -1
2911 1229 -1
4587 1230 -1
4290 1230 -1
3994 1230 -1
3720 1230 -1
3446 1230 -1
3175 1230 -1
4884 1231 -1
4587 1231 -1
4290 1231 -1
3994 1231 -1
3720 1231 -1
3446 1231 -1
4884 1232 -1
4587 1232 -1
4290 1232 -1
3994 1232 -1
3995 1233 -1
3721 1233 -1
3447 1233 -1
3176 1233 -1
2912 1233 -1
2659 1233 -1
4291 1234 -1
3995 1234 -1
3721 1234 -1
3447 1234 -1
3176 1234 -1
2912 1234 -1
4588 1235 -1
4291 1235 -1
3995 1235 -1
3721 1235 -1
3447 1235 -1
3176 1235 -1
4885 1236 -1
4588 1236 -1
4291 1236 -1
3995 1236 -1
3721 1236 -1
3447 1236 -1
4885 1237 -1
4588 1237 -1
4291 1237 -1
3995 1237 -1
3721 1237 -1
4885 1238 -1
4588 1238 -1
4291 1238 -1
3995 1238 -1
4885 1239 -1
3996 1240 -1
3722 1240 -1
3448 1240 -1
3177 1240 -1
2913 1240 -1
2660 1240 -1
4292 1241 -1
3996 1241 -1
3722 1241 -1
3448 1241 -1
3177 1241 -1
2913 1241 -1
4589 1242 -1
4292 1242 -1
3996 1242 -1
3722 1242 -1
3448 1242 -1
3177 1242 -1
4886 1243 -1
3997 1244 -1
3723 1244 -1
3449 1244 -1
3178 1244 -1
2914 1244 -1
2661 1244 -1
4293 1245 -1
3997 1245 -1
3723 1245 -1
3449 1245 -1
3178 1245 -1
2914 1245 -1
4590 1246 -1
4293 1246 -1
3997 1246 -1
3723 1246 -1
3449 1246 -1
3178 1246 -1
4887 1247 -1
4590 1247 -1
4293 1247 -1
3997 1247 -1
3723 1247 -1
3449 1247 -1
4887 1248 -1
4590 1248 -1
4293 1248 -1
3997 1248 -1
3723 1248 -1
4887 1249 -1
4590 1249 -1
4293 1249 -1
3997 1249 -1
4887 1250 -1
4590 1250 -1
4887 1251 -1
3998 1252 -1
3724 1252 -1
3450 1252 -1
3179 1252 -1
2915 1252 -1
2662 1252 -1
4294 1253 -1
3998 1253 -1
3724 1253 -1
3450 1253 -1
3179 1253 -1
2915 1253 -1
4591 1254 -1
4294 1254 -1
3998 1254 -1
3724 1254 -1
3450 1254 -1
3179 1254 -1
4888 1255 -1
4591 1255 -1
4294 1255 -1
3998 1255 -1
3724 1255 -1
3450 1255 -1
4888 1256 -1
4591 1256 -1
4294 1256 -1
3998 1256 -1
3724 1256 -1
4888 1257 -1
4591 1257 -1
4294 1257 -1
4888 1258 -1
4591 1258 -1
4888 1259 -1
3999 1260 -1
3725 1260 -1
3451 1260 -1
3180 1260 -1
2916 1260 -1
2663 1260 -1
4295 1261 -1
3999 1261 -1
3725 1261 -1
3451 1261 -1
3180 1261 -1
2916 1261 -1
4592 1262 -1
4295 1262 -1
3999 1262 -1
3725 1262 -1
3451 1262 -1
3180 1262 -1
4889 1263 -1
4592 1263 -1
4295 1263 -1
3999 1263 -1
3725 1263 -1
3451 1263 -1
4889 1264 -1
4592 1264 -1
4295 1264 -1
3999 1264 -1
3725 1264 -1
4889 1265 -1
4592 1265 -1
4295 1265 -1
3999 1265 -1
4889 1266 -1
4592 1266 -1
4295 1266 -1
4889 1267 -1
4592 1267 -1
4889 1268 -1
4000 1269 -1
3726 1269 -1
3452 1269 -1
3181 1269 -1
2917 1269 -1
2664 1269 -1
4296 1270 -1
4000 1270 -1
3726 1270 -1
3452 1270 -1
3181 1270 -1
2917 1270 -1
4593 1271 -1
4296 1271 -1
4000 1271 -1
3726 1271 -1
3452 1271 -1
3181 1271 -1
4890 1272 -1
2665 1273 -1
2918 1274 -1
3182 1275 -1
3453 1276 -1
3727 1277 -1
4001 1278 -1
4297 1279 -1
4594 1280 -1
4891 1281 -1
2666 1282 -1
2919 1283 -1
3183 1284 -1
3454 1285 -1
3728 1286 -1
4002 1287 -1
4298 1288 -1
4595 1289 -1
4892 1290 -1
2667 1291 -1
2920 1292 -1
3184 1293 -1
3729 1294 -1
4003 1295 -1
4299 1296 -1
4596 1297 -1
4893 1298 -1
2668 1299 -1
2921 1300 -1
3185 1301 -1
3456 1302 -1
3730 1303 -1
4004 1304 -1
4300 1305 -1
4597 1306 -1
4894 1307 -1
3457 1308 -1
3186 1308 -1
2922 1308 -1
2669 1308 -1
3731 1309 -1
3457 1309 -1
3186 1309 -1
2922 1309 -1
4005 1310 -1
3731 1310 -1
3457 1310 -1
3186 1310 -1
4301 1311 -1
4005 1311 -1
3731 1311 -1
3457 1311 -1
4598 1312 -1
4301 1312 -1
4005 1312 -1
3731 1312 -1
4895 1313 -1
4598 1313 -1
4301 1313 -1
4005 1313 -1
4895 1314 -1
4598 1314 -1
4301 1314 -1
4895 1315 -1
4598 1315 -1
4895 1316 -1
2671 1317 -1
2924 1318 -1
3188 1319 -1
3459 1320 -1
3733 1321 -1
4007 1322 -1
4303 1323 -1
4600 1324 -1
4897 1325 -1
2672 1326 -1
2925 1327 -1
3189 1328 -1
3460 1329 -1
3734 1330 -1
4008 1331 -1
4304 1332 -1
4601 1333 -1
4898 1334 -1
2673 1335 -1
2926 1336 -1
3190 1337 -1
3461 1338 -1
3735 1339 -1
4009 1340 -1
4305 1341 -1
4602 1342 -1
4899 1343 -1
2674 1344 -1
2927 1345 -1
3191 1346 -1
3462 1347 -1
3736 1348 -1
4010 1349 -1
4306 1350 -1
4603 1351 -1
4900 1352 -1
2675 1353 -1
2928 1354 -1
3192 1355 -1
3463 1356 -1
3737 1357 -1
4011 1358 -1
4307 1359 -1
4604 1360 -1
4901 1361 -1
2676 1362 -1
2929 1363 -1
3193 1364 -1
3464 1365 -1
3738 1366 -1
4012 1367 -1
4308 1368 -1
4605 1369 -1
4902 1370 -1
2677 1371 -1
2930 1372 -1
3194 1373 -1
3465 1374 -1
3739 1375 -1
4013 1376 -1
4309 1377 -1
4606 1378 -1
4903 1379 -1
2678 1380 -1
2931 1381 -1
3195 1382 -1
3466 1383 -1
3740 1384 -1
4014 1385 -1
4310 1386 -1
4607 1387 -1
4904 1388 -1
2679 1389 -1
2932 1390 -1
3196 1391 -1
3467 1392 -1
3741 1393 -1
4015 1394 -1
4311 1395 -1
4608 1396 -1
4905 1397 -1
2680 1398 -1
2933 1399 -1
3197 1400 -1
3468 1401 -1
3742 1402 -1
4016 1403 -1
4312 1404 -1
4609 1405 -1
4906 1406 -1
2681 1407 -1
2934 1408 -1
3198 1409 -1
3469 1410 -1
3743 1411 -1
4017 1412 -1
4313 1413 -1
4610 1414 -1
4907 1415 -1
2682 1416 -1
2935 1417 -1
3199 1418 -1
3470 1419 -1
3744 1420 -1
4018 1421 -1
4314 1422 -1
4611 1423 -1
4908 1424 -1
3471 1425 -1
3200 1425 -1
4019 1426 -1
3745 1426 -1
4612 1427 -1
4315 1427 -1
4909 1428 -1
10079 1429 -1
4020 1429 -1
3746 1429 -1
3472 1429 -1
3201 1429 -1
2936 1429 -1
2683 1429 -1
10080 1430 -1
4316 1430 -1
4020 1430 -1
3746 1430 -1
3472 1430 -1
3201 1430 -1
2936 1430 -1
4910 1431 -1
4613 1431 -1
4316 1431 -1
4910 1432 -1
4317 1433 -1
4021 1433 -1
10079 1434 1
4614 1434 -1
4317 1434 -1
10081 1435 1
4911 1435 -1
2684 1436 -1
2937 1437 -1
3202 1438 -1
3473 1439 -1
3747 1440 -1
4022 1441 -1
4318 1442 -1
4615 1443 -1
4912 1444 -1
2938 1445 -1
2685 1445 -1
3203 1446 -1
2938 1446 -1
3474 1447 -1
3203 1447 -1
2687 1448 -1
2940 1449 -1
3205 1450 -1
3476 1451 -1
3750 1452 -1
4026 1453 -1
4322 1454 -1
4619 1455 -1
4916 1456 -1
3751 1457 -1
3477 1457 -1
4027 1458 -1
3751 1458 -1
4323 1459 -1
4027 1459 -1
4917 1460 -1
4620 1460 -1
4918 1461 -1
4621 1461 -1
4324 1461 -1
4028 1461 -1
3752 1461 -1
3478 1461 -1
4918 1462 -1
4621 1462 -1
4324 1462 -1
4028 1462 -1
4918 1463 -1
4621 1463 -1
4918 1464 -1
10076 1465 1
4622 1465 -1
4325 1465 -1
2689 1466 -1
2942 1467 -1
3207 1468 -1
3479 1469 -1
3753 1470 -1
4029 1471 -1
4326 1472 -1
4623 1473 -1
4920 1474 -1
10092 1475 -1
4328 1475 -1
4031 1475 -1
3755 1475 -1
3481 1475 -1
3209 1475 -1
2944 1475 -1
10093 1476 -1
4625 1476 -1
4328 1476 -1
4031 1476 -1
3755 1476 -1
3481 1476 -1
3209 1476 -1
4922 1477 -1
2692 1478 -1
2945 1479 -1
3210 1480 -1
3482 1481 -1
3756 1482 -1
4033 1483 -1
4330 1484 -1
4627 1485 -1
4924 1486 -1
2695 1487 -1
2948 1488 -1
3213 1489 -1
3485 1490 -1
3759 1491 -1
4037 1492 -1
4334 1493 -1
4631 1494 -1
4928 1495 -1
2949 1496 -1
2696 1496 -1
3214 1497 -1
2949 1497 -1
3486 1498 -1
3214 1498 -1
3760 1499 -1
3486 1499 -1
4038 1500 -1
3760 1500 -1
4335 1501 -1
4038 1501 -1
4929 1502 -1
4632 1502 -1
10082 1503 -1
4039 1503 -1
3761 1503 -1
3487 1503 -1
3215 1503 -1
2950 1503 -1
2697 1503 -1
10083 1504 -1
4336 1504 -1
4039 1504 -1
3761 1504 -1
3487 1504 -1
3215 1504 -1
2950 1504 -1
4930 1505 -1
4633 1505 -1
4336 1505 -1
4039 1505 -1
3761 1505 -1
3487 1505 -1
4930 1506 -1
4633 1506 -1
4336 1506 -1
4039 1506 -1
4930 1507 -1
4633 1507 -1
4930 1508 -1
4337 1509 -1
4040 1509 -1
10082 1510 1
4634 1510 -1
4337 1510 -1
10083 1511 1
4931 1511 -1
4634 1511 -1
3488 1512 -1
3216 1512 -1
2951 1512 -1
2698 1512 -1
3762 1513 -1
3488 1513 -1
3216 1513 -1
2951 1513 -1
4338 1514 -1
4041 1514 -1
3762 1514 -1
3488 1514 -1
4635 1515 -1
4338 1515 -1
4041 1515 -1
3762 1515 -1
4932 1516 -1
4635 1516 -1
4338 1516 -1
4041 1516 -1
4932 1517 -1
4635 1517 -1
4338 1517 -1
4932 1518 -1
3489 1519 -1
3217 1519 -1
2952 1519 -1
2699 1519 -1
4636 1520 -1
4339 1520 -1
4042 1520 -1
3763 1520 -1
4933 1521 -1
4636 1521 -1
4339 1521 -1
4042 1521 -1
3490 1522 -1
3218 1522 -1
2953 1522 -1
2700 1522 -1
4043 1523 -1
3764 1523 -1
3490 1523 -1
3218 1523 -1
4637 1524 -1
4340 1524 -1
4043 1524 -1
3764 1524 -1
4934 1525 -1
4637 1525 -1
4340 1525 -1
4934 1526 -1
4637 1526 -1
4934 1527 -1
3491 1528 -1
3219 1528 -1
2954 1528 -1
2701 1528 -1
4638 1529 -1
4341 1529 -1
4044 1529 -1
3765 1529 -1
4935 1530 -1
4638 1530 -1
4341 1530 -1
4044 1530 -1
2702 1531 -1
2955 1532 -1
3220 1533 -1
3492 1534 -1
3766 1535 -1
4045 1536 -1
4342 1537 -1
4639 1538 -1
4936 1539 -1
2703 1540 -1
2956 1541 -1
3221 1542 -1
3493 1543 -1
3767 1544 -1
4046 1545 -1
4343 1546 -1
4640 1547 -1
4937 1548 -1
4047 1549 -1
3768 1549 -1
3494 1549 -1
3222 1549 -1
4344 1550 -1
4047 1550 -1
3768 1550 -1
3494 1550 -1
4641 1551 -1
4344 1551 -1
4047 1551 -1
3768 1551 -1
4938 1552 -1
4641 1552 -1
4344 1552 -1
4938 1553 -1
3495 1554 -1
3223 1554 -1
2958 1554 -1
2705 1554 -1
3769 1555 -1
3495 1555 -1
3223 1555 -1
2958 1555 -1
4048 1556 -1
3769 1556 -1
3495 1556 -1
3223 1556 -1
4345 1557 -1
4048 1557 -1
3769 1557 -1
3495 1557 -1
4642 1558 -1
4345 1558 -1
4048 1558 -1
3769 1558 -1
4939 1559 -1
4642 1559 -1
4345 1559 -1
4048 1559 -1
4939 1560 -1
4642 1560 -1
4345 1560 -1
4939 1561 -1
4642 1561 -1
4939 1562 -1
4049 1563 -1
3770 1563 -1
3496 1563 -1
3224 1563 -1
4346 1564 -1
4049 1564 -1
3770 1564 -1
3496 1564 -1
4643 1565 -1
4346 1565 -1
4049 1565 -1
3770 1565 -1
4940 1566 -1
4643 1566 -1
4346 1566 -1
4940 1567 -1
4643 1567 -1
4940 1568 -1
3497 1569 -1
3225 1569 -1
2960 1569 -1
2707 1569 -1
3771 1570 -1
3497 1570 -1
3225 1570 -1
2960 1570 -1
4050 1571 -1
3771 1571 -1
3497 1571 -1
3225 1571 -1
4347 1572 -1
4050 1572 -1
3771 1572 -1
3497 1572 -1
4644 1573 -1
4347 1573 -1
4050 1573 -1
3771 1573 -1
4941 1574 -1
4644 1574 -1
4347 1574 -1
4050 1574 -1
4941 1575 -1
4644 1575 -1
4347 1575 -1
4941 1576 -1
4644 1576 -1
4051 1577 -1
3772 1577 -1
3498 1577 -1
3226 1577 -1
4348 1578 -1
4051 1578 -1
3772 1578 -1
3498 1578 -1
4645 1579 -1
4348 1579 -1
4051 1579 -1
3772 1579 -1
4942 1580 -1
4645 1580 -1
4348 1580 -1
4051 1580 -1
4942 1581 -1
4645 1581 -1
4348 1581 -1
4942 1582 -1
3499 1583 -1
3227 1583 -1
2962 1583 -1
2709 1583 -1
3773 1584 -1
3499 1584 -1
3227 1584 -1
2962 1584 -1
4052 1585 -1
3773 1585 -1
3499 1585 -1
3227 1585 -1
4349 1586 -1
4052 1586 -1
3773 1586 -1
3499 1586 -1
4646 1587 -1
4349 1587 -1
4052 1587 -1
3773 1587 -1
4943 1588 -1
4646 1588 -1
4349 1588 -1
4052 1588 -1
4943 1589 -1
4646 1589 -1
4349 1589 -1
4943 1590 -1
4646 1590 -1
4943 1591 -1
3500 1592 -1
3228 1592 -1
2963 1592 -1
2710 1592 -1
3774 1593 -1
3500 1593 -1
3228 1593 -1
2963 1593 -1
4053 1594 -1
3774 1594 -1
3500 1594 -1
3228 1594 -1
4350 1595 -1
4053 1595 -1
3774 1595 -1
3500 1595 -1
4647 1596 -1
4350 1596 -1
4053 1596 -1
3774 1596 -1
4944 1597 -1
4647 1597 -1
4350 1597 -1
4053 1597 -1
4944 1598 -1
4647 1598 -1
4350 1598 -1
4944 1599 -1
4647 1599 -1
4944 1600 -1
2711 1601 -1
2964 1602 -1
3229 1603 -1
3501 1604 -1
3775 1605 -1
4054 1606 -1
4351 1607 -1
4648 1608 -1
4945 1609 -1
3502 1610 -1
3230 1610 -1
2965 1610 -1
2712 1610 -1
3776 1611 -1
3502 1611 -1
3230 1611 -1
2965 1611 -1
4055 1612 -1
3776 1612 -1
3502 1612 -1
3230 1612 -1
4352 1613 -1
4055 1613 -1
3776 1613 -1
3502 1613 -1
4649 1614 -1
4352 1614 -1
4055 1614 -1
3776 1614 -1
4946 1615 -1
4649 1615 -1
4352 1615 -1
4055 1615 -1
4946 1616 -1
4649 1616 -1
4352 1616 -1
4946 1617 -1
4649 1617 -1
4946 1618 -1
3503 1619 -1
3231 1619 -1
2966 1619 -1
2713 1619 -1
3777 1620 -1
3503 1620 -1
3231 1620 -1
2966 1620 -1
4056 1621 -1
3777 1621 -1
3503 1621 -1
3231 1621 -1
4353 1622 -1
4056 1622 -1
3777 1622 -1
3503 1622 -1
4650 1623 -1
4353 1623 -1
4056 1623 -1
3777 1623 -1
4947 1624 -1
4650 1624 -1
4353 1624 -1
4056 1624 -1
4947 1625 -1
4650 1625 -1
4353 1625 -1
4947 1626 -1
4650 1626 -1
4947 1627 -1
3504 1628 -1
3232 1628 -1
2967 1628 -1
3778 1629 -1
3504 1629 -1
3232 1629 -1
4057 1630 -1
3778 1630 -1
3504 1630 -1
4354 1631 -1
4057 1631 -1
3778 1631 -1
4651 1632 -1
4354 1632 -1
4057 1632 -1
4948 1633 -1
4651 1633 -1
4354 1633 -1
4948 1634 -1
4651 1634 -1
4948 1635 -1
4058 1636 -1
3779 1636 -1
3505 1636 -1
4355 1637 -1
4058 1637 -1
3779 1637 -1
4949 1638 -1
4652 1638 -1
4949 1639 -1
3780 1640 -1
3506 1640 -1
3234 1640 -1
4059 1641 -1
3780 1641 -1
3506 1641 -1
4356 1642 -1
4059 1642 -1
3780 1642 -1
4653 1643 -1
4356 1643 -1
4059 1643 -1
4950 1644 -1
4653 1644 -1
4356 1644 -1
4950 1645 -1
3235 1646 -1
2970 1646 -1
2717 1646 -1
3507 1647 -1
3235 1647 -1
2970 1647 -1
3781 1648 -1
3507 1648 -1
3235 1648 -1
4060 1649 -1
3781 1649 -1
3507 1649 -1
4357 1650 -1
4060 1650 -1
3781 1650 -1
4654 1651 -1
4357 1651 -1
4060 1651 -1
4951 1652 -1
4654 1652 -1
4357 1652 -1
4951 1653 -1
4654 1653 -1
4951 1654 -1
3236 1655 -1
2971 1655 -1
2718 1655 -1
3508 1656 -1
3236 1656 -1
2971 1656 -1
3782 1657 -1
3508 1657 -1
3236 1657 -1
4061 1658 -1
3782 1658 -1
3508 1658 -1
4358 1659 -1
4061 1659 -1
3782 1659 -1
4655 1660 -1
4358 1660 -1
4061 1660 -1
4952 1661 -1
4655 1661 -1
4358 1661 -1
4952 1662 -1
4655 1662 -1
4952 1663 -1
3237 1664 -1
2972 1664 -1
2719 1664 -1
3509 1665 -1
3237 1665 -1
2972 1665 -1
3783 1666 -1
3509 1666 -1
3237 1666 -1
4062 1667 -1
3783 1667 -1
3509 1667 -1
4359 1668 -1
4062 1668 -1
3783 1668 -1
4656 1669 -1
4359 1669 -1
4062 1669 -1
4953 1670 -1
4656 1670 -1
4359 1670 -1
4953 1671 -1
4656 1671 -1
4953 1672 -1
3510 1673 -1
3238 1673 -1
2973 1673 -1
3784 1674 -1
3510 1674 -1
3238 1674 -1
4063 1675 -1
3784 1675 -1
3510 1675 -1
4657 1676 -1
4360 1676 -1
4063 1676 -1
4954 1677 -1
4657 1677 -1
4360 1677 -1
4954 1678 -1
4657 1678 -1
4954 1679 -1
4064 1680 -1
3785 1680 -1
3511 1680 -1
4361 1681 -1
4064 1681 -1
3785 1681 -1
4955 1682 -1
4658 1682 -1
4955 1683 -1
3240 1684 -1
2975 1684 -1
2721 1684 -1
3512 1685 -1
3240 1685 -1
2975 1685 -1
3786 1686 -1
3512 1686 -1
3240 1686 -1
4065 1687 -1
3786 1687 -1
3512 1687 -1
4362 1688 -1
4065 1688 -1
3786 1688 -1
4659 1689 -1
4362 1689 -1
4065 1689 -1
4956 1690 -1
4659 1690 -1
4362 1690 -1
4956 1691 -1
4659 1691 -1
4956 1692 -1
4066 1693 -1
3787 1693 -1
3513 1693 -1
4363 1694 -1
4066 1694 -1
3787 1694 -1
4660 1695 -1
4363 1695 -1
4066 1695 -1
4957 1696 -1
4660 1696 -1
4363 1696 -1
4957 1697 -1
4660 1697 -1
4067 1698 -1
3788 1698 -1
3514 1698 -1
4364 1699 -1
4067 1699 -1
3788 1699 -1
4661 1700 -1
4364 1700 -1
4067 1700 -1
4958 1701 -1
4661 1701 -1
4958 1702 -1
2978 1703 -1
3243 1704 -1
3515 1705 -1
3789 1706 -1
4068 1707 -1
4365 1708 -1
4662 1709 -1
4959 1710 -1
3516 1711 -1
3244 1711 -1
2979 1711 -1
4069 1712 -1
3790 1712 -1
3516 1712 -1
4663 1713 -1
4366 1713 -1
4069 1713 -1
4960 1714 -1
4663 1714 -1
4366 1714 -1
4960 1715 -1
2980 1716 -1
3245 1717 -1
3517 1718 -1
3791 1719 -1
4070 1720 -1
4367 1721 -1
4664 1722 -1
4961 1723 -1
3518 1724 -1
3246 1724 -1
2981 1724 -1
2725 1724 -1
3792 1725 -1
3518 1725 -1
3246 1725 -1
2981 1725 -1
4071 1726 -1
3792 1726 -1
3518 1726 -1
3246 1726 -1
4368 1727 -1
4071 1727 -1
3792 1727 -1
3518 1727 -1
4665 1728 -1
4368 1728 -1
4071 1728 -1
3792 1728 -1
4962 1729 -1
4665 1729 -1
4368 1729 -1
4071 1729 -1
4962 1730 -1
4665 1730 -1
4368 1730 -1
4962 1731 -1
4665 1731 -1
4962 1732 -1
4666 1733 -1
4369 1733 -1
4072 1733 -1
3793 1733 -1
4667 1734 -1
4370 1734 -1
4073 1734 -1
3794 1734 -1
3520 1734 -1
3795 1735 -1
3521 1735 -1
3249 1735 -1
2984 1735 -1
2728 1735 -1
2729 1736 -1
2985 1737 -1
3250 1738 -1
3522 1739 -1
3796 1740 -1
4075 1741 -1
4372 1742 -1
4669 1743 -1
4966 1744 -1
4375 1745 -1
4078 1745 -1
3799 1745 -1
3525 1745 -1
3253 1745 -1
2988 1745 -1
4969 1746 -1
4672 1746 -1
4375 1746 -1
4078 1746 -1
3799 1746 -1
3525 1746 -1
4969 1747 -1
4672 1747 -1
4375 1747 -1
4969 1748 -1
4672 1748 -1
4969 1749 -1
4673 1750 -1
4376 1750 -1
4079 1750 -1
3800 1750 -1
3526 1750 -1
3254 1750 -1
4675 1751 -1
4378 1751 -1
4081 1751 -1
3802 1751 -1
3528 1751 -1
3256 1751 -1
4972 1752 -1
4675 1752 -1
4378 1752 -1
4081 1752 -1
3802 1752 -1
3528 1752 -1
4379 1753 -1
4082 1753 -1
3803 1753 -1
3529 1753 -1
3257 1753 -1
2992 1753 -1
4676 1754 -1
4379 1754 -1
4082 1754 -1
3803 1754 -1
3529 1754 -1
3257 1754 -1
4973 1755 -1
4676 1755 -1
4379 1755 -1
4082 1755 -1
3803 1755 -1
3529 1755 -1
4973 1756 -1
4676 1756 -1
4379 1756 -1
4082 1756 -1
3803 1756 -1
4973 1757 -1
4676 1757 -1
4379 1757 -1
4087 1758 -1
3808 1758 -1
3534 1758 -1
3262 1758 -1
2997 1758 -1
2741 1758 -1
4681 1759 -1
4384 1759 -1
4087 1759 -1
3808 1759 -1
3534 1759 -1
3262 1759 -1
4978 1760 -1
4681 1760 -1
4384 1760 -1
4087 1760 -1
3808 1760 -1
3534 1760 -1
4978 1761 -1
4681 1761 -1
4384 1761 -1
4087 1761 -1
4978 1762 -1
4681 1762 -1
4384 1762 -1
4978 1763 -1
4681 1763 -1
4978 1764 -1
4979 1765 -1
4682 1765 -1
4385 1765 -1
4979 1766 -1
4683 1767 -1
2744 1768 -1
3000 1769 -1
3265 1770 -1
3537 1771 -1
3811 1772 -1
4090 1773 -1
4387 1774 -1
4684 1775 -1
4981 1776 -1
3812 1777 -1
3538 1777 -1
3266 1777 -1
3001 1777 -1
4388 1778 -1
4091 1778 -1
3812 1778 -1
3538 1778 -1
4982 1779 -1
4685 1779 -1
4388 1779 -1
4982 1780 -1
4685 1780 -1
4092 1781 -1
3813 1781 -1
3539 1781 -1
3267 1781 -1
4686 1782 -1
4389 1782 -1
4092 1782 -1
3813 1782 -1
4983 1783 -1
4686 1783 -1
4389 1783 -1
4983 1784 -1
4686 1784 -1
4984 1785 -1
4687 1785 -1
4390 1785 -1
4093 1785 -1
3814 1785 -1
3540 1785 -1
4984 1786 -1
4687 1786 -1
4390 1786 -1
4093 1786 -1
4984 1787 -1
4687 1787 -1
4985 1788 -1
4688 1788 -1
4391 1788 -1
4094 1788 -1
3815 1788 -1
3541 1788 -1
4985 1789 -1
4688 1789 -1
4391 1789 -1
4986 1790 -1
4689 1790 -1
4392 1790 -1
4986 1791 -1
4689 1791 -1
4986 1792 -1
4096 1793 -1
3817 1793 -1
3543 1793 -1
3271 1793 -1
3006 1793 -1
2750 1793 -1
4393 1794 -1
4096 1794 -1
3817 1794 -1
3543 1794 -1
3271 1794 -1
3006 1794 -1
4987 1795 -1
4690 1795 -1
4393 1795 -1
4987 1796 -1
4690 1796 -1
4987 1797 -1
4988 1798 -1
3545 1799 -1
3273 1799 -1
3008 1799 -1
2752 1799 -1
3819 1800 -1
3545 1800 -1
3273 1800 -1
3008 1800 -1
4098 1801 -1
3819 1801 -1
3545 1801 -1
3273 1801 -1
4692 1802 -1
4395 1802 -1
4098 1802 -1
3819 1802 -1
4989 1803 -1
4692 1803 -1
4395 1803 -1
3546 1804 -1
3274 1804 -1
3009 1804 -1
2753 1804 -1
4693 1805 -1
4396 1805 -1
4099 1805 -1
3820 1805 -1
4990 1806 -1
4693 1806 -1
4396 1806 -1
4099 1806 -1
4990 1807 -1
4693 1807 -1
4396 1807 -1
3547 1808 -1
3275 1808 -1
3010 1808 -1
2754 1808 -1
3821 1809 -1
3547 1809 -1
3275 1809 -1
3010 1809 -1
4100 1810 -1
3821 1810 -1
3547 1810 -1
3275 1810 -1
4397 1811 -1
4100 1811 -1
3821 1811 -1
3547 1811 -1
4991 1812 -1
4694 1812 -1
4397 1812 -1
4100 1812 -1
4991 1813 -1
4694 1813 -1
4397 1813 -1
4991 1814 -1
4694 1814 -1
3548 1815 -1
3276 1815 -1
3011 1815 -1
2755 1815 -1
4101 1816 -1
3822 1816 -1
3548 1816 -1
3276 1816 -1
4992 1817 -1
4695 1817 -1
4398 1817 -1
4101 1817 -1
3823 1818 -1
3549 1818 -1
3277 1818 -1
3012 1818 -1
4102 1819 -1
3823 1819 -1
3549 1819 -1
3277 1819 -1
4993 1820 -1
4696 1820 -1
4399 1820 -1
4102 1820 -1
3550 1821 -1
3278 1821 -1
3013 1821 -1
2756 1821 -1
3824 1822 -1
3550 1822 -1
3278 1822 -1
3013 1822 -1
4103 1823 -1
3824 1823 -1
3550 1823 -1
3278 1823 -1
4400 1824 -1
4103 1824 -1
3824 1824 -1
3550 1824 -1
4697 1825 -1
4400 1825 -1
4103 1825 -1
3824 1825 -1
4994 1826 -1
4697 1826 -1
4400 1826 -1
4103 1826 -1
4994 1827 -1
4697 1827 -1
4400 1827 -1
4994 1828 -1
4697 1828 -1
4994 1829 -1
3551 1830 -1
3279 1830 -1
3014 1830 -1
2757 1830 -1
4104 1831 -1
3825 1831 -1
3551 1831 -1
3279 1831 -1
4995 1832 -1
4698 1832 -1
4401 1832 -1
4995 1833 -1
3552 1834 -1
3280 1834 -1
3015 1834 -1
2758 1834 -1
3826 1835 -1
3552 1835 -1
3280 1835 -1
3015 1835 -1
4402 1836 -1
4105 1836 -1
3826 1836 -1
3552 1836 -1
4699 1837 -1
4402 1837 -1
4105 1837 -1
3826 1837 -1
4996 1838 -1
4699 1838 -1
4402 1838 -1
4105 1838 -1
3553 1839 -1
3281 1839 -1
3016 1839 -1
2759 1839 -1
4700 1840 -1
4403 1840 -1
4106 1840 -1
3827 1840 -1
4997 1841 -1
4700 1841 -1
4403 1841 -1
4997 1842 -1
4700 1842 -1
4997 1843 -1
4107 1844 -1
3828 1844 -1
3554 1844 -1
3282 1844 -1
4404 1845 -1
4107 1845 -1
3828 1845 -1
3554 1845 -1
4998 1846 -1
4701 1846 -1
4404 1846 -1
4107 1846 -1
4998 1847 -1
4701 1847 -1
4998 1848 -1
3555 1849 -1
3283 1849 -1
3018 1849 -1
2761 1849 -1
4405 1850 -1
4108 1850 -1
3829 1850 -1
3555 1850 -1
4702 1851 -1
4405 1851 -1
4108 1851 -1
3829 1851 -1
4999 1852 -1
4406 1853 -1
4109 1853 -1
3830 1853 -1
3556 1853 -1
5000 1854 -1
4703 1854 -1
4406 1854 -1
5000 1855 -1
4703 1855 -1
3831 1856 -1
3557 1856 -1
3285 1856 -1
3020 1856 -1
4407 1857 -1
4110 1857 -1
3831 1857 -1
3557 1857 -1
5001 1858 -1
4704 1858 -1
4407 1858 -1
4110 1858 -1
5001 1859 -1
4704 1859 -1
5001 1860 -1
4111 1861 -1
3832 1861 -1
3558 1861 -1
3286 1861 -1
5002 1862 -1
4705 1862 -1
4408 1862 -1
4111 1862 -1
5002 1863 -1
3559 1864 -1
3287 1864 -1
3021 1864 -1
2762 1864 -1
3833 1865 -1
3559 1865 -1
3287 1865 -1
3021 1865 -1
4112 1866 -1
3833 1866 -1
3559 1866 -1
3287 1866 -1
4409 1867 -1
4112 1867 -1
3833 1867 -1
3559 1867 -1
4706 1868 -1
4409 1868 -1
4112 1868 -1
3833 1868 -1
5003 1869 -1
4706 1869 -1
4409 1869 -1
4112 1869 -1
3560 1870 -1
3288 1870 -1
3022 1870 -1
2763 1870 -1
4707 1871 -1
4410 1871 -1
4113 1871 -1
3834 1871 -1
5004 1872 -1
4707 1872 -1
4410 1872 -1
5004 1873 -1
4707 1873 -1
5004 1874 -1
3561 1875 -1
3289 1875 -1
3023 1875 -1
2764 1875 -1
5005 1876 -1
4708 1876 -1
4411 1876 -1
4114 1876 -1
5005 1877 -1
4708 1877 -1
4411 1877 -1
5005 1878 -1
4708 1878 -1
3562 1879 -1
3290 1879 -1
3024 1879 -1
2765 1879 -1
3836 1880 -1
3562 1880 -1
3290 1880 -1
3024 1880 -1
4115 1881 -1
3836 1881 -1
3562 1881 -1
3290 1881 -1
4412 1882 -1
4115 1882 -1
3836 1882 -1
3562 1882 -1
5006 1883 -1
4709 1883 -1
4412 1883 -1
4115 1883 -1
5006 1884 -1
4709 1884 -1
4412 1884 -1
5006 1885 -1
4709 1885 -1
5006 1886 -1
3837 1887 -1
3563 1887 -1
3291 1887 -1
3025 1887 -1
4413 1888 -1
4116 1888 -1
3837 1888 -1
3563 1888 -1
5007 1889 -1
4710 1889 -1
4413 1889 -1
4116 1889 -1
5007 1890 -1
4710 1890 -1
4413 1890 -1
5007 1891 -1
4710 1891 -1
4117 1892 -1
3838 1892 -1
3564 1892 -1
3292 1892 -1
4414 1893 -1
4117 1893 -1
3838 1893 -1
3564 1893 -1
5008 1894 -1
4711 1894 -1
4414 1894 -1
4117 1894 -1
5008 1895 -1
4711 1895 -1
3565 1896 -1
3293 1896 -1
3026 1896 -1
2766 1896 -1
3839 1897 -1
3565 1897 -1
3293 1897 -1
3026 1897 -1
4118 1898 -1
3839 1898 -1
3565 1898 -1
3293 1898 -1
4415 1899 -1
4118 1899 -1
3839 1899 -1
3565 1899 -1
5009 1900 -1
4712 1900 -1
4415 1900 -1
4118 1900 -1
3566 1901 -1
3294 1901 -1
3027 1901 -1
2767 1901 -1
4416 1902 -1
4119 1902 -1
3840 1902 -1
3566 1902 -1
5010 1903 -1
4713 1903 -1
4416 1903 -1
4119 1903 -1
5010 1904 -1
4713 1904 -1
4416 1904 -1
5010 1905 -1
4713 1905 -1
3841 1906 -1
3567 1906 -1
3295 1906 -1
3028 1906 -1
4417 1907 -1
4120 1907 -1
3841 1907 -1
3567 1907 -1
5011 1908 -1
4714 1908 -1
4121 1909 -1
3842 1909 -1
3568 1909 -1
3296 1909 -1
4418 1910 -1
4121 1910 -1
3842 1910 -1
3568 1910 -1
5012 1911 -1
4715 1911 -1
5012 1912 -1
3569 1913 -1
3297 1913 -1
3029 1913 -1
2768 1913 -1
4122 1914 -1
3843 1914 -1
3569 1914 -1
3297 1914 -1
4716 1915 -1
4419 1915 -1
4122 1915 -1
3843 1915 -1
5013 1916 -1
4716 1916 -1
4419 1916 -1
5013 1917 -1
4716 1917 -1
5013 1918 -1
3844 1919 -1
3570 1919 -1
3298 1919 -1
3030 1919 -1
4420 1920 -1
4123 1920 -1
3844 1920 -1
3570 1920 -1
5014 1921 -1
4717 1921 -1
4420 1921 -1
5014 1922 -1
4717 1922 -1
5014 1923 -1
3571 1924 -1
3299 1924 -1
3031 1924 -1
2769 1924 -1
3845 1925 -1
3571 1925 -1
3299 1925 -1
3031 1925 -1
4124 1926 -1
3845 1926 -1
3571 1926 -1
3299 1926 -1
4421 1927 -1
4124 1927 -1
3845 1927 -1
3571 1927 -1
4718 1928 -1
4421 1928 -1
4124 1928 -1
3845 1928 -1
5015 1929 -1
4718 1929 -1
4421 1929 -1
4124 1929 -1
5015 1930 -1
4718 1930 -1
4421 1930 -1
5015 1931 -1
4718 1931 -1
5015 1932 -1
3572 1933 -1
3300 1933 -1
3032 1933 -1
2770 1933 -1
3846 1934 -1
3572 1934 -1
3300 1934 -1
3032 1934 -1
4125 1935 -1
3846 1935 -1
3572 1935 -1
3300 1935 -1
4422 1936 -1
4125 1936 -1
3846 1936 -1
3572 1936 -1
4719 1937 -1
4422 1937 -1
4125 1937 -1
3846 1937 -1
5016 1938 -1
4719 1938 -1
4422 1938 -1
4125 1938 -1
5016 1939 -1
4719 1939 -1
4422 1939 -1
5016 1940 -1
4719 1940 -1
5016 1941 -1
3301 1942 -1
3033 1942 -1
2771 1942 -1
4126 1943 -1
3847 1943 -1
3573 1943 -1
4423 1944 -1
4126 1944 -1
3847 1944 -1
4720 1945 -1
4423 1945 -1
4126 1945 -1
5017 1946 -1
4720 1946 -1
4423 1946 -1
5017 1947 -1
4720 1947 -1
5017 1948 -1
3302 1949 -1
3034 1949 -1
2772 1949 -1
4127 1950 -1
3848 1950 -1
3574 1950 -1
4721 1951 -1
4424 1951 -1
4127 1951 -1
5018 1952 -1
3575 1953 -1
3303 1953 -1
3035 1953 -1
3849 1954 -1
3575 1954 -1
3303 1954 -1
4425 1955 -1
4128 1955 -1
3849 1955 -1
5019 1956 -1
4722 1956 -1
3304 1957 -1
3036 1957 -1
2774 1957 -1
3850 1958 -1
3576 1958 -1
3304 1958 -1
4426 1959 -1
4129 1959 -1
3850 1959 -1
5020 1960 -1
3305 1961 -1
3037 1961 -1
2775 1961 -1
4130 1962 -1
3851 1962 -1
3577 1962 -1
4427 1963 -1
4130 1963 -1
3851 1963 -1
5021 1964 -1
4724 1964 -1
4427 1964 -1
5021 1965 -1
3578 1966 -1
3306 1966 -1
3038 1966 -1
2776 1966 -1
3852 1967 -1
3578 1967 -1
3306 1967 -1
3038 1967 -1
4428 1968 -1
4131 1968 -1
3852 1968 -1
3578 1968 -1
4725 1969 -1
4428 1969 -1
4131 1969 -1
3852 1969 -1
5022 1970 -1
4725 1970 -1
4428 1970 -1
4131 1970 -1
5022 1971 -1
4725 1971 -1
4428 1971 -1
5022 1972 -1
4725 1972 -1
5022 1973 -1
5458 1974 -1
5305 1974 -1
5159 1974 -1
5023 1974 -1
5611 1975 -1
5458 1975 -1
5305 1975 -1
5159 1975 -1
5764 1976 -1
5611 1976 -1
5458 1976 -1
5305 1976 -1
5917 1977 -1
5764 1977 -1
5611 1977 -1
5458 1977 -1
6070 1978 -1
5917 1978 -1
5764 1978 -1
5611 1978 -1
6223 1979 -1
6070 1979 -1
5917 1979 -1
5764 1979 -1
6223 1980 -1
6070 1980 -1
5917 1980 -1
5918 1981 -1
5765 1981 -1
5612 1981 -1
5459 1981 -1
6224 1982 -1
6071 1982 -1
5918 1982 -1
5765 1982 -1
6224 1983 -1
6071 1983 -1
5918 1983 -1
6224 1984 -1
6071 1984 -1
6224 1985 -1
5460 1986 -1
5307 1986 -1
5161 1986 -1
5025 1986 -1
5613 1987 -1
5460 1987 -1
5307 1987 -1
5161 1987 -1
5766 1988 -1
5613 1988 -1
5460 1988 -1
5307 1988 -1
5919 1989 -1
5766 1989 -1
5613 1989 -1
5460 1989 -1
6072 1990 -1
5919 1990 -1
5766 1990 -1
5613 1990 -1
6225 1991 -1
6072 1991 -1
5919 1991 -1
5766 1991 -1
6225 1992 -1
6072 1992 -1
5919 1992 -1
6225 1993 -1
6072 1993 -1
6225 1994 -1
5461 1995 -1
5308 1995 -1
5162 1995 -1
5026 1995 -1
5614 1996 -1
5461 1996 -1
5308 1996 -1
5162 1996 -1
5767 1997 -1
5614 1997 -1
5461 1997 -1
5308 1997 -1
6073 1998 -1
5920 1998 -1
5767 1998 -1
5614 1998 -1
6226 1999 -1
6073 1999 -1
5920 1999 -1
5767 1999 -1
6226 2000 -1
5617 2001 -1
5464 2001 -1
5311 2001 -1
5165 2001 -1
6076 2002 -1
5923 2002 -1
5770 2002 -1
5617 2002 -1
6077 2003 -1
5924 2003 -1
5771 2003 -1
5618 2003 -1
6230 2004 -1
6077 2004 -1
5924 2004 -1
5771 2004 -1
5466 2005 -1
5313 2005 -1
5167 2005 -1
5031 2005 -1
5619 2006 -1
5466 2006 -1
5313 2006 -1
5167 2006 -1
5925 2007 -1
5772 2007 -1
5619 2007 -1
5466 2007 -1
5620 2008 -1
5467 2008 -1
5314 2008 -1
5168 2008 -1
5773 2009 -1
5620 2009 -1
5467 2009 -1
5314 2009 -1
5926 2010 -1
5773 2010 -1
5620 2010 -1
5467 2010 -1
6079 2011 -1
5926 2011 -1
5773 2011 -1
5620 2011 -1
6232 2012 -1
6079 2012 -1
5926 2012 -1
5773 2012 -1
6232 2013 -1
6079 2013 -1
5926 2013 -1
6232 2014 -1
6079 2014 -1
6232 2015 -1
5621 2016 -1
5468 2016 -1
5315 2016 -1
5169 2016 -1
6233 2017 -1
6080 2017 -1
5927 2017 -1
5774 2017 -1
5622 2018 -1
5469 2018 -1
5316 2018 -1
5170 2018 -1
5775 2019 -1
5622 2019 -1
5469 2019 -1
5316 2019 -1
5928 2020 -1
5775 2020 -1
5622 2020 -1
5469 2020 -1
6081 2021 -1
5928 2021 -1
5775 2021 -1
5622 2021 -1
6234 2022 -1
6081 2022 -1
5928 2022 -1
5775 2022 -1
6234 2023 -1
6081 2023 -1
5928 2023 -1
6234 2024 -1
6081 2024 -1
6234 2025 -1
5470 2026 -1
5317 2026 -1
5171 2026 -1
5035 2026 -1
6084 2027 -1
5931 2027 -1
5778 2027 -1
5625 2027 -1
6085 2028 -1
5932 2028 -1
5779 2028 -1
5626 2028 -1
6238 2029 -1
6085 2029 -1
5627 2030 -1
5474 2030 -1
5321 2030 -1
5175 2030 -1
5933 2031 -1
5780 2031 -1
5627 2031 -1
5474 2031 -1
6086 2032 -1
5933 2032 -1
5780 2032 -1
5627 2032 -1
5475 2033 -1
5322 2033 -1
5176 2033 -1
5040 2033 -1
5628 2034 -1
5475 2034 -1
5322 2034 -1
5176 2034 -1
5781 2035 -1
5628 2035 -1
5475 2035 -1
5322 2035 -1
5934 2036 -1
5781 2036 -1
5628 2036 -1
5475 2036 -1
5476 2037 -1
5323 2037 -1
5177 2037 -1
5041 2037 -1
5629 2038 -1
5476 2038 -1
5323 2038 -1
5177 2038 -1
5782 2039 -1
5629 2039 -1
5476 2039 -1
5323 2039 -1
5935 2040 -1
5782 2040 -1
5629 2040 -1
5476 2040 -1
6088 2041 -1
5935 2041 -1
5782 2041 -1
5629 2041 -1
6241 2042 -1
6088 2042 -1
5935 2042 -1
5782 2042 -1
6241 2043 -1
6088 2043 -1
5935 2043 -1
6241 2044 -1
6088 2044 -1
6241 2045 -1
5936 2046 -1
5783 2046 -1
5630 2046 -1
5477 2046 -1
6089 2047 -1
5936 2047 -1
5783 2047 -1
5630 2047 -1
6242 2048 -1
6089 2048 -1
5936 2048 -1
6242 2049 -1
6089 2049 -1
6242 2050 -1
5631 2051 -1
5478 2051 -1
5325 2051 -1
5179 2051 -1
5784 2052 -1
5631 2052 -1
5478 2052 -1
5325 2052 -1
5937 2053 -1
5784 2053 -1
5631 2053 -1
5478 2053 -1
6090 2054 -1
5937 2054 -1
5784 2054 -1
5631 2054 -1
6243 2055 -1
6090 2055 -1
5937 2055 -1
5784 2055 -1
6243 2056 -1
6090 2056 -1
5937 2056 -1
6243 2057 -1
6090 2057 -1
6243 2058 -1
5941 2059 -1
5788 2059 -1
5635 2059 -1
5482 2059 -1
6247 2060 -1
6094 2060 -1
5941 2060 -1
5788 2060 -1
6247 2061 -1
6094 2061 -1
6247 2062 -1
5483 2063 -1
5330 2063 -1
5184 2063 -1
5048 2063 -1
5636 2064 -1
5483 2064 -1
5330 2064 -1
5184 2064 -1
5789 2065 -1
5636 2065 -1
5483 2065 -1
5330 2065 -1
5942 2066 -1
5789 2066 -1
5636 2066 -1
5483 2066 -1
6095 2067 -1
5942 2067 -1
5789 2067 -1
5636 2067 -1
6248 2068 -1
6095 2068 -1
5942 2068 -1
5789 2068 -1
6248 2069 -1
6095 2069 -1
5942 2069 -1
6248 2070 -1
6095 2070 -1
6248 2071 -1
5943 2072 -1
5790 2072 -1
5637 2072 -1
5484 2072 -1
6096 2073 -1
5943 2073 -1
5790 2073 -1
5637 2073 -1
5792 2074 -1
5639 2074 -1
5486 2074 -1
5333 2074 -1
6098 2075 -1
5945 2075 -1
5792 2075 -1
5639 2075 -1
5487 2076 -1
5334 2076 -1
5188 2076 -1
5052 2076 -1
5640 2077 -1
5487 2077 -1
5334 2077 -1
5188 2077 -1
5793 2078 -1
5640 2078 -1
5487 2078 -1
5334 2078 -1
6252 2079 -1
6099 2079 -1
5946 2079 -1
6252 2080 -1
6099 2080 -1
6252 2081 -1
5335 2082 -1
5189 2082 -1
5053 2082 -1
5488 2083 -1
5335 2083 -1
5189 2083 -1
5641 2084 -1
5488 2084 -1
5335 2084 -1
6100 2085 -1
5947 2085 -1
5794 2085 -1
6253 2086 -1
6100 2086 -1
5947 2086 -1
5336 2087 -1
5190 2087 -1
5054 2087 -1
5489 2088 -1
5336 2088 -1
5190 2088 -1
6101 2089 -1
5948 2089 -1
5795 2089 -1
6254 2090 -1
6101 2090 -1
5948 2090 -1
6254 2091 -1
6101 2091 -1
6254 2092 -1
5337 2093 -1
5191 2093 -1
5055 2093 -1
5643 2094 -1
5490 2094 -1
5337 2094 -1
5796 2095 -1
5643 2095 -1
5490 2095 -1
5949 2096 -1
5796 2096 -1
5643 2096 -1
6102 2097 -1
5949 2097 -1
5796 2097 -1
6255 2098 -1
6102 2098 -1
5949 2098 -1
6255 2099 -1
6102 2099 -1
5491 2100 -1
5338 2100 -1
5192 2100 -1
5950 2101 -1
5797 2101 -1
5644 2101 -1
6256 2102 -1
6103 2102 -1
5950 2102 -1
6256 2103 -1
6103 2103 -1
5492 2104 -1
5339 2104 -1
5193 2104 -1
5057 2104 -1
5951 2105 -1
5798 2105 -1
5645 2105 -1
5492 2105 -1
6257 2106 -1
6104 2106 -1
6257 2107 -1
6259 2108 -1
6260 2109 -1
6107 2109 -1
5954 2109 -1
6260 2110 -1
6107 2110 -1
5497 2111 -1
5344 2111 -1
5198 2111 -1
5062 2111 -1
6109 2112 -1
5956 2112 -1
5803 2112 -1
5650 2112 -1
6262 2113 -1
5804 2114 -1
5651 2114 -1
5498 2114 -1
5345 2114 -1
6110 2115 -1
5957 2115 -1
5804 2115 -1
5651 2115 -1
6263 2116 -1
6110 2116 -1
5652 2117 -1
5499 2117 -1
5346 2117 -1
5200 2117 -1
6111 2118 -1
5958 2118 -1
5805 2118 -1
5652 2118 -1
6264 2119 -1
6111 2119 -1
5500 2120 -1
5347 2120 -1
5201 2120 -1
5065 2120 -1
5959 2121 -1
5806 2121 -1
5653 2121 -1
5500 2121 -1
6265 2122 -1
6112 2122 -1
5959 2122 -1
5806 2122 -1
6265 2123 -1
6112 2123 -1
6265 2124 -1
5501 2125 -1
5348 2125 -1
5202 2125 -1
5066 2125 -1
6266 2126 -1
6113 2126 -1
5960 2126 -1
5807 2126 -1
6266 2127 -1
6113 2127 -1
5960 2127 -1
6266 2128 -1
5502 2129 -1
5349 2129 -1
5203 2129 -1
5067 2129 -1
5655 2130 -1
5502 2130 -1
5349 2130 -1
5203 2130 -1
5808 2131 -1
5655 2131 -1
5502 2131 -1
5349 2131 -1
5961 2132 -1
5808 2132 -1
5655 2132 -1
5502 2132 -1
6114 2133 -1
5961 2133 -1
5808 2133 -1
5655 2133 -1
6267 2134 -1
6114 2134 -1
5961 2134 -1
5808 2134 -1
6267 2135 -1
6114 2135 -1
5961 2135 -1
6267 2136 -1
6114 2136 -1
6267 2137 -1
6268 2138 -1
6115 2138 -1
5962 2138 -1
6268 2139 -1
6271 2140 -1
6272 2141 -1
6119 2141 -1
5966 2141 -1
5813 2141 -1
5660 2141 -1
5507 2141 -1
5354 2141 -1
6272 2142 -1
6119 2142 -1
5966 2142 -1
6272 2143 -1
6273 2144 -1
6120 2144 -1
6277 2145 -1
6124 2145 -1
5971 2145 -1
6277 2146 -1
6124 2146 -1
6278 2147 -1
6125 2147 -1
5514 2148 -1
5361 2148 -1
5215 2148 -1
5079 2148 -1
5667 2149 -1
5514 2149 -1
5361 2149 -1
5215 2149 -1
5820 2150 -1
5667 2150 -1
5514 2150 -1
5361 2150 -1
5973 2151 -1
5820 2151 -1
5667 2151 -1
5514 2151 -1
6126 2152 -1
5973 2152 -1
5820 2152 -1
5667 2152 -1
6279 2153 -1
6126 2153 -1
5973 2153 -1
5820 2153 -1
6279 2154 -1
6126 2154 -1
5973 2154 -1
6279 2155 -1
6126 2155 -1
6279 2156 -1
5668 2157 -1
5515 2157 -1
5362 2157 -1
5216 2157 -1
6280 2158 -1
6127 2158 -1
5974 2158 -1
6280 2159 -1
6127 2159 -1
6280 2160 -1
6283 2161 -1
6130 2161 -1
5977 2161 -1
5824 2161 -1
5671 2161 -1
5518 2161 -1
5365 2161 -1
5219 2161 -1
5083 2161 -1
6283 2162 -1
6130 2162 -1
5977 2162 -1
5824 2162 -1
5671 2162 -1
5518 2162 -1
5365 2162 -1
6283 2163 -1
6130 2163 -1
5977 2163 -1
5824 2163 -1
5671 2163 -1
5518 2163 -1
6283 2164 -1
6130 2164 -1
5977 2164 -1
5824 2164 -1
5671 2164 -1
6283 2165 -1
6130 2165 -1
5977 2165 -1
6283 2166 -1
6284 2167 -1
5522 2168 -1
5369 2168 -1
5223 2168 -1
5087 2168 -1
6134 2169 -1
5981 2169 -1
5828 2169 -1
5675 2169 -1
6287 2170 -1
6289 2171 -1
6136 2171 -1
5983 2171 -1
6289 2172 -1
6136 2172 -1
6290 2173 -1
6137 2173 -1
5984 2173 -1
6138 2174 -1
5985 2174 -1
5832 2174 -1
5679 2174 -1
6291 2175 -1
6138 2175 -1
5527 2176 -1
5374 2176 -1
5228 2176 -1
5092 2176 -1
5680 2177 -1
5527 2177 -1
5374 2177 -1
5228 2177 -1
5833 2178 -1
5680 2178 -1
5527 2178 -1
5374 2178 -1
5986 2179 -1
5833 2179 -1
5680 2179 -1
5527 2179 -1
6292 2180 -1
6139 2180 -1
5986 2180 -1
5833 2180 -1
6292 2181 -1
6139 2181 -1
5986 2181 -1
6292 2182 -1
6139 2182 -1
5988 2183 -1
5835 2183 -1
5682 2183 -1
5529 2183 -1
6294 2184 -1
6141 2184 -1
5988 2184 -1
5835 2184 -1
6294 2185 -1
6141 2185 -1
6294 2186 -1
5530 2187 -1
5377 2187 -1
5231 2187 -1
5095 2187 -1
5989 2188 -1
5836 2188 -1
5683 2188 -1
5530 2188 -1
6142 2189 -1
5989 2189 -1
5836 2189 -1
5683 2189 -1
6295 2190 -1
6142 2190 -1
5989 2190 -1
5836 2190 -1
6295 2191 -1
6142 2191 -1
5989 2191 -1
6295 2192 -1
5684 2193 -1
5531 2193 -1
5378 2193 -1
5232 2193 -1
5837 2194 -1
5684 2194 -1
5531 2194 -1
5378 2194 -1
5990 2195 -1
5837 2195 -1
5684 2195 -1
5531 2195 -1
6143 2196 -1
5990 2196 -1
5837 2196 -1
5684 2196 -1
6296 2197 -1
6143 2197 -1
5990 2197 -1
5837 2197 -1
6296 2198 -1
6143 2198 -1
5990 2198 -1
6296 2199 -1
6143 2199 -1
6296 2200 -1
5533 2201 -1
5380 2201 -1
5234 2201 -1
5098 2201 -1
6298 2202 -1
6145 2202 -1
6298 2203 -1
5534 2204 -1
5381 2204 -1
5235 2204 -1
5099 2204 -1
6299 2205 -1
6146 2205 -1
5993 2205 -1
5840 2205 -1
6299 2206 -1
6146 2206 -1
5993 2206 -1
6299 2207 -1
6146 2207 -1
6299 2208 -1
5536 2209 -1
5383 2209 -1
5237 2209 -1
5101 2209 -1
5689 2210 -1
5536 2210 -1
5383 2210 -1
5237 2210 -1
5842 2211 -1
5689 2211 -1
5536 2211 -1
5383 2211 -1
5995 2212 -1
5842 2212 -1
5689 2212 -1
5536 2212 -1
6148 2213 -1
5995 2213 -1
5842 2213 -1
5689 2213 -1
6301 2214 -1
6148 2214 -1
5995 2214 -1
5842 2214 -1
6301 2215 -1
6148 2215 -1
5995 2215 -1
6301 2216 -1
6148 2216 -1
6301 2217 -1
6151 2218 -1
5998 2218 -1
5845 2218 -1
5692 2218 -1
5540 2219 -1
5387 2219 -1
5241 2219 -1
5105 2219 -1
5693 2220 -1
5540 2220 -1
5387 2220 -1
5241 2220 -1
5846 2221 -1
5693 2221 -1
5540 2221 -1
5387 2221 -1
5999 2222 -1
5846 2222 -1
5693 2222 -1
5540 2222 -1
6152 2223 -1
5999 2223 -1
5846 2223 -1
5693 2223 -1
6305 2224 -1
6152 2224 -1
5999 2224 -1
5846 2224 -1
6305 2225 -1
6152 2225 -1
5999 2225 -1
6305 2226 -1
6152 2226 -1
6305 2227 -1
5697 2228 -1
5544 2228 -1
5391 2228 -1
5245 2228 -1
5850 2229 -1
5697 2229 -1
5544 2229 -1
5391 2229 -1
6003 2230 -1
5850 2230 -1
5697 2230 -1
5544 2230 -1
6156 2231 -1
6003 2231 -1
5850 2231 -1
5697 2231 -1
6309 2232 -1
6156 2232 -1
6003 2232 -1
5850 2232 -1
6309 2233 -1
6156 2233 -1
6003 2233 -1
6309 2234 -1
6156 2234 -1
6309 2235 -1
5698 2236 -1
5545 2236 -1
5392 2236 -1
5246 2236 -1
5700 2237 -1
5547 2237 -1
5394 2237 -1
5248 2237 -1
5853 2238 -1
5700 2238 -1
5547 2238 -1
5394 2238 -1
6006 2239 -1
5853 2239 -1
5700 2239 -1
5547 2239 -1
6159 2240 -1
6006 2240 -1
5853 2240 -1
5700 2240 -1
6312 2241 -1
6159 2241 -1
6006 2241 -1
5853 2241 -1
6312 2242 -1
6159 2242 -1
6006 2242 -1
6312 2243 -1
6159 2243 -1
6312 2244 -1
5548 2245 -1
5395 2245 -1
5249 2245 -1
5113 2245 -1
5702 2246 -1
5549 2246 -1
5396 2246 -1
5250 2246 -1
5855 2247 -1
5702 2247 -1
5549 2247 -1
5396 2247 -1
6008 2248 -1
5855 2248 -1
5702 2248 -1
5549 2248 -1
6161 2249 -1
6008 2249 -1
5855 2249 -1
5702 2249 -1
6314 2250 -1
6161 2250 -1
6008 2250 -1
5855 2250 -1
6314 2251 -1
6161 2251 -1
6314 2252 -1
5703 2253 -1
5550 2253 -1
5397 2253 -1
5251 2253 -1
5856 2254 -1
5703 2254 -1
5550 2254 -1
5397 2254 -1
6009 2255 -1
5856 2255 -1
5703 2255 -1
5550 2255 -1
6162 2256 -1
6009 2256 -1
5856 2256 -1
5703 2256 -1
6315 2257 -1
6162 2257 -1
6009 2257 -1
5856 2257 -1
6315 2258 -1
6162 2258 -1
6009 2258 -1
6315 2259 -1
6162 2259 -1
6315 2260 -1
6011 2261 -1
5858 2261 -1
5705 2261 -1
5552 2261 -1
6012 2262 -1
5859 2262 -1
5706 2262 -1
5553 2262 -1
6318 2263 -1
5554 2264 -1
5401 2264 -1
5255 2264 -1
5119 2264 -1
6013 2265 -1
5860 2265 -1
5707 2265 -1
5554 2265 -1
6319 2266 -1
6166 2266 -1
6319 2267 -1
5555 2268 -1
5402 2268 -1
5256 2268 -1
5120 2268 -1
5557 2269 -1
5404 2269 -1
5258 2269 -1
5122 2269 -1
5710 2270 -1
5557 2270 -1
5404 2270 -1
5258 2270 -1
5863 2271 -1
5710 2271 -1
5557 2271 -1
5404 2271 -1
6016 2272 -1
5863 2272 -1
5710 2272 -1
5557 2272 -1
6169 2273 -1
6016 2273 -1
5863 2273 -1
5710 2273 -1
6322 2274 -1
6169 2274 -1
6016 2274 -1
5863 2274 -1
6322 2275 -1
6169 2275 -1
6016 2275 -1
6322 2276 -1
6169 2276 -1
6322 2277 -1
6324 2278 -1
6171 2278 -1
6018 2278 -1
5560 2279 -1
5407 2279 -1
5261 2279 -1
5125 2279 -1
5713 2280 -1
5560 2280 -1
5407 2280 -1
5261 2280 -1
5866 2281 -1
5713 2281 -1
5560 2281 -1
5407 2281 -1
6019 2282 -1
5866 2282 -1
5713 2282 -1
5560 2282 -1
6172 2283 -1
6019 2283 -1
5866 2283 -1
5713 2283 -1
6325 2284 -1
6172 2284 -1
6019 2284 -1
5866 2284 -1
6325 2285 -1
6172 2285 -1
6019 2285 -1
6325 2286 -1
6172 2286 -1
6325 2287 -1
6020 2288 -1
5867 2288 -1
5263 2289 -1
5127 2289 -1
5411 2290 -1
5265 2290 -1
5564 2291 -1
5411 2291 -1
5717 2292 -1
5564 2292 -1
5870 2293 -1
5717 2293 -1
6023 2294 -1
5870 2294 -1
6176 2295 -1
6023 2295 -1
6329 2296 -1
6176 2296 -1
6329 2297 -1
5565 2298 -1
5412 2298 -1
5266 2298 -1
5130 2298 -1
5718 2299 -1
5565 2299 -1
5412 2299 -1
5266 2299 -1
5871 2300 -1
5718 2300 -1
5565 2300 -1
5412 2300 -1
6024 2301 -1
5871 2301 -1
5718 2301 -1
5565 2301 -1
6330 2302 -1
6177 2302 -1
6024 2302 -1
5871 2302 -1
6330 2303 -1
6177 2303 -1
6024 2303 -1
6330 2304 -1
6177 2304 -1
6330 2305 -1
5872 2306 -1
5719 2306 -1
5566 2306 -1
5413 2306 -1
5267 2306 -1
5131 2306 -1
6331 2307 -1
6178 2307 -1
6025 2307 -1
5872 2307 -1
5719 2307 -1
6331 2308 -1
6178 2308 -1
6025 2308 -1
6331 2309 -1
6178 2309 -1
6331 2310 -1
6179 2311 -1
6026 2311 -1
5873 2311 -1
5720 2311 -1
6332 2312 -1
6179 2312 -1
6026 2312 -1
5568 2313 -1
5415 2313 -1
5269 2313 -1
5132 2313 -1
5721 2314 -1
5568 2314 -1
5415 2314 -1
5269 2314 -1
5874 2315 -1
5721 2315 -1
5568 2315 -1
5415 2315 -1
6027 2316 -1
5874 2316 -1
5721 2316 -1
5568 2316 -1
6180 2317 -1
6027 2317 -1
5874 2317 -1
5721 2317 -1
6333 2318 -1
6180 2318 -1
6027 2318 -1
5874 2318 -1
6333 2319 -1
6180 2319 -1
6027 2319 -1
6333 2320 -1
6180 2320 -1
6333 2321 -1
5270 2322 -1
5133 2322 -1
5416 2323 -1
5270 2323 -1
5569 2324 -1
5416 2324 -1
5722 2325 -1
5569 2325 -1
6028 2326 -1
5875 2326 -1
6181 2327 -1
6028 2327 -1
6334 2328 -1
6181 2328 -1
5417 2329 -1
5271 2329 -1
5570 2330 -1
5417 2330 -1
5723 2331 -1
5570 2331 -1
5876 2332 -1
5723 2332 -1
6029 2333 -1
5876 2333 -1
6182 2334 -1
6029 2334 -1
6335 2335 -1
6182 2335 -1
6335 2336 -1
5272 2337 -1
5135 2337 -1
5418 2338 -1
5272 2338 -1
5724 2339 -1
5571 2339 -1
5877 2340 -1
5724 2340 -1
6030 2341 -1
5877 2341 -1
6183 2342 -1
6030 2342 -1
6336 2343 -1
6183 2343 -1
6336 2344 -1
5273 2345 -1
5136 2345 -1
5572 2346 -1
5419 2346 -1
5725 2347 -1
5572 2347 -1
5878 2348 -1
5725 2348 -1
6031 2349 -1
5878 2349 -1
6184 2350 -1
6031 2350 -1
6337 2351 -1
6184 2351 -1
6337 2352 -1
5420 2353 -1
5274 2353 -1
5573 2354 -1
5420 2354 -1
5726 2355 -1
5573 2355 -1
5879 2356 -1
5726 2356 -1
6032 2357 -1
5879 2357 -1
6185 2358 -1
6032 2358 -1
6338 2359 -1
6185 2359 -1
6338 2360 -1
5275 2361 -1
5137 2361 -1
5421 2362 -1
5275 2362 -1
5574 2363 -1
5421 2363 -1
5727 2364 -1
5574 2364 -1
5880 2365 -1
5727 2365 -1
6033 2366 -1
5880 2366 -1
6186 2367 -1
6033 2367 -1
6339 2368 -1
6186 2368 -1
6339 2369 -1
5575 2370 -1
5422 2370 -1
5728 2371 -1
5575 2371 -1
6034 2372 -1
5881 2372 -1
6187 2373 -1
6034 2373 -1
6340 2374 -1
6187 2374 -1
5729 2375 -1
5576 2375 -1
6188 2376 -1
6035 2376 -1
6341 2377 -1
6188 2377 -1
6341 2378 -1
5276 2379 -1
5138 2379 -1
5424 2380 -1
5276 2380 -1
5577 2381 -1
5424 2381 -1
5730 2382 -1
5577 2382 -1
5883 2383 -1
5730 2383 -1
6036 2384 -1
5883 2384 -1
6189 2385 -1
6036 2385 -1
6342 2386 -1
6189 2386 -1
6342 2387 -1
5277 2388 -1
5139 2388 -1
5578 2389 -1
5425 2389 -1
5731 2390 -1
5578 2390 -1
6037 2391 -1
5884 2391 -1
6343 2392 -1
5579 2393 -1
5426 2393 -1
5885 2394 -1
5732 2394 -1
6344 2395 -1
5141 2396 -1
5279 2397 -1
5427 2398 -1
5580 2399 -1
5733 2400 -1
5886 2401 -1
6039 2402 -1
6192 2403 -1
6345 2404 -1
5142 2405 -1
5280 2406 -1
5429 2407 -1
5582 2408 -1
5735 2409 -1
5888 2410 -1
6041 2411 -1
6194 2412 -1
6347 2413 -1
5281 2414 -1
5430 2415 -1
5736 2416 -1
5889 2417 -1
6042 2418 -1
6195 2419 -1
6348 2420 -1
5282 2421 -1
5143 2421 -1
5431 2422 -1
5282 2422 -1
5584 2423 -1
5431 2423 -1
5737 2424 -1
5584 2424 -1
5890 2425 -1
5737 2425 -1
6043 2426 -1
5890 2426 -1
6196 2427 -1
6043 2427 -1
6349 2428 -1
6196 2428 -1
6349 2429 -1
5283 2430 -1
5144 2430 -1
5738 2431 -1
5585 2431 -1
5891 2432 -1
5738 2432 -1
6350 2433 -1
6197 2433 -1
6350 2434 -1
5433 2435 -1
5284 2435 -1
5739 2436 -1
5586 2436 -1
6045 2437 -1
5892 2437 -1
6351 2438 -1
6198 2438 -1
5587 2439 -1
5434 2439 -1
5740 2440 -1
5587 2440 -1
5893 2441 -1
5740 2441 -1
6352 2442 -1
5145 2443 -1
5285 2444 -1
5435 2445 -1
5588 2446 -1
5741 2447 -1
5894 2448 -1
6047 2449 -1
6200 2450 -1
6353 2451 -1
5146 2452 -1
5286 2453 -1
5436 2454 -1
5589 2455 -1
5742 2456 -1
5895 2457 -1
6048 2458 -1
6201 2459 -1
6354 2460 -1
5147 2461 -1
5287 2462 -1
5437 2463 -1
5590 2464 -1
5743 2465 -1
5896 2466 -1
6049 2467 -1
6202 2468 -1
6355 2469 -1
5148 2470 -1
5288 2471 -1
5438 2472 -1
5591 2473 -1
5744 2474 -1
5897 2475 -1
6050 2476 -1
6203 2477 -1
6356 2478 -1
5289 2479 -1
5439 2480 -1
5745 2481 -1
5898 2482 -1
6051 2483 -1
6204 2484 -1
6357 2485 -1
5290 2486 -1
5149 2487 -1
5291 2488 -1
5442 2489 -1
5595 2490 -1
5748 2491 -1
5901 2492 -1
6054 2493 -1
6207 2494 -1
6360 2495 -1
5150 2496 -1
5292 2497 -1
5443 2498 -1
5596 2499 -1
5749 2500 -1
5902 2501 -1
6055 2502 -1
6208 2503 -1
6361 2504 -1
5151 2505 -1
5293 2506 -1
5444 2507 -1
5597 2508 -1
5750 2509 -1
5903 2510 -1
6056 2511 -1
6209 2512 -1
6362 2513 -1
5598 2514 -1
5904 2515 -1
6057 2516 -1
6210 2517 -1
5152 2518 -1
5295 2519 -1
5447 2520 -1
5600 2521 -1
5753 2522 -1
5906 2523 -1
6059 2524 -1
6212 2525 -1
6365 2526 -1
5296 2527 -1
5448 2528 -1
5601 2529 -1
5754 2530 -1
5907 2531 -1
6060 2532 -1
6213 2533 -1
6366 2534 -1
5297 2535 -1
5449 2536 -1
5602 2537 -1
5755 2538 -1
5908 2539 -1
6061 2540 -1
6214 2541 -1
6367 2542 -1
5298 2543 -1
5450 2544 -1
5603 2545 -1
5756 2546 -1
5909 2547 -1
6062 2548 -1
6215 2549 -1
6368 2550 -1
5451 2551 -1
5299 2551 -1
5155 2551 -1
5604 2552 -1
5451 2552 -1
5299 2552 -1
5757 2553 -1
5604 2553 -1
5451 2553 -1
5910 2554 -1
5757 2554 -1
5604 2554 -1
6063 2555 -1
5910 2555 -1
5757 2555 -1
6216 2556 -1
6063 2556 -1
5910 2556 -1
6369 2557 -1
6216 2557 -1
6063 2557 -1
5452 2558 -1
5300 2558 -1
5156 2558 -1
5605 2559 -1
5452 2559 -1
5300 2559 -1
5758 2560 -1
5605 2560 -1
5452 2560 -1
6217 2561 -1
6064 2561 -1
5911 2561 -1
6370 2562 -1
6217 2562 -1
6064 2562 -1
6370 2563 -1
6217 2563 -1
6370 2564 -1
6066 2565 -1
5913 2565 -1
5760 2565 -1
6219 2566 -1
6066 2566 -1
5913 2566 -1
6372 2567 -1
6219 2567 -1
6066 2567 -1
6372 2568 -1
6219 2568 -1
5455 2569 -1
5302 2569 -1
5157 2569 -1
5608 2570 -1
5455 2570 -1
5302 2570 -1
5761 2571 -1
5608 2571 -1
5455 2571 -1
6220 2572 -1
6067 2572 -1
5914 2572 -1
6373 2573 -1
6220 2573 -1
6067 2573 -1
6373 2574 -1
6220 2574 -1
6373 2575 -1
5609 2576 -1
5456 2576 -1
5303 2576 -1
5762 2577 -1
5609 2577 -1
5456 2577 -1
5915 2578 -1
5762 2578 -1
5609 2578 -1
6068 2579 -1
5915 2579 -1
5762 2579 -1
6374 2580 -1
6221 2580 -1
6068 2580 -1
6374 2581 -1
6221 2581 -1
6374 2582 -1
5158 2583 -1
5304 2584 -1
5457 2585 -1
5610 2586 -1
5763 2587 -1
5916 2588 -1
6069 2589 -1
6222 2590 -1
6375 2591 -1
6663 2592 1
6070 2592 1
2119 2592 -45977/40000
43 2592 297/1000000
25 2592 17289/250000
7 2592 56851/1000000
6704 2593 1
6223 2593 1
2392 2593 -45977/40000
44 2593 297/1000000
26 2593 17289/250000
8 2593 56851/1000000
6376 2594 1
5024 2594 1
208 2594 -5/4
36 2594 323/1000000
6417 2595 1
5160 2595 1
481 2595 -5/4
37 2595 323/1000000
6458 2596 1
5306 2596 1
754 2596 -5/4
38 2596 323/1000000
6540 2597 1
5612 2597 1
1300 2597 -5/4
40 2597 323/1000000
6376 2598 1
5025 2598 1
171 2598 -1333333/1000000
36 2598 148569/1000000
18 2598 82731/1000000
0 2598 98667/1000000
6417 2599 1
5161 2599 1
444 2599 -1333333/1000000
37 2599 148569/1000000
19 2599 82731/1000000
1 2599 98667/1000000
6458 2600 1
5307 2600 1
717 2600 -1333333/1000000
38 2600 148569/1000000
20 2600 82731/1000000
2 2600 98667/1000000
6499 2601 1
5460 2601 1
990 2601 -1333333/1000000
39 2601 148569/1000000
21 2601 82731/1000000
3 2601 98667/1000000
6540 2602 1
5613 2602 1
1263 2602 -1333333/1000000
40 2602 148569/1000000
22 2602 82731/1000000
4 2602 98667/1000000
6581 2603 1
5766 2603 1
1536 2603 -1333333/1000000
41 2603 148569/1000000
23 2603 82731/1000000
5 2603 98667/1000000
6622 2604 1
5919 2604 1
1809 2604 -1333333/1000000
42 2604 148569/1000000
24 2604 82731/1000000
6 2604 98667/1000000
6663 2605 1
6072 2605 1
2082 2605 -1333333/1000000
43 2605 148569/1000000
25 2605 82731/1000000
7 2605 98667/1000000
6704 2606 1
6225 2606 1
2355 2606 -1333333/1000000
44 2606 148569/1000000
26 2606 82731/1000000
8 2606 98667/1000000
8298 2607 -144023/500000
8297 2607 -1728277/1000000
8246 2607 -27/250
8245 2607 -9/50
8248 2607 -9/250
8247 2607 -3/50
8244 2607 -27/125
8243 2607 -9/25
6376 2607 1
5027 2607 1
8300 2608 -144023/500000
8299 2608 -1728277/1000000
8252 2608 -27/250
8251 2608 -9/50
8254 2608 -9/250
8253 2608 -3/50
8250 2608 -27/125
8249 2608 -9/25
6417 2608 1
5163 2608 1
8298 2609 -258041/1000000
8297 2609 -193531/125000
8246 2609 -387/4000
8245 2609 -129/800
8248 2609 -129/4000
8247 2609 -43/800
8244 2609 -387/2000
8243 2609 -129/400
6376 2609 1
5028 2609 1
8300 2610 -258041/1000000
8299 2610 -193531/125000
8252 2610 -387/4000
8251 2610 -129/800
8254 2610 -129/4000
8253 2610 -43/800
8250 2610 -387/2000
8249 2610 -129/400
6417 2610 1
5164 2610 1
8298 2611 -18753/62500
8297 2611 -56259/31250
8246 2611 -9/80
8245 2611 -3/16
8248 2611 -3/80
8247 2611 -1/16
8244 2611 -9/40
8243 2611 -3/8
6376 2611 1
5029 2611 1
8298 2612 -144023/500000
8297 2612 -1728277/1000000
8246 2612 -27/250
8245 2612 -9/50
8248 2612 -9/250
8247 2612 -3/50
8244 2612 -27/125
8243 2612 -9/25
6376 2612 1
5030 2612 1
8300 2613 -144023/500000
8299 2613 -1728277/1000000
8252 2613 -27/250
8251 2613 -9/50
8254 2613 -9/250
8253 2613 -3/50
8250 2613 -27/125
8249 2613 -9/25
6417 2613 1
5166 2613 1
8298 2614 -258041/1000000
8297 2614 -193531/125000
8246 2614 -387/4000
8245 2614 -129/800
8248 2614 -129/4000
8247 2614 -43/800
8244 2614 -387/2000
8243 2614 -129/400
6376 2614 1
5031 2614 1
8300 2615 -258041/1000000
8299 2615 -193531/125000
8252 2615 -387/4000
8251 2615 -129/800
8254 2615 -129/4000
8253 2615 -43/800
8250 2615 -387/2000
8249 2615 -129/400
6417 2615 1
5167 2615 1
8298 2616 -1463091/1000000
8248 2616 -7619/100000
8247 2616 -152381/500000
6377 2616 1
5032 2616 1
8300 2617 -1437423/1000000
8254 2617 -37427/500000
8253 2617 -59883/200000
6418 2617 1
5168 2617 1
8302 2618 -8829/6250
8260 2618 -73563/1000000
8259 2618 -294253/1000000
6459 2618 1
5314 2618 1
8304 2619 -1388697/1000000
8266 2619 -18079/250000
8265 2619 -144633/500000
6500 2619 1
5467 2619 1
8306 2620 -85347/62500
8272 2620 -71111/1000000
8271 2620 -71111/250000
6541 2620 1
5620 2620 1
8308 2621 -671583/500000
8278 2621 -13989/200000
8277 2621 -279781/1000000
6582 2621 1
5773 2621 1
8310 2622 -660751/500000
8284 2622 -68817/1000000
8283 2622 -275269/1000000
6623 2622 1
5926 2622 1
8312 2623 -650263/500000
8290 2623 -2709/40000
8289 2623 -270899/1000000
6664 2623 1
6079 2623 1
8314 2624 -256041/200000
8296 2624 -66667/1000000
8295 2624 -266667/1000000
6705 2624 1
6232 2624 1
8298 2625 -1419199/1000000
8248 2625 -14781/200000
8247 2625 -295619/1000000
6377 2625 1
5033 2625 1
8302 2626 -1370261/1000000
8260 2626 -17839/250000
8259 2626 -11417/40000
6459 2626 1
5315 2626 1
8304 2627 -336759/250000
8266 2627 -70147/1000000
8265 2627 -70147/250000
6500 2627 1
5468 2627 1
8306 2628 -264917/200000
8272 2628 -34489/500000
8271 2628 -275911/1000000
6541 2628 1
5621 2628 1
8310 2629 -1281857/1000000
8284 2629 -66753/1000000
8283 2629 -267011/1000000
6623 2629 1
5927 2629 1
8312 2630 -126151/100000
8290 2630 -65693/1000000
8289 2630 -65693/250000
6664 2630 1
6080 2630 1
8314 2631 -1241799/1000000
8296 2631 -64667/1000000
8295 2631 -258667/1000000
6705 2631 1
6233 2631 1
8298 2632 -1331413/1000000
8248 2632 -69333/1000000
8247 2632 -277333/1000000
6377 2632 1
5034 2632 1
8298 2633 -1141483/1000000
8297 2633 -1141483/1000000
8246 2633 -52287/1000000
8245 2633 -237771/1000000
8248 2633 -261/5000
8247 2633 -237771/1000000
8244 2633 -261/5000
8243 2633 -237771/1000000
6378 2633 1
5037 2633 1
8300 2634 -1141483/1000000
8299 2634 -1141483/1000000
8252 2634 -52287/1000000
8251 2634 -237771/1000000
8254 2634 -261/5000
8253 2634 -237771/1000000
8250 2634 -261/5000
8249 2634 -237771/1000000
6419 2634 1
5173 2634 1
8298 2635 -26569/25000
8297 2635 -26569/25000
8246 2635 -48681/1000000
8245 2635 -221373/1000000
8248 2635 -243/5000
8247 2635 -221373/1000000
8244 2635 -243/5000
8243 2635 -221373/1000000
6378 2635 1
5038 2635 1
8300 2636 -26569/25000
8299 2636 -26569/25000
8252 2636 -48681/1000000
8251 2636 -221373/1000000
8254 2636 -243/5000
8253 2636 -221373/1000000
8250 2636 -243/5000
8249 2636 -221373/1000000
6419 2636 1
5174 2636 1
8304 2637 -26569/25000
8303 2637 -26569/25000
8264 2637 -48681/1000000
8263 2637 -221373/1000000
8266 2637 -243/5000
8265 2637 -221373/1000000
8262 2637 -243/5000
8261 2637 -221373/1000000
6501 2637 1
5473 2637 1
8298 2638 -505139/500000
8297 2638 -505139/500000
8246 2638 -46277/1000000
8245 2638 -210441/1000000
8248 2638 -231/5000
8247 2638 -210441/1000000
8244 2638 -231/5000
8243 2638 -210441/1000000
6378 2638 1
5039 2638 1
8300 2639 -505139/500000
8299 2639 -505139/500000
8252 2639 -46277/1000000
8251 2639 -210441/1000000
8254 2639 -231/5000
8253 2639 -210441/1000000
8250 2639 -231/5000
8249 2639 -210441/1000000
6419 2639 1
5175 2639 1
8302 2640 -505139/500000
8301 2640 -505139/500000
8258 2640 -46277/1000000
8257 2640 -210441/1000000
8260 2640 -231/5000
8259 2640 -210441/1000000
8256 2640 -231/5000
8255 2640 -210441/1000000
6460 2640 1
5321 2640 1
8310 2641 -505139/500000
8309 2641 -505139/500000
8282 2641 -46277/1000000
8281 2641 -210441/1000000
8284 2641 -231/5000
8283 2641 -210441/1000000
8280 2641 -231/5000
8279 2641 -210441/1000000
6624 2641 1
5933 2641 1
8312 2642 -505139/500000
8311 2642 -505139/500000
8288 2642 -46277/1000000
8287 2642 -210441/1000000
8290 2642 -231/5000
8289 2642 -210441/1000000
8286 2642 -231/5000
8285 2642 -210441/1000000
6665 2642 1
6086 2642 1
8314 2643 -505139/500000
8313 2643 -505139/500000
8294 2643 -46277/1000000
8293 2643 -210441/1000000
8296 2643 -231/5000
8295 2643 -210441/1000000
8292 2643 -231/5000
8291 2643 -210441/1000000
6706 2643 1
6239 2643 1
8298 2644 -879073/1000000
8297 2644 -879073/1000000
8246 2644 -40267/1000000
8245 2644 -183111/1000000
8248 2644 -201/5000
8247 2644 -183111/1000000
8244 2644 -201/5000
8243 2644 -183111/1000000
6378 2644 1
5040 2644 1
8300 2645 -879073/1000000
8299 2645 -879073/1000000
8252 2645 -40267/1000000
8251 2645 -183111/1000000
8254 2645 -201/5000
8253 2645 -183111/1000000
8250 2645 -201/5000
8249 2645 -183111/1000000
6419 2645 1
5176 2645 1
8302 2646 -879073/1000000
8301 2646 -879073/1000000
8258 2646 -40267/1000000
8257 2646 -183111/1000000
8260 2646 -201/5000
8259 2646 -183111/1000000
8256 2646 -201/5000
8255 2646 -183111/1000000
6460 2646 1
5322 2646 1
8304 2647 -879073/1000000
8303 2647 -879073/1000000
8264 2647 -40267/1000000
8263 2647 -183111/1000000
8266 2647 -201/5000
8265 2647 -183111/1000000
8262 2647 -201/5000
8261 2647 -183111/1000000
6501 2647 1
5475 2647 1
8306 2648 -879073/1000000
8305 2648 -879073/1000000
8270 2648 -40267/1000000
8269 2648 -183111/1000000
8272 2648 -201/5000
8271 2648 -183111/1000000
8268 2648 -201/5000
8267 2648 -183111/1000000
6542 2648 1
5628 2648 1
8308 2649 -879073/1000000
8307 2649 -879073/1000000
8276 2649 -40267/1000000
8275 2649 -183111/1000000
8278 2649 -201/5000
8277 2649 -183111/1000000
8274 2649 -201/5000
8273 2649 -183111/1000000
6583 2649 1
5781 2649 1
8310 2650 -879073/1000000
8309 2650 -879073/1000000
8282 2650 -40267/1000000
8281 2650 -183111/1000000
8284 2650 -201/5000
8283 2650 -183111/1000000
8280 2650 -201/5000
8279 2650 -183111/1000000
6624 2650 1
5934 2650 1
8312 2651 -879073/1000000
8311 2651 -879073/1000000
8288 2651 -40267/1000000
8287 2651 -183111/1000000
8290 2651 -201/5000
8289 2651 -183111/1000000
8286 2651 -201/5000
8285 2651 -183111/1000000
6665 2651 1
6087 2651 1
8314 2652 -879073/1000000
8313 2652 -879073/1000000
8294 2652 -40267/1000000
8293 2652 -183111/1000000
8296 2652 -201/5000
8295 2652 -183111/1000000
8292 2652 -201/5000
8291 2652 -183111/1000000
6706 2652 1
6240 2652 1
8306 2653 -186967/250000
8305 2653 -186967/250000
8270 2653 -34257/1000000
8269 2653 -155781/1000000
8272 2653 -171/5000
8271 2653 -155781/1000000
8268 2653 -171/5000
8267 2653 -155781/1000000
6542 2653 1
5629 2653 1
8308 2654 -186967/250000
8307 2654 -186967/250000
8276 2654 -34257/1000000
8275 2654 -155781/1000000
8278 2654 -171/5000
8277 2654 -155781/1000000
8274 2654 -171/5000
8273 2654 -155781/1000000
6583 2654 1
5782 2654 1
8310 2655 -186967/250000
8309 2655 -186967/250000
8282 2655 -34257/1000000
8281 2655 -155781/1000000
8284 2655 -171/5000
8283 2655 -155781/1000000
8280 2655 -171/5000
8279 2655 -155781/1000000
6624 2655 1
5935 2655 1
8312 2656 -186967/250000
8311 2656 -186967/250000
8288 2656 -34257/1000000
8287 2656 -155781/1000000
8290 2656 -171/5000
8289 2656 -155781/1000000
8286 2656 -171/5000
8285 2656 -155781/1000000
6665 2656 1
6088 2656 1
8314 2657 -186967/250000
8313 2657 -186967/250000
8294 2657 -34257/1000000
8293 2657 -155781/1000000
8296 2657 -171/5000
8295 2657 -155781/1000000
8292 2657 -171/5000
8291 2657 -155781/1000000
6706 2657 1
6241 2657 1
8298 2658 -78723/125000
8297 2658 -78723/125000
8246 2658 -1803/62500
8245 2658 -8199/62500
8248 2658 -18/625
8247 2658 -8199/62500
8244 2658 -18/625
8243 2658 -8199/62500
6378 2658 1
5042 2658 1
8300 2659 -78723/125000
8299 2659 -78723/125000
8252 2659 -1803/62500
8251 2659 -8199/62500
8254 2659 -18/625
8253 2659 -8199/62500
8250 2659 -18/625
8249 2659 -8199/62500
6419 2659 1
5178 2659 1
8302 2660 -78723/125000
8301 2660 -78723/125000
8258 2660 -1803/62500
8257 2660 -8199/62500
8260 2660 -18/625
8259 2660 -8199/62500
8256 2660 -18/625
8255 2660 -8199/62500
6460 2660 1
5324 2660 1
8308 2661 -78723/125000
8307 2661 -78723/125000
8276 2661 -1803/62500
8275 2661 -8199/62500
8278 2661 -18/625
8277 2661 -8199/62500
8274 2661 -18/625
8273 2661 -8199/62500
6583 2661 1
5783 2661 1
6379 2662 1
5043 2662 1
208 2662 -5/4
36 2662 323/1000000
18 2662 9401/125000
0 2662 2473/40000
6420 2663 1
5179 2663 1
481 2663 -5/4
37 2663 323/1000000
19 2663 9401/125000
1 2663 2473/40000
6461 2664 1
5325 2664 1
754 2664 -5/4
38 2664 323/1000000
20 2664 9401/125000
2 2664 2473/40000
6502 2665 1
5478 2665 1
1027 2665 -5/4
39 2665 323/1000000
21 2665 9401/125000
3 2665 2473/40000
6543 2666 1
5631 2666 1
1300 2666 -5/4
40 2666 323/1000000
22 2666 9401/125000
4 2666 2473/40000
6584 2667 1
5784 2667 1
1573 2667 -5/4
41 2667 323/1000000
23 2667 9401/125000
5 2667 2473/40000
6625 2668 1
5937 2668 1
1846 2668 -5/4
42 2668 323/1000000
24 2668 9401/125000
6 2668 2473/40000
6666 2669 1
6090 2669 1
2119 2669 -5/4
43 2669 323/1000000
25 2669 9401/125000
7 2669 2473/40000
6707 2670 1
6243 2670 1
2392 2670 -5/4
44 2670 323/1000000
26 2670 9401/125000
8 2670 2473/40000
6379 2671 1
5045 2671 1
171 2671 -1333333/1000000
36 2671 148569/1000000
18 2671 82731/1000000
0 2671 98667/1000000
6420 2672 1
5181 2672 1
444 2672 -1333333/1000000
37 2672 148569/1000000
19 2672 82731/1000000
1 2672 98667/1000000
6461 2673 1
5327 2673 1
717 2673 -1333333/1000000
38 2673 148569/1000000
20 2673 82731/1000000
2 2673 98667/1000000
6502 2674 1
5480 2674 1
990 2674 -1333333/1000000
39 2674 148569/1000000
21 2674 82731/1000000
3 2674 98667/1000000
6543 2675 1
5633 2675 1
1263 2675 -1333333/1000000
40 2675 148569/1000000
22 2675 82731/1000000
4 2675 98667/1000000
6584 2676 1
5786 2676 1
1536 2676 -1333333/1000000
41 2676 148569/1000000
23 2676 82731/1000000
5 2676 98667/1000000
6625 2677 1
5939 2677 1
1809 2677 -1333333/1000000
42 2677 148569/1000000
24 2677 82731/1000000
6 2677 98667/1000000
6666 2678 1
6092 2678 1
2082 2678 -1333333/1000000
43 2678 148569/1000000
25 2678 82731/1000000
7 2678 98667/1000000
6707 2679 1
6245 2679 1
2355 2679 -1333333/1000000
44 2679 148569/1000000
26 2679 82731/1000000
8 2679 98667/1000000
6708 2680 9/10
6247 2680 1
2392 2680 -1058823/1000000
44 2680 56363/500000
26 2680 79311/1000000
8 2680 27821/500000
6380 2681 9/10
5048 2681 1
203 2681 -1034483/1000000
36 2681 22487/200000
18 2681 11623/1000000
6421 2682 9/10
5184 2682 1
476 2682 -1034483/1000000
37 2682 22487/200000
19 2682 11623/1000000
6462 2683 9/10
5330 2683 1
749 2683 -1034483/1000000
38 2683 22487/200000
20 2683 11623/1000000
6503 2684 9/10
5483 2684 1
1022 2684 -1034483/1000000
39 2684 22487/200000
21 2684 11623/1000000
6544 2685 9/10
5636 2685 1
1295 2685 -1034483/1000000
40 2685 22487/200000
22 2685 11623/1000000
6585 2686 9/10
5789 2686 1
1568 2686 -1034483/1000000
41 2686 22487/200000
23 2686 11623/1000000
6626 2687 9/10
5942 2687 1
1841 2687 -1034483/1000000
42 2687 22487/200000
24 2687 11623/1000000
6667 2688 9/10
6095 2688 1
2114 2688 -1034483/1000000
43 2688 22487/200000
25 2688 11623/1000000
6708 2689 9/10
6248 2689 1
2387 2689 -1034483/1000000
44 2689 22487/200000
26 2689 11623/1000000
8298 2690 -3/100
8297 2690 -3/100
8246 2690 -3/800
8245 2690 -1563/250000
8248 2690 -3/800
8247 2690 -6249/1000000
8244 2690 -3/800
8243 2690 -6249/1000000
6381 2690 1
5052 2690 1
208 2690 -97/200
205 2690 -97/200
36 2690 124941/1000000
18 2690 2631/62500
0 2690 5997/250000
8300 2691 -3/100
8299 2691 -3/100
8252 2691 -3/800
8251 2691 -1563/250000
8254 2691 -3/800
8253 2691 -6249/1000000
8250 2691 -3/800
8249 2691 -6249/1000000
6422 2691 1
5188 2691 1
481 2691 -97/200
478 2691 -97/200
37 2691 124941/1000000
19 2691 2631/62500
1 2691 5997/250000
8302 2692 -3/100
8301 2692 -3/100
8258 2692 -3/800
8257 2692 -1563/250000
8260 2692 -3/800
8259 2692 -6249/1000000
8256 2692 -3/800
8255 2692 -6249/1000000
6463 2692 1
5334 2692 1
754 2692 -97/200
751 2692 -97/200
38 2692 124941/1000000
20 2692 2631/62500
2 2692 5997/250000
8304 2693 -3/100
8303 2693 -3/100
8264 2693 -3/800
8263 2693 -1563/250000
8266 2693 -3/800
8265 2693 -6249/1000000
8262 2693 -3/800
8261 2693 -6249/1000000
6504 2693 1
5487 2693 1
1027 2693 -97/200
1024 2693 -97/200
39 2693 124941/1000000
21 2693 2631/62500
3 2693 5997/250000
8306 2694 -3/100
8305 2694 -3/100
8270 2694 -3/800
8269 2694 -1563/250000
8272 2694 -3/800
8271 2694 -6249/1000000
8268 2694 -3/800
8267 2694 -6249/1000000
6545 2694 1
5640 2694 1
1300 2694 -97/200
1297 2694 -97/200
40 2694 124941/1000000
22 2694 2631/62500
4 2694 5997/250000
8308 2695 -3/100
8307 2695 -3/100
8276 2695 -3/800
8275 2695 -1563/250000
8278 2695 -3/800
8277 2695 -6249/1000000
8274 2695 -3/800
8273 2695 -6249/1000000
6586 2695 1
5793 2695 1
1573 2695 -97/200
1570 2695 -97/200
41 2695 124941/1000000
23 2695 2631/62500
5 2695 5997/250000
8310 2696 -3/100
8309 2696 -3/100
8282 2696 -3/800
8281 2696 -1563/250000
8284 2696 -3/800
8283 2696 -6249/1000000
8280 2696 -3/800
8279 2696 -6249/1000000
6627 2696 1
5946 2696 1
1846 2696 -97/200
1843 2696 -97/200
42 2696 124941/1000000
24 2696 2631/62500
6 2696 5997/250000
8312 2697 -3/100
8311 2697 -3/100
8288 2697 -3/800
8287 2697 -1563/250000
8290 2697 -3/800
8289 2697 -6249/1000000
8286 2697 -3/800
8285 2697 -6249/1000000
6668 2697 1
6099 2697 1
2119 2697 -97/200
2116 2697 -97/200
43 2697 124941/1000000
25 2697 2631/62500
7 2697 5997/250000
8314 2698 -3/100
8313 2698 -3/100
8294 2698 -3/800
8293 2698 -1563/250000
8296 2698 -3/800
8295 2698 -6249/1000000
8292 2698 -3/800
8291 2698 -6249/1000000
6709 2698 1
6252 2698 1
2392 2698 -97/200
2389 2698 -97/200
44 2698 124941/1000000
26 2698 2631/62500
8 2698 5997/250000
8298 2699 -26241/20000
8297 2699 -26241/20000
8246 2699 -3/50
8245 2699 -1367/5000
8248 2699 -3/50
8247 2699 -2733/10000
8244 2699 -3/50
8243 2699 -2733/10000
6382 2699 1
5053 2699 1
36 2699 1952/15625
18 2699 2583/200000
8300 2700 -26241/20000
8299 2700 -26241/20000
8252 2700 -3/50
8251 2700 -1367/5000
8254 2700 -3/50
8253 2700 -2733/10000
8250 2700 -3/50
8249 2700 -2733/10000
6423 2700 1
5189 2700 1
37 2700 1952/15625
19 2700 2583/200000
8302 2701 -26241/20000
8301 2701 -26241/20000
8258 2701 -3/50
8257 2701 -1367/5000
8260 2701 -3/50
8259 2701 -2733/10000
8256 2701 -3/50
8255 2701 -2733/10000
6464 2701 1
5335 2701 1
38 2701 1952/15625
20 2701 2583/200000
8304 2702 -26241/20000
8303 2702 -26241/20000
8264 2702 -3/50
8263 2702 -1367/5000
8266 2702 -3/50
8265 2702 -2733/10000
8262 2702 -3/50
8261 2702 -2733/10000
6505 2702 1
5488 2702 1
39 2702 1952/15625
21 2702 2583/200000
8306 2703 -26241/20000
8305 2703 -26241/20000
8270 2703 -3/50
8269 2703 -1367/5000
8272 2703 -3/50
8271 2703 -2733/10000
8268 2703 -3/50
8267 2703 -2733/10000
6546 2703 1
5641 2703 1
40 2703 1952/15625
22 2703 2583/200000
8308 2704 -26241/20000
8307 2704 -26241/20000
8276 2704 -3/50
8275 2704 -1367/5000
8278 2704 -3/50
8277 2704 -2733/10000
8274 2704 -3/50
8273 2704 -2733/10000
6587 2704 1
5794 2704 1
41 2704 1952/15625
23 2704 2583/200000
8310 2705 -26241/20000
8309 2705 -26241/20000
8282 2705 -3/50
8281 2705 -1367/5000
8284 2705 -3/50
8283 2705 -2733/10000
8280 2705 -3/50
8279 2705 -2733/10000
6628 2705 1
5947 2705 1
42 2705 1952/15625
24 2705 2583/200000
8302 2706 -236169/200000
8301 2706 -236169/200000
8258 2706 -27/500
8257 2706 -12303/50000
8260 2706 -27/500
8259 2706 -24597/100000
8256 2706 -27/500
8255 2706 -24597/100000
6464 2706 1
5336 2706 1
8304 2707 -236169/200000
8303 2707 -236169/200000
8264 2707 -27/500
8263 2707 -12303/50000
8266 2707 -27/500
8265 2707 -24597/100000
8262 2707 -27/500
8261 2707 -24597/100000
6505 2707 1
5489 2707 1
8306 2708 -236169/200000
8305 2708 -236169/200000
8270 2708 -27/500
8269 2708 -12303/50000
8272 2708 -27/500
8271 2708 -24597/100000
8268 2708 -27/500
8267 2708 -24597/100000
6546 2708 1
5642 2708 1
8310 2709 -236169/200000
8309 2709 -236169/200000
8282 2709 -27/500
8281 2709 -12303/50000
8284 2709 -27/500
8283 2709 -24597/100000
8280 2709 -27/500
8279 2709 -24597/100000
6628 2709 1
5948 2709 1
8312 2710 -236169/200000
8311 2710 -236169/200000
8288 2710 -27/500
8287 2710 -12303/50000
8290 2710 -27/500
8289 2710 -24597/100000
8286 2710 -27/500
8285 2710 -24597/100000
6669 2710 1
6101 2710 1
8314 2711 -236169/200000
8313 2711 -236169/200000
8294 2711 -27/500
8293 2711 -12303/50000
8296 2711 -27/500
8295 2711 -24597/100000
8292 2711 -27/500
8291 2711 -24597/100000
6710 2711 1
6254 2711 1
8300 2712 -1075881/1000000
8299 2712 -1075881/1000000
8252 2712 -123/2500
8251 2712 -56047/250000
8254 2712 -123/2500
8253 2712 -112053/500000
8250 2712 -123/2500
8249 2712 -112053/500000
6423 2712 1
5191 2712 1
8314 2713 -1075881/1000000
8313 2713 -1075881/1000000
8294 2713 -123/2500
8293 2713 -56047/250000
8296 2713 -123/2500
8295 2713 -112053/500000
8292 2713 -123/2500
8291 2713 -112053/500000
6710 2713 1
6255 2713 1
8298 2714 -984037/1000000
8297 2714 -984037/1000000
8246 2714 -9/200
8245 2714 -4101/20000
8248 2714 -9/200
8247 2714 -8199/40000
8244 2714 -9/200
8243 2714 -8199/40000
6382 2714 1
5056 2714 1
8302 2715 -984037/1000000
8301 2715 -984037/1000000
8258 2715 -9/200
8257 2715 -4101/20000
8260 2715 -9/200
8259 2715 -8199/40000
8256 2715 -9/200
8255 2715 -8199/40000
6464 2715 1
5338 2715 1
8304 2716 -984037/1000000
8303 2716 -984037/1000000
8264 2716 -9/200
8263 2716 -4101/20000
8266 2716 -9/200
8265 2716 -8199/40000
8262 2716 -9/200
8261 2716 -8199/40000
6505 2716 1
5491 2716 1
8308 2717 -984037/1000000
8307 2717 -984037/1000000
8276 2717 -9/200
8275 2717 -4101/20000
8278 2717 -9/200
8277 2717 -8199/40000
8274 2717 -9/200
8273 2717 -8199/40000
6587 2717 1
5797 2717 1
8314 2718 -984037/1000000
8313 2718 -984037/1000000
8294 2718 -9/200
8293 2718 -4101/20000
8296 2718 -9/200
8295 2718 -8199/40000
8292 2718 -9/200
8291 2718 -8199/40000
6710 2718 1
6256 2718 1
8298 2719 -6301/25000
8297 2719 -554489/1000000
8246 2719 -7/200
8245 2719 -7/100
8248 2719 -7/400
8247 2719 -21/400
8244 2719 -119/2000
8243 2719 -231/2000
6383 2719 1
5057 2719 1
208 2719 -53/100
171 2719 -3/25
36 2719 142883/1000000
18 2719 13081/250000
0 2719 1443/40000
8300 2720 -6301/25000
8299 2720 -554489/1000000
8252 2720 -7/200
8251 2720 -7/100
8254 2720 -7/400
8253 2720 -21/400
8250 2720 -119/2000
8249 2720 -231/2000
6424 2720 1
5193 2720 1
481 2720 -11/20
444 2720 -1/10
37 2720 142883/1000000
19 2720 13081/250000
1 2720 556/15625
8302 2721 -6301/25000
8301 2721 -554489/1000000
8258 2721 -7/200
8257 2721 -7/100
8260 2721 -7/400
8259 2721 -21/400
8256 2721 -119/2000
8255 2721 -231/2000
6465 2721 1
5339 2721 1
754 2721 -57/100
717 2721 -2/25
38 2721 142883/1000000
20 2721 13081/250000
2 2721 17547/500000
8304 2722 -6301/25000
8303 2722 -554489/1000000
8264 2722 -7/200
8263 2722 -7/100
8266 2722 -7/400
8265 2722 -21/400
8262 2722 -119/2000
8261 2722 -231/2000
6506 2722 1
5492 2722 1
1027 2722 -59/100
990 2722 -3/50
39 2722 142883/1000000
21 2722 13081/250000
3 2722 34603/1000000
8306 2723 -6301/25000
8305 2723 -554489/1000000
8270 2723 -7/200
8269 2723 -7/100
8272 2723 -7/400
8271 2723 -21/400
8268 2723 -119/2000
8267 2723 -231/2000
6547 2723 1
5645 2723 1
1300 2723 -61/100
1263 2723 -1/25
40 2723 142883/1000000
22 2723 13081/250000
4 2723 533/15625
8308 2724 -6301/25000
8307 2724 -554489/1000000
8276 2724 -7/200
8275 2724 -7/100
8278 2724 -7/400
8277 2724 -21/400
8274 2724 -119/2000
8273 2724 -231/2000
6588 2724 1
5798 2724 1
1573 2724 -63/100
1536 2724 -1/50
41 2724 142883/1000000
23 2724 13081/250000
5 2724 33621/1000000
8310 2725 -6301/25000
8309 2725 -554489/1000000
8282 2725 -7/200
8281 2725 -7/100
8284 2725 -7/400
8283 2725 -21/400
8280 2725 -119/2000
8279 2725 -231/2000
6629 2725 1
5951 2725 1
1846 2725 -13/20
42 2725 142883/1000000
24 2725 13081/250000
6 2725 3313/100000
8312 2726 -6301/25000
8311 2726 -554489/1000000
8288 2726 -7/200
8287 2726 -7/100
8290 2726 -7/400
8289 2726 -21/400
8286 2726 -119/2000
8285 2726 -231/2000
6670 2726 1
6104 2726 1
2119 2726 -13/20
43 2726 142883/1000000
25 2726 13081/250000
7 2726 102/3125
8314 2727 -6301/25000
8313 2727 -554489/1000000
8294 2727 -7/200
8293 2727 -7/100
8296 2727 -7/400
8295 2727 -21/400
8292 2727 -119/2000
8291 2727 -231/2000
6711 2727 1
6257 2727 1
2392 2727 -13/20
44 2727 142883/1000000
26 2727 13081/250000
8 2727 32149/1000000
10276 2728 1
6384 2728 1
284 2728 -1
10277 2729 1
6425 2729 1
557 2729 -1
10278 2730 1
6466 2730 1
830 2730 -1
10279 2731 1
6507 2731 1
1103 2731 -1
10280 2732 1
6548 2732 1
1376 2732 -1
10281 2733 1
6589 2733 1
1649 2733 -1
10282 2734 1
6630 2734 1
1922 2734 -1
10283 2735 1
6671 2735 1
2195 2735 -1
10284 2736 1
6712 2736 1
2468 2736 -1
10276 2737 1
6385 2737 1
308 2737 -1
10277 2738 1
6426 2738 1
581 2738 -1
10278 2739 1
6467 2739 1
854 2739 -1
10279 2740 1
6508 2740 1
1127 2740 -1
10280 2741 1
6549 2741 1
1400 2741 -1
10281 2742 1
6590 2742 1
1673 2742 -1
10282 2743 1
6631 2743 1
1946 2743 -1
10283 2744 1
6672 2744 1
2219 2744 -1
10284 2745 1
6713 2745 1
2492 2745 -1
10276 2746 1
351 2746 -1
10277 2747 1
624 2747 -1
10278 2748 1
897 2748 -1
10279 2749 1
1170 2749 -1
10280 2750 1
1443 2750 -1
10281 2751 1
1716 2751 -1
10282 2752 1
1989 2752 -1
10283 2753 1
2262 2753 -1
10284 2754 1
2535 2754 -1
6386 2755 1
198 2755 -1
6427 2756 1
471 2756 -1
6468 2757 1
744 2757 -1
6509 2758 1
1017 2758 -1
6550 2759 1
1290 2759 -1
6591 2760 1
1563 2760 -1
6632 2761 1
1836 2761 -1
6673 2762 1
2109 2762 -1
6714 2763 1
2382 2763 -1
6387 2764 1
236 2764 -1
6428 2765 1
509 2765 -1
6469 2766 1
782 2766 -1
6510 2767 1
1055 2767 -1
6551 2768 1
1328 2768 -1
6592 2769 1
1601 2769 -1
6633 2770 1
1874 2770 -1
6674 2771 1
2147 2771 -1
6715 2772 1
2420 2772 -1
6388 2773 1
89 2773 -1
6429 2774 1
362 2774 -1
6470 2775 1
635 2775 -1
6511 2776 1
908 2776 -1
6552 2777 1
1181 2777 -1
6593 2778 1
1454 2778 -1
6634 2779 1
1727 2779 -1
6675 2780 1
2000 2780 -1
6716 2781 1
2273 2781 -1
6389 2782 1
184 2782 -1
6430 2783 1
457 2783 -1
6471 2784 1
730 2784 -1
6512 2785 1
1003 2785 -1
6553 2786 1
1276 2786 -1
6594 2787 1
1549 2787 -1
6635 2788 1
1822 2788 -1
6676 2789 1
2095 2789 -1
6717 2790 1
2368 2790 -1
6390 2791 1
189 2791 -1
6431 2792 1
462 2792 -1
6472 2793 1
735 2793 -1
6513 2794 1
1008 2794 -1
6554 2795 1
1281 2795 -1
6595 2796 1
1554 2796 -1
6636 2797 1
1827 2797 -1
6677 2798 1
2100 2798 -1
6718 2799 1
2373 2799 -1
6391 2800 1
90 2800 -1
6432 2801 1
363 2801 -1
6473 2802 1
636 2802 -1
6514 2803 1
909 2803 -1
6555 2804 1
1182 2804 -1
6596 2805 1
1455 2805 -1
6637 2806 1
1728 2806 -1
6678 2807 1
2001 2807 -1
6719 2808 1
2274 2808 -1
8297 2809 -336761/1000000
8246 2809 -33217/1000000
8245 2809 -19703/500000
8248 2809 -2579/250000
8244 2809 -53229/1000000
8243 2809 -70147/1000000
6392 2809 1
5059 2809 1
208 2809 -214737/1000000
36 2809 99/1000000
18 2809 203/4000
0 2809 1413/100000
10234 2810 -36/5
8299 2810 -336761/1000000
8252 2810 -33217/1000000
8251 2810 -19703/500000
8254 2810 -2579/250000
8250 2810 -53229/1000000
8249 2810 -70147/1000000
6433 2810 1
5195 2810 1
481 2810 -214737/1000000
37 2810 99/1000000
19 2810 203/4000
1 2810 1413/100000
10235 2811 -36/5
8301 2811 -336761/1000000
8258 2811 -33217/1000000
8257 2811 -19703/500000
8260 2811 -2579/250000
8256 2811 -53229/1000000
8255 2811 -70147/1000000
6474 2811 1
5341 2811 1
754 2811 -214737/1000000
38 2811 99/1000000
20 2811 203/4000
2 2811 1413/100000
10236 2812 -36/5
8303 2812 -336761/1000000
8264 2812 -33217/1000000
8263 2812 -19703/500000
8266 2812 -2579/250000
8262 2812 -53229/1000000
8261 2812 -70147/1000000
6515 2812 1
5494 2812 1
1027 2812 -214737/1000000
39 2812 99/1000000
21 2812 203/4000
3 2812 1413/100000
10237 2813 -36/5
8305 2813 -336761/1000000
8270 2813 -33217/1000000
8269 2813 -19703/500000
8272 2813 -2579/250000
8268 2813 -53229/1000000
8267 2813 -70147/1000000
6556 2813 1
5647 2813 1
1300 2813 -214737/1000000
40 2813 99/1000000
22 2813 203/4000
4 2813 1413/100000
10238 2814 -36/5
8307 2814 -336761/1000000
8276 2814 -33217/1000000
8275 2814 -19703/500000
8278 2814 -2579/250000
8274 2814 -53229/1000000
8273 2814 -70147/1000000
6597 2814 1
5800 2814 1
1573 2814 -214737/1000000
41 2814 99/1000000
23 2814 203/4000
5 2814 1413/100000
10239 2815 -36/5
8309 2815 -336761/1000000
8282 2815 -33217/1000000
8281 2815 -19703/500000
8284 2815 -2579/250000
8280 2815 -53229/1000000
8279 2815 -70147/1000000
6638 2815 1
5953 2815 1
1846 2815 -214737/1000000
42 2815 99/1000000
24 2815 203/4000
6 2815 1413/100000
8297 2816 -337501/1000000
8246 2816 -3329/100000
8245 2816 -39493/1000000
8248 2816 -5169/500000
8244 2816 -26673/500000
8243 2816 -35151/500000
6392 2816 1
5060 2816 1
171 2816 -28/125
36 2816 1581/50000
18 2816 6121/100000
0 2816 431/20000
10239 2817 -36/5
8309 2817 -337501/1000000
8282 2817 -3329/100000
8281 2817 -39493/1000000
8284 2817 -5169/500000
8280 2817 -26673/500000
8279 2817 -35151/500000
6638 2817 1
5954 2817 1
1809 2817 -28/125
42 2817 1581/50000
24 2817 6121/100000
6 2817 431/20000
10241 2818 -36/5
8313 2818 -337501/1000000
8294 2818 -3329/100000
8293 2818 -39493/1000000
8296 2818 -5169/500000
8292 2818 -26673/500000
8291 2818 -35151/500000
6720 2818 1
6260 2818 1
2355 2818 -28/125
44 2818 1581/50000
26 2818 6121/100000
8 2818 431/20000
8297 2819 -613467/1000000
8246 2819 -6051/100000
8245 2819 -14357/200000
8248 2819 -2349/125000
8244 2819 -48483/500000
8243 2819 -25557/200000
6392 2819 1
5061 2819 1
10239 2820 -36/5
8309 2820 -613467/1000000
8282 2820 -6051/100000
8281 2820 -14357/200000
8284 2820 -2349/125000
8280 2820 -48483/500000
8279 2820 -25557/200000
6638 2820 1
5955 2820 1
6433 2821 1
5198 2821 1
59 2821 -849333/1000000
481 2821 -21/250
19 2821 24137/100000
1 2821 249/100000
6474 2822 1
5344 2822 1
62 2822 -849333/1000000
754 2822 -21/250
20 2822 24137/100000
2 2822 249/100000
6515 2823 1
5497 2823 1
65 2823 -849333/1000000
1027 2823 -21/250
21 2823 24137/100000
3 2823 249/100000
6597 2824 1
5803 2824 1
71 2824 -849333/1000000
1573 2824 -21/250
23 2824 24137/100000
5 2824 249/100000
6392 2825 1
5063 2825 1
56 2825 -849333/1000000
171 2825 -21/250
36 2825 547/100000
18 2825 3053/12500
0 2825 373/100000
6433 2826 1
5199 2826 1
59 2826 -849333/1000000
444 2826 -21/250
37 2826 547/100000
19 2826 3053/12500
1 2826 373/100000
6515 2827 1
5498 2827 1
65 2827 -849333/1000000
990 2827 -21/250
39 2827 547/100000
21 2827 3053/12500
3 2827 373/100000
6597 2828 1
5804 2828 1
71 2828 -849333/1000000
1536 2828 -21/250
41 2828 547/100000
23 2828 3053/12500
5 2828 373/100000
8297 2829 -79981/1000000
8246 2829 -7889/1000000
8245 2829 -9359/1000000
8248 2829 -49/20000
8244 2829 -6321/500000
8243 2829 -833/50000
6392 2829 1
5064 2829 1
56 2829 -651/1000
18 2829 23879/100000
8301 2830 -79981/1000000
8258 2830 -7889/1000000
8257 2830 -9359/1000000
8260 2830 -49/20000
8256 2830 -6321/500000
8255 2830 -833/50000
6474 2830 1
5346 2830 1
62 2830 -651/1000
20 2830 23879/100000
8303 2831 -79981/1000000
8264 2831 -7889/1000000
8263 2831 -9359/1000000
8266 2831 -49/20000
8262 2831 -6321/500000
8261 2831 -833/50000
6515 2831 1
5499 2831 1
65 2831 -651/1000
21 2831 23879/100000
8307 2832 -79981/1000000
8276 2832 -7889/1000000
8275 2832 -9359/1000000
8278 2832 -49/20000
8274 2832 -6321/500000
8273 2832 -833/50000
6597 2832 1
5805 2832 1
71 2832 -651/1000
23 2832 23879/100000
8299 2833 -91407/1000000
8252 2833 -1127/125000
8251 2833 -1337/125000
8254 2833 -7/2500
8250 2833 -903/62500
8249 2833 -119/6250
6433 2833 1
5201 2833 1
8301 2834 -91407/1000000
8258 2834 -1127/125000
8257 2834 -1337/125000
8260 2834 -7/2500
8256 2834 -903/62500
8255 2834 -119/6250
6474 2834 1
5347 2834 1
8305 2835 -91407/1000000
8270 2835 -1127/125000
8269 2835 -1337/125000
8272 2835 -7/2500
8268 2835 -903/62500
8267 2835 -119/6250
6556 2835 1
5653 2835 1
8309 2836 -91407/1000000
8282 2836 -1127/125000
8281 2836 -1337/125000
8284 2836 -7/2500
8280 2836 -903/62500
8279 2836 -119/6250
6638 2836 1
5959 2836 1
6392 2837 1
5067 2837 1
171 2837 -430769/500000
36 2837 3041/50000
18 2837 11771/100000
0 2837 259/6250
6433 2838 1
5203 2838 1
444 2838 -430769/500000
37 2838 3041/50000
19 2838 11771/100000
1 2838 259/6250
6474 2839 1
5349 2839 1
717 2839 -430769/500000
38 2839 3041/50000
20 2839 11771/100000
2 2839 259/6250
6515 2840 1
5502 2840 1
990 2840 -430769/500000
39 2840 3041/50000
21 2840 11771/100000
3 2840 259/6250
6556 2841 1
5655 2841 1
1263 2841 -430769/500000
40 2841 3041/50000
22 2841 11771/100000
4 2841 259/6250
6597 2842 1
5808 2842 1
1536 2842 -430769/500000
41 2842 3041/50000
23 2842 11771/100000
5 2842 259/6250
6638 2843 1
5961 2843 1
1809 2843 -430769/500000
42 2843 3041/50000
24 2843 11771/100000
6 2843 259/6250
6679 2844 1
6114 2844 1
2082 2844 -430769/500000
43 2844 3041/50000
25 2844 11771/100000
7 2844 259/6250
6720 2845 1
6267 2845 1
2355 2845 -430769/500000
44 2845 3041/50000
26 2845 11771/100000
8 2845 259/6250
8297 2846 -457033/500000
8246 2846 -1127/12500
8245 2846 -1337/12500
8248 2846 -7/250
8244 2846 -903/6250
8243 2846 -119/625
6392 2846 1
5068 2846 1
6392 2847 1
5071 2847 1
6433 2848 1
5207 2848 1
6474 2849 1
5353 2849 1
6515 2850 1
5506 2850 1
6556 2851 1
5659 2851 1
6597 2852 1
5812 2852 1
6638 2853 1
5965 2853 1
6679 2854 1
6118 2854 1
6392 2855 1
5072 2855 1
6433 2856 1
5208 2856 1
6515 2857 1
5507 2857 1
6556 2858 1
5660 2858 1
6597 2859 1
5813 2859 1
6679 2860 1
6119 2860 1
8297 2861 -67653/250000
8246 2861 -6673/250000
8245 2861 -15833/500000
8248 2861 -8289/1000000
8244 2861 -21387/500000
8243 2861 -3523/62500
6393 2861 1
5073 2861 1
208 2861 -43139/250000
36 2861 7/100000
18 2861 2039/50000
0 2861 227/20000
10242 2862 -36/5
8299 2862 -67653/250000
8252 2862 -6673/250000
8251 2862 -15833/500000
8254 2862 -8289/1000000
8250 2862 -21387/500000
8249 2862 -3523/62500
6434 2862 1
5209 2862 1
481 2862 -43139/250000
37 2862 7/100000
19 2862 2039/50000
1 2862 227/20000
10243 2863 -36/5
8301 2863 -67653/250000
8258 2863 -6673/250000
8257 2863 -15833/500000
8260 2863 -8289/1000000
8256 2863 -21387/500000
8255 2863 -3523/62500
6475 2863 1
5355 2863 1
754 2863 -43139/250000
38 2863 7/100000
20 2863 2039/50000
2 2863 227/20000
10244 2864 -36/5
8303 2864 -67653/250000
8264 2864 -6673/250000
8263 2864 -15833/500000
8266 2864 -8289/1000000
8262 2864 -21387/500000
8261 2864 -3523/62500
6516 2864 1
5508 2864 1
1027 2864 -43139/250000
39 2864 7/100000
21 2864 2039/50000
3 2864 227/20000
10245 2865 -36/5
8305 2865 -67653/250000
8270 2865 -6673/250000
8269 2865 -15833/500000
8272 2865 -8289/1000000
8268 2865 -21387/500000
8267 2865 -3523/62500
6557 2865 1
5661 2865 1
1300 2865 -43139/250000
40 2865 7/100000
22 2865 2039/50000
4 2865 227/20000
10246 2866 -36/5
8307 2866 -67653/250000
8276 2866 -6673/250000
8275 2866 -15833/500000
8278 2866 -8289/1000000
8274 2866 -21387/500000
8273 2866 -3523/62500
6598 2866 1
5814 2866 1
1573 2866 -43139/250000
41 2866 7/100000
23 2866 2039/50000
5 2866 227/20000
10247 2867 -36/5
8309 2867 -67653/250000
8282 2867 -6673/250000
8281 2867 -15833/500000
8284 2867 -8289/1000000
8280 2867 -21387/500000
8279 2867 -3523/62500
6639 2867 1
5967 2867 1
1846 2867 -43139/250000
42 2867 7/100000
24 2867 2039/50000
6 2867 227/20000
10248 2868 -36/5
8311 2868 -67653/250000
8288 2868 -6673/250000
8287 2868 -15833/500000
8290 2868 -8289/1000000
8286 2868 -21387/500000
8285 2868 -3523/62500
6680 2868 1
6120 2868 1
2119 2868 -43139/250000
43 2868 7/100000
25 2868 2039/50000
7 2868 227/20000
10249 2869 -36/5
8313 2869 -67653/250000
8294 2869 -6673/250000
8293 2869 -15833/500000
8296 2869 -8289/1000000
8292 2869 -21387/500000
8291 2869 -3523/62500
6721 2869 1
6273 2869 1
2392 2869 -43139/250000
44 2869 7/100000
26 2869 2039/50000
8 2869 227/20000
10242 2870 -36/5
8299 2870 -135603/500000
8252 2870 -26751/1000000
8251 2870 -6347/200000
8254 2870 -2077/250000
8250 2870 -10717/250000
8249 2870 -14123/250000
6434 2870 1
5210 2870 1
444 2870 -9/50
37 2870 2541/100000
19 2870 4919/100000
1 2870 433/25000
10243 2871 -36/5
8301 2871 -135603/500000
8258 2871 -26751/1000000
8257 2871 -6347/200000
8260 2871 -2077/250000
8256 2871 -10717/250000
8255 2871 -14123/250000
6475 2871 1
5356 2871 1
717 2871 -9/50
38 2871 2541/100000
20 2871 4919/100000
2 2871 433/25000
10244 2872 -36/5
8303 2872 -135603/500000
8264 2872 -26751/1000000
8263 2872 -6347/200000
8266 2872 -2077/250000
8262 2872 -10717/250000
8261 2872 -14123/250000
6516 2872 1
5509 2872 1
990 2872 -9/50
39 2872 2541/100000
21 2872 4919/100000
3 2872 433/25000
10245 2873 -36/5
8305 2873 -135603/500000
8270 2873 -26751/1000000
8269 2873 -6347/200000
8272 2873 -2077/250000
8268 2873 -10717/250000
8267 2873 -14123/250000
6557 2873 1
5662 2873 1
1263 2873 -9/50
40 2873 2541/100000
22 2873 4919/100000
4 2873 433/25000
10246 2874 -36/5
8307 2874 -135603/500000
8276 2874 -26751/1000000
8275 2874 -6347/200000
8278 2874 -2077/250000
8274 2874 -10717/250000
8273 2874 -14123/250000
6598 2874 1
5815 2874 1
1536 2874 -9/50
41 2874 2541/100000
23 2874 4919/100000
5 2874 433/25000
10248 2875 -36/5
8311 2875 -135603/500000
8288 2875 -26751/1000000
8287 2875 -6347/200000
8290 2875 -2077/250000
8286 2875 -10717/250000
8285 2875 -14123/250000
6680 2875 1
6121 2875 1
2082 2875 -9/50
43 2875 2541/100000
25 2875 4919/100000
7 2875 433/25000
10242 2876 -36/5
8299 2876 -24703/50000
8252 2876 -12183/250000
8251 2876 -57813/1000000
8254 2876 -7567/500000
8250 2876 -78093/1000000
8249 2876 -102913/1000000
6434 2876 1
5211 2876 1
10243 2877 -36/5
8301 2877 -24703/50000
8258 2877 -12183/250000
8257 2877 -57813/1000000
8260 2877 -7567/500000
8256 2877 -78093/1000000
8255 2877 -102913/1000000
6475 2877 1
5357 2877 1
10244 2878 -36/5
8303 2878 -24703/50000
8264 2878 -12183/250000
8263 2878 -57813/1000000
8266 2878 -7567/500000
8262 2878 -78093/1000000
8261 2878 -102913/1000000
6516 2878 1
5510 2878 1
10245 2879 -36/5
8305 2879 -24703/50000
8270 2879 -12183/250000
8269 2879 -57813/1000000
8272 2879 -7567/500000
8268 2879 -78093/1000000
8267 2879 -102913/1000000
6557 2879 1
5663 2879 1
10246 2880 -36/5
8307 2880 -24703/50000
8276 2880 -12183/250000
8275 2880 -57813/1000000
8278 2880 -7567/500000
8274 2880 -78093/1000000
8273 2880 -102913/1000000
6598 2880 1
5816 2880 1
10248 2881 -36/5
8311 2881 -24703/50000
8288 2881 -12183/250000
8287 2881 -57813/1000000
8290 2881 -7567/500000
8286 2881 -78093/1000000
8285 2881 -102913/1000000
6680 2881 1
6122 2881 1
10249 2882 -36/5
8313 2882 -24703/50000
8294 2882 -12183/250000
8293 2882 -57813/1000000
8296 2882 -7567/500000
8292 2882 -78093/1000000
8291 2882 -102913/1000000
6721 2882 1
6275 2882 1
6393 2883 1
5076 2883 1
56 2883 -273/400
208 2883 -27/400
36 2883 1/100000
18 2883 2437/12500
0 2883 1/500
6434 2884 1
5212 2884 1
59 2884 -273/400
481 2884 -27/400
37 2884 1/100000
19 2884 2437/12500
1 2884 1/500
6516 2885 1
5511 2885 1
65 2885 -273/400
1027 2885 -27/400
39 2885 1/100000
21 2885 2437/12500
3 2885 1/500
6598 2886 1
5817 2886 1
71 2886 -273/400
1573 2886 -27/400
41 2886 1/100000
23 2886 2437/12500
5 2886 1/500
6393 2887 1
5077 2887 1
56 2887 -273/400
171 2887 -27/400
36 2887 11/2500
18 2887 19627/100000
0 2887 3/1000
6434 2888 1
5213 2888 1
59 2888 -273/400
444 2888 -27/400
37 2888 11/2500
19 2888 19627/100000
1 2888 3/1000
6475 2889 1
5359 2889 1
62 2889 -273/400
717 2889 -27/400
38 2889 11/2500
20 2889 19627/100000
2 2889 3/1000
6516 2890 1
5512 2890 1
65 2890 -273/400
990 2890 -27/400
39 2890 11/2500
21 2890 19627/100000
3 2890 3/1000
6598 2891 1
5818 2891 1
71 2891 -273/400
1536 2891 -27/400
41 2891 11/2500
23 2891 19627/100000
5 2891 3/1000
8297 2892 -6427/100000
8246 2892 -6339/1000000
8245 2892 -7521/1000000
8248 2892 -1969/1000000
8244 2892 -10159/1000000
8243 2892 -3347/250000
6393 2892 1
5078 2892 1
56 2892 -837/1600
18 2892 4797/25000
8299 2893 -6427/100000
8252 2893 -6339/1000000
8251 2893 -7521/1000000
8254 2893 -1969/1000000
8250 2893 -10159/1000000
8249 2893 -3347/250000
6434 2893 1
5214 2893 1
59 2893 -837/1600
19 2893 4797/25000
8303 2894 -6427/100000
8264 2894 -6339/1000000
8263 2894 -7521/1000000
8266 2894 -1969/1000000
8262 2894 -10159/1000000
8261 2894 -3347/250000
6516 2894 1
5513 2894 1
65 2894 -837/1600
21 2894 4797/25000
8307 2895 -6427/100000
8276 2895 -6339/1000000
8275 2895 -7521/1000000
8278 2895 -1969/1000000
8274 2895 -10159/1000000
8273 2895 -3347/250000
6598 2895 1
5819 2895 1
71 2895 -837/1600
23 2895 4797/25000
6393 2896 1
5079 2896 1
171 2896 -292857/500000
36 2896 2449/50000
18 2896 237/2500
0 2896 3337/100000
6434 2897 1
5215 2897 1
444 2897 -292857/500000
37 2897 2449/50000
19 2897 237/2500
1 2897 3337/100000
6475 2898 1
5361 2898 1
717 2898 -292857/500000
38 2898 2449/50000
20 2898 237/2500
2 2898 3337/100000
6516 2899 1
5514 2899 1
990 2899 -292857/500000
39 2899 2449/50000
21 2899 237/2500
3 2899 3337/100000
6557 2900 1
5667 2900 1
1263 2900 -292857/500000
40 2900 2449/50000
22 2900 237/2500
4 2900 3337/100000
6598 2901 1
5820 2901 1
1536 2901 -292857/500000
41 2901 2449/50000
23 2901 237/2500
5 2901 3337/100000
6639 2902 1
5973 2902 1
1809 2902 -292857/500000
42 2902 2449/50000
24 2902 237/2500
6 2902 3337/100000
6680 2903 1
6126 2903 1
2082 2903 -292857/500000
43 2903 2449/50000
25 2903 237/2500
7 2903 3337/100000
6721 2904 1
6279 2904 1
2355 2904 -292857/500000
44 2904 2449/50000
26 2904 237/2500
8 2904 3337/100000
6393 2905 1
5080 2905 1
208 2905 -11/20
36 2905 7/50000
18 2905 4007/50000
0 2905 2231/100000
6475 2906 1
5362 2906 1
754 2906 -11/20
38 2906 7/50000
20 2906 4007/50000
2 2906 2231/100000
6516 2907 1
5515 2907 1
1027 2907 -11/20
39 2907 7/50000
21 2907 4007/50000
3 2907 2231/100000
6557 2908 1
5668 2908 1
1300 2908 -11/20
40 2908 7/50000
22 2908 4007/50000
4 2908 2231/100000
6598 2909 1
5821 2909 1
1573 2909 -11/20
41 2909 7/50000
23 2909 4007/50000
5 2909 2231/100000
8297 2910 -41133/100000
8246 2910 -10143/250000
8245 2910 -12033/250000
8248 2910 -63/5000
8244 2910 -8127/125000
8243 2910 -1071/12500
6393 2910 1
5081 2910 1
8299 2911 -41133/100000
8252 2911 -10143/250000
8251 2911 -12033/250000
8254 2911 -63/5000
8250 2911 -8127/125000
8249 2911 -1071/12500
6434 2911 1
5217 2911 1
8301 2912 -41133/100000
8258 2912 -10143/250000
8257 2912 -12033/250000
8260 2912 -63/5000
8256 2912 -8127/125000
8255 2912 -1071/12500
6475 2912 1
5363 2912 1
8303 2913 -41133/100000
8264 2913 -10143/250000
8263 2913 -12033/250000
8266 2913 -63/5000
8262 2913 -8127/125000
8261 2913 -1071/12500
6516 2913 1
5516 2913 1
8305 2914 -41133/100000
8270 2914 -10143/250000
8269 2914 -12033/250000
8272 2914 -63/5000
8268 2914 -8127/125000
8267 2914 -1071/12500
6557 2914 1
5669 2914 1
8307 2915 -41133/100000
8276 2915 -10143/250000
8275 2915 -12033/250000
8278 2915 -63/5000
8274 2915 -8127/125000
8273 2915 -1071/12500
6598 2915 1
5822 2915 1
8309 2916 -41133/100000
8282 2916 -10143/250000
8281 2916 -12033/250000
8284 2916 -63/5000
8280 2916 -8127/125000
8279 2916 -1071/12500
6639 2916 1
5975 2916 1
8311 2917 -41133/100000
8288 2917 -10143/250000
8287 2917 -12033/250000
8290 2917 -63/5000
8286 2917 -8127/125000
8285 2917 -1071/12500
6680 2917 1
6128 2917 1
8313 2918 -41133/100000
8294 2918 -10143/250000
8293 2918 -12033/250000
8296 2918 -63/5000
8292 2918 -8127/125000
8291 2918 -1071/12500
6721 2918 1
6281 2918 1
8297 2919 -181181/500000
8246 2919 -17871/500000
8245 2919 -21201/500000
8248 2919 -111/10000
8244 2919 -14319/250000
8243 2919 -1887/25000
6393 2919 1
5082 2919 1
8299 2920 -181181/500000
8252 2920 -17871/500000
8251 2920 -21201/500000
8254 2920 -111/10000
8250 2920 -14319/250000
8249 2920 -1887/25000
6434 2920 1
5218 2920 1
8301 2921 -181181/500000
8258 2921 -17871/500000
8257 2921 -21201/500000
8260 2921 -111/10000
8256 2921 -14319/250000
8255 2921 -1887/25000
6475 2921 1
5364 2921 1
8303 2922 -181181/500000
8264 2922 -17871/500000
8263 2922 -21201/500000
8266 2922 -111/10000
8262 2922 -14319/250000
8261 2922 -1887/25000
6516 2922 1
5517 2922 1
8305 2923 -181181/500000
8270 2923 -17871/500000
8269 2923 -21201/500000
8272 2923 -111/10000
8268 2923 -14319/250000
8267 2923 -1887/25000
6557 2923 1
5670 2923 1
8307 2924 -181181/500000
8276 2924 -17871/500000
8275 2924 -21201/500000
8278 2924 -111/10000
8274 2924 -14319/250000
8273 2924 -1887/25000
6598 2924 1
5823 2924 1
8309 2925 -181181/500000
8282 2925 -17871/500000
8281 2925 -21201/500000
8284 2925 -111/10000
8280 2925 -14319/250000
8279 2925 -1887/25000
6639 2925 1
5976 2925 1
8311 2926 -181181/500000
8288 2926 -17871/500000
8287 2926 -21201/500000
8290 2926 -111/10000
8286 2926 -14319/250000
8285 2926 -1887/25000
6680 2926 1
6129 2926 1
8313 2927 -181181/500000
8294 2927 -17871/500000
8293 2927 -21201/500000
8296 2927 -111/10000
8292 2927 -14319/250000
8291 2927 -1887/25000
6721 2927 1
6282 2927 1
6434 2928 1
5219 2928 1
481 2928 -246667/1000000
37 2928 7/100000
19 2928 789/20000
1 2928 549/50000
6598 2929 1
5824 2929 1
1573 2929 -246667/1000000
41 2929 7/100000
23 2929 789/20000
5 2929 549/50000
6680 2930 1
6130 2930 1
2119 2930 -246667/1000000
43 2930 7/100000
25 2930 789/20000
7 2930 549/50000
6393 2931 1
5084 2931 1
171 2931 -246667/1000000
36 2931 2411/100000
18 2931 2333/50000
0 2931 1643/100000
6434 2932 1
5220 2932 1
444 2932 -246667/1000000
37 2932 2411/100000
19 2932 2333/50000
1 2932 1643/100000
6475 2933 1
5366 2933 1
717 2933 -246667/1000000
38 2933 2411/100000
20 2933 2333/50000
2 2933 1643/100000
6516 2934 1
5519 2934 1
990 2934 -246667/1000000
39 2934 2411/100000
21 2934 2333/50000
3 2934 1643/100000
6557 2935 1
5672 2935 1
1263 2935 -246667/1000000
40 2935 2411/100000
22 2935 2333/50000
4 2935 1643/100000
6598 2936 1
5825 2936 1
1536 2936 -246667/1000000
41 2936 2411/100000
23 2936 2333/50000
5 2936 1643/100000
6639 2937 1
5978 2937 1
1809 2937 -246667/1000000
42 2937 2411/100000
24 2937 2333/50000
6 2937 1643/100000
6680 2938 1
6131 2938 1
2082 2938 -246667/1000000
43 2938 2411/100000
25 2938 2333/50000
7 2938 1643/100000
8313 2939 -25883/100000
8294 2939 -2553/100000
8293 2939 -30287/1000000
8296 2939 -7929/1000000
8292 2939 -40911/1000000
8291 2939 -26957/500000
6721 2939 1
6285 2939 1
8297 2940 -14723/20000
8246 2940 -72611/1000000
8245 2940 -86141/1000000
8248 2940 -451/20000
8244 2940 -58179/500000
8243 2940 -7667/50000
6393 2940 1
5087 2940 1
6394 2941 1
5088 2941 1
208 2941 -35977/100000
36 2941 9/100000
18 2941 2781/50000
0 2941 387/25000
10255 2942 -36/5
6640 2942 1
5982 2942 1
1846 2942 -35977/100000
42 2942 9/100000
24 2942 2781/50000
6 2942 387/25000
10256 2943 -36/5
6681 2943 1
6135 2943 1
2119 2943 -35977/100000
43 2943 9/100000
25 2943 2781/50000
7 2943 387/25000
6394 2944 1
5089 2944 1
208 2944 -313/800
36 2944 9/100000
18 2944 2781/50000
0 2944 387/25000
6394 2945 1
5090 2945 1
171 2945 -417333/1000000
36 2945 3399/100000
18 2945 6579/100000
0 2945 579/25000
10250 2946 -36/5
6435 2946 1
5226 2946 1
444 2946 -417333/1000000
37 2946 3399/100000
19 2946 6579/100000
1 2946 579/25000
10251 2947 -36/5
6476 2947 1
5372 2947 1
717 2947 -417333/1000000
38 2947 3399/100000
20 2947 6579/100000
2 2947 579/25000
10252 2948 -36/5
6517 2948 1
5525 2948 1
990 2948 -417333/1000000
39 2948 3399/100000
21 2948 6579/100000
3 2948 579/25000
10253 2949 -36/5
6558 2949 1
5678 2949 1
1263 2949 -417333/1000000
40 2949 3399/100000
22 2949 6579/100000
4 2949 579/25000
10254 2950 -36/5
6599 2950 1
5831 2950 1
1536 2950 -417333/1000000
41 2950 3399/100000
23 2950 6579/100000
5 2950 579/25000
10255 2951 -36/5
6640 2951 1
5984 2951 1
1809 2951 -417333/1000000
42 2951 3399/100000
24 2951 6579/100000
6 2951 579/25000
10256 2952 -36/5
6681 2952 1
6137 2952 1
2082 2952 -417333/1000000
43 2952 3399/100000
25 2952 6579/100000
7 2952 579/25000
10257 2953 -36/5
6722 2953 1
6290 2953 1
2355 2953 -417333/1000000
44 2953 3399/100000
26 2953 6579/100000
8 2953 579/25000
8297 2954 -255449/500000
8246 2954 -50393/1000000
8245 2954 -59783/1000000
8248 2954 -313/20000
8244 2954 -40377/500000
8243 2954 -5321/50000
6394 2954 1
5091 2954 1
8299 2955 -255449/500000
8252 2955 -50393/1000000
8251 2955 -59783/1000000
8254 2955 -313/20000
8250 2955 -40377/500000
8249 2955 -5321/50000
6435 2955 1
5227 2955 1
8301 2956 -255449/500000
8258 2956 -50393/1000000
8257 2956 -59783/1000000
8260 2956 -313/20000
8256 2956 -40377/500000
8255 2956 -5321/50000
6476 2956 1
5373 2956 1
8303 2957 -255449/500000
8264 2957 -50393/1000000
8263 2957 -59783/1000000
8266 2957 -313/20000
8262 2957 -40377/500000
8261 2957 -5321/50000
6517 2957 1
5526 2957 1
8307 2958 -255449/500000
8276 2958 -50393/1000000
8275 2958 -59783/1000000
8278 2958 -313/20000
8274 2958 -40377/500000
8273 2958 -5321/50000
6599 2958 1
5832 2958 1
8309 2959 -255449/500000
8282 2959 -50393/1000000
8281 2959 -59783/1000000
8284 2959 -313/20000
8280 2959 -40377/500000
8279 2959 -5321/50000
6640 2959 1
5985 2959 1
8297 2960 -255449/500000
8246 2960 -50393/1000000
8245 2960 -59783/1000000
8248 2960 -313/20000
8244 2960 -40377/500000
8243 2960 -5321/50000
6394 2960 1
5092 2960 1
8299 2961 -255449/500000
8252 2961 -50393/1000000
8251 2961 -59783/1000000
8254 2961 -313/20000
8250 2961 -40377/500000
8249 2961 -5321/50000
6435 2961 1
5228 2961 1
8301 2962 -255449/500000
8258 2962 -50393/1000000
8257 2962 -59783/1000000
8260 2962 -313/20000
8256 2962 -40377/500000
8255 2962 -5321/50000
6476 2962 1
5374 2962 1
8303 2963 -255449/500000
8264 2963 -50393/1000000
8263 2963 -59783/1000000
8266 2963 -313/20000
8262 2963 -40377/500000
8261 2963 -5321/50000
6517 2963 1
5527 2963 1
8305 2964 -255449/500000
8270 2964 -50393/1000000
8269 2964 -59783/1000000
8272 2964 -313/20000
8268 2964 -40377/500000
8267 2964 -5321/50000
6558 2964 1
5680 2964 1
8307 2965 -255449/500000
8276 2965 -50393/1000000
8275 2965 -59783/1000000
8278 2965 -313/20000
8274 2965 -40377/500000
8273 2965 -5321/50000
6599 2965 1
5833 2965 1
8309 2966 -255449/500000
8282 2966 -50393/1000000
8281 2966 -59783/1000000
8284 2966 -313/20000
8280 2966 -40377/500000
8279 2966 -5321/50000
6640 2966 1
5986 2966 1
8311 2967 -255449/500000
8288 2967 -50393/1000000
8287 2967 -59783/1000000
8290 2967 -313/20000
8286 2967 -40377/500000
8285 2967 -5321/50000
6681 2967 1
6139 2967 1
8313 2968 -255449/500000
8294 2968 -50393/1000000
8293 2968 -59783/1000000
8296 2968 -313/20000
8292 2968 -40377/500000
8291 2968 -5321/50000
6722 2968 1
6292 2968 1
8297 2969 -168027/1000000
8246 2969 -8287/500000
8245 2969 -9831/500000
8248 2969 -5147/1000000
8244 2969 -26559/1000000
8243 2969 -7/200
6394 2969 1
5093 2969 1
56 2969 -1367647/1000000
8299 2970 -168027/1000000
8252 2970 -8287/500000
8251 2970 -9831/500000
8254 2970 -5147/1000000
8250 2970 -26559/1000000
8249 2970 -7/200
6435 2970 1
5229 2970 1
59 2970 -1367647/1000000
8301 2971 -168027/1000000
8258 2971 -8287/500000
8257 2971 -9831/500000
8260 2971 -5147/1000000
8256 2971 -26559/1000000
8255 2971 -7/200
6476 2971 1
5375 2971 1
62 2971 -1367647/1000000
8303 2972 -168027/1000000
8264 2972 -8287/500000
8263 2972 -9831/500000
8266 2972 -5147/1000000
8262 2972 -26559/1000000
8261 2972 -7/200
6517 2972 1
5528 2972 1
65 2972 -1367647/1000000
8305 2973 -168027/1000000
8270 2973 -8287/500000
8269 2973 -9831/500000
8272 2973 -5147/1000000
8268 2973 -26559/1000000
8267 2973 -7/200
6558 2973 1
5681 2973 1
68 2973 -1367647/1000000
8307 2974 -168027/1000000
8276 2974 -8287/500000
8275 2974 -9831/500000
8278 2974 -5147/1000000
8274 2974 -26559/1000000
8273 2974 -7/200
6599 2974 1
5834 2974 1
71 2974 -1367647/1000000
8309 2975 -168027/1000000
8282 2975 -8287/500000
8281 2975 -9831/500000
8284 2975 -5147/1000000
8280 2975 -26559/1000000
8279 2975 -7/200
6640 2975 1
5987 2975 1
74 2975 -1367647/1000000
8311 2976 -168027/1000000
8288 2976 -8287/500000
8287 2976 -9831/500000
8290 2976 -5147/1000000
8286 2976 -26559/1000000
8285 2976 -7/200
6681 2976 1
6140 2976 1
77 2976 -1367647/1000000
8313 2977 -168027/1000000
8294 2977 -8287/500000
8293 2977 -9831/500000
8296 2977 -5147/1000000
8292 2977 -26559/1000000
8291 2977 -7/200
6722 2977 1
6293 2977 1
80 2977 -1367647/1000000
6395 2978 1
5094 2978 1
208 2978 -54023/250000
36 2978 3/50000
18 2978 3341/100000
0 2978 93/10000
6436 2979 1
5231 2979 1
481 2979 -47/200
37 2979 3/50000
19 2979 3341/100000
1 2979 93/10000
6477 2980 1
5377 2980 1
754 2980 -47/200
38 2980 3/50000
20 2980 3341/100000
2 2980 93/10000
6682 2981 1
6142 2981 1
2119 2981 -47/200
43 2981 3/50000
25 2981 3341/100000
7 2981 93/10000
6395 2982 1
5096 2982 1
171 2982 -250667/1000000
36 2982 1021/50000
18 2982 247/6250
0 2982 1391/100000
6436 2983 1
5232 2983 1
444 2983 -250667/1000000
37 2983 1021/50000
19 2983 247/6250
1 2983 1391/100000
6477 2984 1
5378 2984 1
717 2984 -250667/1000000
38 2984 1021/50000
20 2984 247/6250
2 2984 1391/100000
6518 2985 1
5531 2985 1
990 2985 -250667/1000000
39 2985 1021/50000
21 2985 247/6250
3 2985 1391/100000
6559 2986 1
5684 2986 1
1263 2986 -250667/1000000
40 2986 1021/50000
22 2986 247/6250
4 2986 1391/100000
6600 2987 1
5837 2987 1
1536 2987 -250667/1000000
41 2987 1021/50000
23 2987 247/6250
5 2987 1391/100000
6641 2988 1
5990 2988 1
1809 2988 -250667/1000000
42 2988 1021/50000
24 2988 247/6250
6 2988 1391/100000
6682 2989 1
6143 2989 1
2082 2989 -250667/1000000
43 2989 1021/50000
25 2989 247/6250
7 2989 1391/100000
6723 2990 1
6296 2990 1
2355 2990 -250667/1000000
44 2990 1021/50000
26 2990 247/6250
8 2990 1391/100000
8297 2991 -61373/200000
8246 2991 -7567/250000
8245 2991 -8977/250000
8248 2991 -47/5000
8244 2991 -6063/125000
8243 2991 -799/12500
6395 2991 1
5097 2991 1
8299 2992 -61373/200000
8252 2992 -7567/250000
8251 2992 -8977/250000
8254 2992 -47/5000
8250 2992 -6063/125000
8249 2992 -799/12500
6436 2992 1
5233 2992 1
8297 2993 -61373/200000
8246 2993 -7567/250000
8245 2993 -8977/250000
8248 2993 -47/5000
8244 2993 -6063/125000
8243 2993 -799/12500
6395 2993 1
5098 2993 1
8299 2994 -61373/200000
8252 2994 -7567/250000
8251 2994 -8977/250000
8254 2994 -47/5000
8250 2994 -6063/125000
8249 2994 -799/12500
6436 2994 1
5234 2994 1
8301 2995 -61373/200000
8258 2995 -7567/250000
8257 2995 -8977/250000
8260 2995 -47/5000
8256 2995 -6063/125000
8255 2995 -799/12500
6477 2995 1
5380 2995 1
8305 2996 -61373/200000
8270 2996 -7567/250000
8269 2996 -8977/250000
8272 2996 -47/5000
8268 2996 -6063/125000
8267 2996 -799/12500
6559 2996 1
5686 2996 1
8307 2997 -61373/200000
8276 2997 -7567/250000
8275 2997 -8977/250000
8278 2997 -47/5000
8274 2997 -6063/125000
8273 2997 -799/12500
6600 2997 1
5839 2997 1
8309 2998 -61373/200000
8282 2998 -7567/250000
8281 2998 -8977/250000
8284 2998 -47/5000
8280 2998 -6063/125000
8279 2998 -799/12500
6641 2998 1
5992 2998 1
8300 2999 -22903/250000
8299 2999 -22903/250000
8252 2999 -3903/1000000
8251 2999 -4769/250000
8254 2999 -391/100000
8253 2999 -19083/1000000
8250 2999 -391/100000
8249 2999 -19083/1000000
6437 2999 1
5235 2999 1
481 2999 -37931/100000
37 2999 49/500000
19 2999 11411/500000
1 2999 18761/1000000
8302 3000 -22903/250000
8301 3000 -22903/250000
8258 3000 -3903/1000000
8257 3000 -4769/250000
8260 3000 -391/100000
8259 3000 -19083/1000000
8256 3000 -391/100000
8255 3000 -19083/1000000
6478 3000 1
5381 3000 1
754 3000 -37931/100000
38 3000 49/500000
20 3000 11411/500000
2 3000 18761/1000000
8304 3001 -22903/250000
8303 3001 -22903/250000
8264 3001 -3903/1000000
8263 3001 -4769/250000
8266 3001 -391/100000
8265 3001 -19083/1000000
8262 3001 -391/100000
8261 3001 -19083/1000000
6519 3001 1
5534 3001 1
1027 3001 -37931/100000
39 3001 49/500000
21 3001 11411/500000
3 3001 18761/1000000
8306 3002 -22903/250000
8305 3002 -22903/250000
8270 3002 -3903/1000000
8269 3002 -4769/250000
8272 3002 -391/100000
8271 3002 -19083/1000000
8268 3002 -391/100000
8267 3002 -19083/1000000
6560 3002 1
5687 3002 1
1300 3002 -37931/100000
40 3002 49/500000
22 3002 11411/500000
4 3002 18761/1000000
8298 3003 -19997/40000
8297 3003 -19997/40000
8246 3003 -21301/1000000
8245 3003 -104097/1000000
8248 3003 -21339/1000000
8247 3003 -52067/500000
8244 3003 -21339/1000000
8243 3003 -52067/500000
6396 3003 1
5100 3003 1
8300 3004 -19997/40000
8299 3004 -19997/40000
8252 3004 -21301/1000000
8251 3004 -104097/1000000
8254 3004 -21339/1000000
8253 3004 -52067/500000
8250 3004 -21339/1000000
8249 3004 -52067/500000
6437 3004 1
5236 3004 1
6396 3005 1
5101 3005 1
208 3005 -5/4
36 3005 323/1000000
18 3005 9401/125000
0 3005 2473/40000
6437 3006 1
5237 3006 1
481 3006 -5/4
37 3006 323/1000000
19 3006 9401/125000
1 3006 2473/40000
6478 3007 1
5383 3007 1
754 3007 -5/4
38 3007 323/1000000
20 3007 9401/125000
2 3007 2473/40000
6519 3008 1
5536 3008 1
1027 3008 -5/4
39 3008 323/1000000
21 3008 9401/125000
3 3008 2473/40000
6560 3009 1
5689 3009 1
1300 3009 -5/4
40 3009 323/1000000
22 3009 9401/125000
4 3009 2473/40000
6601 3010 1
5842 3010 1
1573 3010 -5/4
41 3010 323/1000000
23 3010 9401/125000
5 3010 2473/40000
6642 3011 1
5995 3011 1
1846 3011 -5/4
42 3011 323/1000000
24 3011 9401/125000
6 3011 2473/40000
6683 3012 1
6148 3012 1
2119 3012 -5/4
43 3012 323/1000000
25 3012 9401/125000
7 3012 2473/40000
6724 3013 1
6301 3013 1
2392 3013 -5/4
44 3013 323/1000000
26 3013 9401/125000
8 3013 2473/40000
6396 3014 1
5103 3014 1
208 3014 -769231/500000
36 3014 397/1000000
18 3014 92563/1000000
0 3014 19023/250000
6437 3015 1
5239 3015 1
481 3015 -769231/500000
37 3015 397/1000000
19 3015 92563/1000000
1 3015 19023/250000
6478 3016 1
5385 3016 1
754 3016 -769231/500000
38 3016 397/1000000
20 3016 92563/1000000
2 3016 19023/250000
6519 3017 1
5538 3017 1
1027 3017 -769231/500000
39 3017 397/1000000
21 3017 92563/1000000
3 3017 19023/250000
6560 3018 1
5691 3018 1
1300 3018 -769231/500000
40 3018 397/1000000
22 3018 92563/1000000
4 3018 19023/250000
6601 3019 1
5844 3019 1
1573 3019 -769231/500000
41 3019 397/1000000
23 3019 92563/1000000
5 3019 19023/250000
6642 3020 1
5997 3020 1
1846 3020 -769231/500000
42 3020 397/1000000
24 3020 92563/1000000
6 3020 19023/250000
6683 3021 1
6150 3021 1
2119 3021 -769231/500000
43 3021 397/1000000
25 3021 92563/1000000
7 3021 19023/250000
6724 3022 1
6303 3022 1
2392 3022 -769231/500000
44 3022 397/1000000
26 3022 92563/1000000
8 3022 19023/250000
6397 3023 1
5105 3023 1
208 3023 -5/4
36 3023 323/1000000
18 3023 9401/125000
0 3023 2473/40000
6438 3024 1
5241 3024 1
481 3024 -5/4
37 3024 323/1000000
19 3024 9401/125000
1 3024 2473/40000
6479 3025 1
5387 3025 1
754 3025 -5/4
38 3025 323/1000000
20 3025 9401/125000
2 3025 2473/40000
6520 3026 1
5540 3026 1
1027 3026 -5/4
39 3026 323/1000000
21 3026 9401/125000
3 3026 2473/40000
6561 3027 1
5693 3027 1
1300 3027 -5/4
40 3027 323/1000000
22 3027 9401/125000
4 3027 2473/40000
6602 3028 1
5846 3028 1
1573 3028 -5/4
41 3028 323/1000000
23 3028 9401/125000
5 3028 2473/40000
6643 3029 1
5999 3029 1
1846 3029 -5/4
42 3029 323/1000000
24 3029 9401/125000
6 3029 2473/40000
6684 3030 1
6152 3030 1
2119 3030 -5/4
43 3030 323/1000000
25 3030 9401/125000
7 3030 2473/40000
6725 3031 1
6305 3031 1
2392 3031 -5/4
44 3031 323/1000000
26 3031 9401/125000
8 3031 2473/40000
6397 3032 1
5107 3032 1
171 3032 -1333333/1000000
36 3032 148569/1000000
18 3032 82731/1000000
0 3032 98667/1000000
6438 3033 1
5243 3033 1
444 3033 -1333333/1000000
37 3033 148569/1000000
19 3033 82731/1000000
1 3033 98667/1000000
6479 3034 1
5389 3034 1
717 3034 -1333333/1000000
38 3034 148569/1000000
20 3034 82731/1000000
2 3034 98667/1000000
6520 3035 1
5542 3035 1
990 3035 -1333333/1000000
39 3035 148569/1000000
21 3035 82731/1000000
3 3035 98667/1000000
6561 3036 1
5695 3036 1
1263 3036 -1333333/1000000
40 3036 148569/1000000
22 3036 82731/1000000
4 3036 98667/1000000
6602 3037 1
5848 3037 1
1536 3037 -1333333/1000000
41 3037 148569/1000000
23 3037 82731/1000000
5 3037 98667/1000000
6643 3038 1
6001 3038 1
1809 3038 -1333333/1000000
42 3038 148569/1000000
24 3038 82731/1000000
6 3038 98667/1000000
6684 3039 1
6154 3039 1
2082 3039 -1333333/1000000
43 3039 148569/1000000
25 3039 82731/1000000
7 3039 98667/1000000
6725 3040 1
6307 3040 1
2355 3040 -1333333/1000000
44 3040 148569/1000000
26 3040 82731/1000000
8 3040 98667/1000000
8298 3041 -1353359/1000000
8248 3041 -12381/125000
8247 3041 -56381/200000
6398 3041 1
5109 3041 1
8300 3042 -83101/62500
8254 3042 -9731/100000
8253 3042 -276959/1000000
6439 3042 1
5245 3042 1
8302 3043 -326673/250000
8260 3043 -5977/62500
8259 3043 -34023/125000
6480 3043 1
5391 3043 1
8304 3044 -256909/200000
8266 3044 -94011/1000000
8265 3044 -267571/1000000
6521 3044 1
5544 3044 1
8306 3045 -252627/200000
8272 3045 -23111/250000
8271 3045 -263111/1000000
6562 3045 1
5697 3045 1
8308 3046 -310607/250000
8278 3046 -90929/1000000
8277 3046 -129399/500000
6603 3046 1
5850 3046 1
8310 3047 -1222389/1000000
8284 3047 -44731/500000
8283 3047 -7957/31250
6644 3047 1
6003 3047 1
8312 3048 -601493/500000
8290 3048 -44021/500000
8289 3048 -125291/500000
6685 3048 1
6156 3048 1
8314 3049 -118419/100000
8296 3049 -86667/1000000
8295 3049 -246667/1000000
6726 3049 1
6309 3049 1
8298 3050 -19666/15625
8248 3050 -46057/500000
8247 3050 -262171/1000000
6398 3050 1
5110 3050 1
8302 3051 -1215223/1000000
8260 3051 -44469/500000
8259 3051 -253131/1000000
6480 3051 1
5392 3051 1
8304 3052 -597313/500000
8266 3052 -87431/1000000
8265 3052 -248841/1000000
6521 3052 1
5545 3052 1
8306 3053 -293679/250000
8272 3053 -85973/1000000
8271 3053 -244693/1000000
6562 3053 1
5698 3053 1
8308 3054 -577729/500000
8278 3054 -21141/250000
8277 3054 -120341/500000
6603 3054 1
5851 3054 1
8310 3055 -568411/500000
8284 3055 -52/625
8283 3055 -148/625
6644 3055 1
6004 3055 1
8312 3056 -1118777/1000000
8290 3056 -81879/1000000
8289 3056 -233041/1000000
6685 3056 1
6157 3056 1
8314 3057 -68831/62500
8296 3057 -403/5000
8295 3057 -1147/5000
6726 3057 1
6310 3057 1
8298 3058 -1218023/1000000
8248 3058 -89143/1000000
8247 3058 -126857/500000
6398 3058 1
5111 3058 1
8300 3059 -239331/200000
8254 3059 -87579/1000000
8253 3059 -249263/1000000
6439 3059 1
5247 3059 1
8302 3060 -1176023/1000000
8260 3060 -86069/1000000
8259 3060 -122483/500000
6480 3060 1
5393 3060 1
8304 3061 -115609/100000
8266 3061 -8461/100000
8265 3061 -120407/500000
6521 3061 1
5546 3061 1
8306 3062 -568411/500000
8272 3062 -52/625
8271 3062 -148/625
6562 3062 1
5699 3062 1
8308 3063 -223637/200000
8278 3063 -20459/250000
8277 3063 -116459/500000
6603 3063 1
5852 3063 1
8310 3064 -22003/20000
8284 3064 -20129/250000
8283 3064 -229161/1000000
6644 3064 1
6005 3064 1
8312 3065 -16917/15625
8290 3065 -39619/500000
8289 3065 -56381/250000
6685 3065 1
6158 3065 1
8314 3066 -1065771/1000000
8296 3066 -39/500
8295 3066 -111/500
6726 3066 1
6311 3066 1
8298 3067 -1163889/1000000
8248 3067 -85181/1000000
8247 3067 -121219/500000
6398 3067 1
5112 3067 1
8298 3068 -1353359/1000000
8248 3068 -12381/125000
8247 3068 -56381/200000
6399 3068 1
5113 3068 1
10250 3069 741/10
10242 3069 741/10
10234 3069 741/10
10226 3069 39/100
8300 3069 -83101/62500
8254 3069 -9731/100000
8253 3069 -276959/1000000
6440 3069 1
5249 3069 1
10251 3070 741/10
10243 3070 741/10
10235 3070 741/10
10227 3070 39/100
8302 3070 -326673/250000
8260 3070 -5977/62500
8259 3070 -34023/125000
6481 3070 1
5395 3070 1
10252 3071 741/10
10244 3071 741/10
10236 3071 741/10
10228 3071 39/100
8304 3071 -256909/200000
8266 3071 -94011/1000000
8265 3071 -267571/1000000
6522 3071 1
5548 3071 1
10253 3072 741/10
10245 3072 741/10
10237 3072 741/10
10229 3072 39/100
8306 3072 -252627/200000
8272 3072 -23111/250000
8271 3072 -263111/1000000
6563 3072 1
5701 3072 1
10254 3073 741/10
10246 3073 741/10
10238 3073 741/10
10230 3073 39/100
8308 3073 -310607/250000
8278 3073 -90929/1000000
8277 3073 -129399/500000
6604 3073 1
5854 3073 1
10255 3074 741/10
10247 3074 741/10
10239 3074 741/10
10231 3074 39/100
8310 3074 -1222389/1000000
8284 3074 -44731/500000
8283 3074 -7957/31250
6645 3074 1
6007 3074 1
10256 3075 741/10
10248 3075 741/10
10240 3075 741/10
10232 3075 39/100
8312 3075 -601493/500000
8290 3075 -44021/500000
8289 3075 -125291/500000
6686 3075 1
6160 3075 1
10257 3076 741/10
10249 3076 741/10
10241 3076 741/10
10233 3076 39/100
8314 3076 -118419/100000
8296 3076 -86667/1000000
8295 3076 -246667/1000000
6727 3076 1
6313 3076 1
10231 3077 39/100
8310 3077 -444071/1000000
8284 3077 -13/400
8283 3077 -37/400
6645 3077 1
6008 3077 1
10226 3078 -61/100
8300 3078 -83101/62500
8254 3078 -9731/100000
8253 3078 -276959/1000000
6440 3078 1
5251 3078 1
10227 3079 -61/100
8302 3079 -326673/250000
8260 3079 -5977/62500
8259 3079 -34023/125000
6481 3079 1
5397 3079 1
10228 3080 -61/100
8304 3080 -256909/200000
8266 3080 -94011/1000000
8265 3080 -267571/1000000
6522 3080 1
5550 3080 1
10229 3081 -61/100
8306 3081 -252627/200000
8272 3081 -23111/250000
8271 3081 -263111/1000000
6563 3081 1
5703 3081 1
10230 3082 -61/100
8308 3082 -310607/250000
8278 3082 -90929/1000000
8277 3082 -129399/500000
6604 3082 1
5856 3082 1
10231 3083 -61/100
8310 3083 -1222389/1000000
8284 3083 -44731/500000
8283 3083 -7957/31250
6645 3083 1
6009 3083 1
10232 3084 -61/100
8312 3084 -601493/500000
8290 3084 -44021/500000
8289 3084 -125291/500000
6686 3084 1
6162 3084 1
10233 3085 -61/100
8314 3085 -118419/100000
8296 3085 -86667/1000000
8295 3085 -246667/1000000
6727 3085 1
6315 3085 1
10226 3086 -61/100
8300 3086 -245979/250000
8254 3086 -72009/1000000
8253 3086 -4099/20000
6440 3086 1
5252 3086 1
10227 3087 -61/100
8302 3087 -120869/125000
8260 3087 -4423/62500
8259 3087 -25177/125000
6481 3087 1
5398 3087 1
10228 3088 -61/100
8304 3088 -950563/1000000
8266 3088 -1087/15625
8265 3088 -99001/500000
6522 3088 1
5551 3088 1
10229 3089 -61/100
8306 3089 -2921/3125
8272 3089 -68409/1000000
8271 3089 -97351/500000
6563 3089 1
5704 3089 1
10230 3090 -61/100
8308 3090 -919397/1000000
8278 3090 -67287/1000000
8277 3090 -19151/100000
6604 3090 1
5857 3090 1
10231 3091 -61/100
8310 3091 -113071/125000
8284 3091 -33101/500000
8283 3091 -94211/500000
6645 3091 1
6010 3091 1
10232 3092 -61/100
8312 3092 -89021/100000
8290 3092 -65151/1000000
8289 3092 -185431/1000000
6686 3092 1
6163 3092 1
10233 3093 -61/100
8314 3093 -8763/10000
8296 3093 -64133/1000000
8295 3093 -182533/1000000
6727 3093 1
6316 3093 1
8298 3094 -196237/250000
8248 3094 -7181/125000
8247 3094 -32701/200000
6399 3094 1
5117 3094 1
10226 3095 -61/100
8300 3095 -771177/1000000
8254 3095 -1411/25000
8253 3095 -40159/250000
6440 3095 1
5253 3095 1
10227 3096 -61/100
8302 3096 -757881/1000000
8260 3096 -55467/1000000
8259 3096 -157867/1000000
6481 3096 1
5399 3096 1
10229 3097 -61/100
8306 3097 -732619/1000000
8272 3097 -26809/500000
8271 3097 -38151/250000
6563 3097 1
5705 3097 1
10230 3098 -61/100
8308 3098 -22519/31250
8278 3098 -52739/1000000
8277 3098 -150103/1000000
6604 3098 1
5858 3098 1
10231 3099 -61/100
8310 3099 -354493/500000
8284 3099 -3243/62500
8283 3099 -73841/500000
6645 3099 1
6011 3099 1
10232 3100 -61/100
8312 3100 -174433/250000
8290 3100 -10213/200000
8289 3100 -72669/500000
6686 3100 1
6164 3100 1
10233 3101 -61/100
8314 3101 -68683/100000
8296 3101 -50267/1000000
8295 3101 -143067/1000000
6727 3101 1
6317 3101 1
8298 3102 -703747/1000000
8248 3102 -10301/200000
8247 3102 -14659/100000
6399 3102 1
5118 3102 1
10226 3103 -61/100
8300 3103 -3457/5000
8254 3103 -50601/1000000
8253 3103 -144019/1000000
6440 3103 1
5254 3103 1
10227 3104 -61/100
8302 3104 -16987/25000
8260 3104 -49729/1000000
8259 3104 -4423/31250
6481 3104 1
5400 3104 1
10229 3105 -61/100
8306 3105 -65683/100000
8272 3105 -48071/1000000
8271 3105 -68409/500000
6563 3105 1
5706 3105 1
10230 3106 -61/100
8308 3106 -646063/1000000
8278 3106 -47283/1000000
8277 3106 -5383/40000
6604 3106 1
5859 3106 1
10231 3107 -61/100
8310 3107 -317821/500000
8284 3107 -1163/25000
8283 3107 -33101/250000
6645 3107 1
6012 3107 1
10232 3108 -61/100
8312 3108 -625553/1000000
8290 3108 -22891/500000
8289 3108 -130303/1000000
6686 3108 1
6165 3108 1
8298 3109 -680029/500000
8297 3109 -680269/500000
8246 3109 -1/20
8245 3109 -2833/10000
8248 3109 -1/20
8247 3109 -2833/10000
8244 3109 -1/20
8243 3109 -1417/5000
6400 3109 1
5119 3109 1
8300 3110 -680029/500000
8299 3110 -680269/500000
8252 3110 -1/20
8251 3110 -2833/10000
8254 3110 -1/20
8253 3110 -2833/10000
8250 3110 -1/20
8249 3110 -1417/5000
6441 3110 1
5255 3110 1
8302 3111 -680029/500000
8301 3111 -680269/500000
8258 3111 -1/20
8257 3111 -2833/10000
8260 3111 -1/20
8259 3111 -2833/10000
8256 3111 -1/20
8255 3111 -1417/5000
6482 3111 1
5401 3111 1
8304 3112 -680029/500000
8303 3112 -680269/500000
8264 3112 -1/20
8263 3112 -2833/10000
8266 3112 -1/20
8265 3112 -2833/10000
8262 3112 -1/20
8261 3112 -1417/5000
6523 3112 1
5554 3112 1
8306 3113 -680029/500000
8305 3113 -680269/500000
8270 3113 -1/20
8269 3113 -2833/10000
8272 3113 -1/20
8271 3113 -2833/10000
8268 3113 -1/20
8267 3113 -1417/5000
6564 3113 1
5707 3113 1
8308 3114 -680029/500000
8307 3114 -680269/500000
8276 3114 -1/20
8275 3114 -2833/10000
8278 3114 -1/20
8277 3114 -2833/10000
8274 3114 -1/20
8273 3114 -1417/5000
6605 3114 1
5860 3114 1
8310 3115 -680029/500000
8309 3115 -680269/500000
8282 3115 -1/20
8281 3115 -2833/10000
8284 3115 -1/20
8283 3115 -2833/10000
8280 3115 -1/20
8279 3115 -1417/5000
6646 3115 1
6013 3115 1
8312 3116 -680029/500000
8311 3116 -680269/500000
8288 3116 -1/20
8287 3116 -2833/10000
8290 3116 -1/20
8289 3116 -2833/10000
8286 3116 -1/20
8285 3116 -1417/5000
6687 3116 1
6166 3116 1
8314 3117 -680029/500000
8313 3117 -680269/500000
8294 3117 -1/20
8293 3117 -2833/10000
8296 3117 -1/20
8295 3117 -2833/10000
8292 3117 -1/20
8291 3117 -1417/5000
6728 3117 1
6319 3117 1
8298 3118 -3/5
8297 3118 -3/5
8246 3118 -3/40
8245 3118 -1563/12500
8248 3118 -3/40
8247 3118 -6249/50000
8244 3118 -3/40
8243 3118 -6249/50000
6401 3118 1
5121 3118 1
8300 3119 -3/5
8299 3119 -3/5
8252 3119 -3/40
8251 3119 -1563/12500
8254 3119 -3/40
8253 3119 -6249/50000
8250 3119 -3/40
8249 3119 -6249/50000
6442 3119 1
5257 3119 1
8302 3120 -3/5
8301 3120 -3/5
8258 3120 -3/40
8257 3120 -1563/12500
8260 3120 -3/40
8259 3120 -6249/50000
8256 3120 -3/40
8255 3120 -6249/50000
6483 3120 1
5403 3120 1
8304 3121 -3/5
8303 3121 -3/5
8264 3121 -3/40
8263 3121 -1563/12500
8266 3121 -3/40
8265 3121 -6249/50000
8262 3121 -3/40
8261 3121 -6249/50000
6524 3121 1
5556 3121 1
8306 3122 -3/5
8305 3122 -3/5
8270 3122 -3/40
8269 3122 -1563/12500
8272 3122 -3/40
8271 3122 -6249/50000
8268 3122 -3/40
8267 3122 -6249/50000
6565 3122 1
5709 3122 1
8308 3123 -3/5
8307 3123 -3/5
8276 3123 -3/40
8275 3123 -1563/12500
8278 3123 -3/40
8277 3123 -6249/50000
8274 3123 -3/40
8273 3123 -6249/50000
6606 3123 1
5862 3123 1
8310 3124 -3/5
8309 3124 -3/5
8282 3124 -3/40
8281 3124 -1563/12500
8284 3124 -3/40
8283 3124 -6249/50000
8280 3124 -3/40
8279 3124 -6249/50000
6647 3124 1
6015 3124 1
8312 3125 -3/5
8311 3125 -3/5
8288 3125 -3/40
8287 3125 -1563/12500
8290 3125 -3/40
8289 3125 -6249/50000
8286 3125 -3/40
8285 3125 -6249/50000
6688 3125 1
6168 3125 1
8314 3126 -3/5
8313 3126 -3/5
8294 3126 -3/40
8293 3126 -1563/12500
8296 3126 -3/40
8295 3126 -6249/50000
8292 3126 -3/40
8291 3126 -6249/50000
6729 3126 1
6321 3126 1
8298 3127 -13/25
8297 3127 -13/25
8246 3127 -13/200
8245 3127 -6773/62500
8248 3127 -13/200
8247 3127 -27079/250000
8244 3127 -13/200
8243 3127 -27079/250000
6401 3127 1
5122 3127 1
8300 3128 -13/25
8299 3128 -13/25
8252 3128 -13/200
8251 3128 -6773/62500
8254 3128 -13/200
8253 3128 -27079/250000
8250 3128 -13/200
8249 3128 -27079/250000
6442 3128 1
5258 3128 1
8302 3129 -13/25
8301 3129 -13/25
8258 3129 -13/200
8257 3129 -6773/62500
8260 3129 -13/200
8259 3129 -27079/250000
8256 3129 -13/200
8255 3129 -27079/250000
6483 3129 1
5404 3129 1
8304 3130 -13/25
8303 3130 -13/25
8264 3130 -13/200
8263 3130 -6773/62500
8266 3130 -13/200
8265 3130 -27079/250000
8262 3130 -13/200
8261 3130 -27079/250000
6524 3130 1
5557 3130 1
8306 3131 -13/25
8305 3131 -13/25
8270 3131 -13/200
8269 3131 -6773/62500
8272 3131 -13/200
8271 3131 -27079/250000
8268 3131 -13/200
8267 3131 -27079/250000
6565 3131 1
5710 3131 1
8308 3132 -13/25
8307 3132 -13/25
8276 3132 -13/200
8275 3132 -6773/62500
8278 3132 -13/200
8277 3132 -27079/250000
8274 3132 -13/200
8273 3132 -27079/250000
6606 3132 1
5863 3132 1
8310 3133 -13/25
8309 3133 -13/25
8282 3133 -13/200
8281 3133 -6773/62500
8284 3133 -13/200
8283 3133 -27079/250000
8280 3133 -13/200
8279 3133 -27079/250000
6647 3133 1
6016 3133 1
8312 3134 -13/25
8311 3134 -13/25
8288 3134 -13/200
8287 3134 -6773/62500
8290 3134 -13/200
8289 3134 -27079/250000
8286 3134 -13/200
8285 3134 -27079/250000
6688 3134 1
6169 3134 1
8314 3135 -13/25
8313 3135 -13/25
8294 3135 -13/200
8293 3135 -6773/62500
8296 3135 -13/200
8295 3135 -27079/250000
8292 3135 -13/200
8291 3135 -27079/250000
6729 3135 1
6322 3135 1
8298 3136 -29/50
8297 3136 -29/50
8246 3136 -29/400
8245 3136 -15109/125000
8248 3136 -29/400
8247 3136 -60407/500000
8244 3136 -29/400
8243 3136 -60407/500000
6402 3136 1
5124 3136 1
8300 3137 -29/50
8299 3137 -29/50
8252 3137 -29/400
8251 3137 -15109/125000
8254 3137 -29/400
8253 3137 -60407/500000
8250 3137 -29/400
8249 3137 -60407/500000
6443 3137 1
5260 3137 1
8302 3138 -29/50
8301 3138 -29/50
8258 3138 -29/400
8257 3138 -15109/125000
8260 3138 -29/400
8259 3138 -60407/500000
8256 3138 -29/400
8255 3138 -60407/500000
6484 3138 1
5406 3138 1
8304 3139 -29/50
8303 3139 -29/50
8264 3139 -29/400
8263 3139 -15109/125000
8266 3139 -29/400
8265 3139 -60407/500000
8262 3139 -29/400
8261 3139 -60407/500000
6525 3139 1
5559 3139 1
8306 3140 -29/50
8305 3140 -29/50
8270 3140 -29/400
8269 3140 -15109/125000
8272 3140 -29/400
8271 3140 -60407/500000
8268 3140 -29/400
8267 3140 -60407/500000
6566 3140 1
5712 3140 1
8308 3141 -29/50
8307 3141 -29/50
8276 3141 -29/400
8275 3141 -15109/125000
8278 3141 -29/400
8277 3141 -60407/500000
8274 3141 -29/400
8273 3141 -60407/500000
6607 3141 1
5865 3141 1
8312 3142 -29/50
8311 3142 -29/50
8288 3142 -29/400
8287 3142 -15109/125000
8290 3142 -29/400
8289 3142 -60407/500000
8286 3142 -29/400
8285 3142 -60407/500000
6689 3142 1
6171 3142 1
8314 3143 -29/50
8313 3143 -29/50
8294 3143 -29/400
8293 3143 -15109/125000
8296 3143 -29/400
8295 3143 -60407/500000
8292 3143 -29/400
8291 3143 -60407/500000
6730 3143 1
6324 3143 1
8298 3144 -249/500
8297 3144 -249/500
8246 3144 -249/4000
8245 3144 -103783/1000000
8248 3144 -249/4000
8247 3144 -103733/1000000
8244 3144 -249/4000
8243 3144 -103733/1000000
6402 3144 1
5125 3144 1
8300 3145 -249/500
8299 3145 -249/500
8252 3145 -249/4000
8251 3145 -103783/1000000
8254 3145 -249/4000
8253 3145 -103733/1000000
8250 3145 -249/4000
8249 3145 -103733/1000000
6443 3145 1
5261 3145 1
8302 3146 -249/500
8301 3146 -249/500
8258 3146 -249/4000
8257 3146 -103783/1000000
8260 3146 -249/4000
8259 3146 -103733/1000000
8256 3146 -249/4000
8255 3146 -103733/1000000
6484 3146 1
5407 3146 1
8304 3147 -249/500
8303 3147 -249/500
8264 3147 -249/4000
8263 3147 -103783/1000000
8266 3147 -249/4000
8265 3147 -103733/1000000
8262 3147 -249/4000
8261 3147 -103733/1000000
6525 3147 1
5560 3147 1
8306 3148 -249/500
8305 3148 -249/500
8270 3148 -249/4000
8269 3148 -103783/1000000
8272 3148 -249/4000
8271 3148 -103733/1000000
8268 3148 -249/4000
8267 3148 -103733/1000000
6566 3148 1
5713 3148 1
8308 3149 -249/500
8307 3149 -249/500
8276 3149 -249/4000
8275 3149 -103783/1000000
8278 3149 -249/4000
8277 3149 -103733/1000000
8274 3149 -249/4000
8273 3149 -103733/1000000
6607 3149 1
5866 3149 1
8310 3150 -249/500
8309 3150 -249/500
8282 3150 -249/4000
8281 3150 -103783/1000000
8284 3150 -249/4000
8283 3150 -103733/1000000
8280 3150 -249/4000
8279 3150 -103733/1000000
6648 3150 1
6019 3150 1
8312 3151 -249/500
8311 3151 -249/500
8288 3151 -249/4000
8287 3151 -103783/1000000
8290 3151 -249/4000
8289 3151 -103733/1000000
8286 3151 -249/4000
8285 3151 -103733/1000000
6689 3151 1
6172 3151 1
8314 3152 -249/500
8313 3152 -249/500
8294 3152 -249/4000
8293 3152 -103783/1000000
8296 3152 -249/4000
8295 3152 -103733/1000000
8292 3152 -249/4000
8291 3152 -103733/1000000
6730 3152 1
6325 3152 1
8298 3153 -619299/500000
8297 3153 -619299/500000
8246 3153 -14319/500000
8245 3153 -129/500
8248 3153 -14319/500000
8247 3153 -129/500
8244 3153 -7181/250000
8243 3153 -129/500
6403 3153 1
5127 3153 1
8300 3154 -619299/500000
8299 3154 -619299/500000
8252 3154 -14319/500000
8251 3154 -129/500
8254 3154 -14319/500000
8253 3154 -129/500
8250 3154 -7181/250000
8249 3154 -129/500
6444 3154 1
5263 3154 1
8298 3155 -892943/1000000
8297 3155 -892943/1000000
8246 3155 -10323/500000
8245 3155 -93/500
8248 3155 -10323/500000
8247 3155 -93/500
8244 3155 -5177/250000
8243 3155 -93/500
6403 3155 1
5128 3155 1
8300 3156 -892943/1000000
8299 3156 -892943/1000000
8252 3156 -10323/500000
8251 3156 -93/500
8254 3156 -10323/500000
8253 3156 -93/500
8250 3156 -5177/250000
8249 3156 -93/500
6444 3156 1
5264 3156 1
8302 3157 -892943/1000000
8301 3157 -892943/1000000
8258 3157 -10323/500000
8257 3157 -93/500
8260 3157 -10323/500000
8259 3157 -93/500
8256 3157 -5177/250000
8255 3157 -93/500
6485 3157 1
5410 3157 1
8304 3158 -892943/1000000
8303 3158 -892943/1000000
8264 3158 -10323/500000
8263 3158 -93/500
8266 3158 -10323/500000
8265 3158 -93/500
8262 3158 -5177/250000
8261 3158 -93/500
6526 3158 1
5563 3158 1
8306 3159 -892943/1000000
8305 3159 -892943/1000000
8270 3159 -10323/500000
8269 3159 -93/500
8272 3159 -10323/500000
8271 3159 -93/500
8268 3159 -5177/250000
8267 3159 -93/500
6567 3159 1
5716 3159 1
8308 3160 -892943/1000000
8307 3160 -892943/1000000
8276 3160 -10323/500000
8275 3160 -93/500
8278 3160 -10323/500000
8277 3160 -93/500
8274 3160 -5177/250000
8273 3160 -93/500
6608 3160 1
5869 3160 1
8310 3161 -892943/1000000
8309 3161 -892943/1000000
8282 3161 -10323/500000
8281 3161 -93/500
8284 3161 -10323/500000
8283 3161 -93/500
8280 3161 -5177/250000
8279 3161 -93/500
6649 3161 1
6022 3161 1
8312 3162 -892943/1000000
8311 3162 -892943/1000000
8288 3162 -10323/500000
8287 3162 -93/500
8290 3162 -10323/500000
8289 3162 -93/500
8286 3162 -5177/250000
8285 3162 -93/500
6690 3162 1
6175 3162 1
8314 3163 -892943/1000000
8313 3163 -892943/1000000
8294 3163 -10323/500000
8293 3163 -93/500
8296 3163 -10323/500000
8295 3163 -93/500
8292 3163 -5177/250000
8291 3163 -93/500
6731 3163 1
6328 3163 1
8298 3164 -691311/1000000
8297 3164 -691311/1000000
8246 3164 -999/62500
8245 3164 -18/125
8248 3164 -999/62500
8247 3164 -18/125
8244 3164 -501/31250
8243 3164 -18/125
6403 3164 1
5129 3164 1
8300 3165 -691311/1000000
8299 3165 -691311/1000000
8252 3165 -999/62500
8251 3165 -18/125
8254 3165 -999/62500
8253 3165 -18/125
8250 3165 -501/31250
8249 3165 -18/125
6444 3165 1
5265 3165 1
8302 3166 -691311/1000000
8301 3166 -691311/1000000
8258 3166 -999/62500
8257 3166 -18/125
8260 3166 -999/62500
8259 3166 -18/125
8256 3166 -501/31250
8255 3166 -18/125
6485 3166 1
5411 3166 1
8304 3167 -691311/1000000
8303 3167 -691311/1000000
8264 3167 -999/62500
8263 3167 -18/125
8266 3167 -999/62500
8265 3167 -18/125
8262 3167 -501/31250
8261 3167 -18/125
6526 3167 1
5564 3167 1
8306 3168 -691311/1000000
8305 3168 -691311/1000000
8270 3168 -999/62500
8269 3168 -18/125
8272 3168 -999/62500
8271 3168 -18/125
8268 3168 -501/31250
8267 3168 -18/125
6567 3168 1
5717 3168 1
8308 3169 -691311/1000000
8307 3169 -691311/1000000
8276 3169 -999/62500
8275 3169 -18/125
8278 3169 -999/62500
8277 3169 -18/125
8274 3169 -501/31250
8273 3169 -18/125
6608 3169 1
5870 3169 1
8310 3170 -691311/1000000
8309 3170 -691311/1000000
8282 3170 -999/62500
8281 3170 -18/125
8284 3170 -999/62500
8283 3170 -18/125
8280 3170 -501/31250
8279 3170 -18/125
6649 3170 1
6023 3170 1
8312 3171 -691311/1000000
8311 3171 -691311/1000000
8288 3171 -999/62500
8287 3171 -18/125
8290 3171 -999/62500
8289 3171 -18/125
8286 3171 -501/31250
8285 3171 -18/125
6690 3171 1
6176 3171 1
8314 3172 -691311/1000000
8313 3172 -691311/1000000
8294 3172 -999/62500
8293 3172 -18/125
8296 3172 -999/62500
8295 3172 -18/125
8292 3172 -501/31250
8291 3172 -18/125
6731 3172 1
6329 3172 1
6404 3173 1
5130 3173 1
114 3173 -91667/100000
36 3173 879/5000
18 3173 91/80
0 3173 6907/100000
6445 3174 1
5266 3174 1
387 3174 -9/10
37 3174 879/5000
19 3174 91/80
1 3174 13567/200000
6486 3175 1
5412 3175 1
660 3175 -71/80
38 3175 879/5000
20 3175 91/80
2 3175 333/5000
6527 3176 1
5565 3176 1
933 3176 -7/8
39 3176 879/5000
21 3176 91/80
3 3176 65983/1000000
6568 3177 1
5718 3177 1
1206 3177 -69/80
40 3177 879/5000
22 3177 91/80
4 3177 65367/1000000
6609 3178 1
5871 3178 1
1479 3178 -17/20
41 3178 879/5000
23 3178 91/80
5 3178 259/4000
6650 3179 1
6024 3179 1
1752 3179 -17/20
42 3179 879/5000
24 3179 91/80
6 3179 64133/1000000
6691 3180 1
6177 3180 1
2025 3180 -17/20
43 3180 879/5000
25 3180 91/80
7 3180 63517/1000000
6732 3181 1
6330 3181 1
2298 3181 -17/20
44 3181 879/5000
26 3181 91/80
8 3181 629/10000
8300 3182 -63/200
8299 3182 -63/200
8252 3182 -63/1600
8251 3182 -32823/500000
8254 3182 -63/1600
8253 3182 -32807/500000
8250 3182 -63/1600
8249 3182 -32807/500000
6445 3182 1
5267 3182 1
8302 3183 -497/1600
8301 3183 -497/1600
8258 3183 -9707/250000
8257 3183 -32367/500000
8260 3183 -9707/250000
8259 3183 -64703/1000000
8256 3183 -9707/250000
8255 3183 -64703/1000000
6486 3183 1
5413 3183 1
8304 3184 -49/160
8303 3184 -49/160
8264 3184 -38281/1000000
8263 3184 -63823/1000000
8266 3184 -38281/1000000
8265 3184 -3987/62500
8262 3184 -38281/1000000
8261 3184 -3987/62500
6527 3184 1
5566 3184 1
8306 3185 -483/1600
8305 3185 -483/1600
8270 3185 -18867/500000
8269 3185 -62911/1000000
8272 3185 -18867/500000
8271 3185 -62881/1000000
8268 3185 -18867/500000
8267 3185 -62881/1000000
6568 3185 1
5719 3185 1
8308 3186 -119/400
8307 3186 -119/400
8276 3186 -9297/250000
8275 3186 -61999/1000000
8278 3186 -9297/250000
8277 3186 -61969/1000000
8274 3186 -9297/250000
8273 3186 -61969/1000000
6609 3186 1
5872 3186 1
6446 3187 1
5268 3187 1
527 3187 -119/200
6487 3188 1
5414 3188 1
800 3188 -119/200
6610 3189 1
5873 3189 1
1619 3189 -119/200
6651 3190 1
6026 3190 1
1892 3190 -119/200
6405 3191 1
5132 3191 1
134 3191 -81/4000
36 3191 12549/1000000
18 3191 21149/100000
0 3191 6079/100000
6446 3192 1
5269 3192 1
407 3192 -23/1250
37 3192 12549/1000000
19 3192 21149/100000
1 3192 11929/200000
6487 3193 1
5415 3193 1
680 3193 -69/5000
38 3193 12549/1000000
20 3193 21149/100000
2 3193 117/2000
6528 3194 1
5568 3194 1
953 3194 -23/2500
39 3194 12549/1000000
21 3194 21149/100000
3 3194 117/2000
6569 3195 1
5721 3195 1
1226 3195 -23/5000
40 3195 12549/1000000
22 3195 21149/100000
4 3195 117/2000
6610 3196 1
5874 3196 1
41 3196 12549/1000000
23 3196 21149/100000
5 3196 117/2000
6651 3197 1
6027 3197 1
42 3197 12549/1000000
24 3197 21149/100000
6 3197 117/2000
6692 3198 1
6180 3198 1
43 3198 12549/1000000
25 3198 21149/100000
7 3198 117/2000
6733 3199 1
6333 3199 1
44 3199 12549/1000000
26 3199 21149/100000
8 3199 117/2000
6406 3200 1
159 3200 -1
6447 3201 1
432 3201 -1
6488 3202 1
705 3202 -1
6529 3203 1
978 3203 -1
6570 3204 1
1251 3204 -1
6611 3205 1
1524 3205 -1
6652 3206 1
1797 3206 -1
6693 3207 1
2070 3207 -1
6734 3208 1
2343 3208 -1
6407 3209 1
5133 3209 1
135 3209 -4711/2500
36 3209 3/50
18 3209 22/25
6448 3210 1
5270 3210 1
408 3210 -919/500
37 3210 1/20
19 3210 141/200
6489 3211 1
5416 3211 1
681 3211 -919/500
38 3211 1/25
20 3211 53/100
6530 3212 1
5569 3212 1
954 3212 -919/500
39 3212 3/100
21 3212 51/100
6571 3213 1
5722 3213 1
1227 3213 -919/500
40 3213 3/100
22 3213 51/100
6612 3214 1
5875 3214 1
1500 3214 -919/500
41 3214 3/100
23 3214 51/100
6653 3215 1
6028 3215 1
1773 3215 -919/500
42 3215 3/100
24 3215 51/100
6407 3216 1
5134 3216 1
115 3216 -4673/2500
36 3216 3/50
18 3216 37/100
6448 3217 1
5271 3217 1
388 3217 -18231/10000
37 3217 3/50
19 3217 71/200
6530 3218 1
5570 3218 1
934 3218 -18231/10000
39 3218 3/50
21 3218 17/50
6612 3219 1
5876 3219 1
1480 3219 -18231/10000
41 3219 3/50
23 3219 17/50
6407 3220 1
5135 3220 1
101 3220 -18273/10000
18 3220 1/4
6489 3221 1
5418 3221 1
647 3221 -17823/10000
20 3221 3/20
6448 3222 1
5273 3222 1
458 3222 -9017/5000
19 3222 141/200
6530 3223 1
5573 3223 1
1074 3223 -3557/2000
21 3223 9/25
6612 3224 1
5879 3224 1
1620 3224 -3557/2000
23 3224 9/25
6407 3225 1
5137 3225 1
247 3225 -19059/10000
6448 3226 1
5275 3226 1
520 3226 -1859/1000
6489 3227 1
5421 3227 1
793 3227 -1859/1000
6530 3228 1
5574 3228 1
1066 3228 -1859/1000
6571 3229 1
5727 3229 1
1339 3229 -1859/1000
6612 3230 1
5880 3230 1
1612 3230 -1859/1000
6653 3231 1
6033 3231 1
1885 3231 -1859/1000
6694 3232 1
6186 3232 1
2158 3232 -1859/1000
6735 3233 1
6339 3233 1
2431 3233 -1859/1000
6489 3234 1
5422 3234 1
794 3234 -15991/10000
6530 3235 1
5575 3235 1
1067 3235 -15991/10000
6571 3236 1
5728 3236 1
1340 3236 -15991/10000
6612 3237 1
5881 3237 1
1613 3237 -15991/10000
6653 3238 1
6034 3238 1
1886 3238 -15991/10000
6735 3239 1
6340 3239 1
2432 3239 -15991/10000
8260 3240 -186381/1000000
8258 3240 -186437/1000000
8256 3240 -186381/1000000
6489 3240 1
5423 3240 1
8272 3241 -186381/1000000
8270 3241 -186437/1000000
8268 3241 -186381/1000000
6571 3241 1
5729 3241 1
8278 3242 -186381/1000000
8276 3242 -186437/1000000
8274 3242 -186381/1000000
6612 3242 1
5882 3242 1
6408 3243 1
5138 3243 1
137 3243 -4889/10000
36 3243 1/100
18 3243 17/100
6449 3244 1
5276 3244 1
410 3244 -4769/10000
37 3244 1/100
19 3244 17/100
6490 3245 1
5424 3245 1
683 3245 -4769/10000
38 3245 1/100
20 3245 17/100
6531 3246 1
5577 3246 1
956 3246 -4769/10000
39 3246 1/100
21 3246 17/100
6572 3247 1
5730 3247 1
1229 3247 -4769/10000
40 3247 1/100
22 3247 17/100
6613 3248 1
5883 3248 1
1502 3248 -4769/10000
41 3248 1/100
23 3248 17/100
6654 3249 1
6036 3249 1
1775 3249 -4769/10000
42 3249 1/100
24 3249 17/100
6695 3250 1
6189 3250 1
2048 3250 -4769/10000
43 3250 1/100
25 3250 17/100
6736 3251 1
6342 3251 1
2321 3251 -4769/10000
44 3251 1/100
26 3251 17/100
6449 3252 1
5277 3252 1
460 3252 -4483/10000
19 3252 17/100
6572 3253 1
5731 3253 1
1279 3253 -4483/10000
22 3253 17/100
6613 3254 1
5884 3254 1
1552 3254 -4483/10000
23 3254 17/100
6695 3255 1
6190 3255 1
2098 3255 -4483/10000
25 3255 17/100
6408 3256 1
5140 3256 1
103 3256 -4439/10000
18 3256 1/20
6449 3257 1
5278 3257 1
376 3257 -433/1000
19 3257 1/20
6531 3258 1
5579 3258 1
922 3258 -433/1000
21 3258 1/20
6572 3259 1
5732 3259 1
1195 3259 -433/1000
22 3259 1/20
6654 3260 1
6038 3260 1
1741 3260 -433/1000
24 3260 1/20
6695 3261 1
6191 3261 1
2014 3261 -433/1000
25 3261 1/20
6409 3262 1
195 3262 -459/625
114 3262 -889/5000
36 3262 8229/10000
18 3262 1917/2500
0 3262 3591/50000
6450 3263 1
468 3263 -7157/10000
387 3263 -179/1000
37 3263 8229/10000
19 3263 1917/2500
1 3263 14089/200000
6491 3264 1
741 3264 -7157/10000
660 3264 -179/1000
38 3264 8229/10000
20 3264 1917/2500
2 3264 6907/100000
6532 3265 1
1014 3265 -7157/10000
933 3265 -179/1000
39 3265 8229/10000
21 3265 1917/2500
3 3265 6907/100000
6573 3266 1
1287 3266 -7157/10000
1206 3266 -179/1000
40 3266 8229/10000
22 3266 1917/2500
4 3266 6907/100000
6614 3267 1
1560 3267 -7157/10000
1479 3267 -179/1000
41 3267 8229/10000
23 3267 1917/2500
5 3267 6907/100000
6655 3268 1
1833 3268 -7157/10000
1752 3268 -179/1000
42 3268 8229/10000
24 3268 1917/2500
6 3268 6907/100000
6696 3269 1
2106 3269 -7157/10000
2025 3269 -179/1000
43 3269 8229/10000
25 3269 1917/2500
7 3269 6907/100000
6737 3270 1
2379 3270 -7157/10000
2298 3270 -179/1000
44 3270 8229/10000
26 3270 1917/2500
8 3270 6907/100000
6410 3271 1
5141 3271 1
118 3271 -6849/10000
36 3271 3/100
18 3271 51/100
6451 3272 1
5279 3272 1
391 3272 -167/250
37 3272 26667/1000000
19 3272 91/200
6492 3273 1
5427 3273 1
664 3273 -167/250
38 3273 23333/1000000
20 3273 2/5
6533 3274 1
5580 3274 1
937 3274 -167/250
39 3274 1/50
21 3274 39/100
6615 3275 1
5886 3275 1
1483 3275 -167/250
41 3275 1/50
23 3275 39/100
6492 3276 1
5428 3276 1
806 3276 -689/1000
20 3276 2/25
6574 3277 1
5734 3277 1
1352 3277 -689/1000
22 3277 2/25
6615 3278 1
5887 3278 1
1625 3278 -689/1000
23 3278 2/25
6656 3279 1
6040 3279 1
1898 3279 -689/1000
24 3279 2/25
6697 3280 1
6193 3280 1
2171 3280 -689/1000
25 3280 2/25
6738 3281 1
6346 3281 1
2444 3281 -689/1000
26 3281 2/25
6410 3282 1
5142 3282 1
211 3282 -6921/10000
36 3282 1/100
18 3282 13/50
6492 3283 1
5429 3283 1
757 3283 -6751/10000
38 3283 1/100
20 3283 6/25
6574 3284 1
5735 3284 1
1303 3284 -6751/10000
40 3284 1/100
22 3284 6/25
6656 3285 1
6041 3285 1
1849 3285 -6751/10000
42 3285 1/100
24 3285 6/25
6697 3286 1
6194 3286 1
2122 3286 -6751/10000
43 3286 1/100
25 3286 6/25
6738 3287 1
6347 3287 1
2395 3287 -6751/10000
44 3287 1/100
26 3287 6/25
6492 3288 1
5430 3288 1
811 3288 -3269/5000
20 3288 2/25
6533 3289 1
5583 3289 1
1084 3289 -3269/5000
21 3289 2/25
6615 3290 1
5889 3290 1
1630 3290 -3269/5000
23 3290 2/25
6411 3291 1
5143 3291 1
118 3291 -5607/10000
36 3291 1/25
18 3291 573/1000
6452 3292 1
5282 3292 1
391 3292 -5469/10000
37 3292 36667/1000000
19 3292 1023/2000
6493 3293 1
5431 3293 1
664 3293 -5469/10000
38 3293 33333/1000000
20 3293 9/20
6534 3294 1
5584 3294 1
937 3294 -5469/10000
39 3294 3/100
21 3294 11/25
6575 3295 1
5737 3295 1
1210 3295 -5469/10000
40 3295 3/100
22 3295 11/25
6616 3296 1
5890 3296 1
1483 3296 -5469/10000
41 3296 3/100
23 3296 11/25
6657 3297 1
6043 3297 1
1756 3297 -5469/10000
42 3297 3/100
24 3297 11/25
6698 3298 1
6196 3298 1
2029 3298 -5469/10000
43 3298 3/100
25 3298 11/25
6739 3299 1
6349 3299 1
2302 3299 -5469/10000
44 3299 3/100
26 3299 11/25
6452 3300 1
5283 3300 1
461 3300 -3139/5000
19 3300 9/40
6493 3301 1
5432 3301 1
734 3301 -3139/5000
20 3301 23/100
6616 3302 1
5891 3302 1
1553 3302 -3139/5000
23 3302 11/50
6657 3303 1
6044 3303 1
1826 3303 -3139/5000
24 3303 11/50
6739 3304 1
6350 3304 1
2372 3304 -3139/5000
26 3304 11/50
6493 3305 1
5433 3305 1
803 3305 -3139/5000
20 3305 9/100
6575 3306 1
5739 3306 1
1349 3306 -3139/5000
22 3306 9/100
6657 3307 1
6045 3307 1
1895 3307 -3139/5000
24 3307 9/100
6739 3308 1
6351 3308 1
2441 3308 -3139/5000
26 3308 9/100
6616 3309 1
5893 3309 1
1625 3309 -1123/2000
23 3309 9/100
6657 3310 1
6046 3310 1
1898 3310 -1123/2000
24 3310 9/100
6698 3311 1
6199 3311 1
2171 3311 -1123/2000
25 3311 9/100
6412 3312 1
5145 3312 1
136 3312 -138021/10000
36 3312 13/20
18 3312 493/50
6453 3313 1
5285 3313 1
409 3313 -67311/5000
37 3313 563333/1000000
19 3313 843/100
6494 3314 1
5435 3314 1
682 3314 -67311/5000
38 3314 476667/1000000
20 3314 7
6535 3315 1
5588 3315 1
955 3315 -67311/5000
39 3315 39/100
21 3315 597/100
6576 3316 1
5741 3316 1
1228 3316 -67311/5000
40 3316 39/100
22 3316 597/100
6617 3317 1
5894 3317 1
1501 3317 -67311/5000
41 3317 39/100
23 3317 597/100
6658 3318 1
6047 3318 1
1774 3318 -67311/5000
42 3318 39/100
24 3318 597/100
6699 3319 1
6200 3319 1
2047 3319 -67311/5000
43 3319 39/100
25 3319 597/100
6740 3320 1
6353 3320 1
2320 3320 -67311/5000
44 3320 39/100
26 3320 597/100
6453 3321 1
5286 3321 1
389 3321 -27903/2500
37 3321 203333/1000000
19 3321 293/100
6494 3322 1
5436 3322 1
662 3322 -27903/2500
38 3322 196667/1000000
20 3322 69/25
6535 3323 1
5589 3323 1
935 3323 -27903/2500
39 3323 19/100
21 3323 69/25
6576 3324 1
5742 3324 1
1208 3324 -27903/2500
40 3324 19/100
22 3324 69/25
6658 3325 1
6048 3325 1
1754 3325 -27903/2500
42 3325 19/100
24 3325 69/25
6699 3326 1
6201 3326 1
2027 3326 -27903/2500
43 3326 19/100
25 3326 69/25
6740 3327 1
6354 3327 1
2300 3327 -27903/2500
44 3327 19/100
26 3327 69/25
6412 3328 1
5147 3328 1
102 3328 -131029/10000
18 3328 11/4
6453 3329 1
5287 3329 1
375 3329 -63901/5000
19 3329 59/25
6494 3330 1
5437 3330 1
648 3330 -63901/5000
20 3330 197/100
6576 3331 1
5743 3331 1
1194 3331 -63901/5000
22 3331 169/100
6617 3332 1
5896 3332 1
1467 3332 -63901/5000
23 3332 169/100
6658 3333 1
6049 3333 1
1740 3333 -63901/5000
24 3333 169/100
6699 3334 1
6202 3334 1
2013 3334 -63901/5000
25 3334 169/100
6412 3335 1
5148 3335 1
186 3335 -133591/10000
18 3335 493/50
6453 3336 1
5288 3336 1
459 3336 -130301/10000
19 3336 843/100
6494 3337 1
5438 3337 1
732 3337 -130301/10000
20 3337 7
6535 3338 1
5591 3338 1
1005 3338 -130301/10000
21 3338 597/100
6576 3339 1
5744 3339 1
1278 3339 -130301/10000
22 3339 597/100
6617 3340 1
5897 3340 1
1551 3340 -130301/10000
23 3340 597/100
6658 3341 1
6050 3341 1
1824 3341 -130301/10000
24 3341 597/100
6699 3342 1
6203 3342 1
2097 3342 -130301/10000
25 3342 597/100
6453 3343 1
5289 3343 1
529 3343 -8078/625
19 3343 59/10
6494 3344 1
5439 3344 1
802 3344 -8078/625
20 3344 49/10
6535 3345 1
5592 3345 1
1075 3345 -8078/625
21 3345 209/50
6576 3346 1
5745 3346 1
1348 3346 -8078/625
22 3346 209/50
6617 3347 1
5898 3347 1
1621 3347 -8078/625
23 3347 209/50
6658 3348 1
6051 3348 1
1894 3348 -8078/625
24 3348 209/50
6699 3349 1
6204 3349 1
2167 3349 -8078/625
25 3349 209/50
6740 3350 1
6357 3350 1
2440 3350 -8078/625
26 3350 209/50
6453 3351 1
5290 3351 1
536 3351 -114279/10000
19 3351 253/50
6494 3352 1
5440 3352 1
809 3352 -114279/10000
20 3352 21/5
6535 3353 1
5593 3353 1
1082 3353 -114279/10000
21 3353 179/50
6576 3354 1
5746 3354 1
1355 3354 -114279/10000
22 3354 179/50
6617 3355 1
5899 3355 1
1628 3355 -114279/10000
23 3355 179/50
6658 3356 1
6052 3356 1
1901 3356 -114279/10000
24 3356 179/50
6699 3357 1
6205 3357 1
2174 3357 -114279/10000
25 3357 179/50
6740 3358 1
6358 3358 1
2447 3358 -114279/10000
26 3358 179/50
6494 3359 1
5441 3359 1
804 3359 -138527/10000
20 3359 21/5
6535 3360 1
5594 3360 1
1077 3360 -138527/10000
21 3360 179/50
6576 3361 1
5747 3361 1
1350 3361 -138527/10000
22 3361 179/50
6617 3362 1
5900 3362 1
1623 3362 -138527/10000
23 3362 179/50
6658 3363 1
6053 3363 1
1896 3363 -138527/10000
24 3363 179/50
6699 3364 1
6206 3364 1
2169 3364 -138527/10000
25 3364 179/50
6740 3365 1
6359 3365 1
2442 3365 -138527/10000
26 3365 179/50
6413 3366 1
5149 3366 1
137 3366 -104513/10000
36 3366 13/20
18 3366 493/50
6454 3367 1
5291 3367 1
410 3367 -101939/10000
37 3367 563333/1000000
19 3367 843/100
6495 3368 1
5442 3368 1
683 3368 -101939/10000
38 3368 476667/1000000
20 3368 7
6536 3369 1
5595 3369 1
956 3369 -101939/10000
39 3369 39/100
21 3369 597/100
6577 3370 1
5748 3370 1
1229 3370 -101939/10000
40 3370 39/100
22 3370 597/100
6618 3371 1
5901 3371 1
1502 3371 -101939/10000
41 3371 39/100
23 3371 597/100
6659 3372 1
6054 3372 1
1775 3372 -101939/10000
42 3372 39/100
24 3372 597/100
6495 3373 1
5443 3373 1
663 3373 -10393/1250
38 3373 196667/1000000
20 3373 69/25
6577 3374 1
5749 3374 1
1209 3374 -10393/1250
40 3374 19/100
22 3374 69/25
6659 3375 1
6055 3375 1
1755 3375 -10393/1250
42 3375 19/100
24 3375 69/25
6700 3376 1
6208 3376 1
2028 3376 -10393/1250
43 3376 19/100
25 3376 69/25
6741 3377 1
6361 3377 1
2301 3377 -10393/1250
44 3377 19/100
26 3377 69/25
6454 3378 1
5293 3378 1
460 3378 -19147/2000
19 3378 843/100
6536 3379 1
5597 3379 1
1006 3379 -19147/2000
21 3379 597/100
6618 3380 1
5903 3380 1
1552 3380 -19147/2000
23 3380 597/100
6454 3381 1
5294 3381 1
537 3381 -97867/10000
19 3381 101/50
6495 3382 1
5445 3382 1
810 3382 -97867/10000
20 3382 42/25
6577 3383 1
5751 3383 1
1356 3383 -97867/10000
22 3383 143/100
6618 3384 1
5904 3384 1
1629 3384 -97867/10000
23 3384 143/100
6659 3385 1
6057 3385 1
1902 3385 -97867/10000
24 3385 143/100
6700 3386 1
6210 3386 1
2175 3386 -97867/10000
25 3386 143/100
6741 3387 1
6363 3387 1
2448 3387 -97867/10000
26 3387 143/100
6495 3388 1
5446 3388 1
805 3388 -13121/1250
20 3388 42/25
6536 3389 1
5599 3389 1
1078 3389 -13121/1250
21 3389 143/100
6577 3390 1
5752 3390 1
1351 3390 -13121/1250
22 3390 143/100
6618 3391 1
5905 3391 1
1624 3391 -13121/1250
23 3391 143/100
6659 3392 1
6058 3392 1
1897 3392 -13121/1250
24 3392 143/100
6700 3393 1
6211 3393 1
2170 3393 -13121/1250
25 3393 143/100
6741 3394 1
6364 3394 1
2443 3394 -13121/1250
26 3394 143/100
6455 3395 1
5295 3395 1
408 3395 -20911/5000
37 3395 76667/1000000
19 3395 209/200
6496 3396 1
5447 3396 1
681 3396 -20911/5000
38 3396 63333/1000000
20 3396 79/100
6537 3397 1
5600 3397 1
954 3397 -20911/5000
39 3397 1/20
21 3397 19/25
6578 3398 1
5753 3398 1
1227 3398 -20911/5000
40 3398 1/20
22 3398 19/25
6619 3399 1
5906 3399 1
1500 3399 -20911/5000
41 3399 1/20
23 3399 19/25
6660 3400 1
6059 3400 1
1773 3400 -20911/5000
42 3400 1/20
24 3400 19/25
6701 3401 1
6212 3401 1
2046 3401 -20911/5000
43 3401 1/20
25 3401 19/25
6742 3402 1
6365 3402 1
2319 3402 -20911/5000
44 3402 1/20
26 3402 19/25
6455 3403 1
5296 3403 1
374 3403 -8079/2000
19 3403 29/100
6496 3404 1
5448 3404 1
647 3404 -8079/2000
20 3404 11/50
6619 3405 1
5907 3405 1
1466 3405 -8079/2000
23 3405 21/100
6701 3406 1
6213 3406 1
2012 3406 -8079/2000
25 3406 21/100
6742 3407 1
6366 3407 1
2285 3407 -8079/2000
26 3407 21/100
6455 3408 1
5297 3408 1
458 3408 -20499/5000
19 3408 209/200
6496 3409 1
5449 3409 1
731 3409 -20499/5000
20 3409 79/100
6537 3410 1
5602 3410 1
1004 3410 -20499/5000
21 3410 19/25
6578 3411 1
5755 3411 1
1277 3411 -20499/5000
22 3411 19/25
6619 3412 1
5908 3412 1
1550 3412 -20499/5000
23 3412 19/25
6660 3413 1
6061 3413 1
1823 3413 -20499/5000
24 3413 19/25
6701 3414 1
6214 3414 1
2096 3414 -20499/5000
25 3414 19/25
6742 3415 1
6367 3415 1
2369 3415 -20499/5000
26 3415 19/25
6496 3416 1
5450 3416 1
801 3416 -2029/500
20 3416 11/20
6660 3417 1
6062 3417 1
1893 3417 -2029/500
24 3417 53/100
6701 3418 1
6215 3418 1
2166 3418 -2029/500
25 3418 53/100
6742 3419 1
6368 3419 1
2439 3419 -2029/500
26 3419 53/100
6415 3420 1
5155 3420 1
118 3420 -2157/2000
36 3420 1/20
18 3420 77/100
6456 3421 1
5299 3421 1
391 3421 -10519/10000
37 3421 46667/1000000
19 3421 137/200
6497 3422 1
5451 3422 1
664 3422 -10519/10000
38 3422 43333/1000000
20 3422 3/5
6538 3423 1
5604 3423 1
937 3423 -10519/10000
39 3423 1/25
21 3423 59/100
6579 3424 1
5757 3424 1
1210 3424 -10519/10000
40 3424 1/25
22 3424 59/100
6620 3425 1
5910 3425 1
1483 3425 -10519/10000
41 3425 1/25
23 3425 59/100
6661 3426 1
6063 3426 1
1756 3426 -10519/10000
42 3426 1/25
24 3426 59/100
6702 3427 1
6216 3427 1
2029 3427 -10519/10000
43 3427 1/25
25 3427 59/100
6743 3428 1
6369 3428 1
2302 3428 -10519/10000
44 3428 1/25
26 3428 59/100
6538 3429 1
5605 3429 1
1007 3429 -12247/10000
21 3429 3/10
6579 3430 1
5758 3430 1
1280 3430 -12247/10000
22 3430 3/10
6456 3431 1
5301 3431 1
530 3431 -3077/2500
19 3431 7/50
6497 3432 1
5453 3432 1
803 3432 -3077/2500
20 3432 3/25
6538 3433 1
5606 3433 1
1076 3433 -3077/2500
21 3433 3/25
6579 3434 1
5759 3434 1
1349 3434 -3077/2500
22 3434 3/25
6620 3435 1
5912 3435 1
1622 3435 -3077/2500
23 3435 3/25
6661 3436 1
6065 3436 1
1895 3436 -3077/2500
24 3436 3/25
6702 3437 1
6218 3437 1
2168 3437 -3077/2500
25 3437 3/25
6743 3438 1
6371 3438 1
2441 3438 -3077/2500
26 3438 3/25
6497 3439 1
5454 3439 1
806 3439 -10839/10000
20 3439 3/25
6538 3440 1
5607 3440 1
1079 3440 -10839/10000
21 3440 3/25
6743 3441 1
6372 3441 1
2444 3441 -10839/10000
26 3441 3/25
6538 3442 1
5608 3442 1
1030 3442 -531/500
39 3442 1/100
21 3442 9/25
6579 3443 1
5761 3443 1
1303 3443 -531/500
40 3443 1/100
22 3443 9/25
6702 3444 1
6220 3444 1
2122 3444 -531/500
43 3444 1/100
25 3444 9/25
6743 3445 1
6373 3445 1
2395 3445 -531/500
44 3445 1/100
26 3445 9/25
6456 3446 1
5303 3446 1
538 3446 -10297/10000
19 3446 7/50
6579 3447 1
5762 3447 1
1357 3447 -10297/10000
22 3447 3/25
6620 3448 1
5915 3448 1
1630 3448 -10297/10000
23 3448 3/25
6661 3449 1
6068 3449 1
1903 3449 -10297/10000
24 3449 3/25
6702 3450 1
6221 3450 1
2176 3450 -10297/10000
25 3450 3/25
6743 3451 1
6374 3451 1
2449 3451 -10297/10000
26 3451 3/25
8298 3452 -1440231/1000000
8297 3452 -1440231/1000000
8246 3452 -333/10000
8245 3452 -3001/10000
8248 3452 -333/10000
8247 3452 -3/10
8244 3452 -333/10000
8243 3452 -3/10
6416 3452 1
5158 3452 1
8300 3453 -1440231/1000000
8299 3453 -1440231/1000000
8252 3453 -333/10000
8251 3453 -3001/10000
8254 3453 -333/10000
8253 3453 -3/10
8250 3453 -333/10000
8249 3453 -3/10
6457 3453 1
5304 3453 1
8302 3454 -1440231/1000000
8301 3454 -1440231/1000000
8258 3454 -333/10000
8257 3454 -3001/10000
8260 3454 -333/10000
8259 3454 -3/10
8256 3454 -333/10000
8255 3454 -3/10
6498 3454 1
5457 3454 1
8304 3455 -1440231/1000000
8303 3455 -1440231/1000000
8264 3455 -333/10000
8263 3455 -3001/10000
8266 3455 -333/10000
8265 3455 -3/10
8262 3455 -333/10000
8261 3455 -3/10
6539 3455 1
5610 3455 1
8306 3456 -1440231/1000000
8305 3456 -1440231/1000000
8270 3456 -333/10000
8269 3456 -3001/10000
8272 3456 -333/10000
8271 3456 -3/10
8268 3456 -333/10000
8267 3456 -3/10
6580 3456 1
5763 3456 1
8308 3457 -1440231/1000000
8307 3457 -1440231/1000000
8276 3457 -333/10000
8275 3457 -3001/10000
8278 3457 -333/10000
8277 3457 -3/10
8274 3457 -333/10000
8273 3457 -3/10
6621 3457 1
5916 3457 1
8310 3458 -1440231/1000000
8309 3458 -1440231/1000000
8282 3458 -333/10000
8281 3458 -3001/10000
8284 3458 -333/10000
8283 3458 -3/10
8280 3458 -333/10000
8279 3458 -3/10
6662 3458 1
6069 3458 1
8312 3459 -1440231/1000000
8311 3459 -1440231/1000000
8288 3459 -333/10000
8287 3459 -3001/10000
8290 3459 -333/10000
8289 3459 -3/10
8286 3459 -333/10000
8285 3459 -3/10
6703 3459 1
6222 3459 1
8314 3460 -1440231/1000000
8313 3460 -1440231/1000000
8294 3460 -333/10000
8293 3460 -3001/10000
8296 3460 -333/10000
8295 3460 -3/10
8292 3460 -333/10000
8291 3460 -3/10
6744 3460 1
6375 3460 1
6745 3461 -19/20
2558 3461 1
6885 3462 -19/20
2805 3462 1
7039 3463 -19/20
3068 3463 1
7198 3464 -19/20
3338 3464 1
7359 3465 -19/20
3611 3465 1
7521 3466 -19/20
3885 3466 1
7688 3467 -19/20
4164 3467 1
7873 3468 -19/20
4461 3468 1
8058 3469 -19/20
4758 3469 1
9803 3470 -727/1000
9686 3470 1
2559 3470 1
344 3470 -727/1000
297 3470 1
286 3470 -1
36 3470 7
9804 3471 -727/1000
9687 3471 1
2806 3471 1
617 3471 -727/1000
570 3471 1
559 3471 -1
37 3471 7
9805 3472 -727/1000
9688 3472 1
3069 3472 1
890 3472 -727/1000
843 3472 1
832 3472 -1
38 3472 7
9806 3473 -727/1000
9689 3473 1
3339 3473 1
1163 3473 -727/1000
1116 3473 1
1105 3473 -1
39 3473 7
9807 3474 -727/1000
9690 3474 1
3612 3474 1
1436 3474 -727/1000
1389 3474 1
1378 3474 -1
40 3474 7
9808 3475 -727/1000
9691 3475 1
3886 3475 1
1709 3475 -727/1000
1662 3475 1
1651 3475 -1
41 3475 7
9809 3476 -727/1000
9692 3476 1
4165 3476 1
1982 3476 -727/1000
1935 3476 1
1924 3476 -1
42 3476 7
9810 3477 -727/1000
9693 3477 1
4462 3477 1
2255 3477 -727/1000
2208 3477 1
2197 3477 -1
43 3477 7
9811 3478 -727/1000
9694 3478 1
4759 3478 1
2528 3478 -727/1000
2481 3478 1
2470 3478 -1
44 3478 7
9794 3479 -4/5
9686 3479 1
2560 3479 1
343 3479 -4/5
297 3479 1
286 3479 -1
36 3479 72
9795 3480 -4/5
9687 3480 1
2807 3480 1
616 3480 -4/5
570 3480 1
559 3480 -1
37 3480 72
6746 3481 -19/20
2561 3481 1
6886 3482 -19/20
2808 3482 1
7040 3483 -19/20
3071 3483 1
7199 3484 -19/20
3341 3484 1
7360 3485 -19/20
3614 3485 1
7522 3486 -19/20
3888 3486 1
7689 3487 -19/20
4167 3487 1
7874 3488 -19/20
4464 3488 1
8059 3489 -19/20
4761 3489 1
9740 3490 -18/25
9686 3490 1
2562 3490 1
339 3490 -18/25
297 3490 1
287 3490 -1
36 3490 7
9741 3491 -18/25
9687 3491 1
2809 3491 1
612 3491 -18/25
570 3491 1
560 3491 -1
37 3491 7
9742 3492 -18/25
9688 3492 1
3072 3492 1
885 3492 -18/25
843 3492 1
833 3492 -1
38 3492 7
9743 3493 -18/25
9689 3493 1
3342 3493 1
1158 3493 -18/25
1116 3493 1
1106 3493 -1
39 3493 7
9744 3494 -18/25
9690 3494 1
3615 3494 1
1431 3494 -18/25
1389 3494 1
1379 3494 -1
40 3494 7
9745 3495 -18/25
9691 3495 1
3889 3495 1
1704 3495 -18/25
1662 3495 1
1652 3495 -1
41 3495 7
9746 3496 -18/25
9692 3496 1
4168 3496 1
1977 3496 -18/25
1935 3496 1
1925 3496 -1
42 3496 7
9747 3497 -18/25
9693 3497 1
4465 3497 1
2250 3497 -18/25
2208 3497 1
2198 3497 -1
43 3497 7
6747 3498 -19/20
2563 3498 1
6887 3499 -19/20
2810 3499 1
7041 3500 -19/20
3073 3500 1
7200 3501 -19/20
3343 3501 1
7361 3502 -19/20
3616 3502 1
7523 3503 -19/20
3890 3503 1
7690 3504 -19/20
4169 3504 1
7875 3505 -19/20
4466 3505 1
8060 3506 -19/20
4763 3506 1
274 3507 1
192 3507 -1
36 3507 461059/1000000
18 3507 1977/12500
0 3507 39/500
547 3508 1
465 3508 -1
37 3508 461059/1000000
19 3508 1977/12500
1 3508 39/500
274 3509 1
193 3509 -1
36 3509 691589/1000000
18 3509 1977/12500
0 3509 39/500
8298 3510 -1017/100000
8297 3510 -1017/100000
8246 3510 -1271/1000000
8245 3510 -2119/1000000
8248 3510 -1271/1000000
8247 3510 -1059/500000
8244 3510 -1271/1000000
8243 3510 -1059/500000
277 3510 9/10
274 3510 -117/100
8300 3511 -1017/100000
8299 3511 -1017/100000
8252 3511 -1271/1000000
8251 3511 -2119/1000000
8254 3511 -1271/1000000
8253 3511 -1059/500000
8250 3511 -1271/1000000
8249 3511 -1059/500000
550 3511 9/10
547 3511 -2169/2000
8302 3512 -1017/100000
8301 3512 -1017/100000
8258 3512 -1271/1000000
8257 3512 -2119/1000000
8260 3512 -1271/1000000
8259 3512 -1059/500000
8256 3512 -1271/1000000
8255 3512 -1059/500000
823 3512 9/10
820 3512 -999/1000
8304 3513 -1017/100000
8303 3513 -1017/100000
8264 3513 -1271/1000000
8263 3513 -2119/1000000
8266 3513 -1271/1000000
8265 3513 -1059/500000
8262 3513 -1271/1000000
8261 3513 -1059/500000
1096 3513 9/10
1093 3513 -999/1000
8306 3514 -1017/100000
8305 3514 -1017/100000
8270 3514 -1271/1000000
8269 3514 -2119/1000000
8272 3514 -1271/1000000
8271 3514 -1059/500000
8268 3514 -1271/1000000
8267 3514 -1059/500000
1369 3514 9/10
1366 3514 -999/1000
8308 3515 -1017/100000
8307 3515 -1017/100000
8276 3515 -1271/1000000
8275 3515 -2119/1000000
8278 3515 -1271/1000000
8277 3515 -1059/500000
8274 3515 -1271/1000000
8273 3515 -1059/500000
1642 3515 9/10
1639 3515 -999/1000
8310 3516 -1017/100000
8309 3516 -1017/100000
8282 3516 -1271/1000000
8281 3516 -2119/1000000
8284 3516 -1271/1000000
8283 3516 -1059/500000
8280 3516 -1271/1000000
8279 3516 -1059/500000
1915 3516 9/10
1912 3516 -999/1000
8312 3517 -1017/100000
8311 3517 -1017/100000
8288 3517 -1271/1000000
8287 3517 -2119/1000000
8290 3517 -1271/1000000
8289 3517 -1059/500000
8286 3517 -1271/1000000
8285 3517 -1059/500000
2188 3517 9/10
2185 3517 -999/1000
8314 3518 -1017/100000
8313 3518 -1017/100000
8294 3518 -1271/1000000
8293 3518 -2119/1000000
8296 3518 -1271/1000000
8295 3518 -1059/500000
8292 3518 -1271/1000000
8291 3518 -1059/500000
2461 3518 9/10
2458 3518 -999/1000
234 3519 -7/8
216 3519 -1/8
134 3519 1
507 3520 -9/10
489 3520 -1/10
407 3520 1
780 3521 -9/10
762 3521 -1/10
680 3521 1
1053 3522 -9/10
1035 3522 -1/10
953 3522 1
1326 3523 -9/10
1308 3523 -1/10
1226 3523 1
1599 3524 -9/10
1581 3524 -1/10
1499 3524 1
1872 3525 -9/10
1854 3525 -1/10
1772 3525 1
2145 3526 -9/10
2127 3526 -1/10
2045 3526 1
2418 3527 -9/10
2400 3527 -1/10
2318 3527 1
6888 3528 -9/10
2811 3528 1
7042 3529 -9/10
3074 3529 1
7201 3530 -9/10
3344 3530 1
7362 3531 -9/10
3617 3531 1
7524 3532 -9/10
3891 3532 1
7691 3533 -9/10
4170 3533 1
7876 3534 -9/10
4467 3534 1
8061 3535 -9/10
4764 3535 1
6749 3536 -9/10
2565 3536 1
6889 3537 -9/10
2812 3537 1
7043 3538 -9/10
3075 3538 1
7202 3539 -9/10
3345 3539 1
7363 3540 -9/10
3618 3540 1
7525 3541 -9/10
3892 3541 1
7692 3542 -9/10
4171 3542 1
7877 3543 -9/10
4468 3543 1
8062 3544 -9/10
4765 3544 1
6890 3545 -9/10
2813 3545 1
7044 3546 -9/10
3076 3546 1
7203 3547 -9/10
3346 3547 1
7364 3548 -9/10
3619 3548 1
7526 3549 -9/10
3893 3549 1
7693 3550 -9/10
4172 3550 1
7878 3551 -9/10
4469 3551 1
8063 3552 -9/10
4766 3552 1
6751 3553 -9/10
2567 3553 1
6891 3554 -9/10
2814 3554 1
7045 3555 -9/10
3077 3555 1
7204 3556 -9/10
3347 3556 1
7365 3557 -9/10
3620 3557 1
7527 3558 -9/10
3894 3558 1
7694 3559 -9/10
4173 3559 1
7879 3560 -9/10
4470 3560 1
8064 3561 -9/10
4767 3561 1
6752 3562 -19/20
2568 3562 1
6892 3563 -19/20
2815 3563 1
7046 3564 -19/20
3078 3564 1
7205 3565 -19/20
3348 3565 1
7366 3566 -19/20
3621 3566 1
7528 3567 -19/20
3895 3567 1
7695 3568 -19/20
4174 3568 1
7880 3569 -19/20
4471 3569 1
8065 3570 -19/20
4768 3570 1
6753 3571 -9/10
2569 3571 1
6893 3572 -9/10
2816 3572 1
7047 3573 -9/10
3079 3573 1
7206 3574 -9/10
3349 3574 1
7367 3575 -9/10
3622 3575 1
7529 3576 -9/10
3896 3576 1
7696 3577 -9/10
4175 3577 1
7881 3578 -9/10
4472 3578 1
8066 3579 -9/10
4769 3579 1
6754 3580 -19/20
2570 3580 1
6894 3581 -19/20
2817 3581 1
7048 3582 -19/20
3080 3582 1
7207 3583 -19/20
3350 3583 1
7368 3584 -19/20
3623 3584 1
7530 3585 -19/20
3897 3585 1
7697 3586 -19/20
4176 3586 1
7882 3587 -19/20
4473 3587 1
8067 3588 -19/20
4770 3588 1
6755 3589 -19/20
2571 3589 1
6895 3590 -19/20
2818 3590 1
7049 3591 -19/20
3081 3591 1
7208 3592 -19/20
3351 3592 1
7369 3593 -19/20
3624 3593 1
7531 3594 -19/20
3898 3594 1
7698 3595 -19/20
4177 3595 1
7883 3596 -19/20
4474 3596 1
8068 3597 -19/20
4771 3597 1
312 3598 1
310 3598 -1
585 3599 1
583 3599 -1
858 3600 1
856 3600 -1
1131 3601 1
1129 3601 -1
1404 3602 1
1402 3602 -1
1677 3603 1
1675 3603 -1
1950 3604 1
1948 3604 -1
2223 3605 1
2221 3605 -1
2496 3606 1
2494 3606 -1
2574 3607 1
312 3607 1
311 3607 -1
2821 3608 1
585 3608 1
584 3608 -1
3084 3609 1
858 3609 1
857 3609 -1
3354 3610 1
1131 3610 1
1130 3610 -1
3627 3611 1
1404 3611 1
1403 3611 -1
3901 3612 1
1677 3612 1
1676 3612 -1
4180 3613 1
1950 3613 1
1949 3613 -1
4477 3614 1
2223 3614 1
2222 3614 -1
4774 3615 1
2496 3615 1
2495 3615 -1
2577 3616 1
202 3616 -1
123 3616 1
36 3616 78191/50000
18 3616 469283/1000000
0 3616 4387/50000
2824 3617 1
475 3617 -1
396 3617 1
37 3617 78191/50000
19 3617 469283/1000000
1 3617 4387/50000
3087 3618 1
748 3618 -1
669 3618 1
38 3618 78191/50000
20 3618 469283/1000000
2 3618 4387/50000
3357 3619 1
1021 3619 -1
942 3619 1
39 3619 78191/50000
21 3619 469283/1000000
3 3619 4387/50000
3630 3620 1
1294 3620 -1
1215 3620 1
40 3620 78191/50000
22 3620 469283/1000000
4 3620 4387/50000
3904 3621 1
1567 3621 -1
1488 3621 1
41 3621 78191/50000
23 3621 469283/1000000
5 3621 4387/50000
4184 3622 1
1844 3622 -1
1761 3622 1
42 3622 3/40
24 3622 469283/1000000
6 3622 4387/50000
4481 3623 1
2117 3623 -1
2034 3623 1
43 3623 3/40
25 3623 469283/1000000
7 3623 4387/50000
4778 3624 1
2390 3624 -1
2307 3624 1
44 3624 3/40
26 3624 469283/1000000
8 3624 4387/50000
2579 3625 1
335 3625 1
326 3625 -1
2826 3626 1
608 3626 1
599 3626 -1
3089 3627 1
881 3627 1
872 3627 -1
3359 3628 1
1154 3628 1
1145 3628 -1
3632 3629 1
1427 3629 1
1418 3629 -1
3906 3630 1
1700 3630 1
1691 3630 -1
4185 3631 1
1973 3631 1
1964 3631 -1
4482 3632 1
2246 3632 1
2237 3632 -1
4779 3633 1
2519 3633 1
2510 3633 -1
2580 3634 1
335 3634 1
295 3634 -13/10
2827 3635 1
608 3635 1
568 3635 -13/10
3090 3636 1
881 3636 1
841 3636 -13/10
3360 3637 1
1154 3637 1
1114 3637 -13/10
3633 3638 1
1427 3638 1
1387 3638 -13/10
3907 3639 1
1700 3639 1
1660 3639 -13/10
4186 3640 1
1973 3640 1
1933 3640 -13/10
4483 3641 1
2246 3641 1
2206 3641 -13/10
4780 3642 1
2519 3642 1
2479 3642 -13/10
4187 3643 1
1830 3643 -1
1766 3643 1
42 3643 454111/1000000
24 3643 31549/500000
6 3643 39/1250
4484 3644 1
2103 3644 -1
2039 3644 1
43 3644 454111/1000000
25 3644 31549/500000
7 3644 39/1250
4781 3645 1
2376 3645 -1
2312 3645 1
44 3645 454111/1000000
26 3645 31549/500000
8 3645 39/1250
2584 3646 1
195 3646 -1
128 3646 1
36 3646 14191/12500
0 3646 39/500
2831 3647 1
468 3647 -1
401 3647 1
37 3647 14191/12500
1 3647 39/500
3094 3648 1
741 3648 -1
674 3648 1
38 3648 14191/12500
2 3648 39/500
3364 3649 1
1014 3649 -1
947 3649 1
39 3649 14191/12500
3 3649 39/500
3637 3650 1
1287 3650 -1
1220 3650 1
40 3650 14191/12500
4 3650 39/500
3911 3651 1
1560 3651 -1
1493 3651 1
41 3651 14191/12500
5 3651 39/500
4190 3652 1
1833 3652 -1
1766 3652 1
42 3652 14191/12500
6 3652 39/500
4487 3653 1
2106 3653 -1
2039 3653 1
43 3653 14191/12500
7 3653 39/500
4784 3654 1
2379 3654 -1
2312 3654 1
44 3654 14191/12500
8 3654 39/500
3098 3655 1
821 3655 1
819 3655 -33/50
786 3655 -1
741 3655 -33/50
38 3655 749283/1000000
20 3655 104111/1000000
2 3655 1287/25000
3365 3656 1
1094 3656 1
1092 3656 -33/50
1059 3656 -1
1011 3656 -33/50
39 3656 299713/1000000
21 3656 104111/1000000
3 3656 1287/25000
3641 3657 1
1367 3657 1
1365 3657 -33/50
1332 3657 -1
1287 3657 -33/50
40 3657 749283/1000000
22 3657 104111/1000000
4 3657 1287/25000
3912 3658 1
1640 3658 1
1638 3658 -33/50
1605 3658 -1
1557 3658 -33/50
41 3658 299713/1000000
23 3658 104111/1000000
5 3658 1287/25000
4191 3659 1
1913 3659 1
1911 3659 -33/50
1878 3659 -1
1830 3659 -33/50
42 3659 299713/1000000
24 3659 104111/1000000
6 3659 1287/25000
4488 3660 1
2186 3660 1
2184 3660 -33/50
2151 3660 -1
2103 3660 -33/50
43 3660 299713/1000000
25 3660 104111/1000000
7 3660 1287/25000
3728 3661 1
1295 3661 1
1285 3661 -1
40 3661 340583/500000
22 3661 9859/62500
4 3661 39/500
4601 3662 1
2116 3662 1
2104 3662 -1
43 3662 340583/500000
25 3662 9859/62500
7 3662 39/500
2588 3663 1
275 3663 1
273 3663 -33/50
240 3663 -1
195 3663 -33/50
36 3663 749283/1000000
18 3663 104111/1000000
0 3663 1287/25000
2835 3664 1
548 3664 1
546 3664 -33/50
513 3664 -1
468 3664 -33/50
37 3664 749283/1000000
19 3664 104111/1000000
1 3664 1287/25000
3369 3665 1
1094 3665 1
1060 3665 -1
1011 3665 -31/25
39 3665 563097/1000000
21 3665 97801/500000
3 3665 1209/12500
3916 3666 1
1640 3666 1
1606 3666 -1
1557 3666 -31/25
41 3666 563097/1000000
23 3666 97801/500000
5 3666 1209/12500
4195 3667 1
1913 3667 1
1879 3667 -1
1830 3667 -31/25
42 3667 563097/1000000
24 3667 97801/500000
6 3667 1209/12500
4492 3668 1
2186 3668 1
2152 3668 -1
2103 3668 -31/25
43 3668 563097/1000000
25 3668 97801/500000
7 3668 1209/12500
3102 3669 1
821 3669 1
787 3669 -1
741 3669 -31/25
38 3669 70387/50000
20 3669 97801/500000
2 3669 1209/12500
3371 3670 1
1094 3670 1
1060 3670 -1
1013 3670 -31/25
39 3670 112619/100000
21 3670 97801/500000
3 3670 1209/12500
3918 3671 1
1640 3671 1
1606 3671 -1
1559 3671 -31/25
41 3671 112619/100000
23 3671 97801/500000
5 3671 1209/12500
4197 3672 1
1913 3672 1
1879 3672 -1
1832 3672 -31/25
42 3672 112619/100000
24 3672 97801/500000
6 3672 1209/12500
2592 3673 1
275 3673 1
241 3673 -1
195 3673 -31/25
36 3673 70387/50000
18 3673 97801/500000
0 3673 1209/12500
2839 3674 1
548 3674 1
514 3674 -1
468 3674 -31/25
37 3674 70387/50000
19 3674 97801/500000
1 3674 1209/12500
3645 3675 1
1367 3675 1
1333 3675 -1
1287 3675 -31/25
40 3675 70387/50000
22 3675 97801/500000
4 3675 1209/12500
9878 3676 -1
9870 3676 -1
6756 3676 -9/10
2594 3676 1
9878 3677 1
9879 3677 -1
9870 3677 1
9871 3677 -1
6896 3677 -9/10
2841 3677 1
9879 3678 1
9880 3678 -1
9871 3678 1
9872 3678 -1
7050 3678 -9/10
3104 3678 1
9880 3679 1
9881 3679 -1
9872 3679 1
9873 3679 -1
7209 3679 -9/10
3374 3679 1
9881 3680 1
9882 3680 -1
9873 3680 1
9874 3680 -1
7370 3680 -9/10
3647 3680 1
9882 3681 1
9883 3681 -1
9874 3681 1
9875 3681 -1
7532 3681 -9/10
3921 3681 1
9883 3682 1
9884 3682 -1
9875 3682 1
9876 3682 -1
7699 3682 -9/10
4200 3682 1
9884 3683 1
9885 3683 -1
9876 3683 1
9877 3683 -1
7884 3683 -9/10
4497 3683 1
9885 3684 1
9877 3684 1
8069 3684 -9/10
4794 3684 1
9878 3685 -1
6757 3685 -9/10
2595 3685 1
9879 3686 1
9880 3686 -1
7051 3686 -9/10
3105 3686 1
9881 3687 1
9882 3687 -1
7371 3687 -9/10
3648 3687 1
9882 3688 1
9883 3688 -1
7533 3688 -9/10
3922 3688 1
9883 3689 1
9884 3689 -1
7700 3689 -9/10
4201 3689 1
9884 3690 1
9885 3690 -1
7885 3690 -9/10
4498 3690 1
9885 3691 1
8070 3691 -9/10
4795 3691 1
9878 3692 1
9879 3692 -1
6898 3692 -9/10
2843 3692 1
1 3692 188651/50000
9879 3693 1
9880 3693 -1
7052 3693 -9/10
3106 3693 1
2 3693 188651/50000
9881 3694 1
9882 3694 -1
7372 3694 -9/10
3649 3694 1
4 3694 188651/50000
9882 3695 1
9883 3695 -1
7534 3695 -9/10
3923 3695 1
5 3695 188651/50000
9883 3696 1
9884 3696 -1
7701 3696 -9/10
4202 3696 1
6 3696 188651/50000
9884 3697 1
9885 3697 -1
7886 3697 -9/10
4499 3697 1
7 3697 188651/50000
9885 3698 1
8071 3698 -9/10
4796 3698 1
8 3698 188651/50000
6758 3699 -9/10
2596 3699 1
0 3699 188651/50000
6899 3700 -9/10
2844 3700 1
1 3700 188651/50000
7053 3701 -9/10
3107 3701 1
2 3701 188651/50000
7212 3702 -9/10
3377 3702 1
3 3702 188651/50000
7373 3703 -9/10
3650 3703 1
4 3703 188651/50000
7535 3704 -9/10
3924 3704 1
5 3704 188651/50000
7702 3705 -9/10
4203 3705 1
6 3705 188651/50000
7887 3706 -9/10
4500 3706 1
7 3706 188651/50000
8072 3707 -9/10
4797 3707 1
8 3707 188651/50000
6759 3708 -9/10
2597 3708 1
6900 3709 -9/10
2845 3709 1
7054 3710 -9/10
3108 3710 1
7213 3711 -9/10
3378 3711 1
7374 3712 -9/10
3651 3712 1
7536 3713 -9/10
3925 3713 1
7703 3714 -9/10
4204 3714 1
7888 3715 -9/10
4501 3715 1
8073 3716 -9/10
4798 3716 1
7704 3717 -9/10
4205 3717 1
7889 3718 -9/10
4502 3718 1
8074 3719 -9/10
4799 3719 1
7705 3720 -9/10
4206 3720 1
7890 3721 -9/10
4503 3721 1
8075 3722 -9/10
4800 3722 1
9853 3723 1
9844 3723 1
9836 3723 1
8314 3723 -81/1000
8313 3723 -81/1000
8294 3723 -81/8000
8293 3723 -211/12500
8296 3723 -81/8000
8295 3723 -2109/125000
8292 3723 -81/8000
8291 3723 -2109/125000
4801 3723 1
2519 3723 -243/10000
2517 3723 -1467/1000
2516 3723 9/10
2467 3723 -27/50
2459 3723 -2943/2000
2457 3723 873/500
2312 3723 -10161/10000
9845 3724 1
9837 3724 -1
9829 3724 -1
8298 3724 -81/1000
8297 3724 -81/1000
8246 3724 -81/8000
8245 3724 -211/12500
8248 3724 -81/8000
8247 3724 -2109/125000
8244 3724 -81/8000
8243 3724 -2109/125000
2599 3724 1
335 3724 -243/10000
333 3724 -1467/1000
332 3724 9/10
283 3724 -9/25
275 3724 -2943/2000
273 3724 873/500
195 3724 -207/50
128 3724 -10161/10000
36 3724 4700043/1000000
18 3724 32653/50000
0 3724 8073/25000
9846 3725 1
9837 3725 1
9838 3725 -1
9829 3725 1
9830 3725 -1
8300 3725 -81/1000
8299 3725 -81/1000
8252 3725 -81/8000
8251 3725 -211/12500
8254 3725 -81/8000
8253 3725 -2109/125000
8250 3725 -81/8000
8249 3725 -2109/125000
2847 3725 1
608 3725 -243/10000
606 3725 -1467/1000
605 3725 9/10
556 3725 -9/25
548 3725 -2943/2000
546 3725 873/500
468 3725 -207/50
401 3725 -10161/10000
37 3725 4700043/1000000
19 3725 32653/50000
1 3725 8073/25000
9847 3726 1
9838 3726 1
9839 3726 -1
9830 3726 1
9831 3726 -1
8302 3726 -81/1000
8301 3726 -81/1000
8258 3726 -81/8000
8257 3726 -211/12500
8260 3726 -81/8000
8259 3726 -2109/125000
8256 3726 -81/8000
8255 3726 -2109/125000
3110 3726 1
881 3726 -243/10000
879 3726 -1467/1000
878 3726 9/10
829 3726 -9/25
821 3726 -2943/2000
819 3726 873/500
741 3726 -207/50
674 3726 -10161/10000
38 3726 4700043/1000000
20 3726 32653/50000
2 3726 8073/25000
9848 3727 1
9839 3727 1
9840 3727 -1
9831 3727 1
9832 3727 -1
8304 3727 -81/1000
8303 3727 -81/1000
8264 3727 -81/8000
8263 3727 -211/12500
8266 3727 -81/8000
8265 3727 -2109/125000
8262 3727 -81/8000
8261 3727 -2109/125000
3380 3727 1
1154 3727 -243/10000
1152 3727 -1467/1000
1151 3727 9/10
1102 3727 -9/25
1094 3727 -2943/2000
1092 3727 873/500
1014 3727 -207/50
947 3727 -10161/10000
39 3727 4700043/1000000
21 3727 32653/50000
3 3727 8073/25000
9849 3728 1
9840 3728 1
9841 3728 -1
9832 3728 1
9833 3728 -1
8306 3728 -81/1000
8305 3728 -81/1000
8270 3728 -81/8000
8269 3728 -211/12500
8272 3728 -81/8000
8271 3728 -2109/125000
8268 3728 -81/8000
8267 3728 -2109/125000
3653 3728 1
1427 3728 -243/10000
1425 3728 -1467/1000
1424 3728 9/10
1375 3728 -9/25
1367 3728 -2943/2000
1365 3728 873/500
1287 3728 -207/50
1220 3728 -10161/10000
40 3728 4700043/1000000
22 3728 32653/50000
4 3728 8073/25000
9850 3729 1
9841 3729 1
9842 3729 -1
9833 3729 1
9834 3729 -1
8308 3729 -81/1000
8307 3729 -81/1000
8276 3729 -81/8000
8275 3729 -211/12500
8278 3729 -81/8000
8277 3729 -2109/125000
8274 3729 -81/8000
8273 3729 -2109/125000
3927 3729 1
1700 3729 -243/10000
1698 3729 -1467/1000
1697 3729 9/10
1648 3729 -9/25
1640 3729 -2943/2000
1638 3729 873/500
1560 3729 -207/50
1493 3729 -10161/10000
41 3729 4700043/1000000
23 3729 32653/50000
5 3729 8073/25000
9851 3730 1
9842 3730 1
9843 3730 -1
9834 3730 1
9835 3730 -1
8310 3730 -81/1000
8309 3730 -81/1000
8282 3730 -81/8000
8281 3730 -211/12500
8284 3730 -81/8000
8283 3730 -2109/125000
8280 3730 -81/8000
8279 3730 -2109/125000
4208 3730 1
1973 3730 -243/10000
1971 3730 -1467/1000
1970 3730 9/10
1921 3730 -9/25
1913 3730 -2943/2000
1911 3730 873/500
1833 3730 -207/50
1766 3730 -10161/10000
42 3730 4700043/1000000
24 3730 32653/50000
6 3730 8073/25000
9852 3731 1
9843 3731 1
9844 3731 -1
9835 3731 1
9836 3731 -1
8312 3731 -81/1000
8311 3731 -81/1000
8288 3731 -81/8000
8287 3731 -211/12500
8290 3731 -81/8000
8289 3731 -2109/125000
8286 3731 -81/8000
8285 3731 -2109/125000
4505 3731 1
2246 3731 -243/10000
2244 3731 -1467/1000
2243 3731 9/10
2194 3731 -9/25
2186 3731 -2943/2000
2184 3731 873/500
2106 3731 -207/50
2039 3731 -10161/10000
43 3731 4700043/1000000
25 3731 32653/50000
7 3731 8073/25000
9837 3732 -1
9829 3732 -1
6760 3732 -9/10
2600 3732 1
9838 3733 1
9839 3733 -1
9830 3733 1
9831 3733 -1
7055 3733 -9/10
3111 3733 1
9841 3734 1
9842 3734 -1
9833 3734 1
9834 3734 -1
7537 3734 -9/10
3928 3734 1
9843 3735 1
9844 3735 -1
9835 3735 1
9836 3735 -1
7891 3735 -9/10
4506 3735 1
9844 3736 1
9836 3736 1
8076 3736 -9/10
4803 3736 1
9837 3737 -1
9829 3737 -1
6761 3737 -9/10
2601 3737 1
9837 3738 1
9838 3738 -1
9829 3738 1
9830 3738 -1
6902 3738 -9/10
2849 3738 1
9838 3739 1
9839 3739 -1
9830 3739 1
9831 3739 -1
7056 3739 -9/10
3112 3739 1
9839 3740 1
9840 3740 -1
9831 3740 1
9832 3740 -1
7215 3740 -9/10
3382 3740 1
9840 3741 1
9841 3741 -1
9832 3741 1
9833 3741 -1
7376 3741 -9/10
3655 3741 1
9841 3742 1
9842 3742 -1
9833 3742 1
9834 3742 -1
7538 3742 -9/10
3929 3742 1
9842 3743 1
9843 3743 -1
9834 3743 1
9835 3743 -1
7707 3743 -9/10
4210 3743 1
9843 3744 1
9844 3744 -1
9835 3744 1
9836 3744 -1
7892 3744 -9/10
4507 3744 1
9844 3745 1
9836 3745 1
8077 3745 -9/10
4804 3745 1
9837 3746 -1
6762 3746 -9/10
2602 3746 1
9837 3747 1
9838 3747 -1
6903 3747 -9/10
2850 3747 1
9838 3748 1
9839 3748 -1
7057 3748 -9/10
3113 3748 1
9839 3749 1
9840 3749 -1
7216 3749 -9/10
3383 3749 1
9840 3750 1
9841 3750 -1
7377 3750 -9/10
3656 3750 1
9841 3751 1
9842 3751 -1
7539 3751 -9/10
3930 3751 1
9842 3752 1
9843 3752 -1
7708 3752 -9/10
4211 3752 1
9843 3753 1
9844 3753 -1
7893 3753 -9/10
4508 3753 1
9844 3754 1
8078 3754 -9/10
4805 3754 1
9837 3755 1
9838 3755 -1
6904 3755 -9/10
2851 3755 1
9838 3756 1
9839 3756 -1
7058 3756 -9/10
3114 3756 1
9839 3757 1
9840 3757 -1
7217 3757 -9/10
3384 3757 1
9840 3758 1
9841 3758 -1
7378 3758 -9/10
3657 3758 1
9841 3759 1
9842 3759 -1
7540 3759 -9/10
3931 3759 1
9842 3760 1
9843 3760 -1
7709 3760 -9/10
4212 3760 1
9843 3761 1
9844 3761 -1
7894 3761 -9/10
4509 3761 1
9844 3762 1
8079 3762 -9/10
4806 3762 1
9837 3763 -1
6763 3763 -9/10
2603 3763 1
9837 3764 1
9838 3764 -1
6905 3764 -9/10
2852 3764 1
9838 3765 1
9839 3765 -1
7059 3765 -9/10
3115 3765 1
9839 3766 1
9840 3766 -1
7218 3766 -9/10
3385 3766 1
9840 3767 1
9841 3767 -1
7379 3767 -9/10
3658 3767 1
9841 3768 1
9842 3768 -1
7541 3768 -9/10
3932 3768 1
9842 3769 1
9843 3769 -1
7710 3769 -9/10
4213 3769 1
9843 3770 1
9844 3770 -1
7895 3770 -9/10
4510 3770 1
9844 3771 1
8080 3771 -9/10
4807 3771 1
9837 3772 1
9838 3772 -1
6906 3772 -9/10
2853 3772 1
9838 3773 1
9839 3773 -1
7060 3773 -9/10
3116 3773 1
9839 3774 1
9840 3774 -1
7219 3774 -9/10
3386 3774 1
9840 3775 1
9841 3775 -1
7380 3775 -9/10
3659 3775 1
9841 3776 1
9842 3776 -1
7542 3776 -9/10
3933 3776 1
9842 3777 1
9843 3777 -1
7711 3777 -9/10
4214 3777 1
9843 3778 1
9844 3778 -1
7896 3778 -9/10
4511 3778 1
9844 3779 1
8081 3779 -9/10
4808 3779 1
6907 3780 -9/10
2854 3780 1
7061 3781 -9/10
3117 3781 1
7381 3782 -9/10
3660 3782 1
7543 3783 -9/10
3934 3783 1
7712 3784 -9/10
4215 3784 1
7897 3785 -9/10
4512 3785 1
8082 3786 -9/10
4809 3786 1
6765 3787 -9/10
2605 3787 1
6908 3788 -9/10
2855 3788 1
7062 3789 -9/10
3118 3789 1
7221 3790 -9/10
3388 3790 1
7382 3791 -9/10
3661 3791 1
7544 3792 -9/10
3935 3792 1
7713 3793 -9/10
4216 3793 1
7898 3794 -9/10
4513 3794 1
8083 3795 -9/10
4810 3795 1
6766 3796 -9/10
2606 3796 1
6909 3797 -9/10
2856 3797 1
7063 3798 -9/10
3119 3798 1
7222 3799 -9/10
3389 3799 1
7383 3800 -9/10
3662 3800 1
7545 3801 -9/10
3936 3801 1
7714 3802 -9/10
4217 3802 1
7899 3803 -9/10
4514 3803 1
8084 3804 -9/10
4811 3804 1
6767 3805 -9/10
2607 3805 1
6910 3806 -9/10
2857 3806 1
7064 3807 -9/10
3120 3807 1
7223 3808 -9/10
3390 3808 1
7384 3809 -9/10
3663 3809 1
7546 3810 -9/10
3937 3810 1
7715 3811 -9/10
4218 3811 1
7900 3812 -9/10
4515 3812 1
8085 3813 -9/10
4812 3813 1
7716 3814 -9/10
4219 3814 1
7901 3815 -9/10
4516 3815 1
8086 3816 -9/10
4813 3816 1
7717 3817 -9/10
4220 3817 1
7902 3818 -9/10
4517 3818 1
8087 3819 -9/10
4814 3819 1
7718 3820 -9/10
4221 3820 1
7903 3821 -9/10
4518 3821 1
8088 3822 -9/10
4815 3822 1
7719 3823 -9/10
4222 3823 1
7904 3824 -9/10
4519 3824 1
8089 3825 -9/10
4816 3825 1
6768 3826 -9/10
2609 3826 1
6911 3827 -9/10
2859 3827 1
7065 3828 -9/10
3122 3828 1
7224 3829 -9/10
3392 3829 1
7386 3830 -9/10
3666 3830 1
7548 3831 -9/10
3940 3831 1
7721 3832 -9/10
4225 3832 1
7906 3833 -9/10
4522 3833 1
8091 3834 -9/10
4819 3834 1
7722 3835 -9/10
4226 3835 1
7907 3836 -9/10
4523 3836 1
8092 3837 -9/10
4820 3837 1
2610 3838 1
338 3838 -1
335 3838 1
2860 3839 1
611 3839 -1
608 3839 1
3123 3840 1
884 3840 -1
881 3840 1
3393 3841 1
1157 3841 -1
1154 3841 1
3667 3842 1
1430 3842 -1
1427 3842 1
3941 3843 1
1703 3843 -1
1700 3843 1
4227 3844 1
1976 3844 -1
1973 3844 1
4524 3845 1
2249 3845 -1
2246 3845 1
4821 3846 1
2522 3846 -1
2519 3846 1
9862 3847 1
9863 3847 -1
9854 3847 1
9855 3847 -1
8300 3847 -243/2500
8299 3847 -243/2500
8252 3847 -243/20000
8251 3847 -633/31250
8254 3847 -243/20000
8253 3847 -20247/1000000
8250 3847 -243/20000
8249 3847 -20247/1000000
2861 3847 1
618 3847 9/10
608 3847 -36/125
605 3847 -18/25
568 3847 9/200
548 3847 -189/5000
401 3847 -1899/10000
9862 3848 -1
6769 3848 -9/10
2612 3848 1
9863 3849 1
9864 3849 -1
7066 3849 -9/10
3125 3849 1
9865 3850 1
9866 3850 -1
7387 3850 -9/10
3669 3850 1
9868 3851 1
9869 3851 -1
7908 3851 -9/10
4526 3851 1
9869 3852 1
8093 3852 -9/10
4823 3852 1
9862 3853 1
9863 3853 -1
6913 3853 -9/10
2863 3853 1
9863 3854 1
9864 3854 -1
7067 3854 -9/10
3126 3854 1
9866 3855 1
9867 3855 -1
7550 3855 -9/10
3944 3855 1
9867 3856 1
9868 3856 -1
7724 3856 -9/10
4230 3856 1
9869 3857 1
8094 3857 -9/10
4824 3857 1
9862 3858 -1
9854 3858 -1
6771 3858 -9/10
2614 3858 1
9863 3859 1
9864 3859 -1
9855 3859 1
9856 3859 -1
7068 3859 -9/10
3127 3859 1
9865 3860 1
9866 3860 -1
9857 3860 1
9858 3860 -1
7389 3860 -9/10
3671 3860 1
9862 3861 1
9863 3861 -1
6915 3861 -9/10
2865 3861 1
9863 3862 1
9864 3862 -1
7069 3862 -9/10
3128 3862 1
9864 3863 1
9865 3863 -1
7228 3863 -9/10
3398 3863 1
9865 3864 1
9866 3864 -1
7390 3864 -9/10
3672 3864 1
9866 3865 1
9867 3865 -1
7552 3865 -9/10
3946 3865 1
9867 3866 1
9868 3866 -1
7726 3866 -9/10
4232 3866 1
9868 3867 1
9869 3867 -1
7911 3867 -9/10
4529 3867 1
9869 3868 1
8096 3868 -9/10
4826 3868 1
9862 3869 1
9863 3869 -1
6916 3869 -9/10
2866 3869 1
9863 3870 1
9864 3870 -1
7070 3870 -9/10
3129 3870 1
9864 3871 1
9865 3871 -1
7229 3871 -9/10
3399 3871 1
9865 3872 1
9866 3872 -1
7391 3872 -9/10
3673 3872 1
9866 3873 1
9867 3873 -1
7553 3873 -9/10
3947 3873 1
9867 3874 1
9868 3874 -1
7727 3874 -9/10
4233 3874 1
9868 3875 1
9869 3875 -1
7912 3875 -9/10
4530 3875 1
9869 3876 1
8097 3876 -9/10
4827 3876 1
6772 3877 -9/10
2615 3877 1
6917 3878 -9/10
2867 3878 1
7071 3879 -9/10
3130 3879 1
7230 3880 -9/10
3400 3880 1
7392 3881 -9/10
3674 3881 1
7728 3882 -9/10
4234 3882 1
6773 3883 -9/10
2616 3883 1
6918 3884 -9/10
2868 3884 1
7072 3885 -9/10
3131 3885 1
7231 3886 -9/10
3401 3886 1
7393 3887 -9/10
3675 3887 1
7555 3888 -9/10
3949 3888 1
7729 3889 -9/10
4235 3889 1
7914 3890 -9/10
4532 3890 1
6774 3891 -9/10
2617 3891 1
6919 3892 -9/10
2869 3892 1
7073 3893 -9/10
3132 3893 1
7232 3894 -9/10
3402 3894 1
7394 3895 -9/10
3676 3895 1
7556 3896 -9/10
3950 3896 1
7730 3897 -9/10
4236 3897 1
7915 3898 -9/10
4533 3898 1
8100 3899 -9/10
4830 3899 1
7731 3900 -9/10
4237 3900 1
7916 3901 -9/10
4534 3901 1
8101 3902 -9/10
4831 3902 1
7732 3903 -9/10
4238 3903 1
7917 3904 -9/10
4535 3904 1
8102 3905 -9/10
4832 3905 1
7733 3906 -9/10
4239 3906 1
7918 3907 -9/10
4536 3907 1
8103 3908 -9/10
4833 3908 1
9900 3909 -1
6775 3909 -9/10
2619 3909 1
9900 3910 1
9901 3910 -1
6920 3910 -9/10
2871 3910 1
9901 3911 1
9902 3911 -1
7074 3911 -9/10
3134 3911 1
9902 3912 1
9903 3912 -1
7233 3912 -9/10
3404 3912 1
9903 3913 1
9904 3913 -1
7395 3913 -9/10
3678 3913 1
9904 3914 1
9905 3914 -1
7557 3914 -9/10
3952 3914 1
9905 3915 1
9906 3915 -1
7734 3915 -9/10
4241 3915 1
9906 3916 1
9907 3916 -1
7919 3916 -9/10
4538 3916 1
9907 3917 1
8104 3917 -9/10
4835 3917 1
9901 3918 1
9902 3918 -1
9893 3918 1
9894 3918 -1
7075 3918 -9/10
3135 3918 1
9902 3919 1
9903 3919 -1
9894 3919 1
9895 3919 -1
7234 3919 -9/10
3405 3919 1
9903 3920 1
9904 3920 -1
9895 3920 1
9896 3920 -1
7396 3920 -9/10
3679 3920 1
9904 3921 1
9905 3921 -1
9896 3921 1
9897 3921 -1
7558 3921 -9/10
3953 3921 1
9905 3922 1
9906 3922 -1
9897 3922 1
9898 3922 -1
7735 3922 -9/10
4242 3922 1
9906 3923 1
9907 3923 -1
9898 3923 1
9899 3923 -1
7920 3923 -9/10
4539 3923 1
9900 3924 1
9901 3924 -1
6921 3924 -9/10
2872 3924 1
9901 3925 1
9902 3925 -1
7076 3925 -9/10
3136 3925 1
9902 3926 1
9903 3926 -1
7235 3926 -9/10
3406 3926 1
9903 3927 1
9904 3927 -1
7397 3927 -9/10
3680 3927 1
9904 3928 1
9905 3928 -1
7559 3928 -9/10
3954 3928 1
9905 3929 1
9906 3929 -1
7736 3929 -9/10
4243 3929 1
9906 3930 1
9907 3930 -1
7921 3930 -9/10
4540 3930 1
9907 3931 1
8106 3931 -9/10
4837 3931 1
6776 3932 -9/10
2620 3932 1
6922 3933 -9/10
2873 3933 1
7077 3934 -9/10
3137 3934 1
7236 3935 -9/10
3407 3935 1
7398 3936 -9/10
3681 3936 1
7560 3937 -9/10
3955 3937 1
7737 3938 -9/10
4244 3938 1
7922 3939 -9/10
4541 3939 1
8107 3940 -9/10
4838 3940 1
6777 3941 -9/10
2621 3941 1
6923 3942 -9/10
2874 3942 1
7078 3943 -9/10
3138 3943 1
7237 3944 -9/10
3408 3944 1
7399 3945 -9/10
3682 3945 1
7561 3946 -9/10
3956 3946 1
7738 3947 -9/10
4245 3947 1
7923 3948 -9/10
4542 3948 1
8108 3949 -9/10
4839 3949 1
7739 3950 -9/10
4246 3950 1
7924 3951 -9/10
4543 3951 1
7740 3952 -9/10
4247 3952 1
7925 3953 -9/10
4544 3953 1
8110 3954 -9/10
4841 3954 1
10068 3955 1
10069 3955 -1
6924 3955 -9/10
2876 3955 1
10070 3956 1
10071 3956 -1
7238 3956 -9/10
3410 3956 1
10071 3957 1
10072 3957 -1
7400 3957 -9/10
3684 3957 1
10072 3958 1
10073 3958 -1
7562 3958 -9/10
3958 3958 1
10073 3959 1
10074 3959 -1
7741 3959 -9/10
4249 3959 1
10074 3960 1
10075 3960 -1
7926 3960 -9/10
4546 3960 1
7080 3961 -9/10
3141 3961 1
7239 3962 -9/10
3411 3962 1
7401 3963 -9/10
3685 3963 1
7563 3964 -9/10
3959 3964 1
7742 3965 -9/10
4250 3965 1
7927 3966 -9/10
4547 3966 1
8112 3967 -9/10
4844 3967 1
7743 3968 -9/10
4251 3968 1
7928 3969 -9/10
4548 3969 1
8113 3970 -9/10
4845 3970 1
9886 3971 1
9887 3971 -1
7240 3971 -9/10
3413 3971 1
9887 3972 1
9888 3972 -1
7402 3972 -9/10
3687 3972 1
9888 3973 1
9889 3973 -1
7564 3973 -9/10
3961 3973 1
9889 3974 1
9890 3974 -1
7744 3974 -9/10
4253 3974 1
9890 3975 1
9891 3975 -1
7929 3975 -9/10
4550 3975 1
9891 3976 1
8114 3976 -9/10
4847 3976 1
6780 3977 -9/10
2626 3977 1
6926 3978 -9/10
2879 3978 1
7081 3979 -9/10
3143 3979 1
7241 3980 -9/10
3414 3980 1
7403 3981 -9/10
3688 3981 1
7565 3982 -9/10
3962 3982 1
7745 3983 -9/10
4254 3983 1
7930 3984 -9/10
4551 3984 1
8115 3985 -9/10
4848 3985 1
7746 3986 -9/10
4255 3986 1
7931 3987 -9/10
4552 3987 1
8116 3988 -9/10
4849 3988 1
10218 3989 -1
8298 3989 -927/10000
8297 3989 -927/10000
8246 3989 -11587/1000000
8245 3989 -19319/1000000
8248 3989 -11587/1000000
8247 3989 -19309/1000000
8244 3989 -11587/1000000
8243 3989 -19309/1000000
2627 3989 1
340 3989 -261/250
336 3989 9/10
295 3989 18/125
10219 3990 1
10220 3990 -1
8302 3990 -927/10000
8301 3990 -927/10000
8258 3990 -11587/1000000
8257 3990 -19319/1000000
8260 3990 -11587/1000000
8259 3990 -19309/1000000
8256 3990 -11587/1000000
8255 3990 -19309/1000000
3144 3990 1
886 3990 -261/250
882 3990 9/10
841 3990 18/125
10218 3991 1
10219 3991 -1
6927 3991 -9/10
2881 3991 1
10222 3992 1
10223 3992 -1
7566 3992 -9/10
3964 3992 1
10224 3993 1
10225 3993 -1
7932 3993 -9/10
4554 3993 1
7083 3994 -9/10
3146 3994 1
7243 3995 -9/10
3417 3995 1
7405 3996 -9/10
3691 3996 1
7567 3997 -9/10
3965 3997 1
7748 3998 -9/10
4258 3998 1
7933 3999 -9/10
4555 3999 1
8118 4000 -9/10
4852 4000 1
7749 4001 -9/10
4259 4001 1
7934 4002 -9/10
4556 4002 1
10210 4003 -1
6783 4003 -9/10
2631 4003 1
10210 4004 1
10211 4004 -1
6929 4004 -9/10
2884 4004 1
10211 4005 1
10212 4005 -1
7084 4005 -9/10
3148 4005 1
10212 4006 1
10213 4006 -1
7244 4006 -9/10
3419 4006 1
10213 4007 1
10214 4007 -1
7406 4007 -9/10
3693 4007 1
10214 4008 1
10215 4008 -1
7568 4008 -9/10
3967 4008 1
10215 4009 1
10216 4009 -1
7750 4009 -9/10
4261 4009 1
10216 4010 1
10217 4010 -1
7935 4010 -9/10
4558 4010 1
10217 4011 1
8120 4011 -9/10
4855 4011 1
6784 4012 -9/10
2632 4012 1
6930 4013 -9/10
2885 4013 1
7085 4014 -9/10
3149 4014 1
7245 4015 -9/10
3420 4015 1
7407 4016 -9/10
3694 4016 1
7569 4017 -9/10
3968 4017 1
7751 4018 -9/10
4262 4018 1
7936 4019 -9/10
4559 4019 1
8121 4020 -9/10
4856 4020 1
7752 4021 -9/10
4263 4021 1
7937 4022 -9/10
4560 4022 1
8122 4023 -9/10
4857 4023 1
10060 4024 -1
6785 4024 -9/10
2634 4024 1
10060 4025 1
10061 4025 -1
6931 4025 -9/10
2887 4025 1
10061 4026 1
10062 4026 -1
7086 4026 -9/10
3151 4026 1
10062 4027 1
10063 4027 -1
7246 4027 -9/10
3422 4027 1
10063 4028 1
10064 4028 -1
7408 4028 -9/10
3696 4028 1
10064 4029 1
10065 4029 -1
7570 4029 -9/10
3970 4029 1
10065 4030 1
10066 4030 -1
7753 4030 -9/10
4265 4030 1
10066 4031 1
10067 4031 -1
7938 4031 -9/10
4562 4031 1
10067 4032 1
8123 4032 -9/10
4859 4032 1
6786 4033 -9/10
2635 4033 1
6932 4034 -9/10
2888 4034 1
7087 4035 -9/10
3152 4035 1
7247 4036 -9/10
3423 4036 1
7409 4037 -9/10
3697 4037 1
7571 4038 -9/10
3971 4038 1
7754 4039 -9/10
4266 4039 1
7939 4040 -9/10
4563 4040 1
8124 4041 -9/10
4860 4041 1
7755 4042 -9/10
4267 4042 1
7940 4043 -9/10
4564 4043 1
8125 4044 -9/10
4861 4044 1
6933 4045 -9/10
2889 4045 1
37 4045 25803/25000
19 4045 309727/1000000
1 4045 14477/250000
7410 4046 -9/10
3698 4046 1
40 4046 25803/25000
22 4046 309727/1000000
4 4046 14477/250000
8126 4047 -9/10
4862 4047 1
44 4047 25803/25000
26 4047 309727/1000000
8 4047 14477/250000
6788 4048 -9/10
2637 4048 1
6934 4049 -9/10
2890 4049 1
7089 4050 -9/10
3154 4050 1
7249 4051 -9/10
3425 4051 1
7411 4052 -9/10
3699 4052 1
7573 4053 -9/10
3973 4053 1
7757 4054 -9/10
4269 4054 1
7942 4055 -9/10
4566 4055 1
8127 4056 -9/10
4863 4056 1
7090 4057 -9/10
3155 4057 1
38 4057 17/100000
20 4057 3971/100000
2 4057 8161/250000
7250 4058 -9/10
3426 4058 1
39 4058 17/100000
21 4058 3971/100000
3 4058 8161/250000
7412 4059 -9/10
3700 4059 1
40 4059 17/100000
22 4059 3971/100000
4 4059 8161/250000
7574 4060 -9/10
3974 4060 1
41 4060 17/100000
23 4060 3971/100000
5 4060 8161/250000
8128 4061 -9/10
4864 4061 1
44 4061 17/100000
26 4061 3971/100000
8 4061 8161/250000
6790 4062 -9/10
2639 4062 1
36 4062 96957/50000
18 4062 581911/1000000
0 4062 54399/500000
7091 4063 -9/10
3156 4063 1
38 4063 96957/50000
20 4063 581911/1000000
2 4063 54399/500000
6791 4064 -9/10
2640 4064 1
18 4064 9859/62500
6937 4065 -9/10
2893 4065 1
19 4065 9859/62500
7092 4066 -9/10
3157 4066 1
20 4066 9859/62500
7252 4067 -9/10
3428 4067 1
21 4067 9859/62500
7414 4068 -9/10
3702 4068 1
22 4068 9859/62500
7576 4069 -9/10
3976 4069 1
23 4069 9859/62500
7760 4070 -9/10
4272 4070 1
24 4070 9859/62500
7945 4071 -9/10
4569 4071 1
25 4071 9859/62500
8130 4072 -9/10
4866 4072 1
26 4072 9859/62500
6792 4073 -9/10
2641 4073 1
36 4073 1/3125
18 4073 37303/500000
0 4073 6133/100000
6938 4074 -9/10
2894 4074 1
37 4074 1/3125
19 4074 37303/500000
1 4074 6133/100000
7093 4075 -9/10
3158 4075 1
38 4075 1/3125
20 4075 37303/500000
2 4075 6133/100000
7253 4076 -9/10
3429 4076 1
39 4076 1/3125
21 4076 37303/500000
3 4076 6133/100000
7415 4077 -9/10
3703 4077 1
40 4077 1/3125
22 4077 37303/500000
4 4077 6133/100000
7577 4078 -9/10
3977 4078 1
41 4078 1/3125
23 4078 37303/500000
5 4078 6133/100000
7761 4079 -9/10
4273 4079 1
42 4079 1/3125
24 4079 37303/500000
6 4079 6133/100000
7946 4080 -9/10
4570 4080 1
43 4080 1/3125
25 4080 37303/500000
7 4080 6133/100000
8131 4081 -9/10
4867 4081 1
44 4081 1/3125
26 4081 37303/500000
8 4081 6133/100000
6939 4082 -9/10
2895 4082 1
7094 4083 -9/10
3159 4083 1
7254 4084 -9/10
3430 4084 1
7416 4085 -9/10
3704 4085 1
7578 4086 -9/10
3978 4086 1
7762 4087 -9/10
4274 4087 1
7947 4088 -9/10
4571 4088 1
8132 4089 -9/10
4868 4089 1
3160 4090 1
883 4090 1
882 4090 -1
3705 4091 1
1429 4091 1
1428 4091 -1
3979 4092 1
1702 4092 1
1701 4092 -1
4275 4093 1
1975 4093 1
1974 4093 -1
4572 4094 1
2248 4094 1
2247 4094 -1
4869 4095 1
2521 4095 1
2520 4095 -1
2644 4096 1
294 4096 1
293 4096 -1
2897 4097 1
567 4097 1
566 4097 -1
3161 4098 1
840 4098 1
839 4098 -1
3432 4099 1
1113 4099 1
1112 4099 -1
3706 4100 1
1386 4100 1
1385 4100 -1
3980 4101 1
1659 4101 1
1658 4101 -1
4276 4102 1
1932 4102 1
1931 4102 -1
4573 4103 1
2205 4103 1
2204 4103 -1
4870 4104 1
2478 4104 1
2477 4104 -1
9650 4105 3942/125
2645 4105 1
316 4105 -239/1000
0 4105 75371/10000
9651 4106 3942/125
2898 4106 1
589 4106 -239/1000
1 4106 75371/10000
9652 4107 3942/125
3162 4107 1
862 4107 -239/1000
2 4107 75371/10000
9653 4108 3942/125
3433 4108 1
1135 4108 -239/1000
3 4108 75371/10000
9654 4109 3942/125
3707 4109 1
1408 4109 -239/1000
4 4109 75371/10000
9655 4110 3942/125
3981 4110 1
1681 4110 -239/1000
5 4110 75371/10000
9656 4111 3942/125
4277 4111 1
1954 4111 -239/1000
6 4111 75371/10000
9657 4112 3942/125
4574 4112 1
2227 4112 -239/1000
7 4112 75371/10000
9658 4113 3942/125
4871 4113 1
2500 4113 -239/1000
8 4113 75371/10000
9659 4114 3942/125
2646 4114 1
317 4114 -239/1000
0 4114 75371/10000
9660 4115 3942/125
2899 4115 1
590 4115 -239/1000
1 4115 75371/10000
9661 4116 3942/125
3163 4116 1
863 4116 -239/1000
2 4116 75371/10000
9662 4117 3942/125
3434 4117 1
1136 4117 -239/1000
3 4117 75371/10000
9663 4118 3942/125
3708 4118 1
1409 4118 -239/1000
4 4118 75371/10000
9664 4119 3942/125
3982 4119 1
1682 4119 -239/1000
5 4119 75371/10000
9665 4120 3942/125
4278 4120 1
1955 4120 -239/1000
6 4120 75371/10000
9666 4121 3942/125
4575 4121 1
2228 4121 -239/1000
7 4121 75371/10000
9667 4122 3942/125
4872 4122 1
2501 4122 -239/1000
8 4122 75371/10000
9668 4123 3942/125
2647 4123 1
318 4123 -239/1000
0 4123 75371/10000
9669 4124 3942/125
2900 4124 1
591 4124 -239/1000
1 4124 75371/10000
9670 4125 3942/125
3164 4125 1
864 4125 -239/1000
2 4125 75371/10000
9671 4126 3942/125
3435 4126 1
1137 4126 -239/1000
3 4126 75371/10000
9672 4127 3942/125
3709 4127 1
1410 4127 -239/1000
4 4127 75371/10000
9673 4128 3942/125
3983 4128 1
1683 4128 -239/1000
5 4128 75371/10000
9674 4129 3942/125
4279 4129 1
1956 4129 -239/1000
6 4129 75371/10000
9675 4130 3942/125
4576 4130 1
2229 4130 -239/1000
7 4130 75371/10000
9676 4131 3942/125
4873 4131 1
2502 4131 -239/1000
8 4131 75371/10000
9677 4132 3942/125
2648 4132 1
319 4132 -239/1000
0 4132 75371/10000
9678 4133 3942/125
2901 4133 1
592 4133 -239/1000
1 4133 75371/10000
9679 4134 3942/125
3165 4134 1
865 4134 -239/1000
2 4134 75371/10000
9680 4135 3942/125
3436 4135 1
1138 4135 -239/1000
3 4135 75371/10000
9681 4136 3942/125
3710 4136 1
1411 4136 -239/1000
4 4136 75371/10000
9682 4137 3942/125
3984 4137 1
1684 4137 -239/1000
5 4137 75371/10000
9683 4138 3942/125
4280 4138 1
1957 4138 -239/1000
6 4138 75371/10000
9684 4139 3942/125
4577 4139 1
2230 4139 -239/1000
7 4139 75371/10000
9685 4140 3942/125
4874 4140 1
2503 4140 -239/1000
8 4140 75371/10000
9731 4141 -1
2649 4141 1
315 4141 -1
0 4141 1
9732 4142 -1
2902 4142 1
588 4142 -1
1 4142 1
9733 4143 -1
3166 4143 1
861 4143 -1
2 4143 1
9734 4144 -1
3437 4144 1
1134 4144 -1
3 4144 1
9735 4145 -1
3711 4145 1
1407 4145 -1
4 4145 1
9736 4146 -1
3985 4146 1
1680 4146 -1
5 4146 1
9737 4147 -1
4281 4147 1
1953 4147 -1
6 4147 1
9738 4148 -1
4578 4148 1
2226 4148 -1
7 4148 1
9739 4149 -1
4875 4149 1
2499 4149 -1
8 4149 1
9695 4150 3942/125
2650 4150 1
320 4150 -611/1000
18 4150 38537/2000
9696 4151 3942/125
2903 4151 1
593 4151 -611/1000
19 4151 38537/2000
9704 4152 3942/125
2651 4152 1
321 4152 -611/1000
18 4152 38537/2000
9705 4153 3942/125
2904 4153 1
594 4153 -611/1000
19 4153 38537/2000
9713 4154 3942/125
2652 4154 1
322 4154 -403/1000
18 4154 12709/1000
9714 4155 3942/125
2905 4155 1
595 4155 -403/1000
19 4155 12709/1000
9715 4156 3942/125
3169 4156 1
868 4156 -403/1000
20 4156 12709/1000
9716 4157 3942/125
3440 4157 1
1141 4157 -403/1000
21 4157 12709/1000
9717 4158 3942/125
3714 4158 1
1414 4158 -403/1000
22 4158 12709/1000
9718 4159 3942/125
3988 4159 1
1687 4159 -403/1000
23 4159 12709/1000
9719 4160 3942/125
4284 4160 1
1960 4160 -403/1000
24 4160 12709/1000
9720 4161 3942/125
4581 4161 1
2233 4161 -403/1000
25 4161 12709/1000
9721 4162 3942/125
4878 4162 1
2506 4162 -403/1000
26 4162 12709/1000
9722 4163 3942/125
2653 4163 1
323 4163 -611/1000
18 4163 38537/2000
9758 4164 3942/125
2654 4164 1
327 4164 -1111/250
36 4164 70073/500
6794 4165 -25623/1250
2658 4165 1
6940 4166 -25623/1250
2911 4166 1
7095 4167 -25623/1250
3175 4167 1
7255 4168 -25623/1250
3446 4168 1
7417 4169 -25623/1250
3720 4169 1
7579 4170 -25623/1250
3994 4170 1
7763 4171 -25623/1250
4290 4171 1
7948 4172 -25623/1250
4587 4172 1
8133 4173 -25623/1250
4884 4173 1
6795 4174 -227059/10000
2659 4174 1
6941 4175 -227059/10000
2912 4175 1
7096 4176 -227059/10000
3176 4176 1
7256 4177 -227059/10000
3447 4177 1
7418 4178 -227059/10000
3721 4178 1
7580 4179 -227059/10000
3995 4179 1
7764 4180 -227059/10000
4291 4180 1
7949 4181 -227059/10000
4588 4181 1
8134 4182 -227059/10000
4885 4182 1
6796 4183 -245981/10000
2660 4183 1
6942 4184 -245981/10000
2913 4184 1
7097 4185 -245981/10000
3177 4185 1
7257 4186 -245981/10000
3448 4186 1
7419 4187 -245981/10000
3722 4187 1
7581 4188 -245981/10000
3996 4188 1
7765 4189 -245981/10000
4292 4189 1
7950 4190 -245981/10000
4589 4190 1
8135 4191 -245981/10000
4886 4191 1
6797 4192 -132451/5000
2661 4192 1
6943 4193 -132451/5000
2914 4193 1
7098 4194 -132451/5000
3178 4194 1
7258 4195 -132451/5000
3449 4195 1
7420 4196 -132451/5000
3723 4196 1
7582 4197 -132451/5000
3997 4197 1
7766 4198 -132451/5000
4293 4198 1
7951 4199 -132451/5000
4590 4199 1
8136 4200 -132451/5000
4887 4200 1
7099 4201 -25623/1250
3179 4201 1
7259 4202 -25623/1250
3450 4202 1
7421 4203 -25623/1250
3724 4203 1
7583 4204 -25623/1250
3998 4204 1
7767 4205 -25623/1250
4294 4205 1
7952 4206 -25623/1250
4591 4206 1
8137 4207 -25623/1250
4888 4207 1
6945 4208 -227059/10000
2916 4208 1
7100 4209 -227059/10000
3180 4209 1
7260 4210 -227059/10000
3451 4210 1
7422 4211 -227059/10000
3725 4211 1
7584 4212 -227059/10000
3999 4212 1
7768 4213 -227059/10000
4295 4213 1
7953 4214 -227059/10000
4592 4214 1
8138 4215 -227059/10000
4889 4215 1
6946 4216 -132451/5000
2917 4216 1
7101 4217 -132451/5000
3181 4217 1
7261 4218 -132451/5000
3452 4218 1
7423 4219 -132451/5000
3726 4219 1
7585 4220 -132451/5000
4000 4220 1
7769 4221 -132451/5000
4296 4221 1
7954 4222 -132451/5000
4593 4222 1
8139 4223 -132451/5000
4890 4223 1
2918 4224 1
476 4224 1
465 4224 -1
37 4224 454111/1000000
19 4224 9859/62500
1 4224 39/500
3182 4225 1
749 4225 1
738 4225 -1
38 4225 454111/1000000
20 4225 9859/62500
2 4225 39/500
3453 4226 1
1022 4226 1
1011 4226 -1
39 4226 454111/1000000
21 4226 9859/62500
3 4226 39/500
3727 4227 1
1295 4227 1
1284 4227 -1
40 4227 454111/1000000
22 4227 9859/62500
4 4227 39/500
4001 4228 1
1568 4228 1
1557 4228 -1
41 4228 454111/1000000
23 4228 9859/62500
5 4228 39/500
4297 4229 1
1841 4229 1
1830 4229 -1
42 4229 454111/1000000
24 4229 9859/62500
6 4229 39/500
4594 4230 1
2114 4230 1
2103 4230 -1
43 4230 454111/1000000
25 4230 9859/62500
7 4230 39/500
4891 4231 1
2387 4231 1
2376 4231 -1
44 4231 454111/1000000
26 4231 9859/62500
8 4231 39/500
2919 4232 1
476 4232 1
466 4232 -1
37 4232 340583/500000
19 4232 9859/62500
1 4232 39/500
3183 4233 1
749 4233 1
739 4233 -1
38 4233 340583/500000
20 4233 9859/62500
2 4233 39/500
3454 4234 1
1022 4234 1
1012 4234 -1
39 4234 340583/500000
21 4234 9859/62500
3 4234 39/500
4002 4235 1
1568 4235 1
1558 4235 -1
41 4235 340583/500000
23 4235 9859/62500
5 4235 39/500
4892 4236 1
2387 4236 1
2377 4236 -1
44 4236 340583/500000
26 4236 9859/62500
8 4236 39/500
2667 4237 1
203 4237 1
194 4237 -1
36 4237 454111/500000
18 4237 9859/62500
0 4237 39/500
2920 4238 1
476 4238 1
467 4238 -1
37 4238 454111/500000
19 4238 9859/62500
1 4238 39/500
3184 4239 1
749 4239 1
740 4239 -1
38 4239 454111/500000
20 4239 9859/62500
2 4239 39/500
3455 4240 1
1022 4240 1
1013 4240 -1
39 4240 454111/500000
21 4240 9859/62500
3 4240 39/500
4893 4241 1
2387 4241 1
2378 4241 -1
44 4241 454111/500000
26 4241 9859/62500
8 4241 39/500
2668 4242 1
203 4242 1
195 4242 -1
36 4242 14191/12500
18 4242 9859/62500
0 4242 39/500
2921 4243 1
476 4243 1
468 4243 -1
37 4243 14191/12500
19 4243 9859/62500
1 4243 39/500
3101 4244 1
821 4244 1
787 4244 -1
740 4244 -31/25
38 4244 112619/100000
20 4244 97801/500000
2 4244 1209/12500
3730 4245 1
1295 4245 1
1287 4245 -1
40 4245 14191/12500
22 4245 9859/62500
4 4245 39/500
6801 4246 -1
2669 4246 1
6947 4247 -1
2922 4247 1
7102 4248 -1
3186 4248 1
7262 4249 -1
3457 4249 1
7424 4250 -1
3731 4250 1
7586 4251 -1
4005 4251 1
7770 4252 -1
4301 4252 1
7955 4253 -1
4598 4253 1
8140 4254 -1
4895 4254 1
6802 4255 -19/20
2670 4255 1
6948 4256 -19/20
2923 4256 1
7103 4257 -19/20
3187 4257 1
7263 4258 -19/20
3458 4258 1
7425 4259 -19/20
3732 4259 1
7587 4260 -19/20
4006 4260 1
7771 4261 -19/20
4302 4261 1
7956 4262 -19/20
4599 4262 1
8141 4263 -19/20
4896 4263 1
3459 4264 1
1024 4264 1
1011 4264 -1
39 4264 454111/1000000
21 4264 9859/62500
3 4264 39/500
3733 4265 1
1297 4265 1
1284 4265 -1
40 4265 454111/1000000
22 4265 9859/62500
4 4265 39/500
4007 4266 1
1570 4266 1
1557 4266 -1
41 4266 454111/1000000
23 4266 9859/62500
5 4266 39/500
4303 4267 1
1843 4267 1
1830 4267 -1
42 4267 454111/1000000
24 4267 9859/62500
6 4267 39/500
4600 4268 1
2116 4268 1
2103 4268 -1
43 4268 454111/1000000
25 4268 9859/62500
7 4268 39/500
4897 4269 1
2389 4269 1
2376 4269 -1
44 4269 454111/1000000
26 4269 9859/62500
8 4269 39/500
4304 4270 1
1843 4270 1
1831 4270 -1
42 4270 340583/500000
24 4270 9859/62500
6 4270 39/500
3190 4271 1
751 4271 1
740 4271 -1
38 4271 454111/500000
20 4271 9859/62500
2 4271 39/500
3735 4272 1
1297 4272 1
1286 4272 -1
40 4272 454111/500000
22 4272 9859/62500
4 4272 39/500
2674 4273 1
205 4273 1
195 4273 -1
36 4273 14191/12500
18 4273 9859/62500
0 4273 39/500
2927 4274 1
478 4274 1
468 4274 -1
37 4274 14191/12500
19 4274 9859/62500
1 4274 39/500
2675 4275 1
331 4275 -1
292 4275 1
2928 4276 1
604 4276 -1
565 4276 1
3192 4277 1
877 4277 -1
838 4277 1
3463 4278 1
1150 4278 -1
1111 4278 1
3737 4279 1
1423 4279 -1
1384 4279 1
4011 4280 1
1696 4280 -1
1657 4280 1
4307 4281 1
1969 4281 -1
1930 4281 1
4604 4282 1
2242 4282 -1
2203 4282 1
4901 4283 1
2515 4283 -1
2476 4283 1
2677 4284 1
296 4284 -13/10
292 4284 1
2930 4285 1
569 4285 -13/10
565 4285 1
3194 4286 1
842 4286 -13/10
838 4286 1
3465 4287 1
1115 4287 -13/10
1111 4287 1
3739 4288 1
1388 4288 -13/10
1384 4288 1
4013 4289 1
1661 4289 -13/10
1657 4289 1
4309 4290 1
1934 4290 -13/10
1930 4290 1
4606 4291 1
2207 4291 -13/10
2203 4291 1
4903 4292 1
2480 4292 -13/10
2476 4292 1
3466 4293 1
1095 4293 1
1061 4293 -1
1011 4293 -31/25
39 4293 563097/1000000
21 4293 97801/500000
3 4293 1209/12500
4607 4294 1
2187 4294 1
2153 4294 -1
2103 4294 -31/25
43 4294 563097/1000000
25 4294 97801/500000
7 4294 1209/12500
3198 4295 1
822 4295 1
788 4295 -1
741 4295 -31/25
38 4295 70387/50000
20 4295 97801/500000
2 4295 1209/12500
4016 4296 1
1641 4296 1
1607 4296 -1
1559 4296 -31/25
41 4296 112619/100000
23 4296 97801/500000
5 4296 1209/12500
4609 4297 1
2187 4297 1
2153 4297 -1
2105 4297 -31/25
43 4297 112619/100000
25 4297 97801/500000
7 4297 1209/12500
2681 4298 1
276 4298 1
242 4298 -1
195 4298 -31/25
36 4298 70387/50000
18 4298 97801/500000
0 4298 1209/12500
2934 4299 1
549 4299 1
515 4299 -1
468 4299 -31/25
37 4299 70387/50000
19 4299 97801/500000
1 4299 1209/12500
8298 4300 -1701/1000
8297 4300 -1701/1000
8246 4300 -1701/8000
8245 4300 -44311/125000
8248 4300 -1701/8000
8247 4300 -177159/500000
8244 4300 -1701/8000
8243 4300 -177159/500000
2682 4300 1
305 4300 9/10
296 4300 9/200
292 4300 -99/100
276 4300 -4761/5000
8300 4301 -1701/1000
8299 4301 -1701/1000
8252 4301 -1701/8000
8251 4301 -44311/125000
8254 4301 -1701/8000
8253 4301 -177159/500000
8250 4301 -1701/8000
8249 4301 -177159/500000
2935 4301 1
578 4301 9/10
569 4301 9/200
565 4301 -99/100
549 4301 -4761/5000
7104 4302 -9/10
3200 4302 1
7264 4303 -9/10
3471 4303 1
7426 4304 -9/10
3745 4304 1
7588 4305 -9/10
4019 4305 1
7772 4306 -9/10
4315 4306 1
7957 4307 -9/10
4612 4307 1
8142 4308 -9/10
4909 4308 1
6803 4309 -9/10
2683 4309 1
6949 4310 -9/10
2936 4310 1
7105 4311 -9/10
3201 4311 1
7265 4312 -9/10
3472 4312 1
7427 4313 -9/10
3746 4313 1
7589 4314 -9/10
4020 4314 1
7773 4315 -9/10
4316 4315 1
7958 4316 -9/10
4613 4316 1
8143 4317 -9/10
4910 4317 1
7590 4318 -9/10
4021 4318 1
7774 4319 -9/10
4317 4319 1
7959 4320 -9/10
4614 4320 1
8144 4321 -9/10
4911 4321 1
10182 4322 1
10183 4322 -1
3473 4322 1
1124 4322 -459/500
1123 4322 9/10
1115 4322 9/500
947 4322 -1863/625
10180 4323 -1
6804 4323 -9/10
2685 4323 1
10180 4324 1
10181 4324 -1
6950 4324 -9/10
2938 4324 1
10181 4325 1
10182 4325 -1
7106 4325 -9/10
3203 4325 1
10182 4326 1
10183 4326 -1
7266 4326 -9/10
3474 4326 1
10184 4327 1
10185 4327 -1
7591 4327 -9/10
4023 4327 1
6951 4328 -9/10
2939 4328 1
7107 4329 -9/10
3204 4329 1
7267 4330 -9/10
3475 4330 1
7592 4331 -9/10
4024 4331 1
7593 4332 -9/10
4025 4332 1
8300 4333 -243/5000
8299 4333 -243/5000
8252 4333 -243/40000
8251 4333 -633/62500
8254 4333 -243/40000
8253 4333 -10123/1000000
8250 4333 -243/40000
8249 4333 -10123/1000000
2940 4333 1
578 4333 -117/125
576 4333 9/10
569 4333 9/250
401 4333 -2421/2500
10204 4334 -1
8302 4334 -243/5000
8301 4334 -243/5000
8258 4334 -243/40000
8257 4334 -633/62500
8260 4334 -243/40000
8259 4334 -10123/1000000
8256 4334 -243/40000
8255 4334 -10123/1000000
3205 4334 1
851 4334 -117/125
849 4334 9/10
842 4334 9/250
674 4334 -2421/2500
10204 4335 1
10205 4335 -1
7268 4335 -9/10
3477 4335 1
10205 4336 1
10206 4336 -1
7430 4336 -9/10
3751 4336 1
10206 4337 1
10207 4337 -1
7594 4337 -9/10
4027 4337 1
10207 4338 1
10208 4338 -1
7778 4338 -9/10
4323 4338 1
10208 4339 1
10209 4339 -1
7963 4339 -9/10
4620 4339 1
10209 4340 1
8148 4340 -9/10
4917 4340 1
6806 4341 -9/10
2688 4341 1
6952 4342 -9/10
2941 4342 1
7108 4343 -9/10
3206 4343 1
7269 4344 -9/10
3478 4344 1
7431 4345 -9/10
3752 4345 1
7595 4346 -9/10
4028 4346 1
7964 4347 -9/10
4621 4347 1
7965 4348 -9/10
4622 4348 1
8150 4349 -9/10
4919 4349 1
10188 4350 1
10189 4350 -1
8300 4350 -909/10000
8299 4350 -909/10000
8252 4350 -11363/1000000
8251 4350 -296/15625
8254 4350 -11363/1000000
8253 4350 -9467/500000
8250 4350 -11363/1000000
8249 4350 -9467/500000
2942 4350 1
577 4350 -261/250
576 4350 9/10
569 4350 18/125
10189 4351 1
10190 4351 -1
8302 4351 -909/10000
8301 4351 -909/10000
8258 4351 -11363/1000000
8257 4351 -296/15625
8260 4351 -11363/1000000
8259 4351 -9467/500000
8256 4351 -11363/1000000
8255 4351 -9467/500000
3207 4351 1
850 4351 -261/250
849 4351 9/10
842 4351 18/125
10188 4352 1
10189 4352 -1
6953 4352 -9/10
2943 4352 1
10194 4353 1
10195 4353 -1
7966 4353 -9/10
4624 4353 1
6808 4354 -9/10
2691 4354 1
7110 4355 -9/10
3209 4355 1
7271 4356 -9/10
3481 4356 1
7433 4357 -9/10
3755 4357 1
7597 4358 -9/10
4031 4358 1
7782 4359 -9/10
4328 4359 1
7967 4360 -9/10
4625 4360 1
7598 4361 -9/10
4032 4361 1
7783 4362 -9/10
4329 4362 1
7968 4363 -9/10
4626 4363 1
10196 4364 -1
6809 4364 -9/10
2693 4364 1
10196 4365 1
10197 4365 -1
6955 4365 -9/10
2946 4365 1
10197 4366 1
10198 4366 -1
7111 4366 -9/10
3211 4366 1
10198 4367 1
10199 4367 -1
7272 4367 -9/10
3483 4367 1
10199 4368 1
10200 4368 -1
7434 4368 -9/10
3757 4368 1
10200 4369 1
10201 4369 -1
7599 4369 -9/10
4034 4369 1
10201 4370 1
10202 4370 -1
7784 4370 -9/10
4331 4370 1
10202 4371 1
10203 4371 -1
7969 4371 -9/10
4628 4371 1
10203 4372 1
8154 4372 -9/10
4925 4372 1
6810 4373 -9/10
2694 4373 1
6956 4374 -9/10
2947 4374 1
7112 4375 -9/10
3212 4375 1
7273 4376 -9/10
3484 4376 1
7435 4377 -9/10
3758 4377 1
7600 4378 -9/10
4035 4378 1
7785 4379 -9/10
4332 4379 1
7970 4380 -9/10
4629 4380 1
8155 4381 -9/10
4926 4381 1
7601 4382 -9/10
4036 4382 1
7786 4383 -9/10
4333 4383 1
7971 4384 -9/10
4630 4384 1
8156 4385 -9/10
4927 4385 1
9822 4386 1
9823 4386 -1
8302 4386 -243/625
8301 4386 -243/625
8258 4386 -243/5000
8257 4386 -40513/500000
8260 4386 -243/5000
8259 4386 -80987/1000000
8256 4386 -243/5000
8255 4386 -80987/1000000
3213 4386 1
849 4386 -1017/1000
847 4386 9/10
842 4386 117/1000
822 4386 -261/250
9821 4387 -1
6811 4387 -9/10
2696 4387 1
9821 4388 1
9822 4388 -1
6957 4388 -9/10
2949 4388 1
9822 4389 1
9823 4389 -1
7113 4389 -9/10
3214 4389 1
9823 4390 1
9824 4390 -1
7274 4390 -9/10
3486 4390 1
9824 4391 1
9825 4391 -1
7436 4391 -9/10
3760 4391 1
9825 4392 1
9826 4392 -1
7602 4392 -9/10
4038 4392 1
9826 4393 1
9827 4393 -1
7787 4393 -9/10
4335 4393 1
9827 4394 1
9828 4394 -1
7972 4394 -9/10
4632 4394 1
9828 4395 1
8157 4395 -9/10
4929 4395 1
6958 4396 -9/10
2950 4396 1
7114 4397 -9/10
3215 4397 1
7275 4398 -9/10
3487 4398 1
7437 4399 -9/10
3761 4399 1
7603 4400 -9/10
4039 4400 1
7788 4401 -9/10
4336 4401 1
7973 4402 -9/10
4633 4402 1
8158 4403 -9/10
4930 4403 1
7604 4404 -9/10
4040 4404 1
7789 4405 -9/10
4337 4405 1
7974 4406 -9/10
4634 4406 1
8159 4407 -9/10
4931 4407 1
7115 4408 -9/10
3216 4408 1
38 4408 96957/50000
20 4408 581911/1000000
2 4408 54399/500000
6814 4409 -9/10
2699 4409 1
6960 4410 -9/10
2952 4410 1
7116 4411 -9/10
3217 4411 1
7277 4412 -9/10
3489 4412 1
7439 4413 -9/10
3763 4413 1
7606 4414 -9/10
4042 4414 1
7791 4415 -9/10
4339 4415 1
7976 4416 -9/10
4636 4416 1
8161 4417 -9/10
4933 4417 1
6815 4418 -9/10
2700 4418 1
36 4418 1/3125
18 4418 37303/500000
0 4418 6133/100000
6961 4419 -9/10
2953 4419 1
37 4419 1/3125
19 4419 37303/500000
1 4419 6133/100000
7117 4420 -9/10
3218 4420 1
38 4420 1/3125
20 4420 37303/500000
2 4420 6133/100000
7278 4421 -9/10
3490 4421 1
39 4421 1/3125
21 4421 37303/500000
3 4421 6133/100000
7440 4422 -9/10
3764 4422 1
40 4422 1/3125
22 4422 37303/500000
4 4422 6133/100000
7607 4423 -9/10
4043 4423 1
41 4423 1/3125
23 4423 37303/500000
5 4423 6133/100000
7792 4424 -9/10
4340 4424 1
42 4424 1/3125
24 4424 37303/500000
6 4424 6133/100000
7977 4425 -9/10
4637 4425 1
43 4425 1/3125
25 4425 37303/500000
7 4425 6133/100000
8162 4426 -9/10
4934 4426 1
44 4426 1/3125
26 4426 37303/500000
8 4426 6133/100000
6816 4427 -9/10
2701 4427 1
6962 4428 -9/10
2954 4428 1
7118 4429 -9/10
3219 4429 1
7279 4430 -9/10
3491 4430 1
7441 4431 -9/10
3765 4431 1
7608 4432 -9/10
4044 4432 1
7793 4433 -9/10
4341 4433 1
7978 4434 -9/10
4638 4434 1
8163 4435 -9/10
4935 4435 1
2702 4436 1
337 4436 1
303 4436 -1
2955 4437 1
610 4437 1
576 4437 -1
3492 4438 1
1156 4438 1
1122 4438 -1
4045 4439 1
1702 4439 1
1668 4439 -1
2703 4440 1
301 4440 -1
294 4440 1
2956 4441 1
574 4441 -1
567 4441 1
3221 4442 1
847 4442 -1
840 4442 1
3493 4443 1
1120 4443 -1
1113 4443 1
3767 4444 1
1393 4444 -1
1386 4444 1
4046 4445 1
1666 4445 -1
1659 4445 1
4343 4446 1
1939 4446 -1
1932 4446 1
4640 4447 1
2212 4447 -1
2205 4447 1
4937 4448 1
2485 4448 -1
2478 4448 1
6817 4449 -19/20
2704 4449 1
6963 4450 -19/20
2957 4450 1
7119 4451 -19/20
3222 4451 1
7280 4452 -19/20
3494 4452 1
7442 4453 -19/20
3768 4453 1
7609 4454 -19/20
4047 4454 1
7794 4455 -19/20
4344 4455 1
7979 4456 -19/20
4641 4456 1
8164 4457 -19/20
4938 4457 1
6818 4458 -19/20
2705 4458 1
6964 4459 -19/20
2958 4459 1
7120 4460 -19/20
3223 4460 1
7281 4461 -19/20
3495 4461 1
7443 4462 -19/20
3769 4462 1
7610 4463 -19/20
4048 4463 1
7795 4464 -19/20
4345 4464 1
7980 4465 -19/20
4642 4465 1
8165 4466 -19/20
4939 4466 1
6819 4467 -19/20
2706 4467 1
6965 4468 -19/20
2959 4468 1
7282 4469 -19/20
3496 4469 1
7444 4470 -19/20
3770 4470 1
7611 4471 -19/20
4049 4471 1
7981 4472 -19/20
4643 4472 1
8166 4473 -19/20
4940 4473 1
6820 4474 -19/20
2707 4474 1
6966 4475 -19/20
2960 4475 1
7122 4476 -19/20
3225 4476 1
7283 4477 -19/20
3497 4477 1
7445 4478 -19/20
3771 4478 1
7612 4479 -19/20
4050 4479 1
7797 4480 -19/20
4347 4480 1
7982 4481 -19/20
4644 4481 1
8167 4482 -19/20
4941 4482 1
6821 4483 -19/20
2708 4483 1
6967 4484 -19/20
2961 4484 1
7123 4485 -19/20
3226 4485 1
7284 4486 -19/20
3498 4486 1
7446 4487 -19/20
3772 4487 1
7798 4488 -19/20
4348 4488 1
7983 4489 -19/20
4645 4489 1
8168 4490 -19/20
4942 4490 1
6822 4491 -19/20
2709 4491 1
6968 4492 -19/20
2962 4492 1
7124 4493 -19/20
3227 4493 1
7285 4494 -19/20
3499 4494 1
7447 4495 -19/20
3773 4495 1
7614 4496 -19/20
4052 4496 1
7799 4497 -19/20
4349 4497 1
7984 4498 -19/20
4646 4498 1
8169 4499 -19/20
4943 4499 1
6823 4500 -19/20
2710 4500 1
6969 4501 -19/20
2963 4501 1
7125 4502 -19/20
3228 4502 1
7286 4503 -19/20
3500 4503 1
7448 4504 -19/20
3774 4504 1
7615 4505 -19/20
4053 4505 1
7800 4506 -19/20
4350 4506 1
7985 4507 -19/20
4647 4507 1
8170 4508 -19/20
4944 4508 1
2711 4509 1
271 4509 -90459/100000
269 4509 9/10
2964 4510 1
544 4510 -90459/100000
542 4510 9/10
3229 4511 1
817 4511 -90459/100000
815 4511 9/10
3501 4512 1
1090 4512 -90459/100000
1088 4512 9/10
3775 4513 1
1363 4513 -90459/100000
1361 4513 9/10
4054 4514 1
1636 4514 -90459/100000
1634 4514 9/10
4351 4515 1
1909 4515 -90459/100000
1907 4515 9/10
4648 4516 1
2182 4516 -90459/100000
2180 4516 9/10
4945 4517 1
2455 4517 -90459/100000
2453 4517 9/10
120 4518 -365
113 4518 365
393 4519 -365
386 4519 365
666 4520 -365
659 4520 365
939 4521 -365
932 4521 365
1212 4522 -365
1205 4522 365
1485 4523 -365
1478 4523 365
1758 4524 -365
1751 4524 365
2031 4525 -365
2024 4525 365
2304 4526 -365
2297 4526 365
175 4527 -365
144 4527 365
448 4528 -365
417 4528 365
721 4529 -365
690 4529 365
994 4530 -365
963 4530 365
1267 4531 -365
1236 4531 365
1540 4532 -365
1509 4532 365
1813 4533 -365
1782 4533 365
2086 4534 -365
2055 4534 365
2359 4535 -365
2328 4535 365
173 4536 -365
144 4536 365
446 4537 -365
417 4537 365
719 4538 -365
690 4538 365
992 4539 -365
963 4539 365
1265 4540 -365
1236 4540 365
1538 4541 -365
1509 4541 365
1811 4542 -365
1782 4542 365
2084 4543 -365
2055 4543 365
2357 4544 -365
2328 4544 365
172 4545 -365
143 4545 365
445 4546 -365
416 4546 365
718 4547 -365
689 4547 365
991 4548 -365
962 4548 365
1264 4549 -365
1235 4549 365
1537 4550 -365
1508 4550 365
1810 4551 -365
1781 4551 365
2083 4552 -365
2054 4552 365
2356 4553 -365
2327 4553 365
145 4554 365
96 4554 -365
418 4555 365
369 4555 -365
691 4556 365
642 4556 -365
964 4557 365
915 4557 -365
1237 4558 365
1188 4558 -365
1510 4559 365
1461 4559 -365
1783 4560 365
1734 4560 -365
2056 4561 365
2007 4561 -365
2329 4562 365
2280 4562 -365
165 4563 365
97 4563 -365
438 4564 365
370 4564 -365
711 4565 365
643 4565 -365
984 4566 365
916 4566 -365
1257 4567 365
1189 4567 -365
1530 4568 365
1462 4568 -365
1803 4569 365
1735 4569 -365
2076 4570 365
2008 4570 -365
2349 4571 365
2281 4571 -365
199 4572 365
152 4572 -365
200 4573 365
153 4573 -365
235 4574 -365
91 4574 365
508 4575 -365
364 4575 365
781 4576 -365
637 4576 365
1054 4577 -365
910 4577 365
1327 4578 -365
1183 4578 365
1600 4579 -365
1456 4579 365
1873 4580 -365
1729 4580 365
2146 4581 -365
2002 4581 365
2419 4582 -365
2275 4582 365
238 4583 -73/4
199 4583 -219/2
198 4583 10217847/5000
180 4583 -73/4
178 4583 -219/2
152 4583 -219/2
511 4584 -73/4
472 4584 -219/2
471 4584 10217847/5000
453 4584 -73/4
451 4584 -219/2
425 4584 -219/2
784 4585 -73/4
745 4585 -219/2
744 4585 10217847/5000
726 4585 -73/4
724 4585 -219/2
698 4585 -219/2
1057 4586 -73/4
1018 4586 -219/2
1017 4586 10217847/5000
999 4586 -73/4
997 4586 -219/2
971 4586 -219/2
1330 4587 -73/4
1291 4587 -219/2
1290 4587 10217847/5000
1272 4587 -73/4
1270 4587 -219/2
1244 4587 -219/2
1603 4588 -73/4
1564 4588 -219/2
1563 4588 10217847/5000
1545 4588 -73/4
1543 4588 -219/2
1517 4588 -219/2
1876 4589 -73/4
1837 4589 -219/2
1836 4589 10217847/5000
1818 4589 -73/4
1816 4589 -219/2
1790 4589 -219/2
2149 4590 -73/4
2110 4590 -219/2
2109 4590 10217847/5000
2091 4590 -73/4
2089 4590 -219/2
2063 4590 -219/2
2422 4591 -73/4
2383 4591 -219/2
2382 4591 10217847/5000
2364 4591 -73/4
2362 4591 -219/2
2336 4591 -219/2
236 4592 20787663/10000
199 4592 -219/2
178 4592 -219/2
162 4592 -73/2
152 4592 -219/2
509 4593 20787663/10000
472 4593 -219/2
451 4593 -219/2
435 4593 -73/2
425 4593 -219/2
782 4594 20787663/10000
745 4594 -219/2
724 4594 -219/2
708 4594 -73/2
698 4594 -219/2
1055 4595 20787663/10000
1018 4595 -219/2
997 4595 -219/2
981 4595 -73/2
971 4595 -219/2
1328 4596 20787663/10000
1291 4596 -219/2
1270 4596 -219/2
1254 4596 -73/2
1244 4596 -219/2
1601 4597 20787663/10000
1564 4597 -219/2
1543 4597 -219/2
1527 4597 -73/2
1517 4597 -219/2
1874 4598 20787663/10000
1837 4598 -219/2
1816 4598 -219/2
1800 4598 -73/2
1790 4598 -219/2
2147 4599 20787663/10000
2110 4599 -219/2
2089 4599 -219/2
2073 4599 -73/2
2063 4599 -219/2
2420 4600 20787663/10000
2383 4600 -219/2
2362 4600 -219/2
2346 4600 -73/2
2336 4600 -219/2
277 4601 -59203/10000
162 4601 -73/20
152 4601 -73/20
145 4601 -219/20
91 4601 -1387/4
90 4601 24421019/10000
550 4602 -59203/10000
435 4602 -73/20
425 4602 -73/20
418 4602 -219/20
364 4602 -1387/4
363 4602 24421019/10000
823 4603 -59203/10000
708 4603 -73/20
698 4603 -73/20
691 4603 -219/20
637 4603 -1387/4
636 4603 24421019/10000
1096 4604 -59203/10000
981 4604 -73/20
971 4604 -73/20
964 4604 -219/20
910 4604 -1387/4
909 4604 24421019/10000
1369 4605 -59203/10000
1254 4605 -73/20
1244 4605 -73/20
1237 4605 -219/20
1183 4605 -1387/4
1182 4605 24421019/10000
1642 4606 -59203/10000
1527 4606 -73/20
1517 4606 -73/20
1510 4606 -219/20
1456 4606 -1387/4
1455 4606 24421019/10000
1915 4607 -59203/10000
1800 4607 -73/20
1790 4607 -73/20
1783 4607 -219/20
1729 4607 -1387/4
1728 4607 24421019/10000
2188 4608 -59203/10000
2073 4608 -73/20
2063 4608 -73/20
2056 4608 -219/20
2002 4608 -1387/4
2001 4608 24421019/10000
2461 4609 -59203/10000
2346 4609 -73/20
2336 4609 -73/20
2329 4609 -219/20
2275 4609 -1387/4
2274 4609 24421019/10000
215 4610 919946/625
94 4610 -365
488 4611 919946/625
367 4611 -365
761 4612 919946/625
640 4612 -365
1034 4613 919946/625
913 4613 -365
1307 4614 919946/625
1186 4614 -365
1580 4615 919946/625
1459 4615 -365
1853 4616 919946/625
1732 4616 -365
2126 4617 919946/625
2005 4617 -365
2399 4618 919946/625
2278 4618 -365
6824 4619 -8614/25
2712 4619 1
6970 4620 -8614/25
2965 4620 1
7126 4621 -8614/25
3230 4621 1
7287 4622 -8614/25
3502 4622 1
7449 4623 -8614/25
3776 4623 1
7616 4624 -8614/25
4055 4624 1
7801 4625 -8614/25
4352 4625 1
7986 4626 -8614/25
4649 4626 1
8171 4627 -8614/25
4946 4627 1
8298 4628 -18907/20000
8297 4628 -18907/20000
8246 4628 -118169/1000000
8245 4628 -197011/1000000
8248 4628 -118169/1000000
8247 4628 -49229/250000
8244 4628 -118169/1000000
8243 4628 -49229/250000
277 4628 -24477/2000
274 4628 -86213/2000
239 4628 1971/200
238 4628 73/100
237 4628 511/20
212 4628 73/200
204 4628 -365
201 4628 511/200
199 4628 73/2
196 4628 1533/200
180 4628 146/25
178 4628 6789/200
161 4628 3723/100
155 4628 511/200
154 4628 657/200
152 4628 438/25
124 4628 949/20
99 4628 -365
94 4628 949/200
82 4628 25769/200
8300 4629 -18907/20000
8299 4629 -18907/20000
8252 4629 -118169/1000000
8251 4629 -197011/1000000
8254 4629 -118169/1000000
8253 4629 -49229/250000
8250 4629 -118169/1000000
8249 4629 -49229/250000
550 4629 -24477/2000
547 4629 -86213/2000
512 4629 1971/200
511 4629 73/100
510 4629 511/20
485 4629 73/200
477 4629 -365
474 4629 511/200
472 4629 73/2
469 4629 1533/200
453 4629 146/25
451 4629 6789/200
434 4629 3723/100
428 4629 511/200
427 4629 657/200
425 4629 438/25
397 4629 949/20
372 4629 -365
367 4629 949/200
355 4629 25769/200
8302 4630 -18907/20000
8301 4630 -18907/20000
8258 4630 -118169/1000000
8257 4630 -197011/1000000
8260 4630 -118169/1000000
8259 4630 -49229/250000
8256 4630 -118169/1000000
8255 4630 -49229/250000
823 4630 -24477/2000
820 4630 -86213/2000
785 4630 1971/200
784 4630 73/100
783 4630 511/20
758 4630 73/200
750 4630 -365
747 4630 511/200
745 4630 73/2
742 4630 1533/200
726 4630 146/25
724 4630 6789/200
707 4630 3723/100
701 4630 511/200
700 4630 657/200
698 4630 438/25
670 4630 949/20
645 4630 -365
640 4630 949/200
628 4630 25769/200
8304 4631 -18907/20000
8303 4631 -18907/20000
8264 4631 -118169/1000000
8263 4631 -197011/1000000
8266 4631 -118169/1000000
8265 4631 -49229/250000
8262 4631 -118169/1000000
8261 4631 -49229/250000
1096 4631 -24477/2000
1093 4631 -86213/2000
1058 4631 1971/200
1057 4631 73/100
1056 4631 511/20
1031 4631 73/200
1023 4631 -365
1020 4631 511/200
1018 4631 73/2
1015 4631 1533/200
999 4631 146/25
997 4631 6789/200
980 4631 3723/100
974 4631 511/200
973 4631 657/200
971 4631 438/25
943 4631 949/20
918 4631 -365
913 4631 949/200
901 4631 25769/200
8306 4632 -18907/20000
8305 4632 -18907/20000
8270 4632 -118169/1000000
8269 4632 -197011/1000000
8272 4632 -118169/1000000
8271 4632 -49229/250000
8268 4632 -118169/1000000
8267 4632 -49229/250000
1369 4632 -24477/2000
1366 4632 -86213/2000
1331 4632 1971/200
1330 4632 73/100
1329 4632 511/20
1304 4632 73/200
1296 4632 -365
1293 4632 511/200
1291 4632 73/2
1288 4632 1533/200
1272 4632 146/25
1270 4632 6789/200
1253 4632 3723/100
1247 4632 511/200
1246 4632 657/200
1244 4632 438/25
1216 4632 949/20
1191 4632 -365
1186 4632 949/200
1174 4632 25769/200
8308 4633 -18907/20000
8307 4633 -18907/20000
8276 4633 -118169/1000000
8275 4633 -197011/1000000
8278 4633 -118169/1000000
8277 4633 -49229/250000
8274 4633 -118169/1000000
8273 4633 -49229/250000
1642 4633 -24477/2000
1639 4633 -86213/2000
1604 4633 1971/200
1603 4633 73/100
1602 4633 511/20
1577 4633 73/200
1569 4633 -365
1566 4633 511/200
1564 4633 73/2
1561 4633 1533/200
1545 4633 146/25
1543 4633 6789/200
1526 4633 3723/100
1520 4633 511/200
1519 4633 657/200
1517 4633 438/25
1489 4633 949/20
1464 4633 -365
1459 4633 949/200
1447 4633 25769/200
8310 4634 -18907/20000
8309 4634 -18907/20000
8282 4634 -118169/1000000
8281 4634 -197011/1000000
8284 4634 -118169/1000000
8283 4634 -49229/250000
8280 4634 -118169/1000000
8279 4634 -49229/250000
1915 4634 -24477/2000
1912 4634 -86213/2000
1877 4634 1971/200
1876 4634 73/100
1875 4634 511/20
1850 4634 73/200
1842 4634 -365
1839 4634 511/200
1837 4634 73/2
1834 4634 1533/200
1818 4634 146/25
1816 4634 6789/200
1799 4634 3723/100
1793 4634 511/200
1792 4634 657/200
1790 4634 438/25
1762 4634 949/20
1737 4634 -365
1732 4634 949/200
1720 4634 25769/200
8312 4635 -18907/20000
8311 4635 -18907/20000
8288 4635 -118169/1000000
8287 4635 -197011/1000000
8290 4635 -118169/1000000
8289 4635 -49229/250000
8286 4635 -118169/1000000
8285 4635 -49229/250000
2188 4635 -24477/2000
2185 4635 -86213/2000
2150 4635 1971/200
2149 4635 73/100
2148 4635 511/20
2123 4635 73/200
2115 4635 -365
2112 4635 511/200
2110 4635 73/2
2107 4635 1533/200
2091 4635 146/25
2089 4635 6789/200
2072 4635 3723/100
2066 4635 511/200
2065 4635 657/200
2063 4635 438/25
2035 4635 949/20
2010 4635 -365
2005 4635 949/200
1993 4635 25769/200
8314 4636 -18907/20000
8313 4636 -18907/20000
8294 4636 -118169/1000000
8293 4636 -197011/1000000
8296 4636 -118169/1000000
8295 4636 -49229/250000
8292 4636 -118169/1000000
8291 4636 -49229/250000
2461 4636 -24477/2000
2458 4636 -86213/2000
2423 4636 1971/200
2422 4636 73/100
2421 4636 511/20
2396 4636 73/200
2388 4636 -365
2385 4636 511/200
2383 4636 73/2
2380 4636 1533/200
2364 4636 146/25
2362 4636 6789/200
2345 4636 3723/100
2339 4636 511/200
2338 4636 657/200
2336 4636 438/25
2308 4636 949/20
2283 4636 -365
2278 4636 949/200
2266 4636 25769/200
8298 4637 -18907/20000
8297 4637 -18907/20000
8246 4637 -118169/1000000
8245 4637 -197011/1000000
8248 4637 -118169/1000000
8247 4637 -49229/250000
8244 4637 -118169/1000000
8243 4637 -49229/250000
277 4637 -24477/2000
274 4637 -86213/2000
246 4637 -365
238 4637 657/100
237 4637 949/200
212 4637 73/200
204 4637 -365
201 4637 657/200
199 4637 803/50
196 4637 219/100
180 4637 73/10
178 4637 1533/200
162 4637 1241/200
160 4637 1533/50
155 4637 219/200
152 4637 292/25
125 4637 2117/100
120 4637 4307/200
94 4637 73/50
83 4637 4453/20
8300 4638 -18907/20000
8299 4638 -18907/20000
8252 4638 -118169/1000000
8251 4638 -197011/1000000
8254 4638 -118169/1000000
8253 4638 -49229/250000
8250 4638 -118169/1000000
8249 4638 -49229/250000
550 4638 -24477/2000
547 4638 -86213/2000
519 4638 -365
511 4638 657/100
510 4638 949/200
485 4638 73/200
477 4638 -365
474 4638 657/200
472 4638 803/50
469 4638 219/100
453 4638 73/10
451 4638 1533/200
435 4638 1241/200
433 4638 1533/50
428 4638 219/200
425 4638 292/25
398 4638 2117/100
393 4638 4307/200
367 4638 73/50
356 4638 4453/20
8302 4639 -18907/20000
8301 4639 -18907/20000
8258 4639 -118169/1000000
8257 4639 -197011/1000000
8260 4639 -118169/1000000
8259 4639 -49229/250000
8256 4639 -118169/1000000
8255 4639 -49229/250000
823 4639 -24477/2000
820 4639 -86213/2000
792 4639 -365
784 4639 657/100
783 4639 949/200
758 4639 73/200
750 4639 -365
747 4639 657/200
745 4639 803/50
742 4639 219/100
726 4639 73/10
724 4639 1533/200
708 4639 1241/200
706 4639 1533/50
701 4639 219/200
698 4639 292/25
671 4639 2117/100
666 4639 4307/200
640 4639 73/50
629 4639 4453/20
8304 4640 -18907/20000
8303 4640 -18907/20000
8264 4640 -118169/1000000
8263 4640 -197011/1000000
8266 4640 -118169/1000000
8265 4640 -49229/250000
8262 4640 -118169/1000000
8261 4640 -49229/250000
1096 4640 -24477/2000
1093 4640 -86213/2000
1065 4640 -365
1057 4640 657/100
1056 4640 949/200
1031 4640 73/200
1023 4640 -365
1020 4640 657/200
1018 4640 803/50
1015 4640 219/100
999 4640 73/10
997 4640 1533/200
981 4640 1241/200
979 4640 1533/50
974 4640 219/200
971 4640 292/25
944 4640 2117/100
939 4640 4307/200
913 4640 73/50
902 4640 4453/20
8306 4641 -18907/20000
8305 4641 -18907/20000
8270 4641 -118169/1000000
8269 4641 -197011/1000000
8272 4641 -118169/1000000
8271 4641 -49229/250000
8268 4641 -118169/1000000
8267 4641 -49229/250000
1369 4641 -24477/2000
1366 4641 -86213/2000
1338 4641 -365
1330 4641 657/100
1329 4641 949/200
1304 4641 73/200
1296 4641 -365
1293 4641 657/200
1291 4641 803/50
1288 4641 219/100
1272 4641 73/10
1270 4641 1533/200
1254 4641 1241/200
1252 4641 1533/50
1247 4641 219/200
1244 4641 292/25
1217 4641 2117/100
1212 4641 4307/200
1186 4641 73/50
1175 4641 4453/20
8308 4642 -18907/20000
8307 4642 -18907/20000
8276 4642 -118169/1000000
8275 4642 -197011/1000000
8278 4642 -118169/1000000
8277 4642 -49229/250000
8274 4642 -118169/1000000
8273 4642 -49229/250000
1642 4642 -24477/2000
1639 4642 -86213/2000
1611 4642 -365
1603 4642 657/100
1602 4642 949/200
1577 4642 73/200
1569 4642 -365
1566 4642 657/200
1564 4642 803/50
1561 4642 219/100
1545 4642 73/10
1543 4642 1533/200
1527 4642 1241/200
1525 4642 1533/50
1520 4642 219/200
1517 4642 292/25
1490 4642 2117/100
1485 4642 4307/200
1459 4642 73/50
1448 4642 4453/20
8310 4643 -18907/20000
8309 4643 -18907/20000
8282 4643 -118169/1000000
8281 4643 -197011/1000000
8284 4643 -118169/1000000
8283 4643 -49229/250000
8280 4643 -118169/1000000
8279 4643 -49229/250000
1915 4643 -24477/2000
1912 4643 -86213/2000
1884 4643 -365
1876 4643 657/100
1875 4643 949/200
1850 4643 73/200
1842 4643 -365
1839 4643 657/200
1837 4643 803/50
1834 4643 219/100
1818 4643 73/10
1816 4643 1533/200
1800 4643 1241/200
1798 4643 1533/50
1793 4643 219/200
1790 4643 292/25
1763 4643 2117/100
1758 4643 4307/200
1732 4643 73/50
1721 4643 4453/20
8312 4644 -18907/20000
8311 4644 -18907/20000
8288 4644 -118169/1000000
8287 4644 -197011/1000000
8290 4644 -118169/1000000
8289 4644 -49229/250000
8286 4644 -118169/1000000
8285 4644 -49229/250000
2188 4644 -24477/2000
2185 4644 -86213/2000
2157 4644 -365
2149 4644 657/100
2148 4644 949/200
2123 4644 73/200
2115 4644 -365
2112 4644 657/200
2110 4644 803/50
2107 4644 219/100
2091 4644 73/10
2089 4644 1533/200
2073 4644 1241/200
2071 4644 1533/50
2066 4644 219/200
2063 4644 292/25
2036 4644 2117/100
2031 4644 4307/200
2005 4644 73/50
1994 4644 4453/20
8314 4645 -18907/20000
8313 4645 -18907/20000
8294 4645 -118169/1000000
8293 4645 -197011/1000000
8296 4645 -118169/1000000
8295 4645 -49229/250000
8292 4645 -118169/1000000
8291 4645 -49229/250000
2461 4645 -24477/2000
2458 4645 -86213/2000
2430 4645 -365
2422 4645 657/100
2421 4645 949/200
2396 4645 73/200
2388 4645 -365
2385 4645 657/200
2383 4645 803/50
2380 4645 219/100
2364 4645 73/10
2362 4645 1533/200
2346 4645 1241/200
2344 4645 1533/50
2339 4645 219/200
2336 4645 292/25
2309 4645 2117/100
2304 4645 4307/200
2278 4645 73/50
2267 4645 4453/20
6825 4646 -16863/50
2713 4646 1
6971 4647 -16863/50
2966 4647 1
7127 4648 -16863/50
3231 4648 1
7288 4649 -16863/50
3503 4649 1
7450 4650 -16863/50
3777 4650 1
7617 4651 -16863/50
4056 4651 1
7802 4652 -16863/50
4353 4652 1
7987 4653 -16863/50
4650 4653 1
8172 4654 -16863/50
4947 4654 1
8298 4655 -2701/5000
8297 4655 -2701/5000
8246 4655 -2701/40000
8245 4655 -56289/500000
8248 4655 -2701/40000
8247 4655 -28131/250000
8244 4655 -2701/40000
8243 4655 -28131/250000
277 4655 -34383/2000
274 4655 -347991/10000
233 4655 876/25
232 4655 511/100
174 4655 4161/200
173 4655 1241/8
147 4655 657/40
146 4655 26499/200
82 4655 -365
81 4655 -365
8300 4656 -2701/5000
8299 4656 -2701/5000
8252 4656 -2701/40000
8251 4656 -56289/500000
8254 4656 -2701/40000
8253 4656 -28131/250000
8250 4656 -2701/40000
8249 4656 -28131/250000
550 4656 -34383/2000
547 4656 -347991/10000
506 4656 876/25
505 4656 511/100
447 4656 4161/200
446 4656 1241/8
420 4656 657/40
419 4656 26499/200
355 4656 -365
354 4656 -365
8302 4657 -2701/5000
8301 4657 -2701/5000
8258 4657 -2701/40000
8257 4657 -56289/500000
8260 4657 -2701/40000
8259 4657 -28131/250000
8256 4657 -2701/40000
8255 4657 -28131/250000
823 4657 -34383/2000
820 4657 -347991/10000
779 4657 876/25
778 4657 511/100
720 4657 4161/200
719 4657 1241/8
693 4657 657/40
692 4657 26499/200
628 4657 -365
627 4657 -365
8304 4658 -2701/5000
8303 4658 -2701/5000
8264 4658 -2701/40000
8263 4658 -56289/500000
8266 4658 -2701/40000
8265 4658 -28131/250000
8262 4658 -2701/40000
8261 4658 -28131/250000
1096 4658 -34383/2000
1093 4658 -347991/10000
1052 4658 876/25
1051 4658 511/100
993 4658 4161/200
992 4658 1241/8
966 4658 657/40
965 4658 26499/200
901 4658 -365
900 4658 -365
8306 4659 -2701/5000
8305 4659 -2701/5000
8270 4659 -2701/40000
8269 4659 -56289/500000
8272 4659 -2701/40000
8271 4659 -28131/250000
8268 4659 -2701/40000
8267 4659 -28131/250000
1369 4659 -34383/2000
1366 4659 -347991/10000
1325 4659 876/25
1324 4659 511/100
1266 4659 4161/200
1265 4659 1241/8
1239 4659 657/40
1238 4659 26499/200
1174 4659 -365
1173 4659 -365
8308 4660 -2701/5000
8307 4660 -2701/5000
8276 4660 -2701/40000
8275 4660 -56289/500000
8278 4660 -2701/40000
8277 4660 -28131/250000
8274 4660 -2701/40000
8273 4660 -28131/250000
1642 4660 -34383/2000
1639 4660 -347991/10000
1598 4660 876/25
1597 4660 511/100
1539 4660 4161/200
1538 4660 1241/8
1512 4660 657/40
1511 4660 26499/200
1447 4660 -365
1446 4660 -365
8310 4661 -2701/5000
8309 4661 -2701/5000
8282 4661 -2701/40000
8281 4661 -56289/500000
8284 4661 -2701/40000
8283 4661 -28131/250000
8280 4661 -2701/40000
8279 4661 -28131/250000
1915 4661 -34383/2000
1912 4661 -347991/10000
1871 4661 876/25
1870 4661 511/100
1812 4661 4161/200
1811 4661 1241/8
1785 4661 657/40
1784 4661 26499/200
1720 4661 -365
1719 4661 -365
8312 4662 -2701/5000
8311 4662 -2701/5000
8288 4662 -2701/40000
8287 4662 -56289/500000
8290 4662 -2701/40000
8289 4662 -28131/250000
8286 4662 -2701/40000
8285 4662 -28131/250000
2188 4662 -34383/2000
2185 4662 -347991/10000
2144 4662 876/25
2143 4662 511/100
2085 4662 4161/200
2084 4662 1241/8
2058 4662 657/40
2057 4662 26499/200
1993 4662 -365
1992 4662 -365
8314 4663 -2701/5000
8313 4663 -2701/5000
8294 4663 -2701/40000
8293 4663 -56289/500000
8296 4663 -2701/40000
8295 4663 -28131/250000
8292 4663 -2701/40000
8291 4663 -28131/250000
2461 4663 -34383/2000
2458 4663 -347991/10000
2417 4663 876/25
2416 4663 511/100
2358 4663 4161/200
2357 4663 1241/8
2331 4663 657/40
2330 4663 26499/200
2266 4663 -365
2265 4663 -365
8298 4664 -2701/5000
8297 4664 -2701/5000
8246 4664 -2701/40000
8245 4664 -56289/500000
8248 4664 -2701/40000
8247 4664 -28131/250000
8244 4664 -2701/40000
8243 4664 -28131/250000
277 4664 -34383/2000
274 4664 -347991/10000
235 4664 4161/25
174 4664 8103/200
172 4664 10439/200
147 4664 1168/25
145 4664 4307/100
91 4664 803/50
83 4664 -365
81 4664 -365
8300 4665 -2701/5000
8299 4665 -2701/5000
8252 4665 -2701/40000
8251 4665 -56289/500000
8254 4665 -2701/40000
8253 4665 -28131/250000
8250 4665 -2701/40000
8249 4665 -28131/250000
550 4665 -34383/2000
547 4665 -347991/10000
508 4665 4161/25
447 4665 8103/200
445 4665 10439/200
420 4665 1168/25
418 4665 4307/100
364 4665 803/50
356 4665 -365
354 4665 -365
8302 4666 -2701/5000
8301 4666 -2701/5000
8258 4666 -2701/40000
8257 4666 -56289/500000
8260 4666 -2701/40000
8259 4666 -28131/250000
8256 4666 -2701/40000
8255 4666 -28131/250000
823 4666 -34383/2000
820 4666 -347991/10000
781 4666 4161/25
720 4666 8103/200
718 4666 10439/200
693 4666 1168/25
691 4666 4307/100
637 4666 803/50
629 4666 -365
627 4666 -365
8304 4667 -2701/5000
8303 4667 -2701/5000
8264 4667 -2701/40000
8263 4667 -56289/500000
8266 4667 -2701/40000
8265 4667 -28131/250000
8262 4667 -2701/40000
8261 4667 -28131/250000
1096 4667 -34383/2000
1093 4667 -347991/10000
1054 4667 4161/25
993 4667 8103/200
991 4667 10439/200
966 4667 1168/25
964 4667 4307/100
910 4667 803/50
902 4667 -365
900 4667 -365
8306 4668 -2701/5000
8305 4668 -2701/5000
8270 4668 -2701/40000
8269 4668 -56289/500000
8272 4668 -2701/40000
8271 4668 -28131/250000
8268 4668 -2701/40000
8267 4668 -28131/250000
1369 4668 -34383/2000
1366 4668 -347991/10000
1327 4668 4161/25
1266 4668 8103/200
1264 4668 10439/200
1239 4668 1168/25
1237 4668 4307/100
1183 4668 803/50
1175 4668 -365
1173 4668 -365
8308 4669 -2701/5000
8307 4669 -2701/5000
8276 4669 -2701/40000
8275 4669 -56289/500000
8278 4669 -2701/40000
8277 4669 -28131/250000
8274 4669 -2701/40000
8273 4669 -28131/250000
1642 4669 -34383/2000
1639 4669 -347991/10000
1600 4669 4161/25
1539 4669 8103/200
1537 4669 10439/200
1512 4669 1168/25
1510 4669 4307/100
1456 4669 803/50
1448 4669 -365
1446 4669 -365
8310 4670 -2701/5000
8309 4670 -2701/5000
8282 4670 -2701/40000
8281 4670 -56289/500000
8284 4670 -2701/40000
8283 4670 -28131/250000
8280 4670 -2701/40000
8279 4670 -28131/250000
1915 4670 -34383/2000
1912 4670 -347991/10000
1873 4670 4161/25
1812 4670 8103/200
1810 4670 10439/200
1785 4670 1168/25
1783 4670 4307/100
1729 4670 803/50
1721 4670 -365
1719 4670 -365
8312 4671 -2701/5000
8311 4671 -2701/5000
8288 4671 -2701/40000
8287 4671 -56289/500000
8290 4671 -2701/40000
8289 4671 -28131/250000
8286 4671 -2701/40000
8285 4671 -28131/250000
2188 4671 -34383/2000
2185 4671 -347991/10000
2146 4671 4161/25
2085 4671 8103/200
2083 4671 10439/200
2058 4671 1168/25
2056 4671 4307/100
2002 4671 803/50
1994 4671 -365
1992 4671 -365
8314 4672 -2701/5000
8313 4672 -2701/5000
8294 4672 -2701/40000
8293 4672 -56289/500000
8296 4672 -2701/40000
8295 4672 -28131/250000
8292 4672 -2701/40000
8291 4672 -28131/250000
2461 4672 -34383/2000
2458 4672 -347991/10000
2419 4672 4161/25
2358 4672 8103/200
2356 4672 10439/200
2331 4672 1168/25
2329 4672 4307/100
2275 4672 803/50
2267 4672 -365
2265 4672 -365
8298 4673 -2701/5000
8297 4673 -2701/5000
8246 4673 -2701/40000
8245 4673 -56289/500000
8248 4673 -2701/40000
8247 4673 -28131/250000
8244 4673 -2701/40000
8243 4673 -28131/250000
277 4673 -34383/2000
274 4673 -347991/10000
172 4673 24893/200
145 4673 26791/200
91 4673 5329/50
84 4673 -365
81 4673 -365
8300 4674 -2701/5000
8299 4674 -2701/5000
8252 4674 -2701/40000
8251 4674 -56289/500000
8254 4674 -2701/40000
8253 4674 -28131/250000
8250 4674 -2701/40000
8249 4674 -28131/250000
550 4674 -34383/2000
547 4674 -347991/10000
445 4674 24893/200
418 4674 26791/200
364 4674 5329/50
357 4674 -365
354 4674 -365
8302 4675 -2701/5000
8301 4675 -2701/5000
8258 4675 -2701/40000
8257 4675 -56289/500000
8260 4675 -2701/40000
8259 4675 -28131/250000
8256 4675 -2701/40000
8255 4675 -28131/250000
823 4675 -34383/2000
820 4675 -347991/10000
718 4675 24893/200
691 4675 26791/200
637 4675 5329/50
630 4675 -365
627 4675 -365
8304 4676 -2701/5000
8303 4676 -2701/5000
8264 4676 -2701/40000
8263 4676 -56289/500000
8266 4676 -2701/40000
8265 4676 -28131/250000
8262 4676 -2701/40000
8261 4676 -28131/250000
1096 4676 -34383/2000
1093 4676 -347991/10000
991 4676 24893/200
964 4676 26791/200
910 4676 5329/50
903 4676 -365
900 4676 -365
8306 4677 -2701/5000
8305 4677 -2701/5000
8270 4677 -2701/40000
8269 4677 -56289/500000
8272 4677 -2701/40000
8271 4677 -28131/250000
8268 4677 -2701/40000
8267 4677 -28131/250000
1369 4677 -34383/2000
1366 4677 -347991/10000
1264 4677 24893/200
1237 4677 26791/200
1183 4677 5329/50
1176 4677 -365
1173 4677 -365
8308 4678 -2701/5000
8307 4678 -2701/5000
8276 4678 -2701/40000
8275 4678 -56289/500000
8278 4678 -2701/40000
8277 4678 -28131/250000
8274 4678 -2701/40000
8273 4678 -28131/250000
1642 4678 -34383/2000
1639 4678 -347991/10000
1537 4678 24893/200
1510 4678 26791/200
1456 4678 5329/50
1449 4678 -365
1446 4678 -365
8310 4679 -2701/5000
8309 4679 -2701/5000
8282 4679 -2701/40000
8281 4679 -56289/500000
8284 4679 -2701/40000
8283 4679 -28131/250000
8280 4679 -2701/40000
8279 4679 -28131/250000
1915 4679 -34383/2000
1912 4679 -347991/10000
1810 4679 24893/200
1783 4679 26791/200
1729 4679 5329/50
1722 4679 -365
1719 4679 -365
8312 4680 -2701/5000
8311 4680 -2701/5000
8288 4680 -2701/40000
8287 4680 -56289/500000
8290 4680 -2701/40000
8289 4680 -28131/250000
8286 4680 -2701/40000
8285 4680 -28131/250000
2188 4680 -34383/2000
2185 4680 -347991/10000
2083 4680 24893/200
2056 4680 26791/200
2002 4680 5329/50
1995 4680 -365
1992 4680 -365
8314 4681 -2701/5000
8313 4681 -2701/5000
8294 4681 -2701/40000
8293 4681 -56289/500000
8296 4681 -2701/40000
8295 4681 -28131/250000
8292 4681 -2701/40000
8291 4681 -28131/250000
2461 4681 -34383/2000
2458 4681 -347991/10000
2356 4681 24893/200
2329 4681 26791/200
2275 4681 5329/50
2268 4681 -365
2265 4681 -365
6826 4682 -68839/200
2714 4682 1
6972 4683 -68839/200
2967 4683 1
7128 4684 -68839/200
3232 4684 1
7289 4685 -68839/200
3504 4685 1
7451 4686 -68839/200
3778 4686 1
7618 4687 -68839/200
4057 4687 1
7803 4688 -68839/200
4354 4688 1
7988 4689 -68839/200
4651 4689 1
8173 4690 -68839/200
4948 4690 1
8298 4691 -1971/2500
8297 4691 -1971/2500
8246 4691 -1971/20000
8245 4691 -164303/1000000
8248 4691 -1971/20000
8247 4691 -2566/15625
8244 4691 -1971/20000
8243 4691 -2566/15625
277 4691 -113807/2000
274 4691 -60517/1000
268 4691 219/40
267 4691 73/8
235 4691 -365
212 4691 23871/200
196 4691 219/40
169 4691 3577/200
155 4691 73/40
132 4691 -365
98 4691 949/20
97 4691 4307/100
96 4691 11607/100
94 4691 219/25
8300 4692 -1971/2500
8299 4692 -1971/2500
8252 4692 -1971/20000
8251 4692 -164303/1000000
8254 4692 -1971/20000
8253 4692 -2566/15625
8250 4692 -1971/20000
8249 4692 -2566/15625
550 4692 -113807/2000
547 4692 -60517/1000
541 4692 219/40
540 4692 73/8
508 4692 -365
485 4692 23871/200
469 4692 219/40
442 4692 3577/200
428 4692 73/40
405 4692 -365
371 4692 949/20
370 4692 4307/100
369 4692 11607/100
367 4692 219/25
8302 4693 -1971/2500
8301 4693 -1971/2500
8258 4693 -1971/20000
8257 4693 -164303/1000000
8260 4693 -1971/20000
8259 4693 -2566/15625
8256 4693 -1971/20000
8255 4693 -2566/15625
823 4693 -113807/2000
820 4693 -60517/1000
814 4693 219/40
813 4693 73/8
781 4693 -365
758 4693 23871/200
742 4693 219/40
715 4693 3577/200
701 4693 73/40
678 4693 -365
644 4693 949/20
643 4693 4307/100
642 4693 11607/100
640 4693 219/25
8304 4694 -1971/2500
8303 4694 -1971/2500
8264 4694 -1971/20000
8263 4694 -164303/1000000
8266 4694 -1971/20000
8265 4694 -2566/15625
8262 4694 -1971/20000
8261 4694 -2566/15625
1096 4694 -113807/2000
1093 4694 -60517/1000
1087 4694 219/40
1086 4694 73/8
1054 4694 -365
1031 4694 23871/200
1015 4694 219/40
988 4694 3577/200
974 4694 73/40
951 4694 -365
917 4694 949/20
916 4694 4307/100
915 4694 11607/100
913 4694 219/25
8306 4695 -1971/2500
8305 4695 -1971/2500
8270 4695 -1971/20000
8269 4695 -164303/1000000
8272 4695 -1971/20000
8271 4695 -2566/15625
8268 4695 -1971/20000
8267 4695 -2566/15625
1369 4695 -113807/2000
1366 4695 -60517/1000
1360 4695 219/40
1359 4695 73/8
1327 4695 -365
1304 4695 23871/200
1288 4695 219/40
1261 4695 3577/200
1247 4695 73/40
1224 4695 -365
1190 4695 949/20
1189 4695 4307/100
1188 4695 11607/100
1186 4695 219/25
8308 4696 -1971/2500
8307 4696 -1971/2500
8276 4696 -1971/20000
8275 4696 -164303/1000000
8278 4696 -1971/20000
8277 4696 -2566/15625
8274 4696 -1971/20000
8273 4696 -2566/15625
1642 4696 -113807/2000
1639 4696 -60517/1000
1633 4696 219/40
1632 4696 73/8
1600 4696 -365
1577 4696 23871/200
1561 4696 219/40
1534 4696 3577/200
1520 4696 73/40
1497 4696 -365
1463 4696 949/20
1462 4696 4307/100
1461 4696 11607/100
1459 4696 219/25
8310 4697 -1971/2500
8309 4697 -1971/2500
8282 4697 -1971/20000
8281 4697 -164303/1000000
8284 4697 -1971/20000
8283 4697 -2566/15625
8280 4697 -1971/20000
8279 4697 -2566/15625
1915 4697 -113807/2000
1912 4697 -60517/1000
1906 4697 219/40
1905 4697 73/8
1873 4697 -365
1850 4697 23871/200
1834 4697 219/40
1807 4697 3577/200
1793 4697 73/40
1770 4697 -365
1736 4697 949/20
1735 4697 4307/100
1734 4697 11607/100
1732 4697 219/25
8312 4698 -1971/2500
8311 4698 -1971/2500
8288 4698 -1971/20000
8287 4698 -164303/1000000
8290 4698 -1971/20000
8289 4698 -2566/15625
8286 4698 -1971/20000
8285 4698 -2566/15625
2188 4698 -113807/2000
2185 4698 -60517/1000
2179 4698 219/40
2178 4698 73/8
2146 4698 -365
2123 4698 23871/200
2107 4698 219/40
2080 4698 3577/200
2066 4698 73/40
2043 4698 -365
2009 4698 949/20
2008 4698 4307/100
2007 4698 11607/100
2005 4698 219/25
8314 4699 -1971/2500
8313 4699 -1971/2500
8294 4699 -1971/20000
8293 4699 -164303/1000000
8296 4699 -1971/20000
8295 4699 -2566/15625
8292 4699 -1971/20000
8291 4699 -2566/15625
2461 4699 -113807/2000
2458 4699 -60517/1000
2452 4699 219/40
2451 4699 73/8
2419 4699 -365
2396 4699 23871/200
2380 4699 219/40
2353 4699 3577/200
2339 4699 73/40
2316 4699 -365
2282 4699 949/20
2281 4699 4307/100
2280 4699 11607/100
2278 4699 219/25
6827 4700 -33507/100
2715 4700 1
6973 4701 -33507/100
2968 4701 1
7129 4702 -33507/100
3233 4702 1
7290 4703 -33507/100
3505 4703 1
7452 4704 -33507/100
3779 4704 1
7619 4705 -33507/100
4058 4705 1
7804 4706 -33507/100
4355 4706 1
7989 4707 -33507/100
4652 4707 1
8298 4708 -1971/5000
8297 4708 -1971/5000
8246 4708 -1971/40000
8245 4708 -82151/1000000
8248 4708 -1971/40000
8247 4708 -1283/15625
8244 4708 -1971/40000
8243 4708 -1283/15625
277 4708 -10001/1000
274 4708 -43581/1000
268 4708 73/50
267 4708 219/200
244 4708 657/2
243 4708 -365
238 4708 219/50
237 4708 1679/200
232 4708 -365
212 4708 219/20
196 4708 219/100
155 4708 219/200
98 4708 219/10
94 4708 219/200
8300 4709 -1971/5000
8299 4709 -1971/5000
8252 4709 -1971/40000
8251 4709 -82151/1000000
8254 4709 -1971/40000
8253 4709 -1283/15625
8250 4709 -1971/40000
8249 4709 -1283/15625
550 4709 -10001/1000
547 4709 -43581/1000
541 4709 73/50
540 4709 219/200
517 4709 657/2
516 4709 -365
511 4709 219/50
510 4709 1679/200
505 4709 -365
485 4709 219/20
469 4709 219/100
428 4709 219/200
371 4709 219/10
367 4709 219/200
8302 4710 -1971/5000
8301 4710 -1971/5000
8258 4710 -1971/40000
8257 4710 -82151/1000000
8260 4710 -1971/40000
8259 4710 -1283/15625
8256 4710 -1971/40000
8255 4710 -1283/15625
823 4710 -10001/1000
820 4710 -43581/1000
814 4710 73/50
813 4710 219/200
790 4710 657/2
789 4710 -365
784 4710 219/50
783 4710 1679/200
778 4710 -365
758 4710 219/20
742 4710 219/100
701 4710 219/200
644 4710 219/10
640 4710 219/200
8304 4711 -1971/5000
8303 4711 -1971/5000
8264 4711 -1971/40000
8263 4711 -82151/1000000
8266 4711 -1971/40000
8265 4711 -1283/15625
8262 4711 -1971/40000
8261 4711 -1283/15625
1096 4711 -10001/1000
1093 4711 -43581/1000
1087 4711 73/50
1086 4711 219/200
1063 4711 657/2
1062 4711 -365
1057 4711 219/50
1056 4711 1679/200
1051 4711 -365
1031 4711 219/20
1015 4711 219/100
974 4711 219/200
917 4711 219/10
913 4711 219/200
8308 4712 -1971/5000
8307 4712 -1971/5000
8276 4712 -1971/40000
8275 4712 -82151/1000000
8278 4712 -1971/40000
8277 4712 -1283/15625
8274 4712 -1971/40000
8273 4712 -1283/15625
1642 4712 -10001/1000
1639 4712 -43581/1000
1633 4712 73/50
1632 4712 219/200
1609 4712 657/2
1608 4712 -365
1603 4712 219/50
1602 4712 1679/200
1597 4712 -365
1577 4712 219/20
1561 4712 219/100
1520 4712 219/200
1463 4712 219/10
1459 4712 219/200
8310 4713 -1971/5000
8309 4713 -1971/5000
8282 4713 -1971/40000
8281 4713 -82151/1000000
8284 4713 -1971/40000
8283 4713 -1283/15625
8280 4713 -1971/40000
8279 4713 -1283/15625
1915 4713 -10001/1000
1912 4713 -43581/1000
1906 4713 73/50
1905 4713 219/200
1882 4713 657/2
1881 4713 -365
1876 4713 219/50
1875 4713 1679/200
1870 4713 -365
1850 4713 219/20
1834 4713 219/100
1793 4713 219/200
1736 4713 219/10
1732 4713 219/200
8298 4714 -1971/5000
8297 4714 -1971/5000
8246 4714 -1971/40000
8245 4714 -82151/1000000
8248 4714 -1971/40000
8247 4714 -1283/15625
8244 4714 -1971/40000
8243 4714 -1283/15625
277 4714 -10001/1000
274 4714 -43581/1000
268 4714 73/50
267 4714 219/200
245 4714 657/2
243 4714 -365
238 4714 219/50
237 4714 1679/200
233 4714 -365
212 4714 219/20
196 4714 219/100
155 4714 219/200
98 4714 219/10
94 4714 219/200
8300 4715 -1971/5000
8299 4715 -1971/5000
8252 4715 -1971/40000
8251 4715 -82151/1000000
8254 4715 -1971/40000
8253 4715 -1283/15625
8250 4715 -1971/40000
8249 4715 -1283/15625
550 4715 -10001/1000
547 4715 -43581/1000
541 4715 73/50
540 4715 219/200
518 4715 657/2
516 4715 -365
511 4715 219/50
510 4715 1679/200
506 4715 -365
485 4715 219/20
469 4715 219/100
428 4715 219/200
371 4715 219/10
367 4715 219/200
8302 4716 -1971/5000
8301 4716 -1971/5000
8258 4716 -1971/40000
8257 4716 -82151/1000000
8260 4716 -1971/40000
8259 4716 -1283/15625
8256 4716 -1971/40000
8255 4716 -1283/15625
823 4716 -10001/1000
820 4716 -43581/1000
814 4716 73/50
813 4716 219/200
791 4716 657/2
789 4716 -365
784 4716 219/50
783 4716 1679/200
779 4716 -365
758 4716 219/20
742 4716 219/100
701 4716 219/200
644 4716 219/10
640 4716 219/200
8306 4717 -1971/5000
8305 4717 -1971/5000
8270 4717 -1971/40000
8269 4717 -82151/1000000
8272 4717 -1971/40000
8271 4717 -1283/15625
8268 4717 -1971/40000
8267 4717 -1283/15625
1369 4717 -10001/1000
1366 4717 -43581/1000
1360 4717 73/50
1359 4717 219/200
1337 4717 657/2
1335 4717 -365
1330 4717 219/50
1329 4717 1679/200
1325 4717 -365
1304 4717 219/20
1288 4717 219/100
1247 4717 219/200
1190 4717 219/10
1186 4717 219/200
8308 4718 -1971/5000
8307 4718 -1971/5000
8276 4718 -1971/40000
8275 4718 -82151/1000000
8278 4718 -1971/40000
8277 4718 -1283/15625
8274 4718 -1971/40000
8273 4718 -1283/15625
1642 4718 -10001/1000
1639 4718 -43581/1000
1633 4718 73/50
1632 4718 219/200
1610 4718 657/2
1608 4718 -365
1603 4718 219/50
1602 4718 1679/200
1598 4718 -365
1577 4718 219/20
1561 4718 219/100
1520 4718 219/200
1463 4718 219/10
1459 4718 219/200
8310 4719 -1971/5000
8309 4719 -1971/5000
8282 4719 -1971/40000
8281 4719 -82151/1000000
8284 4719 -1971/40000
8283 4719 -1283/15625
8280 4719 -1971/40000
8279 4719 -1283/15625
1915 4719 -10001/1000
1912 4719 -43581/1000
1906 4719 73/50
1905 4719 219/200
1883 4719 657/2
1881 4719 -365
1876 4719 219/50
1875 4719 1679/200
1871 4719 -365
1850 4719 219/20
1834 4719 219/100
1793 4719 219/200
1736 4719 219/10
1732 4719 219/200
8312 4720 -1971/5000
8311 4720 -1971/5000
8288 4720 -1971/40000
8287 4720 -82151/1000000
8290 4720 -1971/40000
8289 4720 -1283/15625
8286 4720 -1971/40000
8285 4720 -1283/15625
2188 4720 -10001/1000
2185 4720 -43581/1000
2179 4720 73/50
2178 4720 219/200
2156 4720 657/2
2154 4720 -365
2149 4720 219/50
2148 4720 1679/200
2144 4720 -365
2123 4720 219/20
2107 4720 219/100
2066 4720 219/200
2009 4720 219/10
2005 4720 219/200
8314 4721 -1971/5000
8313 4721 -1971/5000
8294 4721 -1971/40000
8293 4721 -82151/1000000
8296 4721 -1971/40000
8295 4721 -1283/15625
8292 4721 -1971/40000
8291 4721 -1283/15625
2461 4721 -10001/1000
2458 4721 -43581/1000
2452 4721 73/50
2451 4721 219/200
2429 4721 657/2
2427 4721 -365
2422 4721 219/50
2421 4721 1679/200
2417 4721 -365
2396 4721 219/20
2380 4721 219/100
2339 4721 219/200
2282 4721 219/10
2278 4721 219/200
6828 4722 -68839/200
2716 4722 1
6974 4723 -68839/200
2969 4723 1
7130 4724 -68839/200
3234 4724 1
7291 4725 -68839/200
3506 4725 1
7453 4726 -68839/200
3780 4726 1
7620 4727 -68839/200
4059 4727 1
7805 4728 -68839/200
4356 4728 1
7990 4729 -68839/200
4653 4729 1
8175 4730 -68839/200
4950 4730 1
8308 4731 -11899/20000
8307 4731 -11899/20000
8276 4731 -74369/1000000
8275 4731 -30997/250000
8278 4731 -74369/1000000
8277 4731 -15491/125000
8274 4731 -74369/1000000
8273 4731 -15491/125000
1642 4731 -7853/500
1639 4731 -290467/10000
1633 4731 2409/100
1632 4731 73/5
1617 4731 73/200
1577 4731 2409/200
1561 4731 146/25
1533 4731 10074/125
1531 4731 241557/2000
1520 4731 3869/200
1505 4731 192209/2000
1498 4731 -365
1470 4731 4891/200
1460 4731 -1241/4
1459 4731 73/10
8312 4732 -11899/20000
8311 4732 -11899/20000
8288 4732 -74369/1000000
8287 4732 -30997/250000
8290 4732 -74369/1000000
8289 4732 -15491/125000
8286 4732 -74369/1000000
8285 4732 -15491/125000
2188 4732 -7853/500
2185 4732 -290467/10000
2179 4732 2409/100
2178 4732 73/5
2163 4732 73/200
2123 4732 2409/200
2107 4732 146/25
2079 4732 10074/125
2077 4732 241557/2000
2066 4732 3869/200
2051 4732 192209/2000
2044 4732 -365
2016 4732 4891/200
2006 4732 -1241/4
2005 4732 73/10
8298 4733 -2993/5000
8297 4733 -2993/5000
8246 4733 -2993/40000
8245 4733 -31187/250000
8248 4733 -2993/40000
8247 4733 -7793/62500
8244 4733 -2993/40000
8243 4733 -7793/62500
277 4733 -83421/5000
274 4733 -290467/10000
268 4733 4599/200
267 4733 219/20
252 4733 73/200
212 4733 1679/200
196 4733 219/40
168 4733 172353/2000
166 4733 121983/1000
155 4733 3869/200
148 4733 -365
140 4733 205641/2000
105 4733 4891/200
95 4733 -1241/4
94 4733 511/100
8302 4734 -2993/5000
8301 4734 -2993/5000
8258 4734 -2993/40000
8257 4734 -31187/250000
8260 4734 -2993/40000
8259 4734 -7793/62500
8256 4734 -2993/40000
8255 4734 -7793/62500
823 4734 -83421/5000
820 4734 -290467/10000
814 4734 4599/200
813 4734 219/20
798 4734 73/200
758 4734 1679/200
742 4734 219/40
714 4734 172353/2000
712 4734 121983/1000
701 4734 3869/200
694 4734 -365
686 4734 205641/2000
651 4734 4891/200
641 4734 -1241/4
640 4734 511/100
8304 4735 -2993/5000
8303 4735 -2993/5000
8264 4735 -2993/40000
8263 4735 -31187/250000
8266 4735 -2993/40000
8265 4735 -7793/62500
8262 4735 -2993/40000
8261 4735 -7793/62500
1096 4735 -83421/5000
1093 4735 -290467/10000
1087 4735 4599/200
1086 4735 219/20
1071 4735 73/200
1031 4735 1679/200
1015 4735 219/40
987 4735 172353/2000
985 4735 121983/1000
974 4735 3869/200
967 4735 -365
959 4735 205641/2000
924 4735 4891/200
914 4735 -1241/4
913 4735 511/100
8308 4736 -2993/5000
8307 4736 -2993/5000
8276 4736 -2993/40000
8275 4736 -31187/250000
8278 4736 -2993/40000
8277 4736 -7793/62500
8274 4736 -2993/40000
8273 4736 -7793/62500
1642 4736 -83421/5000
1639 4736 -290467/10000
1633 4736 4599/200
1632 4736 219/20
1617 4736 73/200
1577 4736 1679/200
1561 4736 219/40
1533 4736 172353/2000
1531 4736 121983/1000
1520 4736 3869/200
1513 4736 -365
1505 4736 205641/2000
1470 4736 4891/200
1460 4736 -1241/4
1459 4736 511/100
8312 4737 -2993/5000
8311 4737 -2993/5000
8288 4737 -2993/40000
8287 4737 -31187/250000
8290 4737 -2993/40000
8289 4737 -7793/62500
8286 4737 -2993/40000
8285 4737 -7793/62500
2188 4737 -83421/5000
2185 4737 -290467/10000
2179 4737 4599/200
2178 4737 219/20
2163 4737 73/200
2123 4737 1679/200
2107 4737 219/40
2079 4737 172353/2000
2077 4737 121983/1000
2066 4737 3869/200
2059 4737 -365
2051 4737 205641/2000
2016 4737 4891/200
2006 4737 -1241/4
2005 4737 511/100
8298 4738 -11753/20000
8297 4738 -11753/20000
8246 4738 -4591/62500
8245 4738 -61233/500000
8248 4738 -4591/62500
8247 4738 -122407/1000000
8244 4738 -4591/62500
8243 4738 -122407/1000000
277 4738 -1752/125
274 4738 -290467/10000
268 4738 5037/200
267 4738 3723/200
252 4738 73/40
212 4738 1533/100
196 4738 657/100
168 4738 70883/1000
166 4738 30733/2000
165 4738 20659/200
155 4738 2117/100
145 4738 -365
140 4738 169141/2000
104 4738 4891/200
95 4738 -1241/4
94 4738 1971/200
8300 4739 -11753/20000
8299 4739 -11753/20000
8252 4739 -4591/62500
8251 4739 -61233/500000
8254 4739 -4591/62500
8253 4739 -122407/1000000
8250 4739 -4591/62500
8249 4739 -122407/1000000
550 4739 -1752/125
547 4739 -290467/10000
541 4739 5037/200
540 4739 3723/200
525 4739 73/40
485 4739 1533/100
469 4739 657/100
441 4739 70883/1000
439 4739 30733/2000
438 4739 20659/200
428 4739 2117/100
418 4739 -365
413 4739 169141/2000
377 4739 4891/200
368 4739 -1241/4
367 4739 1971/200
8302 4740 -11753/20000
8301 4740 -11753/20000
8258 4740 -4591/62500
8257 4740 -61233/500000
8260 4740 -4591/62500
8259 4740 -122407/1000000
8256 4740 -4591/62500
8255 4740 -122407/1000000
823 4740 -1752/125
820 4740 -290467/10000
814 4740 5037/200
813 4740 3723/200
798 4740 73/40
758 4740 1533/100
742 4740 657/100
714 4740 70883/1000
712 4740 30733/2000
711 4740 20659/200
701 4740 2117/100
691 4740 -365
686 4740 169141/2000
650 4740 4891/200
641 4740 -1241/4
640 4740 1971/200
8304 4741 -11753/20000
8303 4741 -11753/20000
8264 4741 -4591/62500
8263 4741 -61233/500000
8266 4741 -4591/62500
8265 4741 -122407/1000000
8262 4741 -4591/62500
8261 4741 -122407/1000000
1096 4741 -1752/125
1093 4741 -290467/10000
1087 4741 5037/200
1086 4741 3723/200
1071 4741 73/40
1031 4741 1533/100
1015 4741 657/100
987 4741 70883/1000
985 4741 30733/2000
984 4741 20659/200
974 4741 2117/100
964 4741 -365
959 4741 169141/2000
923 4741 4891/200
914 4741 -1241/4
913 4741 1971/200
8306 4742 -11753/20000
8305 4742 -11753/20000
8270 4742 -4591/62500
8269 4742 -61233/500000
8272 4742 -4591/62500
8271 4742 -122407/1000000
8268 4742 -4591/62500
8267 4742 -122407/1000000
1369 4742 -1752/125
1366 4742 -290467/10000
1360 4742 5037/200
1359 4742 3723/200
1344 4742 73/40
1304 4742 1533/100
1288 4742 657/100
1260 4742 70883/1000
1258 4742 30733/2000
1257 4742 20659/200
1247 4742 2117/100
1237 4742 -365
1232 4742 169141/2000
1196 4742 4891/200
1187 4742 -1241/4
1186 4742 1971/200
8308 4743 -11753/20000
8307 4743 -11753/20000
8276 4743 -4591/62500
8275 4743 -61233/500000
8278 4743 -4591/62500
8277 4743 -122407/1000000
8274 4743 -4591/62500
8273 4743 -122407/1000000
1642 4743 -1752/125
1639 4743 -290467/10000
1633 4743 5037/200
1632 4743 3723/200
1617 4743 73/40
1577 4743 1533/100
1561 4743 657/100
1533 4743 70883/1000
1531 4743 30733/2000
1530 4743 20659/200
1520 4743 2117/100
1510 4743 -365
1505 4743 169141/2000
1469 4743 4891/200
1460 4743 -1241/4
1459 4743 1971/200
8310 4744 -11753/20000
8309 4744 -11753/20000
8282 4744 -4591/62500
8281 4744 -61233/500000
8284 4744 -4591/62500
8283 4744 -122407/1000000
8280 4744 -4591/62500
8279 4744 -122407/1000000
1915 4744 -1752/125
1912 4744 -290467/10000
1906 4744 5037/200
1905 4744 3723/200
1890 4744 73/40
1850 4744 1533/100
1834 4744 657/100
1806 4744 70883/1000
1804 4744 30733/2000
1803 4744 20659/200
1793 4744 2117/100
1783 4744 -365
1778 4744 169141/2000
1742 4744 4891/200
1733 4744 -1241/4
1732 4744 1971/200
8312 4745 -11753/20000
8311 4745 -11753/20000
8288 4745 -4591/62500
8287 4745 -61233/500000
8290 4745 -4591/62500
8289 4745 -122407/1000000
8286 4745 -4591/62500
8285 4745 -122407/1000000
2188 4745 -1752/125
2185 4745 -290467/10000
2179 4745 5037/200
2178 4745 3723/200
2163 4745 73/40
2123 4745 1533/100
2107 4745 657/100
2079 4745 70883/1000
2077 4745 30733/2000
2076 4745 20659/200
2066 4745 2117/100
2056 4745 -365
2051 4745 169141/2000
2015 4745 4891/200
2006 4745 -1241/4
2005 4745 1971/200
8314 4746 -11753/20000
8313 4746 -11753/20000
8294 4746 -4591/62500
8293 4746 -61233/500000
8296 4746 -4591/62500
8295 4746 -122407/1000000
8292 4746 -4591/62500
8291 4746 -122407/1000000
2461 4746 -1752/125
2458 4746 -290467/10000
2452 4746 5037/200
2451 4746 3723/200
2436 4746 73/40
2396 4746 1533/100
2380 4746 657/100
2352 4746 70883/1000
2350 4746 30733/2000
2349 4746 20659/200
2339 4746 2117/100
2329 4746 -365
2324 4746 169141/2000
2288 4746 4891/200
2279 4746 -1241/4
2278 4746 1971/200
8300 4747 -11899/20000
8299 4747 -11899/20000
8252 4747 -74369/1000000
8251 4747 -30997/250000
8254 4747 -74369/1000000
8253 4747 -15491/125000
8250 4747 -74369/1000000
8249 4747 -15491/125000
550 4747 -156439/10000
547 4747 -290467/10000
541 4747 5767/200
540 4747 1241/50
525 4747 73/40
485 4747 4161/200
469 4747 219/25
443 4747 3139/80
442 4747 3139/80
439 4747 17009/1000
438 4747 13651/200
428 4747 2701/100
418 4747 -365
415 4747 46793/1000
414 4747 46793/1000
377 4747 4599/200
368 4747 -365
367 4747 657/50
8304 4748 -11899/20000
8303 4748 -11899/20000
8264 4748 -74369/1000000
8263 4748 -30997/250000
8266 4748 -74369/1000000
8265 4748 -15491/125000
8262 4748 -74369/1000000
8261 4748 -15491/125000
1096 4748 -156439/10000
1093 4748 -290467/10000
1087 4748 5767/200
1086 4748 1241/50
1071 4748 73/40
1031 4748 4161/200
1015 4748 219/25
989 4748 3139/80
988 4748 3139/80
985 4748 17009/1000
984 4748 13651/200
974 4748 2701/100
964 4748 -365
961 4748 46793/1000
960 4748 46793/1000
923 4748 4599/200
914 4748 -365
913 4748 657/50
8302 4749 -11899/20000
8301 4749 -11899/20000
8258 4749 -74369/1000000
8257 4749 -30997/250000
8260 4749 -74369/1000000
8259 4749 -15491/125000
8256 4749 -74369/1000000
8255 4749 -15491/125000
823 4749 -162133/10000
820 4749 -290467/10000
814 4749 1533/50
813 4749 5913/200
798 4749 73/40
758 4749 4599/200
742 4749 1971/200
716 4749 20221/250
712 4749 35113/2000
711 4749 10147/200
701 4749 1241/40
691 4749 -365
688 4749 192939/2000
650 4749 4453/200
641 4749 -803/2
640 4749 2993/200
8304 4750 -11899/20000
8303 4750 -11899/20000
8264 4750 -74369/1000000
8263 4750 -30997/250000
8266 4750 -74369/1000000
8265 4750 -15491/125000
8262 4750 -74369/1000000
8261 4750 -15491/125000
1096 4750 -162133/10000
1093 4750 -290467/10000
1087 4750 1533/50
1086 4750 5913/200
1071 4750 73/40
1031 4750 4599/200
1015 4750 1971/200
989 4750 20221/250
985 4750 35113/2000
984 4750 10147/200
974 4750 1241/40
964 4750 -365
961 4750 192939/2000
923 4750 4453/200
914 4750 -803/2
913 4750 2993/200
8306 4751 -11899/20000
8305 4751 -11899/20000
8270 4751 -74369/1000000
8269 4751 -30997/250000
8272 4751 -74369/1000000
8271 4751 -15491/125000
8268 4751 -74369/1000000
8267 4751 -15491/125000
1369 4751 -162133/10000
1366 4751 -290467/10000
1360 4751 1533/50
1359 4751 5913/200
1344 4751 73/40
1304 4751 4599/200
1288 4751 1971/200
1262 4751 20221/250
1258 4751 35113/2000
1257 4751 10147/200
1247 4751 1241/40
1237 4751 -365
1234 4751 192939/2000
1196 4751 4453/200
1187 4751 -803/2
1186 4751 2993/200
8308 4752 -11899/20000
8307 4752 -11899/20000
8276 4752 -74369/1000000
8275 4752 -30997/250000
8278 4752 -74369/1000000
8277 4752 -15491/125000
8274 4752 -74369/1000000
8273 4752 -15491/125000
1642 4752 -162133/10000
1639 4752 -290467/10000
1633 4752 1533/50
1632 4752 5913/200
1617 4752 73/40
1577 4752 4599/200
1561 4752 1971/200
1535 4752 20221/250
1531 4752 35113/2000
1530 4752 10147/200
1520 4752 1241/40
1510 4752 -365
1507 4752 192939/2000
1469 4752 4453/200
1460 4752 -803/2
1459 4752 2993/200
8310 4753 -11899/20000
8309 4753 -11899/20000
8282 4753 -74369/1000000
8281 4753 -30997/250000
8284 4753 -74369/1000000
8283 4753 -15491/125000
8280 4753 -74369/1000000
8279 4753 -15491/125000
1915 4753 -162133/10000
1912 4753 -290467/10000
1906 4753 1533/50
1905 4753 5913/200
1890 4753 73/40
1850 4753 4599/200
1834 4753 1971/200
1808 4753 20221/250
1804 4753 35113/2000
1803 4753 10147/200
1793 4753 1241/40
1783 4753 -365
1780 4753 192939/2000
1742 4753 4453/200
1733 4753 -803/2
1732 4753 2993/200
8312 4754 -11899/20000
8311 4754 -11899/20000
8288 4754 -74369/1000000
8287 4754 -30997/250000
8290 4754 -74369/1000000
8289 4754 -15491/125000
8286 4754 -74369/1000000
8285 4754 -15491/125000
2188 4754 -162133/10000
2185 4754 -290467/10000
2179 4754 1533/50
2178 4754 5913/200
2163 4754 73/40
2123 4754 4599/200
2107 4754 1971/200
2081 4754 20221/250
2077 4754 35113/2000
2076 4754 10147/200
2066 4754 1241/40
2056 4754 -365
2053 4754 192939/2000
2015 4754 4453/200
2006 4754 -803/2
2005 4754 2993/200
8314 4755 -11899/20000
8313 4755 -11899/20000
8294 4755 -74369/1000000
8293 4755 -30997/250000
8296 4755 -74369/1000000
8295 4755 -15491/125000
8292 4755 -74369/1000000
8291 4755 -15491/125000
2461 4755 -162133/10000
2458 4755 -290467/10000
2452 4755 1533/50
2451 4755 5913/200
2436 4755 73/40
2396 4755 4599/200
2380 4755 1971/200
2354 4755 20221/250
2350 4755 35113/2000
2349 4755 10147/200
2339 4755 1241/40
2329 4755 -365
2326 4755 192939/2000
2288 4755 4453/200
2279 4755 -803/2
2278 4755 2993/200
8298 4756 -5767/10000
8297 4756 -5767/10000
8246 4756 -9011/125000
8245 4756 -15023/125000
8248 4756 -9011/125000
8247 4756 -120127/1000000
8244 4756 -9011/125000
8243 4756 -120127/1000000
277 4756 -15111/1250
274 4756 -77453/2000
268 4756 803/40
267 4756 2263/200
252 4756 73/100
212 4756 219/20
196 4756 73/20
168 4756 119647/2000
166 4756 47961/250
155 4756 1387/100
140 4756 28543/400
113 4756 -365
105 4756 73/20
95 4756 -803/2
94 4756 146/25
8300 4757 -5767/10000
8299 4757 -5767/10000
8252 4757 -9011/125000
8251 4757 -15023/125000
8254 4757 -9011/125000
8253 4757 -120127/1000000
8250 4757 -9011/125000
8249 4757 -120127/1000000
550 4757 -15111/1250
547 4757 -77453/2000
541 4757 803/40
540 4757 2263/200
525 4757 73/100
485 4757 219/20
469 4757 73/20
441 4757 119647/2000
439 4757 47961/250
428 4757 1387/100
413 4757 28543/400
386 4757 -365
378 4757 73/20
368 4757 -803/2
367 4757 146/25
8298 4758 -5913/10000
8297 4758 -5913/10000
8246 4758 -9239/125000
8245 4758 -123227/1000000
8248 4758 -9239/125000
8247 4758 -3849/31250
8244 4758 -9239/125000
8243 4758 -3849/31250
277 4758 -152643/10000
274 4758 -290467/10000
268 4758 1679/50
267 4758 5913/200
252 4758 219/100
212 4758 1679/100
196 4758 219/40
169 4758 150891/2000
167 4758 292/5
166 4758 2044/125
155 4758 803/50
141 4758 35989/400
119 4758 -365
106 4758 3869/100
95 4758 -803/2
94 4758 73/10
8306 4759 -5913/10000
8305 4759 -5913/10000
8270 4759 -9239/125000
8269 4759 -123227/1000000
8272 4759 -9239/125000
8271 4759 -3849/31250
8268 4759 -9239/125000
8267 4759 -3849/31250
1369 4759 -152643/10000
1366 4759 -290467/10000
1360 4759 1679/50
1359 4759 5913/200
1344 4759 219/100
1304 4759 1679/100
1288 4759 219/40
1261 4759 150891/2000
1259 4759 292/5
1258 4759 2044/125
1247 4759 803/50
1233 4759 35989/400
1211 4759 -365
1198 4759 3869/100
1187 4759 -803/2
1186 4759 73/10
8302 4760 -11899/20000
8301 4760 -11899/20000
8258 4760 -74369/1000000
8257 4760 -30997/250000
8260 4760 -74369/1000000
8259 4760 -15491/125000
8256 4760 -74369/1000000
8255 4760 -15491/125000
823 4760 -80811/5000
820 4760 -290467/10000
814 4760 7081/200
813 4760 803/25
798 4760 219/100
758 4760 438/25
742 4760 657/100
716 4760 100731/2500
715 4760 100731/2500
713 4760 3869/100
712 4760 87381/5000
701 4760 3869/200
688 4760 96119/2000
687 4760 96119/2000
665 4760 -365
652 4760 3723/100
641 4760 -803/2
640 4760 1679/200
8306 4761 -11899/20000
8305 4761 -11899/20000
8270 4761 -74369/1000000
8269 4761 -30997/250000
8272 4761 -74369/1000000
8271 4761 -15491/125000
8268 4761 -74369/1000000
8267 4761 -15491/125000
1369 4761 -80811/5000
1366 4761 -290467/10000
1360 4761 7081/200
1359 4761 803/25
1344 4761 219/100
1304 4761 438/25
1288 4761 657/100
1262 4761 100731/2500
1261 4761 100731/2500
1259 4761 3869/100
1258 4761 87381/5000
1247 4761 3869/200
1234 4761 96119/2000
1233 4761 96119/2000
1211 4761 -365
1198 4761 3723/100
1187 4761 -803/2
1186 4761 1679/200
8298 4762 -11899/20000
8297 4762 -11899/20000
8246 4762 -74369/1000000
8245 4762 -30997/250000
8248 4762 -74369/1000000
8247 4762 -15491/125000
8244 4762 -74369/1000000
8243 4762 -15491/125000
277 4762 -10001/625
274 4762 -290467/10000
268 4762 657/25
267 4762 1971/100
252 4762 219/200
212 4762 803/50
196 4762 73/10
169 4762 159359/2000
167 4762 3431/40
166 4762 34529/2000
155 4762 4599/200
147 4762 -365
141 4762 47523/500
106 4762 949/40
95 4762 -657/2
94 4762 949/100
8300 4763 -11899/20000
8299 4763 -11899/20000
8252 4763 -74369/1000000
8251 4763 -30997/250000
8254 4763 -74369/1000000
8253 4763 -15491/125000
8250 4763 -74369/1000000
8249 4763 -15491/125000
550 4763 -10001/625
547 4763 -290467/10000
541 4763 657/25
540 4763 1971/100
525 4763 219/200
485 4763 803/50
469 4763 73/10
442 4763 159359/2000
440 4763 3431/40
439 4763 34529/2000
428 4763 4599/200
420 4763 -365
414 4763 47523/500
379 4763 949/40
368 4763 -657/2
367 4763 949/100
8302 4764 -11899/20000
8301 4764 -11899/20000
8258 4764 -74369/1000000
8257 4764 -30997/250000
8260 4764 -74369/1000000
8259 4764 -15491/125000
8256 4764 -74369/1000000
8255 4764 -15491/125000
823 4764 -10001/625
820 4764 -290467/10000
814 4764 657/25
813 4764 1971/100
798 4764 219/200
758 4764 803/50
742 4764 73/10
715 4764 159359/2000
713 4764 3431/40
712 4764 34529/2000
701 4764 4599/200
693 4764 -365
687 4764 47523/500
652 4764 949/40
641 4764 -657/2
640 4764 949/100
8304 4765 -11899/20000
8303 4765 -11899/20000
8264 4765 -74369/1000000
8263 4765 -30997/250000
8266 4765 -74369/1000000
8265 4765 -15491/125000
8262 4765 -74369/1000000
8261 4765 -15491/125000
1096 4765 -10001/625
1093 4765 -290467/10000
1087 4765 657/25
1086 4765 1971/100
1071 4765 219/200
1031 4765 803/50
1015 4765 73/10
988 4765 159359/2000
986 4765 3431/40
985 4765 34529/2000
974 4765 4599/200
966 4765 -365
960 4765 47523/500
925 4765 949/40
914 4765 -657/2
913 4765 949/100
8306 4766 -11899/20000
8305 4766 -11899/20000
8270 4766 -74369/1000000
8269 4766 -30997/250000
8272 4766 -74369/1000000
8271 4766 -15491/125000
8268 4766 -74369/1000000
8267 4766 -15491/125000
1369 4766 -10001/625
1366 4766 -290467/10000
1360 4766 657/25
1359 4766 1971/100
1344 4766 219/200
1304 4766 803/50
1288 4766 73/10
1261 4766 159359/2000
1259 4766 3431/40
1258 4766 34529/2000
1247 4766 4599/200
1239 4766 -365
1233 4766 47523/500
1198 4766 949/40
1187 4766 -657/2
1186 4766 949/100
8308 4767 -11899/20000
8307 4767 -11899/20000
8276 4767 -74369/1000000
8275 4767 -30997/250000
8278 4767 -74369/1000000
8277 4767 -15491/125000
8274 4767 -74369/1000000
8273 4767 -15491/125000
1642 4767 -10001/625
1639 4767 -290467/10000
1633 4767 657/25
1632 4767 1971/100
1617 4767 219/200
1577 4767 803/50
1561 4767 73/10
1534 4767 159359/2000
1532 4767 3431/40
1531 4767 34529/2000
1520 4767 4599/200
1512 4767 -365
1506 4767 47523/500
1471 4767 949/40
1460 4767 -657/2
1459 4767 949/100
8312 4768 -11899/20000
8311 4768 -11899/20000
8288 4768 -74369/1000000
8287 4768 -30997/250000
8290 4768 -74369/1000000
8289 4768 -15491/125000
8286 4768 -74369/1000000
8285 4768 -15491/125000
2188 4768 -10001/625
2185 4768 -290467/10000
2179 4768 657/25
2178 4768 1971/100
2163 4768 219/200
2123 4768 803/50
2107 4768 73/10
2080 4768 159359/2000
2078 4768 3431/40
2077 4768 34529/2000
2066 4768 4599/200
2058 4768 -365
2052 4768 47523/500
2017 4768 949/40
2006 4768 -657/2
2005 4768 949/100
8298 4769 -2993/5000
8297 4769 -2993/5000
8246 4769 -2993/40000
8245 4769 -31187/250000
8248 4769 -2993/40000
8247 4769 -7793/62500
8244 4769 -2993/40000
8243 4769 -7793/62500
277 4769 -16717/1000
274 4769 -290467/10000
268 4769 5621/200
267 4769 219/10
252 4769 219/200
212 4769 73/4
196 4769 1679/200
170 4769 16717/400
169 4769 1679/40
167 4769 13651/200
166 4769 18177/1000
155 4769 657/25
147 4769 -365
142 4769 49859/1000
141 4769 100083/2000
106 4769 4599/200
95 4769 -365
94 4769 219/20
8302 4770 -2993/5000
8301 4770 -2993/5000
8258 4770 -2993/40000
8257 4770 -31187/250000
8260 4770 -2993/40000
8259 4770 -7793/62500
8256 4770 -2993/40000
8255 4770 -7793/62500
823 4770 -16717/1000
820 4770 -290467/10000
814 4770 5621/200
813 4770 219/10
798 4770 219/200
758 4770 73/4
742 4770 1679/200
716 4770 16717/400
715 4770 1679/40
713 4770 13651/200
712 4770 18177/1000
701 4770 657/25
693 4770 -365
688 4770 49859/1000
687 4770 100083/2000
652 4770 4599/200
641 4770 -365
640 4770 219/20
8314 4771 -2409/4000
8313 4771 -2409/4000
8294 4771 -75281/1000000
8293 4771 -125509/1000000
8296 4771 -75281/1000000
8295 4771 -125449/1000000
8292 4771 -75281/1000000
8291 4771 -125449/1000000
2461 4771 -171659/10000
2458 4771 -290467/10000
2452 4771 2993/100
2451 4771 511/20
2436 4771 219/200
2396 4771 803/40
2380 4771 1971/200
2354 4771 53963/625
2351 4771 10147/200
2350 4771 37449/2000
2339 4771 2993/100
2331 4771 -365
2326 4771 128731/1250
2290 4771 4453/200
2279 4771 -803/2
2278 4771 511/40
6829 4772 -1241/4
2717 4772 1
6975 4773 -1241/4
2970 4773 1
7131 4774 -1241/4
3235 4774 1
7292 4775 -1241/4
3507 4775 1
7454 4776 -1241/4
3781 4776 1
7621 4777 -1241/4
4060 4777 1
7806 4778 -1241/4
4357 4778 1
7991 4779 -1241/4
4654 4779 1
8176 4780 -1241/4
4951 4780 1
8298 4781 -657/50
8297 4781 -657/50
8246 4781 -657/400
8245 4781 -342297/125000
8248 4781 -657/400
8247 4781 -1368531/500000
8244 4781 -657/400
8243 4781 -1368531/500000
274 4781 -174251/2000
253 4781 -3869/100
252 4781 73/200
212 4781 219/50
200 4781 2847/100
199 4781 6497/50
196 4781 219/10
191 4781 2701/25
176 4781 11753/100
155 4781 511/10
144 4781 -365
139 4781 -365
94 4781 3431/200
8300 4782 -657/50
8299 4782 -657/50
8252 4782 -657/400
8251 4782 -342297/125000
8254 4782 -657/400
8253 4782 -1368531/500000
8250 4782 -657/400
8249 4782 -1368531/500000
547 4782 -174251/2000
526 4782 -3869/100
525 4782 73/200
485 4782 219/50
473 4782 2847/100
472 4782 6497/50
469 4782 219/10
464 4782 2701/25
449 4782 11753/100
428 4782 511/10
417 4782 -365
412 4782 -365
367 4782 3431/200
8302 4783 -657/50
8301 4783 -657/50
8258 4783 -657/400
8257 4783 -342297/125000
8260 4783 -657/400
8259 4783 -1368531/500000
8256 4783 -657/400
8255 4783 -1368531/500000
820 4783 -174251/2000
799 4783 -3869/100
798 4783 73/200
758 4783 219/50
746 4783 2847/100
745 4783 6497/50
742 4783 219/10
737 4783 2701/25
722 4783 11753/100
701 4783 511/10
690 4783 -365
685 4783 -365
640 4783 3431/200
8304 4784 -657/50
8303 4784 -657/50
8264 4784 -657/400
8263 4784 -342297/125000
8266 4784 -657/400
8265 4784 -1368531/500000
8262 4784 -657/400
8261 4784 -1368531/500000
1093 4784 -174251/2000
1072 4784 -3869/100
1071 4784 73/200
1031 4784 219/50
1019 4784 2847/100
1018 4784 6497/50
1015 4784 219/10
1010 4784 2701/25
995 4784 11753/100
974 4784 511/10
963 4784 -365
958 4784 -365
913 4784 3431/200
8306 4785 -657/50
8305 4785 -657/50
8270 4785 -657/400
8269 4785 -342297/125000
8272 4785 -657/400
8271 4785 -1368531/500000
8268 4785 -657/400
8267 4785 -1368531/500000
1366 4785 -174251/2000
1345 4785 -3869/100
1344 4785 73/200
1304 4785 219/50
1292 4785 2847/100
1291 4785 6497/50
1288 4785 219/10
1283 4785 2701/25
1268 4785 11753/100
1247 4785 511/10
1236 4785 -365
1231 4785 -365
1186 4785 3431/200
8308 4786 -657/50
8307 4786 -657/50
8276 4786 -657/400
8275 4786 -342297/125000
8278 4786 -657/400
8277 4786 -1368531/500000
8274 4786 -657/400
8273 4786 -1368531/500000
1639 4786 -174251/2000
1618 4786 -3869/100
1617 4786 73/200
1577 4786 219/50
1565 4786 2847/100
1564 4786 6497/50
1561 4786 219/10
1556 4786 2701/25
1541 4786 11753/100
1520 4786 511/10
1509 4786 -365
1504 4786 -365
1459 4786 3431/200
8310 4787 -657/50
8309 4787 -657/50
8282 4787 -657/400
8281 4787 -342297/125000
8284 4787 -657/400
8283 4787 -1368531/500000
8280 4787 -657/400
8279 4787 -1368531/500000
1912 4787 -174251/2000
1891 4787 -3869/100
1890 4787 73/200
1850 4787 219/50
1838 4787 2847/100
1837 4787 6497/50
1834 4787 219/10
1829 4787 2701/25
1814 4787 11753/100
1793 4787 511/10
1782 4787 -365
1777 4787 -365
1732 4787 3431/200
8312 4788 -657/50
8311 4788 -657/50
8288 4788 -657/400
8287 4788 -342297/125000
8290 4788 -657/400
8289 4788 -1368531/500000
8286 4788 -657/400
8285 4788 -1368531/500000
2185 4788 -174251/2000
2164 4788 -3869/100
2163 4788 73/200
2123 4788 219/50
2111 4788 2847/100
2110 4788 6497/50
2107 4788 219/10
2102 4788 2701/25
2087 4788 11753/100
2066 4788 511/10
2055 4788 -365
2050 4788 -365
2005 4788 3431/200
8314 4789 -657/50
8313 4789 -657/50
8294 4789 -657/400
8293 4789 -342297/125000
8296 4789 -657/400
8295 4789 -1368531/500000
8292 4789 -657/400
8291 4789 -1368531/500000
2458 4789 -174251/2000
2437 4789 -3869/100
2436 4789 73/200
2396 4789 219/50
2384 4789 2847/100
2383 4789 6497/50
2380 4789 219/10
2375 4789 2701/25
2360 4789 11753/100
2339 4789 511/10
2328 4789 -365
2323 4789 -365
2278 4789 3431/200
8298 4790 -657/50
8297 4790 -657/50
8246 4790 -657/400
8245 4790 -342297/125000
8248 4790 -657/400
8247 4790 -1368531/500000
8244 4790 -657/400
8243 4790 -1368531/500000
274 4790 -174251/2000
253 4790 -7811/200
252 4790 73/50
212 4790 219/50
200 4790 5621/200
199 4790 25769/200
196 4790 219/10
191 4790 21389/200
176 4790 23287/200
174 4790 -365
155 4790 10293/200
139 4790 -365
94 4790 3431/200
8300 4791 -657/50
8299 4791 -657/50
8252 4791 -657/400
8251 4791 -342297/125000
8254 4791 -657/400
8253 4791 -1368531/500000
8250 4791 -657/400
8249 4791 -1368531/500000
547 4791 -174251/2000
526 4791 -7811/200
525 4791 73/50
485 4791 219/50
473 4791 5621/200
472 4791 25769/200
469 4791 219/10
464 4791 21389/200
449 4791 23287/200
447 4791 -365
428 4791 10293/200
412 4791 -365
367 4791 3431/200
8302 4792 -657/50
8301 4792 -657/50
8258 4792 -657/400
8257 4792 -342297/125000
8260 4792 -657/400
8259 4792 -1368531/500000
8256 4792 -657/400
8255 4792 -1368531/500000
820 4792 -174251/2000
799 4792 -7811/200
798 4792 73/50
758 4792 219/50
746 4792 5621/200
745 4792 25769/200
742 4792 219/10
737 4792 21389/200
722 4792 23287/200
720 4792 -365
701 4792 10293/200
685 4792 -365
640 4792 3431/200
8304 4793 -657/50
8303 4793 -657/50
8264 4793 -657/400
8263 4793 -342297/125000
8266 4793 -657/400
8265 4793 -1368531/500000
8262 4793 -657/400
8261 4793 -1368531/500000
1093 4793 -174251/2000
1072 4793 -7811/200
1071 4793 73/50
1031 4793 219/50
1019 4793 5621/200
1018 4793 25769/200
1015 4793 219/10
1010 4793 21389/200
995 4793 23287/200
993 4793 -365
974 4793 10293/200
958 4793 -365
913 4793 3431/200
8306 4794 -657/50
8305 4794 -657/50
8270 4794 -657/400
8269 4794 -342297/125000
8272 4794 -657/400
8271 4794 -1368531/500000
8268 4794 -657/400
8267 4794 -1368531/500000
1366 4794 -174251/2000
1345 4794 -7811/200
1344 4794 73/50
1304 4794 219/50
1292 4794 5621/200
1291 4794 25769/200
1288 4794 219/10
1283 4794 21389/200
1268 4794 23287/200
1266 4794 -365
1247 4794 10293/200
1231 4794 -365
1186 4794 3431/200
8308 4795 -657/50
8307 4795 -657/50
8276 4795 -657/400
8275 4795 -342297/125000
8278 4795 -657/400
8277 4795 -1368531/500000
8274 4795 -657/400
8273 4795 -1368531/500000
1639 4795 -174251/2000
1618 4795 -7811/200
1617 4795 73/50
1577 4795 219/50
1565 4795 5621/200
1564 4795 25769/200
1561 4795 219/10
1556 4795 21389/200
1541 4795 23287/200
1539 4795 -365
1520 4795 10293/200
1504 4795 -365
1459 4795 3431/200
8310 4796 -657/50
8309 4796 -657/50
8282 4796 -657/400
8281 4796 -342297/125000
8284 4796 -657/400
8283 4796 -1368531/500000
8280 4796 -657/400
8279 4796 -1368531/500000
1912 4796 -174251/2000
1891 4796 -7811/200
1890 4796 73/50
1850 4796 219/50
1838 4796 5621/200
1837 4796 25769/200
1834 4796 219/10
1829 4796 21389/200
1814 4796 23287/200
1812 4796 -365
1793 4796 10293/200
1777 4796 -365
1732 4796 3431/200
8312 4797 -657/50
8311 4797 -657/50
8288 4797 -657/400
8287 4797 -342297/125000
8290 4797 -657/400
8289 4797 -1368531/500000
8286 4797 -657/400
8285 4797 -1368531/500000
2185 4797 -174251/2000
2164 4797 -7811/200
2163 4797 73/50
2123 4797 219/50
2111 4797 5621/200
2110 4797 25769/200
2107 4797 219/10
2102 4797 21389/200
2087 4797 23287/200
2085 4797 -365
2066 4797 10293/200
2050 4797 -365
2005 4797 3431/200
8314 4798 -657/50
8313 4798 -657/50
8294 4798 -657/400
8293 4798 -342297/125000
8296 4798 -657/400
8295 4798 -1368531/500000
8292 4798 -657/400
8291 4798 -1368531/500000
2458 4798 -174251/2000
2437 4798 -7811/200
2436 4798 73/50
2396 4798 219/50
2384 4798 5621/200
2383 4798 25769/200
2380 4798 219/10
2375 4798 21389/200
2360 4798 23287/200
2358 4798 -365
2339 4798 10293/200
2323 4798 -365
2278 4798 3431/200
8302 4799 -657/50
8301 4799 -657/50
8258 4799 -657/400
8257 4799 -342297/125000
8260 4799 -657/400
8259 4799 -1368531/500000
8256 4799 -657/400
8255 4799 -1368531/500000
820 4799 -145197/2000
799 4799 -146/5
798 4799 73/50
758 4799 73/25
746 4799 219/200
745 4799 1387/100
742 4799 2701/200
737 4799 2701/40
722 4799 12191/200
720 4799 -365
701 4799 2117/100
697 4799 21973/200
685 4799 -365
657 4799 146
640 4799 73/10
8304 4800 -657/50
8303 4800 -657/50
8264 4800 -657/400
8263 4800 -342297/125000
8266 4800 -657/400
8265 4800 -1368531/500000
8262 4800 -657/400
8261 4800 -1368531/500000
1093 4800 -145197/2000
1072 4800 -146/5
1071 4800 73/50
1031 4800 73/25
1019 4800 219/200
1018 4800 1387/100
1015 4800 2701/200
1010 4800 2701/40
995 4800 12191/200
993 4800 -365
974 4800 2117/100
970 4800 21973/200
958 4800 -365
930 4800 146
913 4800 73/10
8298 4801 -657/50
8297 4801 -657/50
8246 4801 -657/400
8245 4801 -342297/125000
8248 4801 -657/400
8247 4801 -1368531/500000
8244 4801 -657/400
8243 4801 -1368531/500000
274 4801 -174251/2000
253 4801 -7957/200
252 4801 511/200
212 4801 219/50
200 4801 5621/200
199 4801 511/4
196 4801 4307/200
191 4801 21243/200
176 4801 5767/50
155 4801 5183/100
143 4801 -365
139 4801 -365
94 4801 1679/100
8300 4802 -657/50
8299 4802 -657/50
8252 4802 -657/400
8251 4802 -342297/125000
8254 4802 -657/400
8253 4802 -1368531/500000
8250 4802 -657/400
8249 4802 -1368531/500000
547 4802 -174251/2000
526 4802 -7957/200
525 4802 511/200
485 4802 219/50
473 4802 5621/200
472 4802 511/4
469 4802 4307/200
464 4802 21243/200
449 4802 5767/50
428 4802 5183/100
416 4802 -365
412 4802 -365
367 4802 1679/100
8306 4803 -657/50
8305 4803 -657/50
8270 4803 -657/400
8269 4803 -342297/125000
8272 4803 -657/400
8271 4803 -1368531/500000
8268 4803 -657/400
8267 4803 -1368531/500000
1366 4803 -174251/2000
1345 4803 -7957/200
1344 4803 511/200
1304 4803 219/50
1292 4803 5621/200
1291 4803 511/4
1288 4803 4307/200
1283 4803 21243/200
1268 4803 5767/50
1247 4803 5183/100
1235 4803 -365
1231 4803 -365
1186 4803 1679/100
8310 4804 -657/50
8309 4804 -657/50
8282 4804 -657/400
8281 4804 -342297/125000
8284 4804 -657/400
8283 4804 -1368531/500000
8280 4804 -657/400
8279 4804 -1368531/500000
1912 4804 -174251/2000
1891 4804 -7957/200
1890 4804 511/200
1850 4804 219/50
1838 4804 5621/200
1837 4804 511/4
1834 4804 4307/200
1829 4804 21243/200
1814 4804 5767/50
1793 4804 5183/100
1781 4804 -365
1777 4804 -365
1732 4804 1679/100
8312 4805 -657/50
8311 4805 -657/50
8288 4805 -657/400
8287 4805 -342297/125000
8290 4805 -657/400
8289 4805 -1368531/500000
8286 4805 -657/400
8285 4805 -1368531/500000
2185 4805 -174251/2000
2164 4805 -7957/200
2163 4805 511/200
2123 4805 219/50
2111 4805 5621/200
2110 4805 511/4
2107 4805 4307/200
2102 4805 21243/200
2087 4805 5767/50
2066 4805 5183/100
2054 4805 -365
2050 4805 -365
2005 4805 1679/100
8298 4806 -657/50
8297 4806 -657/50
8246 4806 -657/400
8245 4806 -342297/125000
8248 4806 -657/400
8247 4806 -1368531/500000
8244 4806 -657/400
8243 4806 -1368531/500000
274 4806 -145197/2000
253 4806 -5183/200
252 4806 511/200
212 4806 73/25
200 4806 219/200
199 4806 1387/100
196 4806 2701/200
191 4806 2701/40
176 4806 12191/200
155 4806 2117/100
151 4806 21973/200
143 4806 -365
139 4806 -365
111 4806 146
94 4806 73/10
8300 4807 -657/50
8299 4807 -657/50
8252 4807 -657/400
8251 4807 -342297/125000
8254 4807 -657/400
8253 4807 -1368531/500000
8250 4807 -657/400
8249 4807 -1368531/500000
547 4807 -145197/2000
526 4807 -5183/200
525 4807 511/200
485 4807 73/25
473 4807 219/200
472 4807 1387/100
469 4807 2701/200
464 4807 2701/40
449 4807 12191/200
428 4807 2117/100
424 4807 21973/200
416 4807 -365
412 4807 -365
384 4807 146
367 4807 73/10
8302 4808 -657/50
8301 4808 -657/50
8258 4808 -657/400
8257 4808 -342297/125000
8260 4808 -657/400
8259 4808 -1368531/500000
8256 4808 -657/400
8255 4808 -1368531/500000
820 4808 -145197/2000
799 4808 -5183/200
798 4808 511/200
758 4808 73/25
746 4808 219/200
745 4808 1387/100
742 4808 2701/200
737 4808 2701/40
722 4808 12191/200
701 4808 2117/100
697 4808 21973/200
689 4808 -365
685 4808 -365
657 4808 146
640 4808 73/10
8304 4809 -657/50
8303 4809 -657/50
8264 4809 -657/400
8263 4809 -342297/125000
8266 4809 -657/400
8265 4809 -1368531/500000
8262 4809 -657/400
8261 4809 -1368531/500000
1093 4809 -145197/2000
1072 4809 -5183/200
1071 4809 511/200
1031 4809 73/25
1019 4809 219/200
1018 4809 1387/100
1015 4809 2701/200
1010 4809 2701/40
995 4809 12191/200
974 4809 2117/100
970 4809 21973/200
962 4809 -365
958 4809 -365
930 4809 146
913 4809 73/10
8306 4810 -657/50
8305 4810 -657/50
8270 4810 -657/400
8269 4810 -342297/125000
8272 4810 -657/400
8271 4810 -1368531/500000
8268 4810 -657/400
8267 4810 -1368531/500000
1366 4810 -145197/2000
1345 4810 -5183/200
1344 4810 511/200
1304 4810 73/25
1292 4810 219/200
1291 4810 1387/100
1288 4810 2701/200
1283 4810 2701/40
1268 4810 12191/200
1247 4810 2117/100
1243 4810 21973/200
1235 4810 -365
1231 4810 -365
1203 4810 146
1186 4810 73/10
8308 4811 -657/50
8307 4811 -657/50
8276 4811 -657/400
8275 4811 -342297/125000
8278 4811 -657/400
8277 4811 -1368531/500000
8274 4811 -657/400
8273 4811 -1368531/500000
1639 4811 -145197/2000
1618 4811 -5183/200
1617 4811 511/200
1577 4811 73/25
1565 4811 219/200
1564 4811 1387/100
1561 4811 2701/200
1556 4811 2701/40
1541 4811 12191/200
1520 4811 2117/100
1516 4811 21973/200
1508 4811 -365
1504 4811 -365
1476 4811 146
1459 4811 73/10
8310 4812 -657/50
8309 4812 -657/50
8282 4812 -657/400
8281 4812 -342297/125000
8284 4812 -657/400
8283 4812 -1368531/500000
8280 4812 -657/400
8279 4812 -1368531/500000
1912 4812 -145197/2000
1891 4812 -5183/200
1890 4812 511/200
1850 4812 73/25
1838 4812 219/200
1837 4812 1387/100
1834 4812 2701/200
1829 4812 2701/40
1814 4812 12191/200
1793 4812 2117/100
1789 4812 21973/200
1781 4812 -365
1777 4812 -365
1749 4812 146
1732 4812 73/10
8312 4813 -657/50
8311 4813 -657/50
8288 4813 -657/400
8287 4813 -342297/125000
8290 4813 -657/400
8289 4813 -1368531/500000
8286 4813 -657/400
8285 4813 -1368531/500000
2185 4813 -145197/2000
2164 4813 -5183/200
2163 4813 511/200
2123 4813 73/25
2111 4813 219/200
2110 4813 1387/100
2107 4813 2701/200
2102 4813 2701/40
2087 4813 12191/200
2066 4813 2117/100
2062 4813 21973/200
2054 4813 -365
2050 4813 -365
2022 4813 146
2005 4813 73/10
8314 4814 -657/50
8313 4814 -657/50
8294 4814 -657/400
8293 4814 -342297/125000
8296 4814 -657/400
8295 4814 -1368531/500000
8292 4814 -657/400
8291 4814 -1368531/500000
2458 4814 -145197/2000
2437 4814 -5183/200
2436 4814 511/200
2396 4814 73/25
2384 4814 219/200
2383 4814 1387/100
2380 4814 2701/200
2375 4814 2701/40
2360 4814 12191/200
2339 4814 2117/100
2335 4814 21973/200
2327 4814 -365
2323 4814 -365
2295 4814 146
2278 4814 73/10
8298 4815 -657/50
8297 4815 -657/50
8246 4815 -657/400
8245 4815 -342297/125000
8248 4815 -657/400
8247 4815 -1368531/500000
8244 4815 -657/400
8243 4815 -1368531/500000
274 4815 -174251/2000
253 4815 -657/10
252 4815 511/200
212 4815 949/200
196 4815 2409/100
190 4815 11607/100
176 4815 12629/100
165 4815 -365
155 4815 949/20
149 4815 34091/200
139 4815 -365
94 4815 3577/200
8306 4816 -657/50
8305 4816 -657/50
8270 4816 -657/400
8269 4816 -342297/125000
8272 4816 -657/400
8271 4816 -1368531/500000
8268 4816 -657/400
8267 4816 -1368531/500000
1366 4816 -174251/2000
1345 4816 -657/10
1344 4816 511/200
1304 4816 949/200
1288 4816 2409/100
1282 4816 11607/100
1268 4816 12629/100
1257 4816 -365
1247 4816 949/20
1241 4816 34091/200
1231 4816 -365
1186 4816 3577/200
8298 4817 -657/50
8297 4817 -657/50
8246 4817 -657/400
8245 4817 -342297/125000
8248 4817 -657/400
8247 4817 -1368531/500000
8244 4817 -657/400
8243 4817 -1368531/500000
274 4817 -77453/1000
253 4817 -511/8
252 4817 511/200
212 4817 803/200
196 4817 803/40
190 4817 18469/200
176 4817 18469/200
165 4817 -365
155 4817 7811/200
150 4817 37449/200
149 4817 10001/200
139 4817 -365
94 4817 511/40
8300 4818 -657/50
8299 4818 -657/50
8252 4818 -657/400
8251 4818 -342297/125000
8254 4818 -657/400
8253 4818 -1368531/500000
8250 4818 -657/400
8249 4818 -1368531/500000
547 4818 -77453/1000
526 4818 -511/8
525 4818 511/200
485 4818 803/200
469 4818 803/40
463 4818 18469/200
449 4818 18469/200
438 4818 -365
428 4818 7811/200
423 4818 37449/200
422 4818 10001/200
412 4818 -365
367 4818 511/40
8304 4819 -657/50
8303 4819 -657/50
8264 4819 -657/400
8263 4819 -342297/125000
8266 4819 -657/400
8265 4819 -1368531/500000
8262 4819 -657/400
8261 4819 -1368531/500000
1093 4819 -77453/1000
1072 4819 -511/8
1071 4819 511/200
1031 4819 803/200
1015 4819 803/40
1009 4819 18469/200
995 4819 18469/200
984 4819 -365
974 4819 7811/200
969 4819 37449/200
968 4819 10001/200
958 4819 -365
913 4819 511/40
8310 4820 -657/50
8309 4820 -657/50
8282 4820 -657/400
8281 4820 -342297/125000
8284 4820 -657/400
8283 4820 -1368531/500000
8280 4820 -657/400
8279 4820 -1368531/500000
1912 4820 -77453/1000
1891 4820 -511/8
1890 4820 511/200
1850 4820 803/200
1834 4820 803/40
1828 4820 18469/200
1814 4820 18469/200
1803 4820 -365
1793 4820 7811/200
1788 4820 37449/200
1787 4820 10001/200
1777 4820 -365
1732 4820 511/40
6830 4821 -3431/10
2718 4821 1
6976 4822 -3431/10
2971 4822 1
7132 4823 -3431/10
3236 4823 1
7293 4824 -3431/10
3508 4824 1
7455 4825 -3431/10
3782 4825 1
7622 4826 -3431/10
4061 4826 1
7807 4827 -3431/10
4358 4827 1
7992 4828 -3431/10
4655 4828 1
8177 4829 -3431/10
4952 4829 1
8298 4830 -4599/2500
8297 4830 -4599/2500
8246 4830 -4599/20000
8245 4830 -383373/1000000
8248 4830 -4599/20000
8247 4830 -383189/1000000
8244 4830 -4599/20000
8243 4830 -383189/1000000
277 4830 -191187/20000
274 4830 -28137/1250
253 4830 -73/100
252 4830 73/2000
231 4830 365
212 4830 657/1000
197 4830 -365
180 4830 -365
8300 4831 -4599/2500
8299 4831 -4599/2500
8252 4831 -4599/20000
8251 4831 -383373/1000000
8254 4831 -4599/20000
8253 4831 -383189/1000000
8250 4831 -4599/20000
8249 4831 -383189/1000000
550 4831 -191187/20000
547 4831 -28137/1250
526 4831 -73/100
525 4831 73/2000
504 4831 365
485 4831 657/1000
470 4831 -365
453 4831 -365
8302 4832 -4599/2500
8301 4832 -4599/2500
8258 4832 -4599/20000
8257 4832 -383373/1000000
8260 4832 -4599/20000
8259 4832 -383189/1000000
8256 4832 -4599/20000
8255 4832 -383189/1000000
823 4832 -191187/20000
820 4832 -28137/1250
799 4832 -73/100
798 4832 73/2000
777 4832 365
758 4832 657/1000
743 4832 -365
726 4832 -365
8304 4833 -4599/2500
8303 4833 -4599/2500
8264 4833 -4599/20000
8263 4833 -383373/1000000
8266 4833 -4599/20000
8265 4833 -383189/1000000
8262 4833 -4599/20000
8261 4833 -383189/1000000
1096 4833 -191187/20000
1093 4833 -28137/1250
1072 4833 -73/100
1071 4833 73/2000
1050 4833 365
1031 4833 657/1000
1016 4833 -365
999 4833 -365
8306 4834 -4599/2500
8305 4834 -4599/2500
8270 4834 -4599/20000
8269 4834 -383373/1000000
8272 4834 -4599/20000
8271 4834 -383189/1000000
8268 4834 -4599/20000
8267 4834 -383189/1000000
1369 4834 -191187/20000
1366 4834 -28137/1250
1345 4834 -73/100
1344 4834 73/2000
1323 4834 365
1304 4834 657/1000
1289 4834 -365
1272 4834 -365
8308 4835 -4599/2500
8307 4835 -4599/2500
8276 4835 -4599/20000
8275 4835 -383373/1000000
8278 4835 -4599/20000
8277 4835 -383189/1000000
8274 4835 -4599/20000
8273 4835 -383189/1000000
1642 4835 -191187/20000
1639 4835 -28137/1250
1618 4835 -73/100
1617 4835 73/2000
1596 4835 365
1577 4835 657/1000
1562 4835 -365
1545 4835 -365
8310 4836 -4599/2500
8309 4836 -4599/2500
8282 4836 -4599/20000
8281 4836 -383373/1000000
8284 4836 -4599/20000
8283 4836 -383189/1000000
8280 4836 -4599/20000
8279 4836 -383189/1000000
1915 4836 -191187/20000
1912 4836 -28137/1250
1891 4836 -73/100
1890 4836 73/2000
1869 4836 365
1850 4836 657/1000
1835 4836 -365
1818 4836 -365
8312 4837 -4599/2500
8311 4837 -4599/2500
8288 4837 -4599/20000
8287 4837 -383373/1000000
8290 4837 -4599/20000
8289 4837 -383189/1000000
8286 4837 -4599/20000
8285 4837 -383189/1000000
2188 4837 -191187/20000
2185 4837 -28137/1250
2164 4837 -73/100
2163 4837 73/2000
2142 4837 365
2123 4837 657/1000
2108 4837 -365
2091 4837 -365
8314 4838 -4599/2500
8313 4838 -4599/2500
8294 4838 -4599/20000
8293 4838 -383373/1000000
8296 4838 -4599/20000
8295 4838 -383189/1000000
8292 4838 -4599/20000
8291 4838 -383189/1000000
2461 4838 -191187/20000
2458 4838 -28137/1250
2437 4838 -73/100
2436 4838 73/2000
2415 4838 365
2396 4838 657/1000
2381 4838 -365
2364 4838 -365
8298 4839 -4599/2500
8297 4839 -4599/2500
8246 4839 -4599/20000
8245 4839 -383373/1000000
8248 4839 -4599/20000
8247 4839 -383189/1000000
8244 4839 -4599/20000
8243 4839 -383189/1000000
277 4839 -191187/20000
274 4839 -28137/1250
253 4839 -73/100
252 4839 73/1000
230 4839 365
212 4839 1241/2000
197 4839 -365
179 4839 -365
8300 4840 -4599/2500
8299 4840 -4599/2500
8252 4840 -4599/20000
8251 4840 -383373/1000000
8254 4840 -4599/20000
8253 4840 -383189/1000000
8250 4840 -4599/20000
8249 4840 -383189/1000000
550 4840 -191187/20000
547 4840 -28137/1250
526 4840 -73/100
525 4840 73/1000
503 4840 365
485 4840 1241/2000
470 4840 -365
452 4840 -365
8302 4841 -4599/2500
8301 4841 -4599/2500
8258 4841 -4599/20000
8257 4841 -383373/1000000
8260 4841 -4599/20000
8259 4841 -383189/1000000
8256 4841 -4599/20000
8255 4841 -383189/1000000
823 4841 -191187/20000
820 4841 -28137/1250
799 4841 -73/100
798 4841 73/1000
776 4841 365
758 4841 1241/2000
743 4841 -365
725 4841 -365
8304 4842 -4599/2500
8303 4842 -4599/2500
8264 4842 -4599/20000
8263 4842 -383373/1000000
8266 4842 -4599/20000
8265 4842 -383189/1000000
8262 4842 -4599/20000
8261 4842 -383189/1000000
1096 4842 -191187/20000
1093 4842 -28137/1250
1072 4842 -73/100
1071 4842 73/1000
1049 4842 365
1031 4842 1241/2000
1016 4842 -365
998 4842 -365
8306 4843 -4599/2500
8305 4843 -4599/2500
8270 4843 -4599/20000
8269 4843 -383373/1000000
8272 4843 -4599/20000
8271 4843 -383189/1000000
8268 4843 -4599/20000
8267 4843 -383189/1000000
1369 4843 -191187/20000
1366 4843 -28137/1250
1345 4843 -73/100
1344 4843 73/1000
1322 4843 365
1304 4843 1241/2000
1289 4843 -365
1271 4843 -365
8310 4844 -4599/2500
8309 4844 -4599/2500
8282 4844 -4599/20000
8281 4844 -383373/1000000
8284 4844 -4599/20000
8283 4844 -383189/1000000
8280 4844 -4599/20000
8279 4844 -383189/1000000
1915 4844 -191187/20000
1912 4844 -28137/1250
1891 4844 -73/100
1890 4844 73/1000
1868 4844 365
1850 4844 1241/2000
1835 4844 -365
1817 4844 -365
8312 4845 -4599/2500
8311 4845 -4599/2500
8288 4845 -4599/20000
8287 4845 -383373/1000000
8290 4845 -4599/20000
8289 4845 -383189/1000000
8286 4845 -4599/20000
8285 4845 -383189/1000000
2188 4845 -191187/20000
2185 4845 -28137/1250
2164 4845 -73/100
2163 4845 73/1000
2141 4845 365
2123 4845 1241/2000
2108 4845 -365
2090 4845 -365
8314 4846 -4599/2500
8313 4846 -4599/2500
8294 4846 -4599/20000
8293 4846 -383373/1000000
8296 4846 -4599/20000
8295 4846 -383189/1000000
8292 4846 -4599/20000
8291 4846 -383189/1000000
2461 4846 -191187/20000
2458 4846 -28137/1250
2437 4846 -73/100
2436 4846 73/1000
2414 4846 365
2396 4846 1241/2000
2381 4846 -365
2363 4846 -365
8298 4847 -4599/2500
8297 4847 -4599/2500
8246 4847 -4599/20000
8245 4847 -383373/1000000
8248 4847 -4599/20000
8247 4847 -383189/1000000
8244 4847 -4599/20000
8243 4847 -383189/1000000
277 4847 -191187/20000
274 4847 -28137/1250
253 4847 -73/100
252 4847 73/1000
229 4847 365
212 4847 1241/2000
197 4847 -365
178 4847 -365
8300 4848 -4599/2500
8299 4848 -4599/2500
8252 4848 -4599/20000
8251 4848 -383373/1000000
8254 4848 -4599/20000
8253 4848 -383189/1000000
8250 4848 -4599/20000
8249 4848 -383189/1000000
550 4848 -191187/20000
547 4848 -28137/1250
526 4848 -73/100
525 4848 73/1000
502 4848 365
485 4848 1241/2000
470 4848 -365
451 4848 -365
8302 4849 -4599/2500
8301 4849 -4599/2500
8258 4849 -4599/20000
8257 4849 -383373/1000000
8260 4849 -4599/20000
8259 4849 -383189/1000000
8256 4849 -4599/20000
8255 4849 -383189/1000000
823 4849 -191187/20000
820 4849 -28137/1250
799 4849 -73/100
798 4849 73/1000
775 4849 365
758 4849 1241/2000
743 4849 -365
724 4849 -365
8304 4850 -4599/2500
8303 4850 -4599/2500
8264 4850 -4599/20000
8263 4850 -383373/1000000
8266 4850 -4599/20000
8265 4850 -383189/1000000
8262 4850 -4599/20000
8261 4850 -383189/1000000
1096 4850 -191187/20000
1093 4850 -28137/1250
1072 4850 -73/100
1071 4850 73/1000
1048 4850 365
1031 4850 1241/2000
1016 4850 -365
997 4850 -365
8306 4851 -4599/2500
8305 4851 -4599/2500
8270 4851 -4599/20000
8269 4851 -383373/1000000
8272 4851 -4599/20000
8271 4851 -383189/1000000
8268 4851 -4599/20000
8267 4851 -383189/1000000
1369 4851 -191187/20000
1366 4851 -28137/1250
1345 4851 -73/100
1344 4851 73/1000
1321 4851 365
1304 4851 1241/2000
1289 4851 -365
1270 4851 -365
8308 4852 -4599/2500
8307 4852 -4599/2500
8276 4852 -4599/20000
8275 4852 -383373/1000000
8278 4852 -4599/20000
8277 4852 -383189/1000000
8274 4852 -4599/20000
8273 4852 -383189/1000000
1642 4852 -191187/20000
1639 4852 -28137/1250
1618 4852 -73/100
1617 4852 73/1000
1594 4852 365
1577 4852 1241/2000
1562 4852 -365
1543 4852 -365
8310 4853 -4599/2500
8309 4853 -4599/2500
8282 4853 -4599/20000
8281 4853 -383373/1000000
8284 4853 -4599/20000
8283 4853 -383189/1000000
8280 4853 -4599/20000
8279 4853 -383189/1000000
1915 4853 -191187/20000
1912 4853 -28137/1250
1891 4853 -73/100
1890 4853 73/1000
1867 4853 365
1850 4853 1241/2000
1835 4853 -365
1816 4853 -365
8312 4854 -4599/2500
8311 4854 -4599/2500
8288 4854 -4599/20000
8287 4854 -383373/1000000
8290 4854 -4599/20000
8289 4854 -383189/1000000
8286 4854 -4599/20000
8285 4854 -383189/1000000
2188 4854 -191187/20000
2185 4854 -28137/1250
2164 4854 -73/100
2163 4854 73/1000
2140 4854 365
2123 4854 1241/2000
2108 4854 -365
2089 4854 -365
8314 4855 -4599/2500
8313 4855 -4599/2500
8294 4855 -4599/20000
8293 4855 -383373/1000000
8296 4855 -4599/20000
8295 4855 -383189/1000000
8292 4855 -4599/20000
8291 4855 -383189/1000000
2461 4855 -191187/20000
2458 4855 -28137/1250
2437 4855 -73/100
2436 4855 73/1000
2413 4855 365
2396 4855 1241/2000
2381 4855 -365
2362 4855 -365
8298 4856 -4599/2500
8297 4856 -4599/2500
8246 4856 -4599/20000
8245 4856 -383373/1000000
8248 4856 -4599/20000
8247 4856 -383189/1000000
8244 4856 -4599/20000
8243 4856 -383189/1000000
277 4856 -191187/20000
274 4856 -28137/1250
253 4856 -73/100
252 4856 73/2000
228 4856 365
212 4856 657/1000
201 4856 -365
197 4856 -365
8300 4857 -4599/2500
8299 4857 -4599/2500
8252 4857 -4599/20000
8251 4857 -383373/1000000
8254 4857 -4599/20000
8253 4857 -383189/1000000
8250 4857 -4599/20000
8249 4857 -383189/1000000
550 4857 -191187/20000
547 4857 -28137/1250
526 4857 -73/100
525 4857 73/2000
501 4857 365
485 4857 657/1000
474 4857 -365
470 4857 -365
8302 4858 -4599/2500
8301 4858 -4599/2500
8258 4858 -4599/20000
8257 4858 -383373/1000000
8260 4858 -4599/20000
8259 4858 -383189/1000000
8256 4858 -4599/20000
8255 4858 -383189/1000000
823 4858 -191187/20000
820 4858 -28137/1250
799 4858 -73/100
798 4858 73/2000
774 4858 365
758 4858 657/1000
747 4858 -365
743 4858 -365
8304 4859 -4599/2500
8303 4859 -4599/2500
8264 4859 -4599/20000
8263 4859 -383373/1000000
8266 4859 -4599/20000
8265 4859 -383189/1000000
8262 4859 -4599/20000
8261 4859 -383189/1000000
1096 4859 -191187/20000
1093 4859 -28137/1250
1072 4859 -73/100
1071 4859 73/2000
1047 4859 365
1031 4859 657/1000
1020 4859 -365
1016 4859 -365
8306 4860 -4599/2500
8305 4860 -4599/2500
8270 4860 -4599/20000
8269 4860 -383373/1000000
8272 4860 -4599/20000
8271 4860 -383189/1000000
8268 4860 -4599/20000
8267 4860 -383189/1000000
1369 4860 -191187/20000
1366 4860 -28137/1250
1345 4860 -73/100
1344 4860 73/2000
1320 4860 365
1304 4860 657/1000
1293 4860 -365
1289 4860 -365
8308 4861 -4599/2500
8307 4861 -4599/2500
8276 4861 -4599/20000
8275 4861 -383373/1000000
8278 4861 -4599/20000
8277 4861 -383189/1000000
8274 4861 -4599/20000
8273 4861 -383189/1000000
1642 4861 -191187/20000
1639 4861 -28137/1250
1618 4861 -73/100
1617 4861 73/2000
1593 4861 365
1577 4861 657/1000
1566 4861 -365
1562 4861 -365
8310 4862 -4599/2500
8309 4862 -4599/2500
8282 4862 -4599/20000
8281 4862 -383373/1000000
8284 4862 -4599/20000
8283 4862 -383189/1000000
8280 4862 -4599/20000
8279 4862 -383189/1000000
1915 4862 -191187/20000
1912 4862 -28137/1250
1891 4862 -73/100
1890 4862 73/2000
1866 4862 365
1850 4862 657/1000
1839 4862 -365
1835 4862 -365
8312 4863 -4599/2500
8311 4863 -4599/2500
8288 4863 -4599/20000
8287 4863 -383373/1000000
8290 4863 -4599/20000
8289 4863 -383189/1000000
8286 4863 -4599/20000
8285 4863 -383189/1000000
2188 4863 -191187/20000
2185 4863 -28137/1250
2164 4863 -73/100
2163 4863 73/2000
2139 4863 365
2123 4863 657/1000
2112 4863 -365
2108 4863 -365
8314 4864 -4599/2500
8313 4864 -4599/2500
8294 4864 -4599/20000
8293 4864 -383373/1000000
8296 4864 -4599/20000
8295 4864 -383189/1000000
8292 4864 -4599/20000
8291 4864 -383189/1000000
2461 4864 -191187/20000
2458 4864 -28137/1250
2437 4864 -73/100
2436 4864 73/2000
2412 4864 365
2396 4864 657/1000
2385 4864 -365
2381 4864 -365
8298 4865 -4599/2500
8297 4865 -4599/2500
8246 4865 -4599/20000
8245 4865 -383373/1000000
8248 4865 -4599/20000
8247 4865 -383189/1000000
8244 4865 -4599/20000
8243 4865 -383189/1000000
277 4865 -191187/20000
274 4865 -28137/1250
253 4865 -73/100
252 4865 73/1000
227 4865 365
212 4865 1241/2000
200 4865 -365
197 4865 -365
8300 4866 -4599/2500
8299 4866 -4599/2500
8252 4866 -4599/20000
8251 4866 -383373/1000000
8254 4866 -4599/20000
8253 4866 -383189/1000000
8250 4866 -4599/20000
8249 4866 -383189/1000000
550 4866 -191187/20000
547 4866 -28137/1250
526 4866 -73/100
525 4866 73/1000
500 4866 365
485 4866 1241/2000
473 4866 -365
470 4866 -365
8302 4867 -4599/2500
8301 4867 -4599/2500
8258 4867 -4599/20000
8257 4867 -383373/1000000
8260 4867 -4599/20000
8259 4867 -383189/1000000
8256 4867 -4599/20000
8255 4867 -383189/1000000
823 4867 -191187/20000
820 4867 -28137/1250
799 4867 -73/100
798 4867 73/1000
773 4867 365
758 4867 1241/2000
746 4867 -365
743 4867 -365
8304 4868 -4599/2500
8303 4868 -4599/2500
8264 4868 -4599/20000
8263 4868 -383373/1000000
8266 4868 -4599/20000
8265 4868 -383189/1000000
8262 4868 -4599/20000
8261 4868 -383189/1000000
1096 4868 -191187/20000
1093 4868 -28137/1250
1072 4868 -73/100
1071 4868 73/1000
1046 4868 365
1031 4868 1241/2000
1019 4868 -365
1016 4868 -365
8306 4869 -4599/2500
8305 4869 -4599/2500
8270 4869 -4599/20000
8269 4869 -383373/1000000
8272 4869 -4599/20000
8271 4869 -383189/1000000
8268 4869 -4599/20000
8267 4869 -383189/1000000
1369 4869 -191187/20000
1366 4869 -28137/1250
1345 4869 -73/100
1344 4869 73/1000
1319 4869 365
1304 4869 1241/2000
1292 4869 -365
1289 4869 -365
8308 4870 -4599/2500
8307 4870 -4599/2500
8276 4870 -4599/20000
8275 4870 -383373/1000000
8278 4870 -4599/20000
8277 4870 -383189/1000000
8274 4870 -4599/20000
8273 4870 -383189/1000000
1642 4870 -191187/20000
1639 4870 -28137/1250
1618 4870 -73/100
1617 4870 73/1000
1592 4870 365
1577 4870 1241/2000
1565 4870 -365
1562 4870 -365
8310 4871 -4599/2500
8309 4871 -4599/2500
8282 4871 -4599/20000
8281 4871 -383373/1000000
8284 4871 -4599/20000
8283 4871 -383189/1000000
8280 4871 -4599/20000
8279 4871 -383189/1000000
1915 4871 -191187/20000
1912 4871 -28137/1250
1891 4871 -73/100
1890 4871 73/1000
1865 4871 365
1850 4871 1241/2000
1838 4871 -365
1835 4871 -365
8312 4872 -4599/2500
8311 4872 -4599/2500
8288 4872 -4599/20000
8287 4872 -383373/1000000
8290 4872 -4599/20000
8289 4872 -383189/1000000
8286 4872 -4599/20000
8285 4872 -383189/1000000
2188 4872 -191187/20000
2185 4872 -28137/1250
2164 4872 -73/100
2163 4872 73/1000
2138 4872 365
2123 4872 1241/2000
2111 4872 -365
2108 4872 -365
8314 4873 -4599/2500
8313 4873 -4599/2500
8294 4873 -4599/20000
8293 4873 -383373/1000000
8296 4873 -4599/20000
8295 4873 -383189/1000000
8292 4873 -4599/20000
8291 4873 -383189/1000000
2461 4873 -191187/20000
2458 4873 -28137/1250
2437 4873 -73/100
2436 4873 73/1000
2411 4873 365
2396 4873 1241/2000
2384 4873 -365
2381 4873 -365
8298 4874 -4599/2500
8297 4874 -4599/2500
8246 4874 -4599/20000
8245 4874 -383373/1000000
8248 4874 -4599/20000
8247 4874 -383189/1000000
8244 4874 -4599/20000
8243 4874 -383189/1000000
277 4874 -191187/20000
274 4874 -28137/1250
253 4874 -73/100
252 4874 73/1000
225 4874 365
212 4874 1241/2000
199 4874 -365
197 4874 -365
8300 4875 -4599/2500
8299 4875 -4599/2500
8252 4875 -4599/20000
8251 4875 -383373/1000000
8254 4875 -4599/20000
8253 4875 -383189/1000000
8250 4875 -4599/20000
8249 4875 -383189/1000000
550 4875 -191187/20000
547 4875 -28137/1250
526 4875 -73/100
525 4875 73/1000
498 4875 365
485 4875 1241/2000
472 4875 -365
470 4875 -365
8302 4876 -4599/2500
8301 4876 -4599/2500
8258 4876 -4599/20000
8257 4876 -383373/1000000
8260 4876 -4599/20000
8259 4876 -383189/1000000
8256 4876 -4599/20000
8255 4876 -383189/1000000
823 4876 -191187/20000
820 4876 -28137/1250
799 4876 -73/100
798 4876 73/1000
771 4876 365
758 4876 1241/2000
745 4876 -365
743 4876 -365
8304 4877 -4599/2500
8303 4877 -4599/2500
8264 4877 -4599/20000
8263 4877 -383373/1000000
8266 4877 -4599/20000
8265 4877 -383189/1000000
8262 4877 -4599/20000
8261 4877 -383189/1000000
1096 4877 -191187/20000
1093 4877 -28137/1250
1072 4877 -73/100
1071 4877 73/1000
1044 4877 365
1031 4877 1241/2000
1018 4877 -365
1016 4877 -365
8306 4878 -4599/2500
8305 4878 -4599/2500
8270 4878 -4599/20000
8269 4878 -383373/1000000
8272 4878 -4599/20000
8271 4878 -383189/1000000
8268 4878 -4599/20000
8267 4878 -383189/1000000
1369 4878 -191187/20000
1366 4878 -28137/1250
1345 4878 -73/100
1344 4878 73/1000
1317 4878 365
1304 4878 1241/2000
1291 4878 -365
1289 4878 -365
8308 4879 -4599/2500
8307 4879 -4599/2500
8276 4879 -4599/20000
8275 4879 -383373/1000000
8278 4879 -4599/20000
8277 4879 -383189/1000000
8274 4879 -4599/20000
8273 4879 -383189/1000000
1642 4879 -191187/20000
1639 4879 -28137/1250
1618 4879 -73/100
1617 4879 73/1000
1590 4879 365
1577 4879 1241/2000
1564 4879 -365
1562 4879 -365
8310 4880 -4599/2500
8309 4880 -4599/2500
8282 4880 -4599/20000
8281 4880 -383373/1000000
8284 4880 -4599/20000
8283 4880 -383189/1000000
8280 4880 -4599/20000
8279 4880 -383189/1000000
1915 4880 -191187/20000
1912 4880 -28137/1250
1891 4880 -73/100
1890 4880 73/1000
1863 4880 365
1850 4880 1241/2000
1837 4880 -365
1835 4880 -365
8312 4881 -4599/2500
8311 4881 -4599/2500
8288 4881 -4599/20000
8287 4881 -383373/1000000
8290 4881 -4599/20000
8289 4881 -383189/1000000
8286 4881 -4599/20000
8285 4881 -383189/1000000
2188 4881 -191187/20000
2185 4881 -28137/1250
2164 4881 -73/100
2163 4881 73/1000
2136 4881 365
2123 4881 1241/2000
2110 4881 -365
2108 4881 -365
8314 4882 -4599/2500
8313 4882 -4599/2500
8294 4882 -4599/20000
8293 4882 -383373/1000000
8296 4882 -4599/20000
8295 4882 -383189/1000000
8292 4882 -4599/20000
8291 4882 -383189/1000000
2461 4882 -191187/20000
2458 4882 -28137/1250
2437 4882 -73/100
2436 4882 73/1000
2409 4882 365
2396 4882 1241/2000
2383 4882 -365
2381 4882 -365
8298 4883 -4599/2500
8297 4883 -4599/2500
8246 4883 -4599/20000
8245 4883 -383373/1000000
8248 4883 -4599/20000
8247 4883 -383189/1000000
8244 4883 -4599/20000
8243 4883 -383189/1000000
277 4883 -191187/20000
274 4883 -28137/1250
253 4883 -73/20
252 4883 657/2000
223 4883 365
212 4883 3139/1000
197 4883 -365
140 4883 -365
8300 4884 -4599/2500
8299 4884 -4599/2500
8252 4884 -4599/20000
8251 4884 -383373/1000000
8254 4884 -4599/20000
8253 4884 -383189/1000000
8250 4884 -4599/20000
8249 4884 -383189/1000000
550 4884 -191187/20000
547 4884 -28137/1250
526 4884 -73/20
525 4884 657/2000
496 4884 365
485 4884 3139/1000
470 4884 -365
413 4884 -365
8302 4885 -4599/2500
8301 4885 -4599/2500
8258 4885 -4599/20000
8257 4885 -383373/1000000
8260 4885 -4599/20000
8259 4885 -383189/1000000
8256 4885 -4599/20000
8255 4885 -383189/1000000
823 4885 -191187/20000
820 4885 -28137/1250
799 4885 -73/20
798 4885 657/2000
769 4885 365
758 4885 3139/1000
743 4885 -365
686 4885 -365
8304 4886 -4599/2500
8303 4886 -4599/2500
8264 4886 -4599/20000
8263 4886 -383373/1000000
8266 4886 -4599/20000
8265 4886 -383189/1000000
8262 4886 -4599/20000
8261 4886 -383189/1000000
1096 4886 -191187/20000
1093 4886 -28137/1250
1072 4886 -73/20
1071 4886 657/2000
1042 4886 365
1031 4886 3139/1000
1016 4886 -365
959 4886 -365
8306 4887 -4599/2500
8305 4887 -4599/2500
8270 4887 -4599/20000
8269 4887 -383373/1000000
8272 4887 -4599/20000
8271 4887 -383189/1000000
8268 4887 -4599/20000
8267 4887 -383189/1000000
1369 4887 -191187/20000
1366 4887 -28137/1250
1345 4887 -73/20
1344 4887 657/2000
1315 4887 365
1304 4887 3139/1000
1289 4887 -365
1232 4887 -365
8308 4888 -4599/2500
8307 4888 -4599/2500
8276 4888 -4599/20000
8275 4888 -383373/1000000
8278 4888 -4599/20000
8277 4888 -383189/1000000
8274 4888 -4599/20000
8273 4888 -383189/1000000
1642 4888 -191187/20000
1639 4888 -28137/1250
1618 4888 -73/20
1617 4888 657/2000
1588 4888 365
1577 4888 3139/1000
1562 4888 -365
1505 4888 -365
8310 4889 -4599/2500
8309 4889 -4599/2500
8282 4889 -4599/20000
8281 4889 -383373/1000000
8284 4889 -4599/20000
8283 4889 -383189/1000000
8280 4889 -4599/20000
8279 4889 -383189/1000000
1915 4889 -191187/20000
1912 4889 -28137/1250
1891 4889 -73/20
1890 4889 657/2000
1861 4889 365
1850 4889 3139/1000
1835 4889 -365
1778 4889 -365
8312 4890 -4599/2500
8311 4890 -4599/2500
8288 4890 -4599/20000
8287 4890 -383373/1000000
8290 4890 -4599/20000
8289 4890 -383189/1000000
8286 4890 -4599/20000
8285 4890 -383189/1000000
2188 4890 -191187/20000
2185 4890 -28137/1250
2164 4890 -73/20
2163 4890 657/2000
2134 4890 365
2123 4890 3139/1000
2108 4890 -365
2051 4890 -365
8314 4891 -4599/2500
8313 4891 -4599/2500
8294 4891 -4599/20000
8293 4891 -383373/1000000
8296 4891 -4599/20000
8295 4891 -383189/1000000
8292 4891 -4599/20000
8291 4891 -383189/1000000
2461 4891 -191187/20000
2458 4891 -28137/1250
2437 4891 -73/20
2436 4891 657/2000
2407 4891 365
2396 4891 3139/1000
2381 4891 -365
2324 4891 -365
8298 4892 -4599/2500
8297 4892 -4599/2500
8246 4892 -4599/20000
8245 4892 -383373/1000000
8248 4892 -4599/20000
8247 4892 -383189/1000000
8244 4892 -4599/20000
8243 4892 -383189/1000000
277 4892 -191187/20000
274 4892 -28137/1250
253 4892 -73/20
252 4892 657/2000
223 4892 365
212 4892 3139/1000
197 4892 -365
141 4892 -365
8298 4893 -4599/2500
8297 4893 -4599/2500
8246 4893 -4599/20000
8245 4893 -383373/1000000
8248 4893 -4599/20000
8247 4893 -383189/1000000
8244 4893 -4599/20000
8243 4893 -383189/1000000
277 4893 -191187/20000
274 4893 -28137/1250
253 4893 -73/20
252 4893 219/400
222 4893 365
212 4893 5913/2000
197 4893 -365
98 4893 -365
8300 4894 -4599/2500
8299 4894 -4599/2500
8252 4894 -4599/20000
8251 4894 -383373/1000000
8254 4894 -4599/20000
8253 4894 -383189/1000000
8250 4894 -4599/20000
8249 4894 -383189/1000000
550 4894 -191187/20000
547 4894 -28137/1250
526 4894 -73/20
525 4894 219/400
495 4894 365
485 4894 5913/2000
470 4894 -365
371 4894 -365
8302 4895 -4599/2500
8301 4895 -4599/2500
8258 4895 -4599/20000
8257 4895 -383373/1000000
8260 4895 -4599/20000
8259 4895 -383189/1000000
8256 4895 -4599/20000
8255 4895 -383189/1000000
823 4895 -191187/20000
820 4895 -28137/1250
799 4895 -73/20
798 4895 219/400
768 4895 365
758 4895 5913/2000
743 4895 -365
644 4895 -365
8304 4896 -4599/2500
8303 4896 -4599/2500
8264 4896 -4599/20000
8263 4896 -383373/1000000
8266 4896 -4599/20000
8265 4896 -383189/1000000
8262 4896 -4599/20000
8261 4896 -383189/1000000
1096 4896 -191187/20000
1093 4896 -28137/1250
1072 4896 -73/20
1071 4896 219/400
1041 4896 365
1031 4896 5913/2000
1016 4896 -365
917 4896 -365
8306 4897 -4599/2500
8305 4897 -4599/2500
8270 4897 -4599/20000
8269 4897 -383373/1000000
8272 4897 -4599/20000
8271 4897 -383189/1000000
8268 4897 -4599/20000
8267 4897 -383189/1000000
1369 4897 -191187/20000
1366 4897 -28137/1250
1345 4897 -73/20
1344 4897 219/400
1314 4897 365
1304 4897 5913/2000
1289 4897 -365
1190 4897 -365
8308 4898 -4599/2500
8307 4898 -4599/2500
8276 4898 -4599/20000
8275 4898 -383373/1000000
8278 4898 -4599/20000
8277 4898 -383189/1000000
8274 4898 -4599/20000
8273 4898 -383189/1000000
1642 4898 -191187/20000
1639 4898 -28137/1250
1618 4898 -73/20
1617 4898 219/400
1587 4898 365
1577 4898 5913/2000
1562 4898 -365
1463 4898 -365
8310 4899 -4599/2500
8309 4899 -4599/2500
8282 4899 -4599/20000
8281 4899 -383373/1000000
8284 4899 -4599/20000
8283 4899 -383189/1000000
8280 4899 -4599/20000
8279 4899 -383189/1000000
1915 4899 -191187/20000
1912 4899 -28137/1250
1891 4899 -73/20
1890 4899 219/400
1860 4899 365
1850 4899 5913/2000
1835 4899 -365
1736 4899 -365
8312 4900 -4599/2500
8311 4900 -4599/2500
8288 4900 -4599/20000
8287 4900 -383373/1000000
8290 4900 -4599/20000
8289 4900 -383189/1000000
8286 4900 -4599/20000
8285 4900 -383189/1000000
2188 4900 -191187/20000
2185 4900 -28137/1250
2164 4900 -73/20
2163 4900 219/400
2133 4900 365
2123 4900 5913/2000
2108 4900 -365
2009 4900 -365
8314 4901 -4599/2500
8313 4901 -4599/2500
8294 4901 -4599/20000
8293 4901 -383373/1000000
8296 4901 -4599/20000
8295 4901 -383189/1000000
8292 4901 -4599/20000
8291 4901 -383189/1000000
2461 4901 -191187/20000
2458 4901 -28137/1250
2437 4901 -73/20
2436 4901 219/400
2406 4901 365
2396 4901 5913/2000
2381 4901 -365
2282 4901 -365
6831 4902 -33799/100
2719 4902 1
6977 4903 -33799/100
2972 4903 1
7133 4904 -33799/100
3237 4904 1
7294 4905 -33799/100
3509 4905 1
7456 4906 -33799/100
3783 4906 1
7623 4907 -33799/100
4062 4907 1
7808 4908 -33799/100
4359 4908 1
7993 4909 -33799/100
4656 4909 1
8178 4910 -33799/100
4953 4910 1
8298 4911 -4599/2500
8297 4911 -4599/2500
8246 4911 -4599/20000
8245 4911 -383373/1000000
8248 4911 -4599/20000
8247 4911 -383189/1000000
8244 4911 -4599/20000
8243 4911 -383189/1000000
277 4911 -191187/20000
274 4911 -28137/1250
253 4911 -1679/2000
252 4911 73/1000
212 4911 511/500
154 4911 -365
126 4911 72927/200
112 4911 -365
8300 4912 -4599/2500
8299 4912 -4599/2500
8252 4912 -4599/20000
8251 4912 -383373/1000000
8254 4912 -4599/20000
8253 4912 -383189/1000000
8250 4912 -4599/20000
8249 4912 -383189/1000000
550 4912 -191187/20000
547 4912 -28137/1250
526 4912 -1679/2000
525 4912 73/1000
485 4912 511/500
427 4912 -365
399 4912 72927/200
385 4912 -365
8302 4913 -4599/2500
8301 4913 -4599/2500
8258 4913 -4599/20000
8257 4913 -383373/1000000
8260 4913 -4599/20000
8259 4913 -383189/1000000
8256 4913 -4599/20000
8255 4913 -383189/1000000
823 4913 -191187/20000
820 4913 -28137/1250
799 4913 -1679/2000
798 4913 73/1000
758 4913 511/500
700 4913 -365
672 4913 72927/200
658 4913 -365
8304 4914 -4599/2500
8303 4914 -4599/2500
8264 4914 -4599/20000
8263 4914 -383373/1000000
8266 4914 -4599/20000
8265 4914 -383189/1000000
8262 4914 -4599/20000
8261 4914 -383189/1000000
1096 4914 -191187/20000
1093 4914 -28137/1250
1072 4914 -1679/2000
1071 4914 73/1000
1031 4914 511/500
973 4914 -365
945 4914 72927/200
931 4914 -365
8306 4915 -4599/2500
8305 4915 -4599/2500
8270 4915 -4599/20000
8269 4915 -383373/1000000
8272 4915 -4599/20000
8271 4915 -383189/1000000
8268 4915 -4599/20000
8267 4915 -383189/1000000
1369 4915 -191187/20000
1366 4915 -28137/1250
1345 4915 -1679/2000
1344 4915 73/1000
1304 4915 511/500
1246 4915 -365
1218 4915 72927/200
1204 4915 -365
8308 4916 -4599/2500
8307 4916 -4599/2500
8276 4916 -4599/20000
8275 4916 -383373/1000000
8278 4916 -4599/20000
8277 4916 -383189/1000000
8274 4916 -4599/20000
8273 4916 -383189/1000000
1642 4916 -191187/20000
1639 4916 -28137/1250
1618 4916 -1679/2000
1617 4916 73/1000
1577 4916 511/500
1519 4916 -365
1491 4916 72927/200
1477 4916 -365
8310 4917 -4599/2500
8309 4917 -4599/2500
8282 4917 -4599/20000
8281 4917 -383373/1000000
8284 4917 -4599/20000
8283 4917 -383189/1000000
8280 4917 -4599/20000
8279 4917 -383189/1000000
1915 4917 -191187/20000
1912 4917 -28137/1250
1891 4917 -1679/2000
1890 4917 73/1000
1850 4917 511/500
1792 4917 -365
1764 4917 72927/200
1750 4917 -365
8312 4918 -4599/2500
8311 4918 -4599/2500
8288 4918 -4599/20000
8287 4918 -383373/1000000
8290 4918 -4599/20000
8289 4918 -383189/1000000
8286 4918 -4599/20000
8285 4918 -383189/1000000
2188 4918 -191187/20000
2185 4918 -28137/1250
2164 4918 -1679/2000
2163 4918 73/1000
2123 4918 511/500
2065 4918 -365
2037 4918 72927/200
2023 4918 -365
8314 4919 -4599/2500
8313 4919 -4599/2500
8294 4919 -4599/20000
8293 4919 -383373/1000000
8296 4919 -4599/20000
8295 4919 -383189/1000000
8292 4919 -4599/20000
8291 4919 -383189/1000000
2461 4919 -191187/20000
2458 4919 -28137/1250
2437 4919 -1679/2000
2436 4919 73/1000
2396 4919 511/500
2338 4919 -365
2310 4919 72927/200
2296 4919 -365
8298 4920 -4599/2500
8297 4920 -4599/2500
8246 4920 -4599/20000
8245 4920 -383373/1000000
8248 4920 -4599/20000
8247 4920 -383189/1000000
8244 4920 -4599/20000
8243 4920 -383189/1000000
277 4920 -191187/20000
274 4920 -28137/1250
253 4920 -1679/2000
252 4920 73/2000
212 4920 2117/2000
153 4920 -365
127 4920 72927/200
112 4920 -365
8300 4921 -4599/2500
8299 4921 -4599/2500
8252 4921 -4599/20000
8251 4921 -383373/1000000
8254 4921 -4599/20000
8253 4921 -383189/1000000
8250 4921 -4599/20000
8249 4921 -383189/1000000
550 4921 -191187/20000
547 4921 -28137/1250
526 4921 -1679/2000
525 4921 73/2000
485 4921 2117/2000
426 4921 -365
400 4921 72927/200
385 4921 -365
8302 4922 -4599/2500
8301 4922 -4599/2500
8258 4922 -4599/20000
8257 4922 -383373/1000000
8260 4922 -4599/20000
8259 4922 -383189/1000000
8256 4922 -4599/20000
8255 4922 -383189/1000000
823 4922 -191187/20000
820 4922 -28137/1250
799 4922 -1679/2000
798 4922 73/2000
758 4922 2117/2000
699 4922 -365
673 4922 72927/200
658 4922 -365
8304 4923 -4599/2500
8303 4923 -4599/2500
8264 4923 -4599/20000
8263 4923 -383373/1000000
8266 4923 -4599/20000
8265 4923 -383189/1000000
8262 4923 -4599/20000
8261 4923 -383189/1000000
1096 4923 -191187/20000
1093 4923 -28137/1250
1072 4923 -1679/2000
1071 4923 73/2000
1031 4923 2117/2000
972 4923 -365
946 4923 72927/200
931 4923 -365
8306 4924 -4599/2500
8305 4924 -4599/2500
8270 4924 -4599/20000
8269 4924 -383373/1000000
8272 4924 -4599/20000
8271 4924 -383189/1000000
8268 4924 -4599/20000
8267 4924 -383189/1000000
1369 4924 -191187/20000
1366 4924 -28137/1250
1345 4924 -1679/2000
1344 4924 73/2000
1304 4924 2117/2000
1245 4924 -365
1219 4924 72927/200
1204 4924 -365
8308 4925 -4599/2500
8307 4925 -4599/2500
8276 4925 -4599/20000
8275 4925 -383373/1000000
8278 4925 -4599/20000
8277 4925 -383189/1000000
8274 4925 -4599/20000
8273 4925 -383189/1000000
1642 4925 -191187/20000
1639 4925 -28137/1250
1618 4925 -1679/2000
1617 4925 73/2000
1577 4925 2117/2000
1518 4925 -365
1492 4925 72927/200
1477 4925 -365
8310 4926 -4599/2500
8309 4926 -4599/2500
8282 4926 -4599/20000
8281 4926 -383373/1000000
8284 4926 -4599/20000
8283 4926 -383189/1000000
8280 4926 -4599/20000
8279 4926 -383189/1000000
1915 4926 -191187/20000
1912 4926 -28137/1250
1891 4926 -1679/2000
1890 4926 73/2000
1850 4926 2117/2000
1791 4926 -365
1765 4926 72927/200
1750 4926 -365
8312 4927 -4599/2500
8311 4927 -4599/2500
8288 4927 -4599/20000
8287 4927 -383373/1000000
8290 4927 -4599/20000
8289 4927 -383189/1000000
8286 4927 -4599/20000
8285 4927 -383189/1000000
2188 4927 -191187/20000
2185 4927 -28137/1250
2164 4927 -1679/2000
2163 4927 73/2000
2123 4927 2117/2000
2064 4927 -365
2038 4927 72927/200
2023 4927 -365
8314 4928 -4599/2500
8313 4928 -4599/2500
8294 4928 -4599/20000
8293 4928 -383373/1000000
8296 4928 -4599/20000
8295 4928 -383189/1000000
8292 4928 -4599/20000
8291 4928 -383189/1000000
2461 4928 -191187/20000
2458 4928 -28137/1250
2437 4928 -1679/2000
2436 4928 73/2000
2396 4928 2117/2000
2337 4928 -365
2311 4928 72927/200
2296 4928 -365
8298 4929 -4599/2500
8297 4929 -4599/2500
8246 4929 -4599/20000
8245 4929 -383373/1000000
8248 4929 -4599/20000
8247 4929 -383189/1000000
8244 4929 -4599/20000
8243 4929 -383189/1000000
277 4929 -191187/20000
274 4929 -28137/1250
253 4929 -1679/2000
252 4929 73/1000
212 4929 511/500
152 4929 -365
126 4929 72927/200
112 4929 -365
8300 4930 -4599/2500
8299 4930 -4599/2500
8252 4930 -4599/20000
8251 4930 -383373/1000000
8254 4930 -4599/20000
8253 4930 -383189/1000000
8250 4930 -4599/20000
8249 4930 -383189/1000000
550 4930 -191187/20000
547 4930 -28137/1250
526 4930 -1679/2000
525 4930 73/1000
485 4930 511/500
425 4930 -365
399 4930 72927/200
385 4930 -365
8302 4931 -4599/2500
8301 4931 -4599/2500
8258 4931 -4599/20000
8257 4931 -383373/1000000
8260 4931 -4599/20000
8259 4931 -383189/1000000
8256 4931 -4599/20000
8255 4931 -383189/1000000
823 4931 -191187/20000
820 4931 -28137/1250
799 4931 -1679/2000
798 4931 73/1000
758 4931 511/500
698 4931 -365
672 4931 72927/200
658 4931 -365
8304 4932 -4599/2500
8303 4932 -4599/2500
8264 4932 -4599/20000
8263 4932 -383373/1000000
8266 4932 -4599/20000
8265 4932 -383189/1000000
8262 4932 -4599/20000
8261 4932 -383189/1000000
1096 4932 -191187/20000
1093 4932 -28137/1250
1072 4932 -1679/2000
1071 4932 73/1000
1031 4932 511/500
971 4932 -365
945 4932 72927/200
931 4932 -365
8306 4933 -4599/2500
8305 4933 -4599/2500
8270 4933 -4599/20000
8269 4933 -383373/1000000
8272 4933 -4599/20000
8271 4933 -383189/1000000
8268 4933 -4599/20000
8267 4933 -383189/1000000
1369 4933 -191187/20000
1366 4933 -28137/1250
1345 4933 -1679/2000
1344 4933 73/1000
1304 4933 511/500
1244 4933 -365
1218 4933 72927/200
1204 4933 -365
8308 4934 -4599/2500
8307 4934 -4599/2500
8276 4934 -4599/20000
8275 4934 -383373/1000000
8278 4934 -4599/20000
8277 4934 -383189/1000000
8274 4934 -4599/20000
8273 4934 -383189/1000000
1642 4934 -191187/20000
1639 4934 -28137/1250
1618 4934 -1679/2000
1617 4934 73/1000
1577 4934 511/500
1517 4934 -365
1491 4934 72927/200
1477 4934 -365
8310 4935 -4599/2500
8309 4935 -4599/2500
8282 4935 -4599/20000
8281 4935 -383373/1000000
8284 4935 -4599/20000
8283 4935 -383189/1000000
8280 4935 -4599/20000
8279 4935 -383189/1000000
1915 4935 -191187/20000
1912 4935 -28137/1250
1891 4935 -1679/2000
1890 4935 73/1000
1850 4935 511/500
1790 4935 -365
1764 4935 72927/200
1750 4935 -365
8312 4936 -4599/2500
8311 4936 -4599/2500
8288 4936 -4599/20000
8287 4936 -383373/1000000
8290 4936 -4599/20000
8289 4936 -383189/1000000
8286 4936 -4599/20000
8285 4936 -383189/1000000
2188 4936 -191187/20000
2185 4936 -28137/1250
2164 4936 -1679/2000
2163 4936 73/1000
2123 4936 511/500
2063 4936 -365
2037 4936 72927/200
2023 4936 -365
8314 4937 -4599/2500
8313 4937 -4599/2500
8294 4937 -4599/20000
8293 4937 -383373/1000000
8296 4937 -4599/20000
8295 4937 -383189/1000000
8292 4937 -4599/20000
8291 4937 -383189/1000000
2461 4937 -191187/20000
2458 4937 -28137/1250
2437 4937 -1679/2000
2436 4937 73/1000
2396 4937 511/500
2336 4937 -365
2310 4937 72927/200
2296 4937 -365
8298 4938 -4599/2500
8297 4938 -4599/2500
8246 4938 -4599/20000
8245 4938 -383373/1000000
8248 4938 -4599/20000
8247 4938 -383189/1000000
8244 4938 -4599/20000
8243 4938 -383189/1000000
277 4938 -191187/20000
274 4938 -28137/1250
253 4938 -1241/1000
252 4938 73/250
212 4938 73/50
162 4938 -365
122 4938 36427/100
112 4938 -365
8300 4939 -4599/2500
8299 4939 -4599/2500
8252 4939 -4599/20000
8251 4939 -383373/1000000
8254 4939 -4599/20000
8253 4939 -383189/1000000
8250 4939 -4599/20000
8249 4939 -383189/1000000
550 4939 -191187/20000
547 4939 -28137/1250
526 4939 -1241/1000
525 4939 73/250
485 4939 73/50
435 4939 -365
395 4939 36427/100
385 4939 -365
8302 4940 -4599/2500
8301 4940 -4599/2500
8258 4940 -4599/20000
8257 4940 -383373/1000000
8260 4940 -4599/20000
8259 4940 -383189/1000000
8256 4940 -4599/20000
8255 4940 -383189/1000000
823 4940 -191187/20000
820 4940 -28137/1250
799 4940 -1241/1000
798 4940 73/250
758 4940 73/50
708 4940 -365
668 4940 36427/100
658 4940 -365
8304 4941 -4599/2500
8303 4941 -4599/2500
8264 4941 -4599/20000
8263 4941 -383373/1000000
8266 4941 -4599/20000
8265 4941 -383189/1000000
8262 4941 -4599/20000
8261 4941 -383189/1000000
1096 4941 -191187/20000
1093 4941 -28137/1250
1072 4941 -1241/1000
1071 4941 73/250
1031 4941 73/50
981 4941 -365
941 4941 36427/100
931 4941 -365
8306 4942 -4599/2500
8305 4942 -4599/2500
8270 4942 -4599/20000
8269 4942 -383373/1000000
8272 4942 -4599/20000
8271 4942 -383189/1000000
8268 4942 -4599/20000
8267 4942 -383189/1000000
1369 4942 -191187/20000
1366 4942 -28137/1250
1345 4942 -1241/1000
1344 4942 73/250
1304 4942 73/50
1254 4942 -365
1214 4942 36427/100
1204 4942 -365
8308 4943 -4599/2500
8307 4943 -4599/2500
8276 4943 -4599/20000
8275 4943 -383373/1000000
8278 4943 -4599/20000
8277 4943 -383189/1000000
8274 4943 -4599/20000
8273 4943 -383189/1000000
1642 4943 -191187/20000
1639 4943 -28137/1250
1618 4943 -1241/1000
1617 4943 73/250
1577 4943 73/50
1527 4943 -365
1487 4943 36427/100
1477 4943 -365
8310 4944 -4599/2500
8309 4944 -4599/2500
8282 4944 -4599/20000
8281 4944 -383373/1000000
8284 4944 -4599/20000
8283 4944 -383189/1000000
8280 4944 -4599/20000
8279 4944 -383189/1000000
1915 4944 -191187/20000
1912 4944 -28137/1250
1891 4944 -1241/1000
1890 4944 73/250
1850 4944 73/50
1800 4944 -365
1760 4944 36427/100
1750 4944 -365
8312 4945 -4599/2500
8311 4945 -4599/2500
8288 4945 -4599/20000
8287 4945 -383373/1000000
8290 4945 -4599/20000
8289 4945 -383189/1000000
8286 4945 -4599/20000
8285 4945 -383189/1000000
2188 4945 -191187/20000
2185 4945 -28137/1250
2164 4945 -1241/1000
2163 4945 73/250
2123 4945 73/50
2073 4945 -365
2033 4945 36427/100
2023 4945 -365
8314 4946 -4599/2500
8313 4946 -4599/2500
8294 4946 -4599/20000
8293 4946 -383373/1000000
8296 4946 -4599/20000
8295 4946 -383189/1000000
8292 4946 -4599/20000
8291 4946 -383189/1000000
2461 4946 -191187/20000
2458 4946 -28137/1250
2437 4946 -1241/1000
2436 4946 73/250
2396 4946 73/50
2346 4946 -365
2306 4946 36427/100
2296 4946 -365
8298 4947 -4599/2500
8297 4947 -4599/2500
8246 4947 -4599/20000
8245 4947 -383373/1000000
8248 4947 -4599/20000
8247 4947 -383189/1000000
8244 4947 -4599/20000
8243 4947 -383189/1000000
277 4947 -191187/20000
274 4947 -28137/1250
253 4947 -73/80
252 4947 219/2000
212 4947 511/400
160 4947 -365
121 4947 36427/100
112 4947 -365
8300 4948 -4599/2500
8299 4948 -4599/2500
8252 4948 -4599/20000
8251 4948 -383373/1000000
8254 4948 -4599/20000
8253 4948 -383189/1000000
8250 4948 -4599/20000
8249 4948 -383189/1000000
550 4948 -191187/20000
547 4948 -28137/1250
526 4948 -73/80
525 4948 219/2000
485 4948 511/400
433 4948 -365
394 4948 36427/100
385 4948 -365
8302 4949 -4599/2500
8301 4949 -4599/2500
8258 4949 -4599/20000
8257 4949 -383373/1000000
8260 4949 -4599/20000
8259 4949 -383189/1000000
8256 4949 -4599/20000
8255 4949 -383189/1000000
823 4949 -191187/20000
820 4949 -28137/1250
799 4949 -73/80
798 4949 219/2000
758 4949 511/400
706 4949 -365
667 4949 36427/100
658 4949 -365
8304 4950 -4599/2500
8303 4950 -4599/2500
8264 4950 -4599/20000
8263 4950 -383373/1000000
8266 4950 -4599/20000
8265 4950 -383189/1000000
8262 4950 -4599/20000
8261 4950 -383189/1000000
1096 4950 -191187/20000
1093 4950 -28137/1250
1072 4950 -73/80
1071 4950 219/2000
1031 4950 511/400
979 4950 -365
940 4950 36427/100
931 4950 -365
8306 4951 -4599/2500
8305 4951 -4599/2500
8270 4951 -4599/20000
8269 4951 -383373/1000000
8272 4951 -4599/20000
8271 4951 -383189/1000000
8268 4951 -4599/20000
8267 4951 -383189/1000000
1369 4951 -191187/20000
1366 4951 -28137/1250
1345 4951 -73/80
1344 4951 219/2000
1304 4951 511/400
1252 4951 -365
1213 4951 36427/100
1204 4951 -365
8308 4952 -4599/2500
8307 4952 -4599/2500
8276 4952 -4599/20000
8275 4952 -383373/1000000
8278 4952 -4599/20000
8277 4952 -383189/1000000
8274 4952 -4599/20000
8273 4952 -383189/1000000
1642 4952 -191187/20000
1639 4952 -28137/1250
1618 4952 -73/80
1617 4952 219/2000
1577 4952 511/400
1525 4952 -365
1486 4952 36427/100
1477 4952 -365
8310 4953 -4599/2500
8309 4953 -4599/2500
8282 4953 -4599/20000
8281 4953 -383373/1000000
8284 4953 -4599/20000
8283 4953 -383189/1000000
8280 4953 -4599/20000
8279 4953 -383189/1000000
1915 4953 -191187/20000
1912 4953 -28137/1250
1891 4953 -73/80
1890 4953 219/2000
1850 4953 511/400
1798 4953 -365
1759 4953 36427/100
1750 4953 -365
8312 4954 -4599/2500
8311 4954 -4599/2500
8288 4954 -4599/20000
8287 4954 -383373/1000000
8290 4954 -4599/20000
8289 4954 -383189/1000000
8286 4954 -4599/20000
8285 4954 -383189/1000000
2188 4954 -191187/20000
2185 4954 -28137/1250
2164 4954 -73/80
2163 4954 219/2000
2123 4954 511/400
2071 4954 -365
2032 4954 36427/100
2023 4954 -365
8314 4955 -4599/2500
8313 4955 -4599/2500
8294 4955 -4599/20000
8293 4955 -383373/1000000
8296 4955 -4599/20000
8295 4955 -383189/1000000
8292 4955 -4599/20000
8291 4955 -383189/1000000
2461 4955 -191187/20000
2458 4955 -28137/1250
2437 4955 -73/80
2436 4955 219/2000
2396 4955 511/400
2344 4955 -365
2305 4955 36427/100
2296 4955 -365
8298 4956 -4599/2500
8297 4956 -4599/2500
8246 4956 -4599/20000
8245 4956 -383373/1000000
8248 4956 -4599/20000
8247 4956 -383189/1000000
8244 4956 -4599/20000
8243 4956 -383189/1000000
277 4956 -191187/20000
274 4956 -28137/1250
253 4956 -2701/1000
252 4956 2409/2000
212 4956 73/40
120 4956 -365
112 4956 -365
110 4956 36427/100
8300 4957 -4599/2500
8299 4957 -4599/2500
8252 4957 -4599/20000
8251 4957 -383373/1000000
8254 4957 -4599/20000
8253 4957 -383189/1000000
8250 4957 -4599/20000
8249 4957 -383189/1000000
550 4957 -191187/20000
547 4957 -28137/1250
526 4957 -2701/1000
525 4957 2409/2000
485 4957 73/40
393 4957 -365
385 4957 -365
383 4957 36427/100
8302 4958 -4599/2500
8301 4958 -4599/2500
8258 4958 -4599/20000
8257 4958 -383373/1000000
8260 4958 -4599/20000
8259 4958 -383189/1000000
8256 4958 -4599/20000
8255 4958 -383189/1000000
823 4958 -191187/20000
820 4958 -28137/1250
799 4958 -2701/1000
798 4958 2409/2000
758 4958 73/40
666 4958 -365
658 4958 -365
656 4958 36427/100
8304 4959 -4599/2500
8303 4959 -4599/2500
8264 4959 -4599/20000
8263 4959 -383373/1000000
8266 4959 -4599/20000
8265 4959 -383189/1000000
8262 4959 -4599/20000
8261 4959 -383189/1000000
1096 4959 -191187/20000
1093 4959 -28137/1250
1072 4959 -2701/1000
1071 4959 2409/2000
1031 4959 73/40
939 4959 -365
931 4959 -365
929 4959 36427/100
8306 4960 -4599/2500
8305 4960 -4599/2500
8270 4960 -4599/20000
8269 4960 -383373/1000000
8272 4960 -4599/20000
8271 4960 -383189/1000000
8268 4960 -4599/20000
8267 4960 -383189/1000000
1369 4960 -191187/20000
1366 4960 -28137/1250
1345 4960 -2701/1000
1344 4960 2409/2000
1304 4960 73/40
1212 4960 -365
1204 4960 -365
1202 4960 36427/100
8308 4961 -4599/2500
8307 4961 -4599/2500
8276 4961 -4599/20000
8275 4961 -383373/1000000
8278 4961 -4599/20000
8277 4961 -383189/1000000
8274 4961 -4599/20000
8273 4961 -383189/1000000
1642 4961 -191187/20000
1639 4961 -28137/1250
1618 4961 -2701/1000
1617 4961 2409/2000
1577 4961 73/40
1485 4961 -365
1477 4961 -365
1475 4961 36427/100
8310 4962 -4599/2500
8309 4962 -4599/2500
8282 4962 -4599/20000
8281 4962 -383373/1000000
8284 4962 -4599/20000
8283 4962 -383189/1000000
8280 4962 -4599/20000
8279 4962 -383189/1000000
1915 4962 -191187/20000
1912 4962 -28137/1250
1891 4962 -2701/1000
1890 4962 2409/2000
1850 4962 73/40
1758 4962 -365
1750 4962 -365
1748 4962 36427/100
8312 4963 -4599/2500
8311 4963 -4599/2500
8288 4963 -4599/20000
8287 4963 -383373/1000000
8290 4963 -4599/20000
8289 4963 -383189/1000000
8286 4963 -4599/20000
8285 4963 -383189/1000000
2188 4963 -191187/20000
2185 4963 -28137/1250
2164 4963 -2701/1000
2163 4963 2409/2000
2123 4963 73/40
2031 4963 -365
2023 4963 -365
2021 4963 36427/100
8314 4964 -4599/2500
8313 4964 -4599/2500
8294 4964 -4599/20000
8293 4964 -383373/1000000
8296 4964 -4599/20000
8295 4964 -383189/1000000
8292 4964 -4599/20000
8291 4964 -383189/1000000
2461 4964 -191187/20000
2458 4964 -28137/1250
2437 4964 -2701/1000
2436 4964 2409/2000
2396 4964 73/40
2304 4964 -365
2296 4964 -365
2294 4964 36427/100
8298 4965 -4599/2500
8297 4965 -4599/2500
8246 4965 -4599/20000
8245 4965 -383373/1000000
8248 4965 -4599/20000
8247 4965 -383189/1000000
8244 4965 -4599/20000
8243 4965 -383189/1000000
277 4965 -191187/20000
274 4965 -28137/1250
253 4965 -219/125
252 4965 73/100
212 4965 73/50
125 4965 -365
112 4965 -365
111 4965 36427/200
110 4965 36427/200
8300 4966 -4599/2500
8299 4966 -4599/2500
8252 4966 -4599/20000
8251 4966 -383373/1000000
8254 4966 -4599/20000
8253 4966 -383189/1000000
8250 4966 -4599/20000
8249 4966 -383189/1000000
550 4966 -191187/20000
547 4966 -28137/1250
526 4966 -219/125
525 4966 73/100
485 4966 73/50
398 4966 -365
385 4966 -365
384 4966 36427/200
383 4966 36427/200
8302 4967 -4599/2500
8301 4967 -4599/2500
8258 4967 -4599/20000
8257 4967 -383373/1000000
8260 4967 -4599/20000
8259 4967 -383189/1000000
8256 4967 -4599/20000
8255 4967 -383189/1000000
823 4967 -191187/20000
820 4967 -28137/1250
799 4967 -219/125
798 4967 73/100
758 4967 73/50
671 4967 -365
658 4967 -365
657 4967 36427/200
656 4967 36427/200
8304 4968 -4599/2500
8303 4968 -4599/2500
8264 4968 -4599/20000
8263 4968 -383373/1000000
8266 4968 -4599/20000
8265 4968 -383189/1000000
8262 4968 -4599/20000
8261 4968 -383189/1000000
1096 4968 -191187/20000
1093 4968 -28137/1250
1072 4968 -219/125
1071 4968 73/100
1031 4968 73/50
944 4968 -365
931 4968 -365
930 4968 36427/200
929 4968 36427/200
8306 4969 -4599/2500
8305 4969 -4599/2500
8270 4969 -4599/20000
8269 4969 -383373/1000000
8272 4969 -4599/20000
8271 4969 -383189/1000000
8268 4969 -4599/20000
8267 4969 -383189/1000000
1369 4969 -191187/20000
1366 4969 -28137/1250
1345 4969 -219/125
1344 4969 73/100
1304 4969 73/50
1217 4969 -365
1204 4969 -365
1203 4969 36427/200
1202 4969 36427/200
8308 4970 -4599/2500
8307 4970 -4599/2500
8276 4970 -4599/20000
8275 4970 -383373/1000000
8278 4970 -4599/20000
8277 4970 -383189/1000000
8274 4970 -4599/20000
8273 4970 -383189/1000000
1642 4970 -191187/20000
1639 4970 -28137/1250
1618 4970 -219/125
1617 4970 73/100
1577 4970 73/50
1490 4970 -365
1477 4970 -365
1476 4970 36427/200
1475 4970 36427/200
8310 4971 -4599/2500
8309 4971 -4599/2500
8282 4971 -4599/20000
8281 4971 -383373/1000000
8284 4971 -4599/20000
8283 4971 -383189/1000000
8280 4971 -4599/20000
8279 4971 -383189/1000000
1915 4971 -191187/20000
1912 4971 -28137/1250
1891 4971 -219/125
1890 4971 73/100
1850 4971 73/50
1763 4971 -365
1750 4971 -365
1749 4971 36427/200
1748 4971 36427/200
8312 4972 -4599/2500
8311 4972 -4599/2500
8288 4972 -4599/20000
8287 4972 -383373/1000000
8290 4972 -4599/20000
8289 4972 -383189/1000000
8286 4972 -4599/20000
8285 4972 -383189/1000000
2188 4972 -191187/20000
2185 4972 -28137/1250
2164 4972 -219/125
2163 4972 73/100
2123 4972 73/50
2036 4972 -365
2023 4972 -365
2022 4972 36427/200
2021 4972 36427/200
8314 4973 -4599/2500
8313 4973 -4599/2500
8294 4973 -4599/20000
8293 4973 -383373/1000000
8296 4973 -4599/20000
8295 4973 -383189/1000000
8292 4973 -4599/20000
8291 4973 -383189/1000000
2461 4973 -191187/20000
2458 4973 -28137/1250
2437 4973 -219/125
2436 4973 73/100
2396 4973 73/50
2309 4973 -365
2296 4973 -365
2295 4973 36427/200
2294 4973 36427/200
8302 4974 -4599/2500
8301 4974 -4599/2500
8258 4974 -4599/20000
8257 4974 -383373/1000000
8260 4974 -4599/20000
8259 4974 -383189/1000000
8256 4974 -4599/20000
8255 4974 -383189/1000000
823 4974 -191187/20000
820 4974 -28137/1250
799 4974 -219/125
798 4974 219/500
758 4974 219/125
675 4974 -365
658 4974 -365
656 4974 36427/100
8314 4975 -4599/2500
8313 4975 -4599/2500
8294 4975 -4599/20000
8293 4975 -383373/1000000
8296 4975 -4599/20000
8295 4975 -383189/1000000
8292 4975 -4599/20000
8291 4975 -383189/1000000
2461 4975 -191187/20000
2458 4975 -28137/1250
2437 4975 -219/125
2436 4975 219/500
2396 4975 219/125
2313 4975 -365
2296 4975 -365
2294 4975 36427/100
8304 4976 -4599/2500
8303 4976 -4599/2500
8264 4976 -4599/20000
8263 4976 -383373/1000000
8266 4976 -4599/20000
8265 4976 -383189/1000000
8262 4976 -4599/20000
8261 4976 -383189/1000000
1096 4976 -191187/20000
1093 4976 -28137/1250
1072 4976 -5037/1000
1071 4976 73/200
1031 4976 219/50
985 4976 -365
931 4976 -365
928 4976 73073/200
8308 4977 -4599/2500
8307 4977 -4599/2500
8276 4977 -4599/20000
8275 4977 -383373/1000000
8278 4977 -4599/20000
8277 4977 -383189/1000000
8274 4977 -4599/20000
8273 4977 -383189/1000000
1642 4977 -191187/20000
1639 4977 -28137/1250
1618 4977 -5037/1000
1617 4977 73/200
1577 4977 219/50
1531 4977 -365
1477 4977 -365
1474 4977 73073/200
8310 4978 -4599/2500
8309 4978 -4599/2500
8282 4978 -4599/20000
8281 4978 -383373/1000000
8284 4978 -4599/20000
8283 4978 -383189/1000000
8280 4978 -4599/20000
8279 4978 -383189/1000000
1915 4978 -191187/20000
1912 4978 -28137/1250
1891 4978 -5037/1000
1890 4978 73/200
1850 4978 219/50
1804 4978 -365
1750 4978 -365
1747 4978 73073/200
8314 4979 -4599/2500
8313 4979 -4599/2500
8294 4979 -4599/20000
8293 4979 -383373/1000000
8296 4979 -4599/20000
8295 4979 -383189/1000000
8292 4979 -4599/20000
8291 4979 -383189/1000000
2461 4979 -191187/20000
2458 4979 -28137/1250
2437 4979 -5037/1000
2436 4979 73/200
2396 4979 219/50
2350 4979 -365
2296 4979 -365
2293 4979 73073/200
8298 4980 -4599/2500
8297 4980 -4599/2500
8246 4980 -4599/20000
8245 4980 -383373/1000000
8248 4980 -4599/20000
8247 4980 -383189/1000000
8244 4980 -4599/20000
8243 4980 -383189/1000000
277 4980 -191187/20000
274 4980 -28137/1250
253 4980 -803/125
252 4980 219/125
212 4980 4307/1000
165 4980 -365
112 4980 -365
108 4980 73073/200
8300 4981 -4599/2500
8299 4981 -4599/2500
8252 4981 -4599/20000
8251 4981 -383373/1000000
8254 4981 -4599/20000
8253 4981 -383189/1000000
8250 4981 -4599/20000
8249 4981 -383189/1000000
550 4981 -191187/20000
547 4981 -28137/1250
526 4981 -803/125
525 4981 219/125
485 4981 4307/1000
438 4981 -365
385 4981 -365
381 4981 73073/200
8302 4982 -4599/2500
8301 4982 -4599/2500
8258 4982 -4599/20000
8257 4982 -383373/1000000
8260 4982 -4599/20000
8259 4982 -383189/1000000
8256 4982 -4599/20000
8255 4982 -383189/1000000
823 4982 -191187/20000
820 4982 -28137/1250
799 4982 -803/125
798 4982 219/125
758 4982 4307/1000
711 4982 -365
658 4982 -365
654 4982 73073/200
8304 4983 -4599/2500
8303 4983 -4599/2500
8264 4983 -4599/20000
8263 4983 -383373/1000000
8266 4983 -4599/20000
8265 4983 -383189/1000000
8262 4983 -4599/20000
8261 4983 -383189/1000000
1096 4983 -191187/20000
1093 4983 -28137/1250
1072 4983 -803/125
1071 4983 219/125
1031 4983 4307/1000
984 4983 -365
931 4983 -365
927 4983 73073/200
8306 4984 -4599/2500
8305 4984 -4599/2500
8270 4984 -4599/20000
8269 4984 -383373/1000000
8272 4984 -4599/20000
8271 4984 -383189/1000000
8268 4984 -4599/20000
8267 4984 -383189/1000000
1369 4984 -191187/20000
1366 4984 -28137/1250
1345 4984 -803/125
1344 4984 219/125
1304 4984 4307/1000
1257 4984 -365
1204 4984 -365
1200 4984 73073/200
8308 4985 -4599/2500
8307 4985 -4599/2500
8276 4985 -4599/20000
8275 4985 -383373/1000000
8278 4985 -4599/20000
8277 4985 -383189/1000000
8274 4985 -4599/20000
8273 4985 -383189/1000000
1642 4985 -191187/20000
1639 4985 -28137/1250
1618 4985 -803/125
1617 4985 219/125
1577 4985 4307/1000
1530 4985 -365
1477 4985 -365
1473 4985 73073/200
8310 4986 -4599/2500
8309 4986 -4599/2500
8282 4986 -4599/20000
8281 4986 -383373/1000000
8284 4986 -4599/20000
8283 4986 -383189/1000000
8280 4986 -4599/20000
8279 4986 -383189/1000000
1915 4986 -191187/20000
1912 4986 -28137/1250
1891 4986 -803/125
1890 4986 219/125
1850 4986 4307/1000
1803 4986 -365
1750 4986 -365
1746 4986 73073/200
8314 4987 -4599/2500
8313 4987 -4599/2500
8294 4987 -4599/20000
8293 4987 -383373/1000000
8296 4987 -4599/20000
8295 4987 -383189/1000000
8292 4987 -4599/20000
8291 4987 -383189/1000000
2461 4987 -191187/20000
2458 4987 -28137/1250
2437 4987 -803/125
2436 4987 219/125
2396 4987 4307/1000
2349 4987 -365
2296 4987 -365
2292 4987 73073/200
8298 4988 -4599/2500
8297 4988 -4599/2500
8246 4988 -4599/20000
8245 4988 -383373/1000000
8248 4988 -4599/20000
8247 4988 -383189/1000000
8244 4988 -4599/20000
8243 4988 -383189/1000000
277 4988 -191187/20000
274 4988 -28137/1250
253 4988 -14673/625
252 4988 4161/2000
212 4988 1679/500
145 4988 -365
133 4988 73073/200
112 4988 -365
8300 4989 -4599/2500
8299 4989 -4599/2500
8252 4989 -4599/20000
8251 4989 -383373/1000000
8254 4989 -4599/20000
8253 4989 -383189/1000000
8250 4989 -4599/20000
8249 4989 -383189/1000000
550 4989 -191187/20000
547 4989 -28137/1250
526 4989 -14673/625
525 4989 4161/2000
485 4989 1679/500
418 4989 -365
406 4989 73073/200
385 4989 -365
8302 4990 -4599/2500
8301 4990 -4599/2500
8258 4990 -4599/20000
8257 4990 -383373/1000000
8260 4990 -4599/20000
8259 4990 -383189/1000000
8256 4990 -4599/20000
8255 4990 -383189/1000000
823 4990 -191187/20000
820 4990 -28137/1250
799 4990 -14673/625
798 4990 4161/2000
758 4990 1679/500
691 4990 -365
679 4990 73073/200
658 4990 -365
8304 4991 -4599/2500
8303 4991 -4599/2500
8264 4991 -4599/20000
8263 4991 -383373/1000000
8266 4991 -4599/20000
8265 4991 -383189/1000000
8262 4991 -4599/20000
8261 4991 -383189/1000000
1096 4991 -191187/20000
1093 4991 -28137/1250
1072 4991 -14673/625
1071 4991 4161/2000
1031 4991 1679/500
964 4991 -365
952 4991 73073/200
931 4991 -365
8306 4992 -4599/2500
8305 4992 -4599/2500
8270 4992 -4599/20000
8269 4992 -383373/1000000
8272 4992 -4599/20000
8271 4992 -383189/1000000
8268 4992 -4599/20000
8267 4992 -383189/1000000
1369 4992 -191187/20000
1366 4992 -28137/1250
1345 4992 -14673/625
1344 4992 4161/2000
1304 4992 1679/500
1237 4992 -365
1225 4992 73073/200
1204 4992 -365
8308 4993 -4599/2500
8307 4993 -4599/2500
8276 4993 -4599/20000
8275 4993 -383373/1000000
8278 4993 -4599/20000
8277 4993 -383189/1000000
8274 4993 -4599/20000
8273 4993 -383189/1000000
1642 4993 -191187/20000
1639 4993 -28137/1250
1618 4993 -14673/625
1617 4993 4161/2000
1577 4993 1679/500
1510 4993 -365
1498 4993 73073/200
1477 4993 -365
8310 4994 -4599/2500
8309 4994 -4599/2500
8282 4994 -4599/20000
8281 4994 -383373/1000000
8284 4994 -4599/20000
8283 4994 -383189/1000000
8280 4994 -4599/20000
8279 4994 -383189/1000000
1915 4994 -191187/20000
1912 4994 -28137/1250
1891 4994 -14673/625
1890 4994 4161/2000
1850 4994 1679/500
1783 4994 -365
1771 4994 73073/200
1750 4994 -365
8312 4995 -4599/2500
8311 4995 -4599/2500
8288 4995 -4599/20000
8287 4995 -383373/1000000
8290 4995 -4599/20000
8289 4995 -383189/1000000
8286 4995 -4599/20000
8285 4995 -383189/1000000
2188 4995 -191187/20000
2185 4995 -28137/1250
2164 4995 -14673/625
2163 4995 4161/2000
2123 4995 1679/500
2056 4995 -365
2044 4995 73073/200
2023 4995 -365
8314 4996 -4599/2500
8313 4996 -4599/2500
8294 4996 -4599/20000
8293 4996 -383373/1000000
8296 4996 -4599/20000
8295 4996 -383189/1000000
8292 4996 -4599/20000
8291 4996 -383189/1000000
2461 4996 -191187/20000
2458 4996 -28137/1250
2437 4996 -14673/625
2436 4996 4161/2000
2396 4996 1679/500
2329 4996 -365
2317 4996 73073/200
2296 4996 -365
6978 4997 -8249/25
2973 4997 1
7134 4998 -8249/25
3238 4998 1
7295 4999 -8249/25
3510 4999 1
7457 5000 -8249/25
3784 5000 1
7624 5001 -8249/25
4063 5001 1
7809 5002 -8249/25
4360 5002 1
7994 5003 -8249/25
4657 5003 1
8179 5004 -8249/25
4954 5004 1
8300 5005 -20367/1000
8299 5005 -20367/1000
8252 5005 -20367/8000
8251 5005 -4244483/1000000
8254 5005 -20367/8000
8253 5005 -2121223/500000
8250 5005 -20367/8000
8249 5005 -2121223/500000
550 5005 -4553/200
547 5005 -4453/40
526 5005 -1387/100
525 5005 73/25
510 5005 219/200
508 5005 -365
494 5005 -365
485 5005 73/40
469 5005 219/200
428 5005 73/100
404 5005 36573/200
403 5005 365/2
371 5005 219/100
367 5005 73/40
8302 5006 -20367/1000
8301 5006 -20367/1000
8258 5006 -20367/8000
8257 5006 -4244483/1000000
8260 5006 -20367/8000
8259 5006 -2121223/500000
8256 5006 -20367/8000
8255 5006 -2121223/500000
823 5006 -4553/200
820 5006 -4453/40
799 5006 -1387/100
798 5006 73/25
783 5006 219/200
781 5006 -365
767 5006 -365
758 5006 73/40
742 5006 219/200
701 5006 73/100
677 5006 36573/200
676 5006 365/2
644 5006 219/100
640 5006 73/40
8304 5007 -20367/1000
8303 5007 -20367/1000
8264 5007 -20367/8000
8263 5007 -4244483/1000000
8266 5007 -20367/8000
8265 5007 -2121223/500000
8262 5007 -20367/8000
8261 5007 -2121223/500000
1096 5007 -4553/200
1093 5007 -4453/40
1072 5007 -1387/100
1071 5007 73/25
1056 5007 219/200
1054 5007 -365
1040 5007 -365
1031 5007 73/40
1015 5007 219/200
974 5007 73/100
950 5007 36573/200
949 5007 365/2
917 5007 219/100
913 5007 73/40
8306 5008 -20367/1000
8305 5008 -20367/1000
8270 5008 -20367/8000
8269 5008 -4244483/1000000
8272 5008 -20367/8000
8271 5008 -2121223/500000
8268 5008 -20367/8000
8267 5008 -2121223/500000
1369 5008 -4553/200
1366 5008 -4453/40
1345 5008 -1387/100
1344 5008 73/25
1329 5008 219/200
1327 5008 -365
1313 5008 -365
1304 5008 73/40
1288 5008 219/200
1247 5008 73/100
1223 5008 36573/200
1222 5008 365/2
1190 5008 219/100
1186 5008 73/40
8308 5009 -20367/1000
8307 5009 -20367/1000
8276 5009 -20367/8000
8275 5009 -4244483/1000000
8278 5009 -20367/8000
8277 5009 -2121223/500000
8274 5009 -20367/8000
8273 5009 -2121223/500000
1642 5009 -4553/200
1639 5009 -4453/40
1618 5009 -1387/100
1617 5009 73/25
1602 5009 219/200
1600 5009 -365
1586 5009 -365
1577 5009 73/40
1561 5009 219/200
1520 5009 73/100
1496 5009 36573/200
1495 5009 365/2
1463 5009 219/100
1459 5009 73/40
8310 5010 -20367/1000
8309 5010 -20367/1000
8282 5010 -20367/8000
8281 5010 -4244483/1000000
8284 5010 -20367/8000
8283 5010 -2121223/500000
8280 5010 -20367/8000
8279 5010 -2121223/500000
1915 5010 -4553/200
1912 5010 -4453/40
1891 5010 -1387/100
1890 5010 73/25
1875 5010 219/200
1873 5010 -365
1859 5010 -365
1850 5010 73/40
1834 5010 219/200
1793 5010 73/100
1769 5010 36573/200
1768 5010 365/2
1736 5010 219/100
1732 5010 73/40
8312 5011 -20367/1000
8311 5011 -20367/1000
8288 5011 -20367/8000
8287 5011 -4244483/1000000
8290 5011 -20367/8000
8289 5011 -2121223/500000
8286 5011 -20367/8000
8285 5011 -2121223/500000
2188 5011 -4553/200
2185 5011 -4453/40
2164 5011 -1387/100
2163 5011 73/25
2148 5011 219/200
2146 5011 -365
2132 5011 -365
2123 5011 73/40
2107 5011 219/200
2066 5011 73/100
2042 5011 36573/200
2041 5011 365/2
2009 5011 219/100
2005 5011 73/40
8314 5012 -20367/1000
8313 5012 -20367/1000
8294 5012 -20367/8000
8293 5012 -4244483/1000000
8296 5012 -20367/8000
8295 5012 -2121223/500000
8292 5012 -20367/8000
8291 5012 -2121223/500000
2461 5012 -4553/200
2458 5012 -4453/40
2437 5012 -1387/100
2436 5012 73/25
2421 5012 219/200
2419 5012 -365
2405 5012 -365
2396 5012 73/40
2380 5012 219/200
2339 5012 73/100
2315 5012 36573/200
2314 5012 365/2
2282 5012 219/100
2278 5012 73/40
8300 5013 -20367/1000
8299 5013 -20367/1000
8252 5013 -20367/8000
8251 5013 -4244483/1000000
8254 5013 -20367/8000
8253 5013 -2121223/500000
8250 5013 -20367/8000
8249 5013 -2121223/500000
550 5013 -4553/200
547 5013 -4453/40
526 5013 -1387/100
525 5013 73/25
510 5013 219/200
494 5013 -365
485 5013 73/40
469 5013 219/200
428 5013 73/100
418 5013 -1241/5
392 5013 73073/200
371 5013 219/100
367 5013 73/40
364 5013 -584/5
8304 5014 -20367/1000
8303 5014 -20367/1000
8264 5014 -20367/8000
8263 5014 -4244483/1000000
8266 5014 -20367/8000
8265 5014 -2121223/500000
8262 5014 -20367/8000
8261 5014 -2121223/500000
1096 5014 -4553/200
1093 5014 -4453/40
1072 5014 -1387/100
1071 5014 73/25
1056 5014 219/200
1040 5014 -365
1031 5014 73/40
1015 5014 219/200
974 5014 73/100
964 5014 -1241/5
938 5014 73073/200
917 5014 219/100
913 5014 73/40
910 5014 -584/5
8308 5015 -20367/1000
8307 5015 -20367/1000
8276 5015 -20367/8000
8275 5015 -4244483/1000000
8278 5015 -20367/8000
8277 5015 -2121223/500000
8274 5015 -20367/8000
8273 5015 -2121223/500000
1642 5015 -4553/200
1639 5015 -4453/40
1618 5015 -1387/100
1617 5015 73/25
1602 5015 219/200
1586 5015 -365
1577 5015 73/40
1561 5015 219/200
1520 5015 73/100
1510 5015 -1241/5
1484 5015 73073/200
1463 5015 219/100
1459 5015 73/40
1456 5015 -584/5
8310 5016 -20367/1000
8309 5016 -20367/1000
8282 5016 -20367/8000
8281 5016 -4244483/1000000
8284 5016 -20367/8000
8283 5016 -2121223/500000
8280 5016 -20367/8000
8279 5016 -2121223/500000
1915 5016 -4553/200
1912 5016 -4453/40
1891 5016 -1387/100
1890 5016 73/25
1875 5016 219/200
1859 5016 -365
1850 5016 73/40
1834 5016 219/200
1793 5016 73/100
1783 5016 -1241/5
1757 5016 73073/200
1736 5016 219/100
1732 5016 73/40
1729 5016 -584/5
8312 5017 -20367/1000
8311 5017 -20367/1000
8288 5017 -20367/8000
8287 5017 -4244483/1000000
8290 5017 -20367/8000
8289 5017 -2121223/500000
8286 5017 -20367/8000
8285 5017 -2121223/500000
2188 5017 -4553/200
2185 5017 -4453/40
2164 5017 -1387/100
2163 5017 73/25
2148 5017 219/200
2132 5017 -365
2123 5017 73/40
2107 5017 219/200
2066 5017 73/100
2056 5017 -1241/5
2030 5017 73073/200
2009 5017 219/100
2005 5017 73/40
2002 5017 -584/5
8314 5018 -20367/1000
8313 5018 -20367/1000
8294 5018 -20367/8000
8293 5018 -4244483/1000000
8296 5018 -20367/8000
8295 5018 -2121223/500000
8292 5018 -20367/8000
8291 5018 -2121223/500000
2461 5018 -4553/200
2458 5018 -4453/40
2437 5018 -1387/100
2436 5018 73/25
2421 5018 219/200
2405 5018 -365
2396 5018 73/40
2380 5018 219/200
2339 5018 73/100
2329 5018 -1241/5
2303 5018 73073/200
2282 5018 219/100
2278 5018 73/40
2275 5018 -584/5
6832 5019 -17009/50
2720 5019 1
6979 5020 -17009/50
2974 5020 1
7135 5021 -17009/50
3239 5021 1
7296 5022 -17009/50
3511 5022 1
7458 5023 -17009/50
3785 5023 1
7625 5024 -17009/50
4064 5024 1
7810 5025 -17009/50
4361 5025 1
7995 5026 -17009/50
4658 5026 1
8180 5027 -17009/50
4955 5027 1
8298 5028 -8541/2500
8297 5028 -8541/2500
8246 5028 -8541/20000
8245 5028 -355989/500000
8248 5028 -8541/20000
8247 5028 -177909/250000
8244 5028 -8541/20000
8243 5028 -177909/250000
277 5028 -341457/10000
274 5028 -40661/400
253 5028 1241/200
228 5028 -365
224 5028 -657/2
218 5028 63729/200
212 5028 1241/100
196 5028 219/20
155 5028 803/100
94 5028 1241/100
8300 5029 -8541/2500
8299 5029 -8541/2500
8252 5029 -8541/20000
8251 5029 -355989/500000
8254 5029 -8541/20000
8253 5029 -177909/250000
8250 5029 -8541/20000
8249 5029 -177909/250000
550 5029 -341457/10000
547 5029 -40661/400
526 5029 1241/200
501 5029 -365
497 5029 -657/2
491 5029 63729/200
485 5029 1241/100
469 5029 219/20
428 5029 803/100
367 5029 1241/100
8302 5030 -8541/2500
8301 5030 -8541/2500
8258 5030 -8541/20000
8257 5030 -355989/500000
8260 5030 -8541/20000
8259 5030 -177909/250000
8256 5030 -8541/20000
8255 5030 -177909/250000
823 5030 -341457/10000
820 5030 -40661/400
799 5030 1241/200
774 5030 -365
770 5030 -657/2
764 5030 63729/200
758 5030 1241/100
742 5030 219/20
701 5030 803/100
640 5030 1241/100
8304 5031 -8541/2500
8303 5031 -8541/2500
8264 5031 -8541/20000
8263 5031 -355989/500000
8266 5031 -8541/20000
8265 5031 -177909/250000
8262 5031 -8541/20000
8261 5031 -177909/250000
1096 5031 -341457/10000
1093 5031 -40661/400
1072 5031 1241/200
1047 5031 -365
1043 5031 -657/2
1037 5031 63729/200
1031 5031 1241/100
1015 5031 219/20
974 5031 803/100
913 5031 1241/100
8308 5032 -8541/2500
8307 5032 -8541/2500
8276 5032 -8541/20000
8275 5032 -355989/500000
8278 5032 -8541/20000
8277 5032 -177909/250000
8274 5032 -8541/20000
8273 5032 -177909/250000
1642 5032 -341457/10000
1639 5032 -40661/400
1618 5032 1241/200
1593 5032 -365
1589 5032 -657/2
1583 5032 63729/200
1577 5032 1241/100
1561 5032 219/20
1520 5032 803/100
1459 5032 1241/100
8312 5033 -8541/2500
8311 5033 -8541/2500
8288 5033 -8541/20000
8287 5033 -355989/500000
8290 5033 -8541/20000
8289 5033 -177909/250000
8286 5033 -8541/20000
8285 5033 -177909/250000
2188 5033 -341457/10000
2185 5033 -40661/400
2164 5033 1241/200
2139 5033 -365
2135 5033 -657/2
2129 5033 63729/200
2123 5033 1241/100
2107 5033 219/20
2066 5033 803/100
2005 5033 1241/100
8300 5034 -8541/2500
8299 5034 -8541/2500
8252 5034 -8541/20000
8251 5034 -355989/500000
8254 5034 -8541/20000
8253 5034 -177909/250000
8250 5034 -8541/20000
8249 5034 -177909/250000
550 5034 -341457/10000
547 5034 -27229/250
526 5034 1679/200
501 5034 -365
497 5034 -803/2
490 5034 5037/20
485 5034 6059/200
469 5034 2701/100
428 5034 3577/200
367 5034 7227/200
8302 5035 -8541/2500
8301 5035 -8541/2500
8258 5035 -8541/20000
8257 5035 -355989/500000
8260 5035 -8541/20000
8259 5035 -177909/250000
8256 5035 -8541/20000
8255 5035 -177909/250000
823 5035 -341457/10000
820 5035 -27229/250
799 5035 1679/200
774 5035 -365
770 5035 -803/2
763 5035 5037/20
758 5035 6059/200
742 5035 2701/100
701 5035 3577/200
640 5035 7227/200
8304 5036 -8541/2500
8303 5036 -8541/2500
8264 5036 -8541/20000
8263 5036 -355989/500000
8266 5036 -8541/20000
8265 5036 -177909/250000
8262 5036 -8541/20000
8261 5036 -177909/250000
1096 5036 -341457/10000
1093 5036 -27229/250
1072 5036 1679/200
1047 5036 -365
1043 5036 -803/2
1036 5036 5037/20
1031 5036 6059/200
1015 5036 2701/100
974 5036 3577/200
913 5036 7227/200
8314 5037 -8541/2500
8313 5037 -8541/2500
8294 5037 -8541/20000
8293 5037 -355989/500000
8296 5037 -8541/20000
8295 5037 -177909/250000
8292 5037 -8541/20000
8291 5037 -177909/250000
2461 5037 -341457/10000
2458 5037 -27229/250
2437 5037 1679/200
2412 5037 -365
2408 5037 -803/2
2401 5037 5037/20
2396 5037 6059/200
2380 5037 2701/100
2339 5037 3577/200
2278 5037 7227/200
8314 5038 -8541/2500
8313 5038 -8541/2500
8294 5038 -8541/20000
8293 5038 -355989/500000
8296 5038 -8541/20000
8295 5038 -177909/250000
8292 5038 -8541/20000
8291 5038 -177909/250000
2461 5038 -341457/10000
2458 5038 -40661/400
2437 5038 1971/200
2411 5038 -365
2408 5038 -657/2
2402 5038 69569/200
2396 5038 1241/200
2380 5038 73/50
2339 5038 219/200
2278 5038 73/20
8298 5039 -8541/2500
8297 5039 -8541/2500
8246 5039 -8541/20000
8245 5039 -355989/500000
8248 5039 -8541/20000
8247 5039 -177909/250000
8244 5039 -8541/20000
8243 5039 -177909/250000
277 5039 -341457/10000
274 5039 -27229/250
253 5039 1679/100
227 5039 -365
224 5039 -803/2
217 5039 62123/200
212 5039 657/40
196 5039 1679/200
155 5039 219/40
94 5039 2409/200
8300 5040 -8541/2500
8299 5040 -8541/2500
8252 5040 -8541/20000
8251 5040 -355989/500000
8254 5040 -8541/20000
8253 5040 -177909/250000
8250 5040 -8541/20000
8249 5040 -177909/250000
550 5040 -341457/10000
547 5040 -27229/250
526 5040 1679/100
500 5040 -365
497 5040 -803/2
490 5040 62123/200
485 5040 657/40
469 5040 1679/200
428 5040 219/40
367 5040 2409/200
8302 5041 -8541/2500
8301 5041 -8541/2500
8258 5041 -8541/20000
8257 5041 -355989/500000
8260 5041 -8541/20000
8259 5041 -177909/250000
8256 5041 -8541/20000
8255 5041 -177909/250000
823 5041 -341457/10000
820 5041 -27229/250
799 5041 1679/100
773 5041 -365
770 5041 -803/2
763 5041 62123/200
758 5041 657/40
742 5041 1679/200
701 5041 219/40
640 5041 2409/200
8298 5042 -8541/2500
8297 5042 -8541/2500
8246 5042 -8541/20000
8245 5042 -355989/500000
8248 5042 -8541/20000
8247 5042 -177909/250000
8244 5042 -8541/20000
8243 5042 -177909/250000
277 5042 -341457/10000
274 5042 -27229/250
253 5042 1241/100
225 5042 -365
224 5042 -803/2
217 5042 5621/20
212 5042 949/40
196 5042 438/25
155 5042 292/25
94 5042 2409/100
8300 5043 -8541/2500
8299 5043 -8541/2500
8252 5043 -8541/20000
8251 5043 -355989/500000
8254 5043 -8541/20000
8253 5043 -177909/250000
8250 5043 -8541/20000
8249 5043 -177909/250000
550 5043 -341457/10000
547 5043 -27229/250
526 5043 1241/100
498 5043 -365
497 5043 -803/2
490 5043 5621/20
485 5043 949/40
469 5043 438/25
428 5043 292/25
367 5043 2409/100
8298 5044 -8541/2500
8297 5044 -8541/2500
8246 5044 -8541/20000
8245 5044 -355989/500000
8248 5044 -8541/20000
8247 5044 -177909/250000
8244 5044 -8541/20000
8243 5044 -177909/250000
277 5044 -341457/10000
274 5044 -27229/250
253 5044 73/8
224 5044 -803/2
223 5044 -365
217 5044 60079/200
212 5044 1679/100
196 5044 511/40
155 5044 803/100
94 5044 438/25
8300 5045 -8541/2500
8299 5045 -8541/2500
8252 5045 -8541/20000
8251 5045 -355989/500000
8254 5045 -8541/20000
8253 5045 -177909/250000
8250 5045 -8541/20000
8249 5045 -177909/250000
550 5045 -341457/10000
547 5045 -27229/250
526 5045 73/8
497 5045 -803/2
496 5045 -365
490 5045 60079/200
485 5045 1679/100
469 5045 511/40
428 5045 803/100
367 5045 438/25
8306 5046 -8541/2500
8305 5046 -8541/2500
8270 5046 -8541/20000
8269 5046 -355989/500000
8272 5046 -8541/20000
8271 5046 -177909/250000
8268 5046 -8541/20000
8267 5046 -177909/250000
1369 5046 -341457/10000
1366 5046 -27229/250
1345 5046 73/8
1316 5046 -803/2
1315 5046 -365
1309 5046 60079/200
1304 5046 1679/100
1288 5046 511/40
1247 5046 803/100
1186 5046 438/25
8314 5047 -8541/2500
8313 5047 -8541/2500
8294 5047 -8541/20000
8293 5047 -355989/500000
8296 5047 -8541/20000
8295 5047 -177909/250000
8292 5047 -8541/20000
8291 5047 -177909/250000
2461 5047 -341457/10000
2458 5047 -27229/250
2437 5047 73/8
2408 5047 -803/2
2407 5047 -365
2401 5047 60079/200
2396 5047 1679/100
2380 5047 511/40
2339 5047 803/100
2278 5047 438/25
8298 5048 -8541/2500
8297 5048 -8541/2500
8246 5048 -8541/20000
8245 5048 -355989/500000
8248 5048 -8541/20000
8247 5048 -177909/250000
8244 5048 -8541/20000
8243 5048 -177909/250000
277 5048 -341457/10000
274 5048 -40661/400
253 5048 73/8
224 5048 -365
222 5048 -365
219 5048 12629/40
212 5048 657/50
196 5048 803/100
155 5048 1241/200
94 5048 2409/200
8300 5049 -8541/2500
8299 5049 -8541/2500
8252 5049 -8541/20000
8251 5049 -355989/500000
8254 5049 -8541/20000
8253 5049 -177909/250000
8250 5049 -8541/20000
8249 5049 -177909/250000
550 5049 -341457/10000
547 5049 -40661/400
526 5049 73/8
497 5049 -365
495 5049 -365
492 5049 12629/40
485 5049 657/50
469 5049 803/100
428 5049 1241/200
367 5049 2409/200
8302 5050 -8541/2500
8301 5050 -8541/2500
8258 5050 -8541/20000
8257 5050 -355989/500000
8260 5050 -8541/20000
8259 5050 -177909/250000
8256 5050 -8541/20000
8255 5050 -177909/250000
823 5050 -341457/10000
820 5050 -40661/400
799 5050 73/8
770 5050 -365
768 5050 -365
765 5050 12629/40
758 5050 657/50
742 5050 803/100
701 5050 1241/200
640 5050 2409/200
8304 5051 -8541/2500
8303 5051 -8541/2500
8264 5051 -8541/20000
8263 5051 -355989/500000
8266 5051 -8541/20000
8265 5051 -177909/250000
8262 5051 -8541/20000
8261 5051 -177909/250000
1096 5051 -341457/10000
1093 5051 -40661/400
1072 5051 73/8
1043 5051 -365
1041 5051 -365
1038 5051 12629/40
1031 5051 657/50
1015 5051 803/100
974 5051 1241/200
913 5051 2409/200
8308 5052 -8541/2500
8307 5052 -8541/2500
8276 5052 -8541/20000
8275 5052 -355989/500000
8278 5052 -8541/20000
8277 5052 -177909/250000
8274 5052 -8541/20000
8273 5052 -177909/250000
1642 5052 -341457/10000
1639 5052 -40661/400
1618 5052 73/8
1589 5052 -365
1587 5052 -365
1584 5052 12629/40
1577 5052 657/50
1561 5052 803/100
1520 5052 1241/200
1459 5052 2409/200
8298 5053 -8541/2500
8297 5053 -8541/2500
8246 5053 -8541/20000
8245 5053 -355989/500000
8248 5053 -8541/20000
8247 5053 -177909/250000
8244 5053 -8541/20000
8243 5053 -177909/250000
277 5053 -341457/10000
274 5053 -27229/250
253 5053 511/50
224 5053 -803/2
222 5053 -365
217 5053 54239/200
212 5053 1241/50
196 5053 438/25
155 5053 1387/100
94 5053 657/25
8300 5054 -8541/2500
8299 5054 -8541/2500
8252 5054 -8541/20000
8251 5054 -355989/500000
8254 5054 -8541/20000
8253 5054 -177909/250000
8250 5054 -8541/20000
8249 5054 -177909/250000
550 5054 -341457/10000
547 5054 -27229/250
526 5054 511/50
497 5054 -803/2
495 5054 -365
490 5054 54239/200
485 5054 1241/50
469 5054 438/25
428 5054 1387/100
367 5054 657/25
8302 5055 -8541/2500
8301 5055 -8541/2500
8258 5055 -8541/20000
8257 5055 -355989/500000
8260 5055 -8541/20000
8259 5055 -177909/250000
8256 5055 -8541/20000
8255 5055 -177909/250000
823 5055 -341457/10000
820 5055 -27229/250
799 5055 511/50
770 5055 -803/2
768 5055 -365
763 5055 54239/200
758 5055 1241/50
742 5055 438/25
701 5055 1387/100
640 5055 657/25
8308 5056 -8541/2500
8307 5056 -8541/2500
8276 5056 -8541/20000
8275 5056 -355989/500000
8278 5056 -8541/20000
8277 5056 -177909/250000
8274 5056 -8541/20000
8273 5056 -177909/250000
1642 5056 -341457/10000
1639 5056 -27229/250
1618 5056 511/50
1589 5056 -803/2
1587 5056 -365
1582 5056 54239/200
1577 5056 1241/50
1561 5056 438/25
1520 5056 1387/100
1459 5056 657/25
8314 5057 -8541/2500
8313 5057 -8541/2500
8294 5057 -8541/20000
8293 5057 -355989/500000
8296 5057 -8541/20000
8295 5057 -177909/250000
8292 5057 -8541/20000
8291 5057 -177909/250000
2461 5057 -341457/10000
2458 5057 -27229/250
2437 5057 511/50
2408 5057 -803/2
2406 5057 -365
2401 5057 54239/200
2396 5057 1241/50
2380 5057 438/25
2339 5057 1387/100
2278 5057 657/25
8298 5058 -8541/2500
8297 5058 -8541/2500
8246 5058 -8541/20000
8245 5058 -355989/500000
8248 5058 -8541/20000
8247 5058 -177909/250000
8244 5058 -8541/20000
8243 5058 -177909/250000
277 5058 -341457/10000
274 5058 -27229/250
253 5058 438/25
224 5058 -803/2
217 5058 58327/200
212 5058 949/40
196 5058 219/25
155 5058 511/100
149 5058 -365
94 5058 511/25
8300 5059 -8541/2500
8299 5059 -8541/2500
8252 5059 -8541/20000
8251 5059 -355989/500000
8254 5059 -8541/20000
8253 5059 -177909/250000
8250 5059 -8541/20000
8249 5059 -177909/250000
550 5059 -341457/10000
547 5059 -27229/250
526 5059 438/25
497 5059 -803/2
490 5059 58327/200
485 5059 949/40
469 5059 219/25
428 5059 511/100
422 5059 -365
367 5059 511/25
8302 5060 -8541/2500
8301 5060 -8541/2500
8258 5060 -8541/20000
8257 5060 -355989/500000
8260 5060 -8541/20000
8259 5060 -177909/250000
8256 5060 -8541/20000
8255 5060 -177909/250000
823 5060 -341457/10000
820 5060 -27229/250
799 5060 438/25
770 5060 -803/2
763 5060 58327/200
758 5060 949/40
742 5060 219/25
701 5060 511/100
695 5060 -365
640 5060 511/25
8314 5061 -8541/2500
8313 5061 -8541/2500
8294 5061 -8541/20000
8293 5061 -355989/500000
8296 5061 -8541/20000
8295 5061 -177909/250000
8292 5061 -8541/20000
8291 5061 -177909/250000
2461 5061 -341457/10000
2458 5061 -27229/250
2437 5061 438/25
2408 5061 -803/2
2401 5061 58327/200
2396 5061 949/40
2380 5061 219/25
2339 5061 511/100
2333 5061 -365
2278 5061 511/25
6833 5062 -17009/50
2721 5062 1
6980 5063 -17009/50
2975 5063 1
7136 5064 -17009/50
3240 5064 1
7297 5065 -17009/50
3512 5065 1
7459 5066 -17009/50
3786 5066 1
7626 5067 -17009/50
4065 5067 1
7811 5068 -17009/50
4362 5068 1
7996 5069 -17009/50
4659 5069 1
8181 5070 -17009/50
4956 5070 1
8298 5071 -8541/2500
8297 5071 -8541/2500
8246 5071 -8541/20000
8245 5071 -355989/500000
8248 5071 -8541/20000
8247 5071 -177909/250000
8244 5071 -8541/20000
8243 5071 -177909/250000
277 5071 -341457/10000
274 5071 -27229/250
253 5071 2993/200
228 5071 -365
226 5071 -1533/4
217 5071 53947/200
212 5071 5037/200
196 5071 949/50
155 5071 2117/200
94 5071 1387/50
8302 5072 -8541/2500
8301 5072 -8541/2500
8258 5072 -8541/20000
8257 5072 -355989/500000
8260 5072 -8541/20000
8259 5072 -177909/250000
8256 5072 -8541/20000
8255 5072 -177909/250000
823 5072 -341457/10000
820 5072 -27229/250
799 5072 2993/200
774 5072 -365
772 5072 -1533/4
763 5072 53947/200
758 5072 5037/200
742 5072 949/50
701 5072 2117/200
640 5072 1387/50
8304 5073 -8541/2500
8303 5073 -8541/2500
8264 5073 -8541/20000
8263 5073 -355989/500000
8266 5073 -8541/20000
8265 5073 -177909/250000
8262 5073 -8541/20000
8261 5073 -177909/250000
1096 5073 -341457/10000
1093 5073 -27229/250
1072 5073 2993/200
1047 5073 -365
1045 5073 -1533/4
1036 5073 53947/200
1031 5073 5037/200
1015 5073 949/50
974 5073 2117/200
913 5073 1387/50
8306 5074 -8541/2500
8305 5074 -8541/2500
8270 5074 -8541/20000
8269 5074 -355989/500000
8272 5074 -8541/20000
8271 5074 -177909/250000
8268 5074 -8541/20000
8267 5074 -177909/250000
1369 5074 -341457/10000
1366 5074 -27229/250
1345 5074 2993/200
1320 5074 -365
1318 5074 -1533/4
1309 5074 53947/200
1304 5074 5037/200
1288 5074 949/50
1247 5074 2117/200
1186 5074 1387/50
8308 5075 -8541/2500
8307 5075 -8541/2500
8276 5075 -8541/20000
8275 5075 -355989/500000
8278 5075 -8541/20000
8277 5075 -177909/250000
8274 5075 -8541/20000
8273 5075 -177909/250000
1642 5075 -341457/10000
1639 5075 -27229/250
1618 5075 2993/200
1593 5075 -365
1591 5075 -1533/4
1582 5075 53947/200
1577 5075 5037/200
1561 5075 949/50
1520 5075 2117/200
1459 5075 1387/50
8310 5076 -8541/2500
8309 5076 -8541/2500
8282 5076 -8541/20000
8281 5076 -355989/500000
8284 5076 -8541/20000
8283 5076 -177909/250000
8280 5076 -8541/20000
8279 5076 -177909/250000
1915 5076 -341457/10000
1912 5076 -27229/250
1891 5076 2993/200
1866 5076 -365
1864 5076 -1533/4
1855 5076 53947/200
1850 5076 5037/200
1834 5076 949/50
1793 5076 2117/200
1732 5076 1387/50
8312 5077 -8541/2500
8311 5077 -8541/2500
8288 5077 -8541/20000
8287 5077 -355989/500000
8290 5077 -8541/20000
8289 5077 -177909/250000
8286 5077 -8541/20000
8285 5077 -177909/250000
2188 5077 -341457/10000
2185 5077 -27229/250
2164 5077 2993/200
2139 5077 -365
2137 5077 -1533/4
2128 5077 53947/200
2123 5077 5037/200
2107 5077 949/50
2066 5077 2117/200
2005 5077 1387/50
8314 5078 -8541/2500
8313 5078 -8541/2500
8294 5078 -8541/20000
8293 5078 -355989/500000
8296 5078 -8541/20000
8295 5078 -177909/250000
8292 5078 -8541/20000
8291 5078 -177909/250000
2461 5078 -341457/10000
2458 5078 -40661/400
2437 5078 3431/200
2411 5078 -365
2410 5078 -1387/4
2403 5078 6789/20
2396 5078 73/8
2380 5078 73/40
2339 5078 219/200
2278 5078 219/40
8304 5079 -8541/2500
8303 5079 -8541/2500
8264 5079 -8541/20000
8263 5079 -355989/500000
8266 5079 -8541/20000
8265 5079 -177909/250000
8262 5079 -8541/20000
8261 5079 -177909/250000
1096 5079 -341457/10000
1093 5079 -27229/250
1072 5079 511/25
1046 5079 -365
1045 5079 -1533/4
1036 5079 32339/100
1031 5079 657/50
1015 5079 219/50
974 5079 511/200
913 5079 219/20
8306 5080 -8541/2500
8305 5080 -8541/2500
8270 5080 -8541/20000
8269 5080 -355989/500000
8272 5080 -8541/20000
8271 5080 -177909/250000
8268 5080 -8541/20000
8267 5080 -177909/250000
1369 5080 -341457/10000
1366 5080 -27229/250
1345 5080 511/25
1319 5080 -365
1318 5080 -1533/4
1309 5080 32339/100
1304 5080 657/50
1288 5080 219/50
1247 5080 511/200
1186 5080 219/20
8308 5081 -8541/2500
8307 5081 -8541/2500
8276 5081 -8541/20000
8275 5081 -355989/500000
8278 5081 -8541/20000
8277 5081 -177909/250000
8274 5081 -8541/20000
8273 5081 -177909/250000
1642 5081 -341457/10000
1639 5081 -27229/250
1618 5081 511/25
1592 5081 -365
1591 5081 -1533/4
1582 5081 32339/100
1577 5081 657/50
1561 5081 219/50
1520 5081 511/200
1459 5081 219/20
8310 5082 -8541/2500
8309 5082 -8541/2500
8282 5082 -8541/20000
8281 5082 -355989/500000
8284 5082 -8541/20000
8283 5082 -177909/250000
8280 5082 -8541/20000
8279 5082 -177909/250000
1915 5082 -341457/10000
1912 5082 -27229/250
1891 5082 511/25
1865 5082 -365
1864 5082 -1533/4
1855 5082 32339/100
1850 5082 657/50
1834 5082 219/50
1793 5082 511/200
1732 5082 219/20
8312 5083 -8541/2500
8311 5083 -8541/2500
8288 5083 -8541/20000
8287 5083 -355989/500000
8290 5083 -8541/20000
8289 5083 -177909/250000
8286 5083 -8541/20000
8285 5083 -177909/250000
2188 5083 -341457/10000
2185 5083 -27229/250
2164 5083 511/25
2138 5083 -365
2137 5083 -1533/4
2128 5083 32339/100
2123 5083 657/50
2107 5083 219/50
2066 5083 511/200
2005 5083 219/20
8314 5084 -8541/2500
8313 5084 -8541/2500
8294 5084 -8541/20000
8293 5084 -355989/500000
8296 5084 -8541/20000
8295 5084 -177909/250000
8292 5084 -8541/20000
8291 5084 -177909/250000
2461 5084 -341457/10000
2458 5084 -27229/250
2437 5084 511/25
2411 5084 -365
2410 5084 -1533/4
2401 5084 32339/100
2396 5084 657/50
2380 5084 219/50
2339 5084 511/200
2278 5084 219/20
8298 5085 -8541/2500
8297 5085 -8541/2500
8246 5085 -8541/20000
8245 5085 -355989/500000
8248 5085 -8541/20000
8247 5085 -177909/250000
8244 5085 -8541/20000
8243 5085 -177909/250000
277 5085 -341457/10000
274 5085 -27229/250
253 5085 438/25
226 5085 -1533/4
225 5085 -365
217 5085 59349/200
212 5085 1971/100
196 5085 292/25
155 5085 657/100
94 5085 3869/200
8300 5086 -8541/2500
8299 5086 -8541/2500
8252 5086 -8541/20000
8251 5086 -355989/500000
8254 5086 -8541/20000
8253 5086 -177909/250000
8250 5086 -8541/20000
8249 5086 -177909/250000
550 5086 -341457/10000
547 5086 -27229/250
526 5086 438/25
499 5086 -1533/4
498 5086 -365
490 5086 59349/200
485 5086 1971/100
469 5086 292/25
428 5086 657/100
367 5086 3869/200
8302 5087 -8541/2500
8301 5087 -8541/2500
8258 5087 -8541/20000
8257 5087 -355989/500000
8260 5087 -8541/20000
8259 5087 -177909/250000
8256 5087 -8541/20000
8255 5087 -177909/250000
823 5087 -341457/10000
820 5087 -27229/250
799 5087 438/25
772 5087 -1533/4
771 5087 -365
763 5087 59349/200
758 5087 1971/100
742 5087 292/25
701 5087 657/100
640 5087 3869/200
8304 5088 -8541/2500
8303 5088 -8541/2500
8264 5088 -8541/20000
8263 5088 -355989/500000
8266 5088 -8541/20000
8265 5088 -177909/250000
8262 5088 -8541/20000
8261 5088 -177909/250000
1096 5088 -341457/10000
1093 5088 -27229/250
1072 5088 438/25
1045 5088 -1533/4
1044 5088 -365
1036 5088 59349/200
1031 5088 1971/100
1015 5088 292/25
974 5088 657/100
913 5088 3869/200
8306 5089 -8541/2500
8305 5089 -8541/2500
8270 5089 -8541/20000
8269 5089 -355989/500000
8272 5089 -8541/20000
8271 5089 -177909/250000
8268 5089 -8541/20000
8267 5089 -177909/250000
1369 5089 -341457/10000
1366 5089 -27229/250
1345 5089 438/25
1318 5089 -1533/4
1317 5089 -365
1309 5089 59349/200
1304 5089 1971/100
1288 5089 292/25
1247 5089 657/100
1186 5089 3869/200
8308 5090 -8541/2500
8307 5090 -8541/2500
8276 5090 -8541/20000
8275 5090 -355989/500000
8278 5090 -8541/20000
8277 5090 -177909/250000
8274 5090 -8541/20000
8273 5090 -177909/250000
1642 5090 -341457/10000
1639 5090 -27229/250
1618 5090 438/25
1591 5090 -1533/4
1590 5090 -365
1582 5090 59349/200
1577 5090 1971/100
1561 5090 292/25
1520 5090 657/100
1459 5090 3869/200
8310 5091 -8541/2500
8309 5091 -8541/2500
8282 5091 -8541/20000
8281 5091 -355989/500000
8284 5091 -8541/20000
8283 5091 -177909/250000
8280 5091 -8541/20000
8279 5091 -177909/250000
1915 5091 -341457/10000
1912 5091 -27229/250
1891 5091 438/25
1864 5091 -1533/4
1863 5091 -365
1855 5091 59349/200
1850 5091 1971/100
1834 5091 292/25
1793 5091 657/100
1732 5091 3869/200
8312 5092 -8541/2500
8311 5092 -8541/2500
8288 5092 -8541/20000
8287 5092 -355989/500000
8290 5092 -8541/20000
8289 5092 -177909/250000
8286 5092 -8541/20000
8285 5092 -177909/250000
2188 5092 -341457/10000
2185 5092 -27229/250
2164 5092 438/25
2137 5092 -1533/4
2136 5092 -365
2128 5092 59349/200
2123 5092 1971/100
2107 5092 292/25
2066 5092 657/100
2005 5092 3869/200
8314 5093 -8541/2500
8313 5093 -8541/2500
8294 5093 -8541/20000
8293 5093 -355989/500000
8296 5093 -8541/20000
8295 5093 -177909/250000
8292 5093 -8541/20000
8291 5093 -177909/250000
2461 5093 -341457/10000
2458 5093 -27229/250
2437 5093 438/25
2410 5093 -1533/4
2409 5093 -365
2401 5093 59349/200
2396 5093 1971/100
2380 5093 292/25
2339 5093 657/100
2278 5093 3869/200
8306 5094 -8541/2500
8305 5094 -8541/2500
8270 5094 -8541/20000
8269 5094 -355989/500000
8272 5094 -8541/20000
8271 5094 -177909/250000
8268 5094 -8541/20000
8267 5094 -177909/250000
1369 5094 -341457/10000
1366 5094 -40661/400
1345 5094 2409/200
1318 5094 -1387/4
1314 5094 -365
1311 5094 32631/100
1304 5094 2263/200
1288 5094 1241/200
1247 5094 219/50
1186 5094 1533/200
8310 5095 -8541/2500
8309 5095 -8541/2500
8282 5095 -8541/20000
8281 5095 -355989/500000
8284 5095 -8541/20000
8283 5095 -177909/250000
8280 5095 -8541/20000
8279 5095 -177909/250000
1915 5095 -341457/10000
1912 5095 -40661/400
1891 5095 2409/200
1864 5095 -1387/4
1860 5095 -365
1857 5095 32631/100
1850 5095 2263/200
1834 5095 1241/200
1793 5095 219/50
1732 5095 1533/200
8312 5096 -8541/2500
8311 5096 -8541/2500
8288 5096 -8541/20000
8287 5096 -355989/500000
8290 5096 -8541/20000
8289 5096 -177909/250000
8286 5096 -8541/20000
8285 5096 -177909/250000
2188 5096 -341457/10000
2185 5096 -40661/400
2164 5096 2409/200
2137 5096 -1387/4
2133 5096 -365
2130 5096 32631/100
2123 5096 2263/200
2107 5096 1241/200
2066 5096 219/50
2005 5096 1533/200
8304 5097 -8541/2500
8303 5097 -8541/2500
8264 5097 -8541/20000
8263 5097 -355989/500000
8266 5097 -8541/20000
8265 5097 -177909/250000
8262 5097 -8541/20000
8261 5097 -177909/250000
1096 5097 -341457/10000
1093 5097 -27229/250
1072 5097 73/5
1045 5097 -1533/4
1041 5097 -365
1036 5097 57451/200
1031 5097 2117/100
1015 5097 511/40
974 5097 511/50
913 5097 3869/200
8306 5098 -8541/2500
8305 5098 -8541/2500
8270 5098 -8541/20000
8269 5098 -355989/500000
8272 5098 -8541/20000
8271 5098 -177909/250000
8268 5098 -8541/20000
8267 5098 -177909/250000
1369 5098 -341457/10000
1366 5098 -27229/250
1345 5098 73/5
1318 5098 -1533/4
1314 5098 -365
1309 5098 57451/200
1304 5098 2117/100
1288 5098 511/40
1247 5098 511/50
1186 5098 3869/200
8308 5099 -8541/2500
8307 5099 -8541/2500
8276 5099 -8541/20000
8275 5099 -355989/500000
8278 5099 -8541/20000
8277 5099 -177909/250000
8274 5099 -8541/20000
8273 5099 -177909/250000
1642 5099 -341457/10000
1639 5099 -27229/250
1618 5099 73/5
1591 5099 -1533/4
1587 5099 -365
1582 5099 57451/200
1577 5099 2117/100
1561 5099 511/40
1520 5099 511/50
1459 5099 3869/200
8310 5100 -8541/2500
8309 5100 -8541/2500
8282 5100 -8541/20000
8281 5100 -355989/500000
8284 5100 -8541/20000
8283 5100 -177909/250000
8280 5100 -8541/20000
8279 5100 -177909/250000
1915 5100 -341457/10000
1912 5100 -27229/250
1891 5100 73/5
1864 5100 -1533/4
1860 5100 -365
1855 5100 57451/200
1850 5100 2117/100
1834 5100 511/40
1793 5100 511/50
1732 5100 3869/200
8312 5101 -8541/2500
8311 5101 -8541/2500
8288 5101 -8541/20000
8287 5101 -355989/500000
8290 5101 -8541/20000
8289 5101 -177909/250000
8286 5101 -8541/20000
8285 5101 -177909/250000
2188 5101 -341457/10000
2185 5101 -27229/250
2164 5101 73/5
2137 5101 -1533/4
2133 5101 -365
2128 5101 57451/200
2123 5101 2117/100
2107 5101 511/40
2066 5101 511/50
2005 5101 3869/200
8304 5102 -8541/2500
8303 5102 -8541/2500
8264 5102 -8541/20000
8263 5102 -355989/500000
8266 5102 -8541/20000
8265 5102 -177909/250000
8262 5102 -8541/20000
8261 5102 -177909/250000
1096 5102 -341457/10000
1093 5102 -27229/250
1072 5102 2263/100
1045 5102 -1533/4
1036 5102 61247/200
1031 5102 949/50
1015 5102 511/100
974 5102 73/25
968 5102 -365
913 5102 2409/200
8306 5103 -8541/2500
8305 5103 -8541/2500
8270 5103 -8541/20000
8269 5103 -355989/500000
8272 5103 -8541/20000
8271 5103 -177909/250000
8268 5103 -8541/20000
8267 5103 -177909/250000
1369 5103 -341457/10000
1366 5103 -27229/250
1345 5103 2263/100
1318 5103 -1533/4
1309 5103 61247/200
1304 5103 949/50
1288 5103 511/100
1247 5103 73/25
1241 5103 -365
1186 5103 2409/200
8308 5104 -8541/2500
8307 5104 -8541/2500
8276 5104 -8541/20000
8275 5104 -355989/500000
8278 5104 -8541/20000
8277 5104 -177909/250000
8274 5104 -8541/20000
8273 5104 -177909/250000
1642 5104 -341457/10000
1639 5104 -27229/250
1618 5104 2263/100
1591 5104 -1533/4
1582 5104 61247/200
1577 5104 949/50
1561 5104 511/100
1520 5104 73/25
1514 5104 -365
1459 5104 2409/200
8310 5105 -8541/2500
8309 5105 -8541/2500
8282 5105 -8541/20000
8281 5105 -355989/500000
8284 5105 -8541/20000
8283 5105 -177909/250000
8280 5105 -8541/20000
8279 5105 -177909/250000
1915 5105 -341457/10000
1912 5105 -27229/250
1891 5105 2263/100
1864 5105 -1533/4
1855 5105 61247/200
1850 5105 949/50
1834 5105 511/100
1793 5105 73/25
1787 5105 -365
1732 5105 2409/200
8312 5106 -8541/2500
8311 5106 -8541/2500
8288 5106 -8541/20000
8287 5106 -355989/500000
8290 5106 -8541/20000
8289 5106 -177909/250000
8286 5106 -8541/20000
8285 5106 -177909/250000
2188 5106 -341457/10000
2185 5106 -27229/250
2164 5106 2263/100
2137 5106 -1533/4
2128 5106 61247/200
2123 5106 949/50
2107 5106 511/100
2066 5106 73/25
2060 5106 -365
2005 5106 2409/200
8298 5107 -8541/2500
8297 5107 -8541/2500
8246 5107 -8541/20000
8245 5107 -355989/500000
8248 5107 -8541/20000
8247 5107 -177909/250000
8244 5107 -8541/20000
8243 5107 -177909/250000
277 5107 -341457/10000
274 5107 -106507/1000
253 5107 2993/200
231 5107 -365
226 5107 -365
220 5107 14381/50
212 5107 949/50
196 5107 438/25
155 5107 949/100
94 5107 3431/200
8300 5108 -8541/2500
8299 5108 -8541/2500
8252 5108 -8541/20000
8251 5108 -355989/500000
8254 5108 -8541/20000
8253 5108 -177909/250000
8250 5108 -8541/20000
8249 5108 -177909/250000
550 5108 -341457/10000
547 5108 -106507/1000
526 5108 2993/200
504 5108 -365
499 5108 -365
493 5108 14381/50
485 5108 949/50
469 5108 438/25
428 5108 949/100
367 5108 3431/200
8302 5109 -8541/2500
8301 5109 -8541/2500
8258 5109 -8541/20000
8257 5109 -355989/500000
8260 5109 -8541/20000
8259 5109 -177909/250000
8256 5109 -8541/20000
8255 5109 -177909/250000
823 5109 -341457/10000
820 5109 -106507/1000
799 5109 2993/200
777 5109 -365
772 5109 -365
766 5109 14381/50
758 5109 949/50
742 5109 438/25
701 5109 949/100
640 5109 3431/200
8304 5110 -8541/2500
8303 5110 -8541/2500
8264 5110 -8541/20000
8263 5110 -355989/500000
8266 5110 -8541/20000
8265 5110 -177909/250000
8262 5110 -8541/20000
8261 5110 -177909/250000
1096 5110 -341457/10000
1093 5110 -106507/1000
1072 5110 2993/200
1050 5110 -365
1045 5110 -365
1039 5110 14381/50
1031 5110 949/50
1015 5110 438/25
974 5110 949/100
913 5110 3431/200
8306 5111 -8541/2500
8305 5111 -8541/2500
8270 5111 -8541/20000
8269 5111 -355989/500000
8272 5111 -8541/20000
8271 5111 -177909/250000
8268 5111 -8541/20000
8267 5111 -177909/250000
1369 5111 -341457/10000
1366 5111 -106507/1000
1345 5111 2993/200
1323 5111 -365
1318 5111 -365
1312 5111 14381/50
1304 5111 949/50
1288 5111 438/25
1247 5111 949/100
1186 5111 3431/200
8308 5112 -8541/2500
8307 5112 -8541/2500
8276 5112 -8541/20000
8275 5112 -355989/500000
8278 5112 -8541/20000
8277 5112 -177909/250000
8274 5112 -8541/20000
8273 5112 -177909/250000
1642 5112 -341457/10000
1639 5112 -106507/1000
1618 5112 2993/200
1596 5112 -365
1591 5112 -365
1585 5112 14381/50
1577 5112 949/50
1561 5112 438/25
1520 5112 949/100
1459 5112 3431/200
8310 5113 -8541/2500
8309 5113 -8541/2500
8282 5113 -8541/20000
8281 5113 -355989/500000
8284 5113 -8541/20000
8283 5113 -177909/250000
8280 5113 -8541/20000
8279 5113 -177909/250000
1915 5113 -341457/10000
1912 5113 -106507/1000
1891 5113 2993/200
1869 5113 -365
1864 5113 -365
1858 5113 14381/50
1850 5113 949/50
1834 5113 438/25
1793 5113 949/100
1732 5113 3431/200
8312 5114 -8541/2500
8311 5114 -8541/2500
8288 5114 -8541/20000
8287 5114 -355989/500000
8290 5114 -8541/20000
8289 5114 -177909/250000
8286 5114 -8541/20000
8285 5114 -177909/250000
2188 5114 -341457/10000
2185 5114 -106507/1000
2164 5114 2993/200
2142 5114 -365
2137 5114 -365
2131 5114 14381/50
2123 5114 949/50
2107 5114 438/25
2066 5114 949/100
2005 5114 3431/200
8314 5115 -8541/2500
8313 5115 -8541/2500
8294 5115 -8541/20000
8293 5115 -355989/500000
8296 5115 -8541/20000
8295 5115 -177909/250000
8292 5115 -8541/20000
8291 5115 -177909/250000
2461 5115 -341457/10000
2458 5115 -106507/1000
2437 5115 2993/200
2415 5115 -365
2410 5115 -365
2404 5115 14381/50
2396 5115 949/50
2380 5115 438/25
2339 5115 949/100
2278 5115 3431/200
8298 5116 -8541/2500
8297 5116 -8541/2500
8246 5116 -8541/20000
8245 5116 -355989/500000
8248 5116 -8541/20000
8247 5116 -177909/250000
8244 5116 -8541/20000
8243 5116 -177909/250000
277 5116 -341457/10000
274 5116 -106507/1000
253 5116 2117/100
230 5116 -365
226 5116 -365
220 5116 6497/20
212 5116 2701/200
196 5116 657/200
155 5116 219/100
94 5116 949/100
8300 5117 -8541/2500
8299 5117 -8541/2500
8252 5117 -8541/20000
8251 5117 -355989/500000
8254 5117 -8541/20000
8253 5117 -177909/250000
8250 5117 -8541/20000
8249 5117 -177909/250000
550 5117 -341457/10000
547 5117 -106507/1000
526 5117 2117/100
503 5117 -365
499 5117 -365
493 5117 6497/20
485 5117 2701/200
469 5117 657/200
428 5117 219/100
367 5117 949/100
8302 5118 -8541/2500
8301 5118 -8541/2500
8258 5118 -8541/20000
8257 5118 -355989/500000
8260 5118 -8541/20000
8259 5118 -177909/250000
8256 5118 -8541/20000
8255 5118 -177909/250000
823 5118 -341457/10000
820 5118 -106507/1000
799 5118 2117/100
776 5118 -365
772 5118 -365
766 5118 6497/20
758 5118 2701/200
742 5118 657/200
701 5118 219/100
640 5118 949/100
8304 5119 -8541/2500
8303 5119 -8541/2500
8264 5119 -8541/20000
8263 5119 -355989/500000
8266 5119 -8541/20000
8265 5119 -177909/250000
8262 5119 -8541/20000
8261 5119 -177909/250000
1096 5119 -341457/10000
1093 5119 -106507/1000
1072 5119 2117/100
1049 5119 -365
1045 5119 -365
1039 5119 6497/20
1031 5119 2701/200
1015 5119 657/200
974 5119 219/100
913 5119 949/100
8306 5120 -8541/2500
8305 5120 -8541/2500
8270 5120 -8541/20000
8269 5120 -355989/500000
8272 5120 -8541/20000
8271 5120 -177909/250000
8268 5120 -8541/20000
8267 5120 -177909/250000
1369 5120 -341457/10000
1366 5120 -106507/1000
1345 5120 2117/100
1322 5120 -365
1318 5120 -365
1312 5120 6497/20
1304 5120 2701/200
1288 5120 657/200
1247 5120 219/100
1186 5120 949/100
8308 5121 -8541/2500
8307 5121 -8541/2500
8276 5121 -8541/20000
8275 5121 -355989/500000
8278 5121 -8541/20000
8277 5121 -177909/250000
8274 5121 -8541/20000
8273 5121 -177909/250000
1642 5121 -341457/10000
1639 5121 -106507/1000
1618 5121 2117/100
1595 5121 -365
1591 5121 -365
1585 5121 6497/20
1577 5121 2701/200
1561 5121 657/200
1520 5121 219/100
1459 5121 949/100
8310 5122 -8541/2500
8309 5122 -8541/2500
8282 5122 -8541/20000
8281 5122 -355989/500000
8284 5122 -8541/20000
8283 5122 -177909/250000
8280 5122 -8541/20000
8279 5122 -177909/250000
1915 5122 -341457/10000
1912 5122 -106507/1000
1891 5122 2117/100
1868 5122 -365
1864 5122 -365
1858 5122 6497/20
1850 5122 2701/200
1834 5122 657/200
1793 5122 219/100
1732 5122 949/100
8312 5123 -8541/2500
8311 5123 -8541/2500
8288 5123 -8541/20000
8287 5123 -355989/500000
8290 5123 -8541/20000
8289 5123 -177909/250000
8286 5123 -8541/20000
8285 5123 -177909/250000
2188 5123 -341457/10000
2185 5123 -106507/1000
2164 5123 2117/100
2141 5123 -365
2137 5123 -365
2131 5123 6497/20
2123 5123 2701/200
2107 5123 657/200
2066 5123 219/100
2005 5123 949/100
8314 5124 -8541/2500
8313 5124 -8541/2500
8294 5124 -8541/20000
8293 5124 -355989/500000
8296 5124 -8541/20000
8295 5124 -177909/250000
8292 5124 -8541/20000
8291 5124 -177909/250000
2461 5124 -341457/10000
2458 5124 -106507/1000
2437 5124 2117/100
2414 5124 -365
2410 5124 -365
2404 5124 6497/20
2396 5124 2701/200
2380 5124 657/200
2339 5124 219/100
2278 5124 949/100
8298 5125 -8541/2500
8297 5125 -8541/2500
8246 5125 -8541/20000
8245 5125 -355989/500000
8248 5125 -8541/20000
8247 5125 -177909/250000
8244 5125 -8541/20000
8243 5125 -177909/250000
277 5125 -341457/10000
274 5125 -27229/250
253 5125 3869/200
229 5125 -365
226 5125 -1533/4
217 5125 14381/50
212 5125 4453/200
196 5125 657/50
155 5125 73/10
94 5125 4307/200
8300 5126 -8541/2500
8299 5126 -8541/2500
8252 5126 -8541/20000
8251 5126 -355989/500000
8254 5126 -8541/20000
8253 5126 -177909/250000
8250 5126 -8541/20000
8249 5126 -177909/250000
550 5126 -341457/10000
547 5126 -27229/250
526 5126 3869/200
502 5126 -365
499 5126 -1533/4
490 5126 14381/50
485 5126 4453/200
469 5126 657/50
428 5126 73/10
367 5126 4307/200
8302 5127 -8541/2500
8301 5127 -8541/2500
8258 5127 -8541/20000
8257 5127 -355989/500000
8260 5127 -8541/20000
8259 5127 -177909/250000
8256 5127 -8541/20000
8255 5127 -177909/250000
823 5127 -341457/10000
820 5127 -27229/250
799 5127 3869/200
775 5127 -365
772 5127 -1533/4
763 5127 14381/50
758 5127 4453/200
742 5127 657/50
701 5127 73/10
640 5127 4307/200
8304 5128 -8541/2500
8303 5128 -8541/2500
8264 5128 -8541/20000
8263 5128 -355989/500000
8266 5128 -8541/20000
8265 5128 -177909/250000
8262 5128 -8541/20000
8261 5128 -177909/250000
1096 5128 -341457/10000
1093 5128 -27229/250
1072 5128 3869/200
1048 5128 -365
1045 5128 -1533/4
1036 5128 14381/50
1031 5128 4453/200
1015 5128 657/50
974 5128 73/10
913 5128 4307/200
8306 5129 -8541/2500
8305 5129 -8541/2500
8270 5129 -8541/20000
8269 5129 -355989/500000
8272 5129 -8541/20000
8271 5129 -177909/250000
8268 5129 -8541/20000
8267 5129 -177909/250000
1369 5129 -341457/10000
1366 5129 -27229/250
1345 5129 3869/200
1321 5129 -365
1318 5129 -1533/4
1309 5129 14381/50
1304 5129 4453/200
1288 5129 657/50
1247 5129 73/10
1186 5129 4307/200
8308 5130 -8541/2500
8307 5130 -8541/2500
8276 5130 -8541/20000
8275 5130 -355989/500000
8278 5130 -8541/20000
8277 5130 -177909/250000
8274 5130 -8541/20000
8273 5130 -177909/250000
1642 5130 -341457/10000
1639 5130 -27229/250
1618 5130 3869/200
1594 5130 -365
1591 5130 -1533/4
1582 5130 14381/50
1577 5130 4453/200
1561 5130 657/50
1520 5130 73/10
1459 5130 4307/200
8310 5131 -8541/2500
8309 5131 -8541/2500
8282 5131 -8541/20000
8281 5131 -355989/500000
8284 5131 -8541/20000
8283 5131 -177909/250000
8280 5131 -8541/20000
8279 5131 -177909/250000
1915 5131 -341457/10000
1912 5131 -27229/250
1891 5131 3869/200
1867 5131 -365
1864 5131 -1533/4
1855 5131 14381/50
1850 5131 4453/200
1834 5131 657/50
1793 5131 73/10
1732 5131 4307/200
8312 5132 -8541/2500
8311 5132 -8541/2500
8288 5132 -8541/20000
8287 5132 -355989/500000
8290 5132 -8541/20000
8289 5132 -177909/250000
8286 5132 -8541/20000
8285 5132 -177909/250000
2188 5132 -341457/10000
2185 5132 -27229/250
2164 5132 3869/200
2140 5132 -365
2137 5132 -1533/4
2128 5132 14381/50
2123 5132 4453/200
2107 5132 657/50
2066 5132 73/10
2005 5132 4307/200
8314 5133 -8541/2500
8313 5133 -8541/2500
8294 5133 -8541/20000
8293 5133 -355989/500000
8296 5133 -8541/20000
8295 5133 -177909/250000
8292 5133 -8541/20000
8291 5133 -177909/250000
2461 5133 -341457/10000
2458 5133 -27229/250
2437 5133 3869/200
2413 5133 -365
2410 5133 -1533/4
2401 5133 14381/50
2396 5133 4453/200
2380 5133 657/50
2339 5133 73/10
2278 5133 4307/200
6834 5134 -68109/200
2722 5134 1
6981 5135 -68109/200
2976 5135 1
7137 5136 -68109/200
3241 5136 1
7460 5137 -68109/200
3787 5137 1
7627 5138 -68109/200
4066 5138 1
7997 5139 -68109/200
4660 5139 1
8182 5140 -68109/200
4957 5140 1
8298 5141 -4599/1000
8297 5141 -4599/1000
8246 5141 -4599/8000
8245 5141 -29951/31250
8248 5141 -4599/8000
8247 5141 -239493/250000
8244 5141 -4599/8000
8243 5141 -239493/250000
277 5141 -455301/2000
274 5141 -145197/2000
267 5141 -20513/100
196 5141 73/8
155 5141 -2117/8
87 5141 365
86 5141 -803/2
8300 5142 -4599/1000
8299 5142 -4599/1000
8252 5142 -4599/8000
8251 5142 -29951/31250
8254 5142 -4599/8000
8253 5142 -239493/250000
8250 5142 -4599/8000
8249 5142 -239493/250000
550 5142 -455301/2000
547 5142 -145197/2000
540 5142 -20513/100
469 5142 73/8
428 5142 -2117/8
360 5142 365
359 5142 -803/2
8302 5143 -4599/1000
8301 5143 -4599/1000
8258 5143 -4599/8000
8257 5143 -29951/31250
8260 5143 -4599/8000
8259 5143 -239493/250000
8256 5143 -4599/8000
8255 5143 -239493/250000
823 5143 -455301/2000
820 5143 -145197/2000
813 5143 -20513/100
742 5143 73/8
701 5143 -2117/8
633 5143 365
632 5143 -803/2
8304 5144 -4599/1000
8303 5144 -4599/1000
8264 5144 -4599/8000
8263 5144 -29951/31250
8266 5144 -4599/8000
8265 5144 -239493/250000
8262 5144 -4599/8000
8261 5144 -239493/250000
1096 5144 -455301/2000
1093 5144 -145197/2000
1086 5144 -20513/100
1015 5144 73/8
974 5144 -2117/8
906 5144 365
905 5144 -803/2
8308 5145 -4599/1000
8307 5145 -4599/1000
8276 5145 -4599/8000
8275 5145 -29951/31250
8278 5145 -4599/8000
8277 5145 -239493/250000
8274 5145 -4599/8000
8273 5145 -239493/250000
1642 5145 -455301/2000
1639 5145 -145197/2000
1632 5145 -20513/100
1561 5145 73/8
1520 5145 -2117/8
1452 5145 365
1451 5145 -803/2
8312 5146 -4599/1000
8311 5146 -4599/1000
8288 5146 -4599/8000
8287 5146 -29951/31250
8290 5146 -4599/8000
8289 5146 -239493/250000
8286 5146 -4599/8000
8285 5146 -239493/250000
2188 5146 -455301/2000
2185 5146 -145197/2000
2178 5146 -20513/100
2107 5146 73/8
2066 5146 -2117/8
1998 5146 365
1997 5146 -803/2
8314 5147 -4599/1000
8313 5147 -4599/1000
8294 5147 -4599/8000
8293 5147 -29951/31250
8296 5147 -4599/8000
8295 5147 -239493/250000
8292 5147 -4599/8000
8291 5147 -239493/250000
2461 5147 -455301/2000
2458 5147 -145197/2000
2451 5147 -20513/100
2380 5147 73/8
2339 5147 -2117/8
2271 5147 365
2270 5147 -803/2
8298 5148 -4599/1000
8297 5148 -4599/1000
8246 5148 -4599/8000
8245 5148 -29951/31250
8248 5148 -4599/8000
8247 5148 -239493/250000
8244 5148 -4599/8000
8243 5148 -239493/250000
277 5148 -455301/2000
274 5148 -145197/2000
268 5148 -42413/200
196 5148 73/8
155 5148 -51319/200
86 5148 -365
85 5148 365
8300 5149 -4599/1000
8299 5149 -4599/1000
8252 5149 -4599/8000
8251 5149 -29951/31250
8254 5149 -4599/8000
8253 5149 -239493/250000
8250 5149 -4599/8000
8249 5149 -239493/250000
550 5149 -455301/2000
547 5149 -145197/2000
541 5149 -42413/200
469 5149 73/8
428 5149 -51319/200
359 5149 -365
358 5149 365
8304 5150 -4599/1000
8303 5150 -4599/1000
8264 5150 -4599/8000
8263 5150 -29951/31250
8266 5150 -4599/8000
8265 5150 -239493/250000
8262 5150 -4599/8000
8261 5150 -239493/250000
1096 5150 -455301/2000
1093 5150 -145197/2000
1087 5150 -42413/200
1015 5150 73/8
974 5150 -51319/200
905 5150 -365
904 5150 365
8306 5151 -4599/1000
8305 5151 -4599/1000
8270 5151 -4599/8000
8269 5151 -29951/31250
8272 5151 -4599/8000
8271 5151 -239493/250000
8268 5151 -4599/8000
8267 5151 -239493/250000
1369 5151 -455301/2000
1366 5151 -145197/2000
1360 5151 -42413/200
1288 5151 73/8
1247 5151 -51319/200
1178 5151 -365
1177 5151 365
8308 5152 -4599/1000
8307 5152 -4599/1000
8276 5152 -4599/8000
8275 5152 -29951/31250
8278 5152 -4599/8000
8277 5152 -239493/250000
8274 5152 -4599/8000
8273 5152 -239493/250000
1642 5152 -455301/2000
1639 5152 -145197/2000
1633 5152 -42413/200
1561 5152 73/8
1520 5152 -51319/200
1451 5152 -365
1450 5152 365
8310 5153 -4599/1000
8309 5153 -4599/1000
8282 5153 -4599/8000
8281 5153 -29951/31250
8284 5153 -4599/8000
8283 5153 -239493/250000
8280 5153 -4599/8000
8279 5153 -239493/250000
1915 5153 -455301/2000
1912 5153 -145197/2000
1906 5153 -42413/200
1834 5153 73/8
1793 5153 -51319/200
1724 5153 -365
1723 5153 365
8312 5154 -4599/1000
8311 5154 -4599/1000
8288 5154 -4599/8000
8287 5154 -29951/31250
8290 5154 -4599/8000
8289 5154 -239493/250000
8286 5154 -4599/8000
8285 5154 -239493/250000
2188 5154 -455301/2000
2185 5154 -145197/2000
2179 5154 -42413/200
2107 5154 73/8
2066 5154 -51319/200
1997 5154 -365
1996 5154 365
8314 5155 -4599/1000
8313 5155 -4599/1000
8294 5155 -4599/8000
8293 5155 -29951/31250
8296 5155 -4599/8000
8295 5155 -239493/250000
8292 5155 -4599/8000
8291 5155 -239493/250000
2461 5155 -455301/2000
2458 5155 -145197/2000
2452 5155 -42413/200
2380 5155 73/8
2339 5155 -51319/200
2270 5155 -365
2269 5155 365
6835 5156 -68109/200
2723 5156 1
6982 5157 -68109/200
2977 5157 1
7138 5158 -68109/200
3242 5158 1
7299 5159 -68109/200
3514 5159 1
7461 5160 -68109/200
3788 5160 1
7628 5161 -68109/200
4067 5161 1
7813 5162 -68109/200
4364 5162 1
7998 5163 -68109/200
4661 5163 1
8183 5164 -68109/200
4958 5164 1
8298 5165 -8541/2500
8297 5165 -8541/2500
8246 5165 -8541/20000
8245 5165 -355989/500000
8248 5165 -8541/20000
8247 5165 -177909/250000
8244 5165 -8541/20000
8243 5165 -177909/250000
277 5165 -36427/2000
268 5165 -1387/4
214 5165 -1095/4
107 5165 1095/4
8300 5166 -8541/2500
8299 5166 -8541/2500
8252 5166 -8541/20000
8251 5166 -355989/500000
8254 5166 -8541/20000
8253 5166 -177909/250000
8250 5166 -8541/20000
8249 5166 -177909/250000
550 5166 -36427/2000
541 5166 -1387/4
487 5166 -1095/4
380 5166 1095/4
8302 5167 -8541/2500
8301 5167 -8541/2500
8258 5167 -8541/20000
8257 5167 -355989/500000
8260 5167 -8541/20000
8259 5167 -177909/250000
8256 5167 -8541/20000
8255 5167 -177909/250000
823 5167 -36427/2000
814 5167 -1387/4
760 5167 -1095/4
653 5167 1095/4
8304 5168 -8541/2500
8303 5168 -8541/2500
8264 5168 -8541/20000
8263 5168 -355989/500000
8266 5168 -8541/20000
8265 5168 -177909/250000
8262 5168 -8541/20000
8261 5168 -177909/250000
1096 5168 -36427/2000
1087 5168 -1387/4
1033 5168 -1095/4
926 5168 1095/4
8306 5169 -8541/2500
8305 5169 -8541/2500
8270 5169 -8541/20000
8269 5169 -355989/500000
8272 5169 -8541/20000
8271 5169 -177909/250000
8268 5169 -8541/20000
8267 5169 -177909/250000
1369 5169 -36427/2000
1360 5169 -1387/4
1306 5169 -1095/4
1199 5169 1095/4
8308 5170 -8541/2500
8307 5170 -8541/2500
8276 5170 -8541/20000
8275 5170 -355989/500000
8278 5170 -8541/20000
8277 5170 -177909/250000
8274 5170 -8541/20000
8273 5170 -177909/250000
1642 5170 -36427/2000
1633 5170 -1387/4
1579 5170 -1095/4
1472 5170 1095/4
8310 5171 -8541/2500
8309 5171 -8541/2500
8282 5171 -8541/20000
8281 5171 -355989/500000
8284 5171 -8541/20000
8283 5171 -177909/250000
8280 5171 -8541/20000
8279 5171 -177909/250000
1915 5171 -36427/2000
1906 5171 -1387/4
1852 5171 -1095/4
1745 5171 1095/4
8312 5172 -8541/2500
8311 5172 -8541/2500
8288 5172 -8541/20000
8287 5172 -355989/500000
8290 5172 -8541/20000
8289 5172 -177909/250000
8286 5172 -8541/20000
8285 5172 -177909/250000
2188 5172 -36427/2000
2179 5172 -1387/4
2125 5172 -1095/4
2018 5172 1095/4
8314 5173 -8541/2500
8313 5173 -8541/2500
8294 5173 -8541/20000
8293 5173 -355989/500000
8296 5173 -8541/20000
8295 5173 -177909/250000
8292 5173 -8541/20000
8291 5173 -177909/250000
2461 5173 -36427/2000
2452 5173 -1387/4
2398 5173 -1095/4
2291 5173 1095/4
8302 5174 -1614249/1000000
8301 5174 -1614249/1000000
8258 5174 -201781/1000000
8257 5174 -336409/1000000
8260 5174 -201781/1000000
8259 5174 -42031/125000
8256 5174 -201781/1000000
8255 5174 -42031/125000
3243 5174 1
823 5174 -7315859/1000000
820 5174 -62949/5000
799 5174 -13797/20000
783 5174 30181/2500
758 5174 13797/8000
742 5174 -3552727/10000
701 5174 13797/40
640 5174 151767/20000
6983 5175 -13797/40
2979 5175 1
7139 5176 -13797/40
3244 5176 1
7300 5177 -13797/40
3516 5177 1
7462 5178 -13797/40
3790 5178 1
7629 5179 -13797/40
4069 5179 1
7814 5180 -13797/40
4366 5180 1
7999 5181 -13797/40
4663 5181 1
8184 5182 -13797/40
4960 5182 1
8302 5183 -1971/1000
8301 5183 -1971/1000
8258 5183 -1971/8000
8257 5183 -102689/250000
8260 5183 -1971/8000
8259 5183 -410559/1000000
8256 5183 -1971/8000
8255 5183 -410559/1000000
823 5183 -31901/2000
820 5183 -145197/2000
799 5183 -73/100
785 5183 -365
759 5183 -365
758 5183 73/10
703 5183 3869/20
702 5183 803/5
8304 5184 -1971/1000
8303 5184 -1971/1000
8264 5184 -1971/8000
8263 5184 -102689/250000
8266 5184 -1971/8000
8265 5184 -410559/1000000
8262 5184 -1971/8000
8261 5184 -410559/1000000
1096 5184 -31901/2000
1093 5184 -145197/2000
1072 5184 -73/100
1058 5184 -365
1032 5184 -365
1031 5184 73/10
976 5184 3869/20
975 5184 803/5
8308 5185 -1971/1000
8307 5185 -1971/1000
8276 5185 -1971/8000
8275 5185 -102689/250000
8278 5185 -1971/8000
8277 5185 -410559/1000000
8274 5185 -1971/8000
8273 5185 -410559/1000000
1642 5185 -31901/2000
1639 5185 -145197/2000
1618 5185 -73/100
1604 5185 -365
1578 5185 -365
1577 5185 73/10
1522 5185 3869/20
1521 5185 803/5
8300 5186 -1971/1000
8299 5186 -1971/1000
8252 5186 -1971/8000
8251 5186 -102689/250000
8254 5186 -1971/8000
8253 5186 -410559/1000000
8250 5186 -1971/8000
8249 5186 -410559/1000000
550 5186 -31901/2000
547 5186 -145197/2000
526 5186 -73/100
511 5186 -365
486 5186 -365
485 5186 73/10
430 5186 3869/20
429 5186 803/5
8306 5187 -1971/1000
8305 5187 -1971/1000
8270 5187 -1971/8000
8269 5187 -102689/250000
8272 5187 -1971/8000
8271 5187 -410559/1000000
8268 5187 -1971/8000
8267 5187 -410559/1000000
1369 5187 -31901/2000
1366 5187 -145197/2000
1345 5187 -73/100
1330 5187 -365
1305 5187 -365
1304 5187 73/10
1249 5187 3869/20
1248 5187 803/5
8310 5188 -1971/1000
8309 5188 -1971/1000
8282 5188 -1971/8000
8281 5188 -102689/250000
8284 5188 -1971/8000
8283 5188 -410559/1000000
8280 5188 -1971/8000
8279 5188 -410559/1000000
1915 5188 -31901/2000
1912 5188 -145197/2000
1891 5188 -73/100
1876 5188 -365
1851 5188 -365
1850 5188 73/10
1795 5188 3869/20
1794 5188 803/5
8312 5189 -1971/1000
8311 5189 -1971/1000
8288 5189 -1971/8000
8287 5189 -102689/250000
8290 5189 -1971/8000
8289 5189 -410559/1000000
8286 5189 -1971/8000
8285 5189 -410559/1000000
2188 5189 -31901/2000
2185 5189 -145197/2000
2164 5189 -73/100
2149 5189 -365
2124 5189 -365
2123 5189 73/10
2068 5189 3869/20
2067 5189 803/5
8314 5190 -1971/1000
8313 5190 -1971/1000
8294 5190 -1971/8000
8293 5190 -102689/250000
8296 5190 -1971/8000
8295 5190 -410559/1000000
8292 5190 -1971/8000
8291 5190 -410559/1000000
2461 5190 -31901/2000
2458 5190 -145197/2000
2437 5190 -73/100
2422 5190 -365
2397 5190 -365
2396 5190 73/10
2341 5190 3869/20
2340 5190 803/5
8298 5191 -1117557/1000000
8297 5191 -1117557/1000000
8246 5191 -27939/200000
8245 5191 -232899/1000000
8248 5191 -27939/200000
8247 5191 -232787/1000000
8244 5191 -27939/200000
8243 5191 -232787/1000000
2724 5191 1
277 5191 -774357/10000
274 5191 -1143771/10000
239 5191 13797/100
217 5191 -124173/200
201 5191 13797/100
89 5191 21946749/10000
8300 5192 -1117557/1000000
8299 5192 -1117557/1000000
8252 5192 -27939/200000
8251 5192 -232899/1000000
8254 5192 -27939/200000
8253 5192 -232787/1000000
8250 5192 -27939/200000
8249 5192 -232787/1000000
2980 5192 1
550 5192 -774357/10000
547 5192 -1143771/10000
512 5192 13797/100
490 5192 -124173/200
474 5192 13797/100
362 5192 21946749/10000
8302 5193 -1117557/1000000
8301 5193 -1117557/1000000
8258 5193 -27939/200000
8257 5193 -232899/1000000
8260 5193 -27939/200000
8259 5193 -232787/1000000
8256 5193 -27939/200000
8255 5193 -232787/1000000
3245 5193 1
823 5193 -774357/10000
820 5193 -1143771/10000
785 5193 13797/100
763 5193 -124173/200
747 5193 13797/100
635 5193 21946749/10000
8304 5194 -1117557/1000000
8303 5194 -1117557/1000000
8264 5194 -27939/200000
8263 5194 -232899/1000000
8266 5194 -27939/200000
8265 5194 -232787/1000000
8262 5194 -27939/200000
8261 5194 -232787/1000000
3517 5194 1
1096 5194 -774357/10000
1093 5194 -1143771/10000
1058 5194 13797/100
1036 5194 -124173/200
1020 5194 13797/100
908 5194 21946749/10000
8306 5195 -1117557/1000000
8305 5195 -1117557/1000000
8270 5195 -27939/200000
8269 5195 -232899/1000000
8272 5195 -27939/200000
8271 5195 -232787/1000000
8268 5195 -27939/200000
8267 5195 -232787/1000000
3791 5195 1
1369 5195 -774357/10000
1366 5195 -1143771/10000
1331 5195 13797/100
1309 5195 -124173/200
1293 5195 13797/100
1181 5195 21946749/10000
8308 5196 -1117557/1000000
8307 5196 -1117557/1000000
8276 5196 -27939/200000
8275 5196 -232899/1000000
8278 5196 -27939/200000
8277 5196 -232787/1000000
8274 5196 -27939/200000
8273 5196 -232787/1000000
4070 5196 1
1642 5196 -774357/10000
1639 5196 -1143771/10000
1604 5196 13797/100
1582 5196 -124173/200
1566 5196 13797/100
1454 5196 21946749/10000
8310 5197 -1117557/1000000
8309 5197 -1117557/1000000
8282 5197 -27939/200000
8281 5197 -232899/1000000
8284 5197 -27939/200000
8283 5197 -232787/1000000
8280 5197 -27939/200000
8279 5197 -232787/1000000
4367 5197 1
1915 5197 -774357/10000
1912 5197 -1143771/10000
1877 5197 13797/100
1855 5197 -124173/200
1839 5197 13797/100
1727 5197 21946749/10000
8312 5198 -1117557/1000000
8311 5198 -1117557/1000000
8288 5198 -27939/200000
8287 5198 -232899/1000000
8290 5198 -27939/200000
8289 5198 -232787/1000000
8286 5198 -27939/200000
8285 5198 -232787/1000000
4664 5198 1
2188 5198 -774357/10000
2185 5198 -1143771/10000
2150 5198 13797/100
2128 5198 -124173/200
2112 5198 13797/100
2000 5198 21946749/10000
8314 5199 -1117557/1000000
8313 5199 -1117557/1000000
8294 5199 -27939/200000
8293 5199 -232899/1000000
8296 5199 -27939/200000
8295 5199 -232787/1000000
8292 5199 -27939/200000
8291 5199 -232787/1000000
4961 5199 1
2461 5199 -774357/10000
2458 5199 -1143771/10000
2423 5199 13797/100
2401 5199 -124173/200
2385 5199 13797/100
2273 5199 21946749/10000
6836 5200 -657/2
2725 5200 1
6984 5201 -657/2
2981 5201 1
7140 5202 -657/2
3246 5202 1
7301 5203 -657/2
3518 5203 1
7463 5204 -657/2
3792 5204 1
7630 5205 -657/2
4071 5205 1
7815 5206 -657/2
4368 5206 1
8000 5207 -657/2
4665 5207 1
8185 5208 -657/2
4962 5208 1
8298 5209 -45333/2500
8297 5209 -45333/2500
8246 5209 -45333/20000
8245 5209 -3778959/1000000
8248 5209 -45333/20000
8247 5209 -755429/200000
8244 5209 -45333/20000
8243 5209 -755429/200000
274 5209 -4376131/2000
253 5209 365
239 5209 -10731/20
212 5209 3577/100
93 5209 -365
8300 5210 -45333/2500
8299 5210 -45333/2500
8252 5210 -45333/20000
8251 5210 -3778959/1000000
8254 5210 -45333/20000
8253 5210 -755429/200000
8250 5210 -45333/20000
8249 5210 -755429/200000
547 5210 -4376131/2000
526 5210 365
512 5210 -10731/20
485 5210 3577/100
366 5210 -365
8302 5211 -45333/2500
8301 5211 -45333/2500
8258 5211 -45333/20000
8257 5211 -3778959/1000000
8260 5211 -45333/20000
8259 5211 -755429/200000
8256 5211 -45333/20000
8255 5211 -755429/200000
820 5211 -4376131/2000
799 5211 365
785 5211 -10731/20
758 5211 3577/100
639 5211 -365
8304 5212 -45333/2500
8303 5212 -45333/2500
8264 5212 -45333/20000
8263 5212 -3778959/1000000
8266 5212 -45333/20000
8265 5212 -755429/200000
8262 5212 -45333/20000
8261 5212 -755429/200000
1093 5212 -4376131/2000
1072 5212 365
1058 5212 -10731/20
1031 5212 3577/100
912 5212 -365
8306 5213 -45333/2500
8305 5213 -45333/2500
8270 5213 -45333/20000
8269 5213 -3778959/1000000
8272 5213 -45333/20000
8271 5213 -755429/200000
8268 5213 -45333/20000
8267 5213 -755429/200000
1366 5213 -4376131/2000
1345 5213 365
1331 5213 -10731/20
1304 5213 3577/100
1185 5213 -365
8308 5214 -45333/2500
8307 5214 -45333/2500
8276 5214 -45333/20000
8275 5214 -3778959/1000000
8278 5214 -45333/20000
8277 5214 -755429/200000
8274 5214 -45333/20000
8273 5214 -755429/200000
1639 5214 -4376131/2000
1618 5214 365
1604 5214 -10731/20
1577 5214 3577/100
1458 5214 -365
8310 5215 -45333/2500
8309 5215 -45333/2500
8282 5215 -45333/20000
8281 5215 -3778959/1000000
8284 5215 -45333/20000
8283 5215 -755429/200000
8280 5215 -45333/20000
8279 5215 -755429/200000
1912 5215 -4376131/2000
1891 5215 365
1877 5215 -10731/20
1850 5215 3577/100
1731 5215 -365
8312 5216 -45333/2500
8311 5216 -45333/2500
8288 5216 -45333/20000
8287 5216 -3778959/1000000
8290 5216 -45333/20000
8289 5216 -755429/200000
8286 5216 -45333/20000
8285 5216 -755429/200000
2185 5216 -4376131/2000
2164 5216 365
2150 5216 -10731/20
2123 5216 3577/100
2004 5216 -365
8314 5217 -45333/2500
8313 5217 -45333/2500
8294 5217 -45333/20000
8293 5217 -3778959/1000000
8296 5217 -45333/20000
8295 5217 -755429/200000
8292 5217 -45333/20000
8291 5217 -755429/200000
2458 5217 -4376131/2000
2437 5217 365
2423 5217 -10731/20
2396 5217 3577/100
2277 5217 -365
6837 5218 -9/10
2726 5218 1
6985 5219 -9/10
2982 5219 1
7141 5220 -9/10
3247 5220 1
7302 5221 -9/10
3519 5221 1
7464 5222 -9/10
3793 5222 1
7631 5223 -9/10
4072 5223 1
7816 5224 -9/10
4369 5224 1
8001 5225 -9/10
4666 5225 1
8298 5226 -1649/5000
8297 5226 -1649/5000
8246 5226 -1649/40000
8245 5226 -6873/100000
8248 5226 -1649/40000
8247 5226 -68697/1000000
8244 5226 -1649/40000
8243 5226 -68697/1000000
346 5226 -1
342 5226 521/500
277 5226 -12067/1000
274 5226 -2851/1000
252 5226 -593/200
36 5226 21
8300 5227 -1649/5000
8299 5227 -1649/5000
8252 5227 -1649/40000
8251 5227 -6873/100000
8254 5227 -1649/40000
8253 5227 -68697/1000000
8250 5227 -1649/40000
8249 5227 -68697/1000000
619 5227 -1
615 5227 521/500
550 5227 -12067/1000
547 5227 -2851/1000
525 5227 -593/200
37 5227 21
8302 5228 -1649/5000
8301 5228 -1649/5000
8258 5228 -1649/40000
8257 5228 -6873/100000
8260 5228 -1649/40000
8259 5228 -68697/1000000
8256 5228 -1649/40000
8255 5228 -68697/1000000
892 5228 -1
888 5228 521/500
823 5228 -12067/1000
820 5228 -2851/1000
798 5228 -593/200
38 5228 21
8304 5229 -1649/5000
8303 5229 -1649/5000
8264 5229 -1649/40000
8263 5229 -6873/100000
8266 5229 -1649/40000
8265 5229 -68697/1000000
8262 5229 -1649/40000
8261 5229 -68697/1000000
1165 5229 -1
1161 5229 521/500
1096 5229 -12067/1000
1093 5229 -2851/1000
1071 5229 -593/200
39 5229 21
8308 5230 -1649/5000
8307 5230 -1649/5000
8276 5230 -1649/40000
8275 5230 -6873/100000
8278 5230 -1649/40000
8277 5230 -68697/1000000
8274 5230 -1649/40000
8273 5230 -68697/1000000
1711 5230 -1
1707 5230 521/500
1642 5230 -12067/1000
1639 5230 -2851/1000
1617 5230 -593/200
41 5230 21
6838 5231 -9/10
2727 5231 1
6986 5232 -9/10
2983 5232 1
7303 5233 -9/10
3520 5233 1
7465 5234 -9/10
3794 5234 1
7632 5235 -9/10
4073 5235 1
7817 5236 -9/10
4370 5236 1
8187 5237 -9/10
4964 5237 1
6987 5238 -9/10
2984 5238 1
7143 5239 -9/10
3249 5239 1
7304 5240 -9/10
3521 5240 1
7466 5241 -9/10
3795 5241 1
7633 5242 -9/10
4074 5242 1
7818 5243 -9/10
4371 5243 1
8003 5244 -9/10
4668 5244 1
8188 5245 -9/10
4965 5245 1
3522 5246 1
64 5246 -1
1069 5246 1
3796 5247 1
67 5247 -1
1342 5247 1
4075 5248 1
70 5248 -1
1615 5248 1
4372 5249 1
73 5249 -1
1888 5249 1
4669 5250 1
76 5250 -1
2161 5250 1
4966 5251 1
79 5251 -1
2434 5251 1
6840 5252 -4/5
2730 5252 1
6988 5253 -4/5
2986 5253 1
7144 5254 -4/5
3251 5254 1
7305 5255 -4/5
3523 5255 1
7467 5256 -4/5
3797 5256 1
7634 5257 -4/5
4076 5257 1
7819 5258 -4/5
4373 5258 1
8004 5259 -4/5
4670 5259 1
8189 5260 -4/5
4967 5260 1
6841 5261 -19/20
2731 5261 1
6989 5262 -19/20
2987 5262 1
7145 5263 -19/20
3252 5263 1
7306 5264 -19/20
3524 5264 1
7468 5265 -19/20
3798 5265 1
7635 5266 -19/20
4077 5266 1
7820 5267 -19/20
4374 5267 1
8005 5268 -19/20
4671 5268 1
8190 5269 -19/20
4968 5269 1
6842 5270 -9/10
2732 5270 1
6990 5271 -9/10
2988 5271 1
7146 5272 -9/10
3253 5272 1
7307 5273 -9/10
3525 5273 1
7469 5274 -9/10
3799 5274 1
7636 5275 -9/10
4078 5275 1
7821 5276 -9/10
4375 5276 1
8006 5277 -9/10
4672 5277 1
8191 5278 -9/10
4969 5278 1
6843 5279 -17/20
2733 5279 1
6991 5280 -17/20
2989 5280 1
7147 5281 -17/20
3254 5281 1
7308 5282 -17/20
3526 5282 1
7470 5283 -17/20
3800 5283 1
7637 5284 -17/20
4079 5284 1
7822 5285 -17/20
4376 5285 1
8007 5286 -17/20
4673 5286 1
8192 5287 -17/20
4970 5287 1
6844 5288 -9/10
2734 5288 1
6992 5289 -9/10
2990 5289 1
7148 5290 -9/10
3255 5290 1
7309 5291 -9/10
3527 5291 1
7471 5292 -9/10
3801 5292 1
7638 5293 -9/10
4080 5293 1
7823 5294 -9/10
4377 5294 1
8008 5295 -9/10
4674 5295 1
8193 5296 -9/10
4971 5296 1
6845 5297 -9/10
2735 5297 1
6993 5298 -9/10
2991 5298 1
7149 5299 -9/10
3256 5299 1
7310 5300 -9/10
3528 5300 1
7472 5301 -9/10
3802 5301 1
7639 5302 -9/10
4081 5302 1
7824 5303 -9/10
4378 5303 1
8009 5304 -9/10
4675 5304 1
8194 5305 -9/10
4972 5305 1
6846 5306 -9/10
2736 5306 1
6994 5307 -9/10
2992 5307 1
7150 5308 -9/10
3257 5308 1
7311 5309 -9/10
3529 5309 1
7473 5310 -9/10
3803 5310 1
7640 5311 -9/10
4082 5311 1
7825 5312 -9/10
4379 5312 1
8010 5313 -9/10
4676 5313 1
8195 5314 -9/10
4973 5314 1
6847 5315 -9/10
2737 5315 1
6995 5316 -9/10
2993 5316 1
7151 5317 -9/10
3258 5317 1
7312 5318 -9/10
3530 5318 1
7474 5319 -9/10
3804 5319 1
7641 5320 -9/10
4083 5320 1
7826 5321 -9/10
4380 5321 1
8011 5322 -9/10
4677 5322 1
8196 5323 -9/10
4974 5323 1
6848 5324 -9/10
2738 5324 1
6996 5325 -9/10
2994 5325 1
7152 5326 -9/10
3259 5326 1
7313 5327 -9/10
3531 5327 1
7475 5328 -9/10
3805 5328 1
7642 5329 -9/10
4084 5329 1
7827 5330 -9/10
4381 5330 1
8012 5331 -9/10
4678 5331 1
8197 5332 -9/10
4975 5332 1
6849 5333 -9/10
2739 5333 1
6997 5334 -9/10
2995 5334 1
7153 5335 -9/10
3260 5335 1
7314 5336 -9/10
3532 5336 1
7476 5337 -9/10
3806 5337 1
7643 5338 -9/10
4085 5338 1
7828 5339 -9/10
4382 5339 1
8013 5340 -9/10
4679 5340 1
8198 5341 -9/10
4976 5341 1
6850 5342 -19/20
2740 5342 1
6998 5343 -19/20
2996 5343 1
7154 5344 -19/20
3261 5344 1
7315 5345 -19/20
3533 5345 1
7477 5346 -19/20
3807 5346 1
7644 5347 -19/20
4086 5347 1
7829 5348 -19/20
4383 5348 1
8014 5349 -19/20
4680 5349 1
8199 5350 -19/20
4977 5350 1
6851 5351 -1
2741 5351 1
6999 5352 -1
2997 5352 1
7155 5353 -1
3262 5353 1
7316 5354 -1
3534 5354 1
7478 5355 -1
3808 5355 1
7645 5356 -1
4087 5356 1
7830 5357 -1
4384 5357 1
8015 5358 -1
4681 5358 1
8200 5359 -1
4978 5359 1
539 5360 -8243/10000
534 5360 1
507 5360 -1757/10000
1085 5361 -8243/10000
1080 5361 1
1053 5361 -1757/10000
1358 5362 -8243/10000
1353 5362 1
1326 5362 -1757/10000
2450 5363 -8243/10000
2445 5363 1
2418 5363 -1757/10000
812 5364 -1
808 5364 5391/5000
1085 5365 -1
1081 5365 5391/5000
1358 5366 -1
1354 5366 5391/5000
1631 5367 -1
1627 5367 5391/5000
1904 5368 -1
1900 5368 5391/5000
2177 5369 -1
2173 5369 5391/5000
2450 5370 -1
2446 5370 5391/5000
6852 5371 -9/10
2742 5371 1
7000 5372 -9/10
2998 5372 1
7156 5373 -9/10
3263 5373 1
7317 5374 -9/10
3535 5374 1
7479 5375 -9/10
3809 5375 1
7646 5376 -9/10
4088 5376 1
8016 5377 -9/10
4682 5377 1
2743 5378 1
209 5378 1
202 5378 -1
2999 5379 1
482 5379 1
475 5379 -1
3264 5380 1
755 5380 1
748 5380 -1
3536 5381 1
1028 5381 1
1021 5381 -1
3810 5382 1
1301 5382 1
1294 5382 -1
4089 5383 1
1574 5383 1
1567 5383 -1
4386 5384 1
1847 5384 1
1840 5384 -1
4980 5385 1
2393 5385 1
2386 5385 -1
2744 5386 1
210 5386 -1
209 5386 1
3000 5387 1
483 5387 -1
482 5387 1
4387 5388 1
1848 5388 -1
1847 5388 1
4684 5389 1
2121 5389 -1
2120 5389 1
4981 5390 1
2394 5390 -1
2393 5390 1
6853 5391 -19/20
2745 5391 1
7157 5392 -19/20
3266 5392 1
7480 5393 -19/20
3812 5393 1
7647 5394 -19/20
4091 5394 1
8202 5395 -19/20
4982 5395 1
6854 5396 -97/100
2746 5396 1
7002 5397 -97/100
3002 5397 1
7158 5398 -97/100
3267 5398 1
7319 5399 -97/100
3539 5399 1
7481 5400 -97/100
3813 5400 1
7648 5401 -97/100
4092 5401 1
7833 5402 -97/100
4389 5402 1
8018 5403 -97/100
4686 5403 1
8203 5404 -97/100
4983 5404 1
6855 5405 -4/5
2747 5405 1
7003 5406 -4/5
3003 5406 1
7159 5407 -4/5
3268 5407 1
7320 5408 -4/5
3540 5408 1
7482 5409 -4/5
3814 5409 1
7649 5410 -4/5
4093 5410 1
7834 5411 -4/5
4390 5411 1
8019 5412 -4/5
4687 5412 1
8204 5413 -4/5
4984 5413 1
6856 5414 -4/5
2748 5414 1
7004 5415 -4/5
3004 5415 1
7160 5416 -4/5
3269 5416 1
7321 5417 -4/5
3541 5417 1
7483 5418 -4/5
3815 5418 1
7650 5419 -4/5
4094 5419 1
7835 5420 -4/5
4391 5420 1
8020 5421 -4/5
4688 5421 1
8205 5422 -4/5
4985 5422 1
6857 5423 -4/5
2749 5423 1
7005 5424 -4/5
3005 5424 1
7161 5425 -4/5
3270 5425 1
7322 5426 -4/5
3542 5426 1
7484 5427 -4/5
3816 5427 1
7651 5428 -4/5
4095 5428 1
7836 5429 -4/5
4392 5429 1
8021 5430 -4/5
4689 5430 1
8206 5431 -4/5
4986 5431 1
6858 5432 -4/5
2750 5432 1
7006 5433 -4/5
3006 5433 1
7162 5434 -4/5
3271 5434 1
7323 5435 -4/5
3543 5435 1
7485 5436 -4/5
3817 5436 1
7652 5437 -4/5
4096 5437 1
7837 5438 -4/5
4393 5438 1
8022 5439 -4/5
4690 5439 1
8207 5440 -4/5
4987 5440 1
6859 5441 -17/20
2751 5441 1
7007 5442 -17/20
3007 5442 1
7163 5443 -17/20
3272 5443 1
7324 5444 -17/20
3544 5444 1
7486 5445 -17/20
3818 5445 1
7653 5446 -17/20
4097 5446 1
7838 5447 -17/20
4394 5447 1
8023 5448 -17/20
4691 5448 1
8208 5449 -17/20
4988 5449 1
545 5450 1
465 5450 -1
37 5450 454111/1000000
19 5450 31549/500000
1 5450 39/1250
818 5451 1
738 5451 -1
38 5451 454111/1000000
20 5451 31549/500000
2 5451 39/1250
1091 5452 1
1011 5452 -1
39 5452 454111/1000000
21 5452 31549/500000
3 5452 39/1250
1364 5453 1
1284 5453 -1
40 5453 454111/1000000
22 5453 31549/500000
4 5453 39/1250
1637 5454 1
1557 5454 -1
41 5454 454111/1000000
23 5454 31549/500000
5 5454 39/1250
1910 5455 1
1830 5455 -1
42 5455 454111/1000000
24 5455 31549/500000
6 5455 39/1250
2183 5456 1
2103 5456 -1
43 5456 454111/1000000
25 5456 31549/500000
7 5456 39/1250
2456 5457 1
2376 5457 -1
44 5457 454111/1000000
26 5457 31549/500000
8 5457 39/1250
272 5458 1
195 5458 -1
36 5458 14191/12500
18 5458 9859/62500
0 5458 39/500
6860 5459 -1
2752 5459 1
7008 5460 -1
3008 5460 1
7164 5461 -1
3273 5461 1
7325 5462 -1
3545 5462 1
7487 5463 -1
3819 5463 1
7654 5464 -1
4098 5464 1
7839 5465 -1
4395 5465 1
8024 5466 -1
4692 5466 1
8209 5467 -1
4989 5467 1
6861 5468 -1
2753 5468 1
7009 5469 -1
3009 5469 1
7165 5470 -1
3274 5470 1
7326 5471 -1
3546 5471 1
7488 5472 -1
3820 5472 1
7655 5473 -1
4099 5473 1
7840 5474 -1
4396 5474 1
8025 5475 -1
4693 5475 1
8210 5476 -1
4990 5476 1
6862 5477 -1
2754 5477 1
7010 5478 -1
3010 5478 1
7166 5479 -1
3275 5479 1
7327 5480 -1
3547 5480 1
7489 5481 -1
3821 5481 1
7656 5482 -1
4100 5482 1
7841 5483 -1
4397 5483 1
8026 5484 -1
4694 5484 1
8211 5485 -1
4991 5485 1
6863 5486 -1
2755 5486 1
7011 5487 -1
3011 5487 1
7167 5488 -1
3276 5488 1
7328 5489 -1
3548 5489 1
7490 5490 -1
3822 5490 1
7657 5491 -1
4101 5491 1
7842 5492 -1
4398 5492 1
8027 5493 -1
4695 5493 1
8212 5494 -1
4992 5494 1
7012 5495 -1
3012 5495 1
7168 5496 -1
3277 5496 1
7329 5497 -1
3549 5497 1
7491 5498 -1
3823 5498 1
7658 5499 -1
4102 5499 1
7843 5500 -1
4399 5500 1
8028 5501 -1
4696 5501 1
8213 5502 -1
4993 5502 1
7013 5503 -1
3013 5503 1
7169 5504 -1
3278 5504 1
7330 5505 -1
3550 5505 1
7492 5506 -1
3824 5506 1
7659 5507 -1
4103 5507 1
7844 5508 -1
4400 5508 1
8029 5509 -1
4697 5509 1
8214 5510 -1
4994 5510 1
7014 5511 -1
3014 5511 1
7170 5512 -1
3279 5512 1
7331 5513 -1
3551 5513 1
7493 5514 -1
3825 5514 1
7660 5515 -1
4104 5515 1
7845 5516 -1
4401 5516 1
8030 5517 -1
4698 5517 1
8215 5518 -1
4995 5518 1
6866 5519 -1
2758 5519 1
7015 5520 -1
3015 5520 1
7171 5521 -1
3280 5521 1
7332 5522 -1
3552 5522 1
7494 5523 -1
3826 5523 1
7661 5524 -1
4105 5524 1
7846 5525 -1
4402 5525 1
8031 5526 -1
4699 5526 1
8216 5527 -1
4996 5527 1
6867 5528 -1
2759 5528 1
7016 5529 -1
3016 5529 1
7172 5530 -1
3281 5530 1
7333 5531 -1
3553 5531 1
7495 5532 -1
3827 5532 1
7662 5533 -1
4106 5533 1
7847 5534 -1
4403 5534 1
8032 5535 -1
4700 5535 1
8217 5536 -1
4997 5536 1
6868 5537 -1
2760 5537 1
7017 5538 -1
3017 5538 1
7173 5539 -1
3282 5539 1
7334 5540 -1
3554 5540 1
7496 5541 -1
3828 5541 1
7663 5542 -1
4107 5542 1
7848 5543 -1
4404 5543 1
8033 5544 -1
4701 5544 1
8218 5545 -1
4998 5545 1
6869 5546 -1
2761 5546 1
7018 5547 -1
3018 5547 1
7174 5548 -1
3283 5548 1
7335 5549 -1
3555 5549 1
7497 5550 -1
3829 5550 1
7664 5551 -1
4108 5551 1
7849 5552 -1
4405 5552 1
8034 5553 -1
4702 5553 1
8219 5554 -1
4999 5554 1
7019 5555 -1
3019 5555 1
7175 5556 -1
3284 5556 1
7336 5557 -1
3556 5557 1
7498 5558 -1
3830 5558 1
7665 5559 -1
4109 5559 1
7850 5560 -1
4406 5560 1
8035 5561 -1
4703 5561 1
8220 5562 -1
5000 5562 1
7020 5563 -1
3020 5563 1
7176 5564 -1
3285 5564 1
7337 5565 -1
3557 5565 1
7499 5566 -1
3831 5566 1
7666 5567 -1
4110 5567 1
7851 5568 -1
4407 5568 1
8036 5569 -1
4704 5569 1
8221 5570 -1
5001 5570 1
7177 5571 -1
3286 5571 1
7338 5572 -1
3558 5572 1
7500 5573 -1
3832 5573 1
7667 5574 -1
4111 5574 1
7852 5575 -1
4408 5575 1
8037 5576 -1
4705 5576 1
8222 5577 -1
5002 5577 1
6870 5578 -1
2762 5578 1
7021 5579 -1
3021 5579 1
7178 5580 -1
3287 5580 1
7339 5581 -1
3559 5581 1
7501 5582 -1
3833 5582 1
7668 5583 -1
4112 5583 1
7853 5584 -1
4409 5584 1
8038 5585 -1
4706 5585 1
8223 5586 -1
5003 5586 1
6871 5587 -1
2763 5587 1
7022 5588 -1
3022 5588 1
7179 5589 -1
3288 5589 1
7340 5590 -1
3560 5590 1
7502 5591 -1
3834 5591 1
7669 5592 -1
4113 5592 1
7854 5593 -1
4410 5593 1
8039 5594 -1
4707 5594 1
8224 5595 -1
5004 5595 1
6872 5596 -1
2764 5596 1
7023 5597 -1
3023 5597 1
7180 5598 -1
3289 5598 1
7341 5599 -1
3561 5599 1
7503 5600 -1
3835 5600 1
7855 5601 -1
4411 5601 1
8040 5602 -1
4708 5602 1
8225 5603 -1
5005 5603 1
6873 5604 -1
2765 5604 1
7024 5605 -1
3024 5605 1
7181 5606 -1
3290 5606 1
7342 5607 -1
3562 5607 1
7504 5608 -1
3836 5608 1
7671 5609 -1
4115 5609 1
7856 5610 -1
4412 5610 1
8041 5611 -1
4709 5611 1
8226 5612 -1
5006 5612 1
7025 5613 -1
3025 5613 1
7182 5614 -1
3291 5614 1
7343 5615 -1
3563 5615 1
7505 5616 -1
3837 5616 1
7672 5617 -1
4116 5617 1
7857 5618 -1
4413 5618 1
8042 5619 -1
4710 5619 1
8227 5620 -1
5007 5620 1
7183 5621 -1
3292 5621 1
7344 5622 -1
3564 5622 1
7506 5623 -1
3838 5623 1
7673 5624 -1
4117 5624 1
7858 5625 -1
4414 5625 1
8043 5626 -1
4711 5626 1
8228 5627 -1
5008 5627 1
6874 5628 -1
2766 5628 1
7026 5629 -1
3026 5629 1
7184 5630 -1
3293 5630 1
7345 5631 -1
3565 5631 1
7507 5632 -1
3839 5632 1
7674 5633 -1
4118 5633 1
7859 5634 -1
4415 5634 1
8044 5635 -1
4712 5635 1
8229 5636 -1
5009 5636 1
7027 5637 -1
3027 5637 1
7185 5638 -1
3294 5638 1
7346 5639 -1
3566 5639 1
7508 5640 -1
3840 5640 1
7675 5641 -1
4119 5641 1
7860 5642 -1
4416 5642 1
8045 5643 -1
4713 5643 1
8230 5644 -1
5010 5644 1
7028 5645 -1
3028 5645 1
7186 5646 -1
3295 5646 1
7347 5647 -1
3567 5647 1
7509 5648 -1
3841 5648 1
7676 5649 -1
4120 5649 1
7861 5650 -1
4417 5650 1
8046 5651 -1
4714 5651 1
8231 5652 -1
5011 5652 1
7187 5653 -1
3296 5653 1
7348 5654 -1
3568 5654 1
7510 5655 -1
3842 5655 1
7677 5656 -1
4121 5656 1
7862 5657 -1
4418 5657 1
8047 5658 -1
4715 5658 1
8232 5659 -1
5012 5659 1
6876 5660 -1
2768 5660 1
7029 5661 -1
3029 5661 1
7188 5662 -1
3297 5662 1
7349 5663 -1
3569 5663 1
7511 5664 -1
3843 5664 1
7678 5665 -1
4122 5665 1
7863 5666 -1
4419 5666 1
8048 5667 -1
4716 5667 1
8233 5668 -1
5013 5668 1
7030 5669 -1
3030 5669 1
7189 5670 -1
3298 5670 1
7350 5671 -1
3570 5671 1
7512 5672 -1
3844 5672 1
7679 5673 -1
4123 5673 1
7864 5674 -1
4420 5674 1
8049 5675 -1
4717 5675 1
6877 5676 -19/20
2769 5676 1
7031 5677 -19/20
3031 5677 1
7190 5678 -19/20
3299 5678 1
7351 5679 -19/20
3571 5679 1
7513 5680 -19/20
3845 5680 1
7680 5681 -19/20
4124 5681 1
7865 5682 -19/20
4421 5682 1
8050 5683 -19/20
4718 5683 1
8235 5684 -19/20
5015 5684 1
6878 5685 -19/20
2770 5685 1
7032 5686 -19/20
3032 5686 1
7191 5687 -19/20
3300 5687 1
7352 5688 -19/20
3572 5688 1
7514 5689 -19/20
3846 5689 1
7681 5690 -19/20
4125 5690 1
7866 5691 -19/20
4422 5691 1
8051 5692 -19/20
4719 5692 1
8236 5693 -19/20
5016 5693 1
6879 5694 -19/20
2771 5694 1
7033 5695 -19/20
3033 5695 1
7192 5696 -19/20
3301 5696 1
7353 5697 -19/20
3573 5697 1
7515 5698 -19/20
3847 5698 1
7682 5699 -19/20
4126 5699 1
7867 5700 -19/20
4423 5700 1
8052 5701 -19/20
4720 5701 1
8237 5702 -19/20
5017 5702 1
6880 5703 -19/20
2772 5703 1
7034 5704 -19/20
3034 5704 1
7193 5705 -19/20
3302 5705 1
7354 5706 -19/20
3574 5706 1
7868 5707 -19/20
4424 5707 1
8053 5708 -19/20
4721 5708 1
6881 5709 -19/20
2773 5709 1
7355 5710 -19/20
3575 5710 1
7684 5711 -19/20
4128 5711 1
7869 5712 -19/20
4425 5712 1
8239 5713 -19/20
5019 5713 1
6882 5714 -19/20
2774 5714 1
7195 5715 -19/20
3304 5715 1
7356 5716 -19/20
3576 5716 1
7685 5717 -19/20
4129 5717 1
8055 5718 -19/20
4723 5718 1
6883 5719 -19/20
2775 5719 1
7196 5720 -19/20
3305 5720 1
7357 5721 -19/20
3577 5721 1
7519 5722 -19/20
3851 5722 1
6884 5723 -19/20
2776 5723 1
7038 5724 -19/20
3038 5724 1
7197 5725 -19/20
3306 5725 1
7358 5726 -19/20
3578 5726 1
7520 5727 -19/20
3852 5727 1
7687 5728 -19/20
4131 5728 1
7872 5729 -19/20
4428 5729 1
8057 5730 -19/20
4725 5730 1
8242 5731 -19/20
5022 5731 1
6745 5732 1
286 5732 1
285 5732 -1
6885 5733 1
559 5733 1
558 5733 -1
7039 5734 1
832 5734 1
831 5734 -1
7198 5735 1
1105 5735 1
1104 5735 -1
7359 5736 1
1378 5736 1
1377 5736 -1
7521 5737 1
1651 5737 1
1650 5737 -1
7688 5738 1
1924 5738 1
1923 5738 -1
7873 5739 1
2197 5739 1
2196 5739 -1
8058 5740 1
2470 5740 1
2469 5740 -1
9812 5741 -727/1000
9686 5741 1
6746 5741 1
347 5741 -727/1000
297 5741 1
36 5741 7
9813 5742 -727/1000
9687 5742 1
6886 5742 1
620 5742 -727/1000
570 5742 1
37 5742 7
9814 5743 -727/1000
9688 5743 1
7040 5743 1
893 5743 -727/1000
843 5743 1
38 5743 7
9815 5744 -727/1000
9689 5744 1
7199 5744 1
1166 5744 -727/1000
1116 5744 1
39 5744 7
9816 5745 -727/1000
9690 5745 1
7360 5745 1
1439 5745 -727/1000
1389 5745 1
40 5745 7
9817 5746 -727/1000
9691 5746 1
7522 5746 1
1712 5746 -727/1000
1662 5746 1
41 5746 7
9818 5747 -727/1000
9692 5747 1
7689 5747 1
1985 5747 -727/1000
1935 5747 1
42 5747 7
9819 5748 -727/1000
9693 5748 1
7874 5748 1
2258 5748 -727/1000
2208 5748 1
43 5748 7
9820 5749 -727/1000
9694 5749 1
8059 5749 1
2531 5749 -727/1000
2481 5749 1
44 5749 7
6747 5750 1
287 5750 1
285 5750 -1
6887 5751 1
560 5751 1
558 5751 -1
7041 5752 1
833 5752 1
831 5752 -1
7200 5753 1
1106 5753 1
1104 5753 -1
7361 5754 1
1379 5754 1
1377 5754 -1
7523 5755 1
1652 5755 1
1650 5755 -1
7690 5756 1
1925 5756 1
1923 5756 -1
7875 5757 1
2198 5757 1
2196 5757 -1
8060 5758 1
2471 5758 1
2469 5758 -1
9740 5759 51/50
8298 5759 -11/25
8297 5759 -11/25
8246 5759 -11/200
8245 5759 -5731/62500
8248 5759 -11/200
8247 5759 -22913/250000
8244 5759 -11/200
8243 5759 -22913/250000
6748 5759 1
339 5759 51/50
282 5759 -211/100
279 5759 1
272 5759 -37/50
9741 5760 51/50
8300 5760 -11/25
8299 5760 -11/25
8252 5760 -11/200
8251 5760 -5731/62500
8254 5760 -11/200
8253 5760 -22913/250000
8250 5760 -11/200
8249 5760 -22913/250000
6888 5760 1
612 5760 51/50
555 5760 -211/100
552 5760 1
545 5760 -37/50
9742 5761 51/50
8302 5761 -11/25
8301 5761 -11/25
8258 5761 -11/200
8257 5761 -5731/62500
8260 5761 -11/200
8259 5761 -22913/250000
8256 5761 -11/200
8255 5761 -22913/250000
7042 5761 1
885 5761 51/50
828 5761 -211/100
825 5761 1
818 5761 -37/50
9743 5762 51/50
8304 5762 -11/25
8303 5762 -11/25
8264 5762 -11/200
8263 5762 -5731/62500
8266 5762 -11/200
8265 5762 -22913/250000
8262 5762 -11/200
8261 5762 -22913/250000
7201 5762 1
1158 5762 51/50
1101 5762 -211/100
1098 5762 1
1091 5762 -37/50
9744 5763 51/50
8306 5763 -11/25
8305 5763 -11/25
8270 5763 -11/200
8269 5763 -5731/62500
8272 5763 -11/200
8271 5763 -22913/250000
8268 5763 -11/200
8267 5763 -22913/250000
7362 5763 1
1431 5763 51/50
1374 5763 -211/100
1371 5763 1
1364 5763 -37/50
9745 5764 51/50
8308 5764 -11/25
8307 5764 -11/25
8276 5764 -11/200
8275 5764 -5731/62500
8278 5764 -11/200
8277 5764 -22913/250000
8274 5764 -11/200
8273 5764 -22913/250000
7524 5764 1
1704 5764 51/50
1647 5764 -211/100
1644 5764 1
1637 5764 -37/50
9746 5765 51/50
8310 5765 -11/25
8309 5765 -11/25
8282 5765 -11/200
8281 5765 -5731/62500
8284 5765 -11/200
8283 5765 -22913/250000
8280 5765 -11/200
8279 5765 -22913/250000
7691 5765 1
1977 5765 51/50
1920 5765 -211/100
1917 5765 1
1910 5765 -37/50
9747 5766 51/50
8312 5766 -11/25
8311 5766 -11/25
8288 5766 -11/200
8287 5766 -5731/62500
8290 5766 -11/200
8289 5766 -22913/250000
8286 5766 -11/200
8285 5766 -22913/250000
7876 5766 1
2250 5766 51/50
2193 5766 -211/100
2190 5766 1
2183 5766 -37/50
9748 5767 51/50
8314 5767 -11/25
8313 5767 -11/25
8294 5767 -11/200
8293 5767 -5731/62500
8296 5767 -11/200
8295 5767 -22913/250000
8292 5767 -11/200
8291 5767 -22913/250000
8061 5767 1
2523 5767 51/50
2466 5767 -211/100
2463 5767 1
2456 5767 -37/50
9744 5768 51/50
8306 5768 -11/25
8305 5768 -11/25
8270 5768 -11/200
8269 5768 -5731/62500
8272 5768 -11/200
8271 5768 -22913/250000
8268 5768 -11/200
8267 5768 -22913/250000
7363 5768 1
1431 5768 51/50
1374 5768 -211/100
1371 5768 1
1364 5768 -37/50
9745 5769 51/50
8308 5769 -11/25
8307 5769 -11/25
8276 5769 -11/200
8275 5769 -5731/62500
8278 5769 -11/200
8277 5769 -22913/250000
8274 5769 -11/200
8273 5769 -22913/250000
7525 5769 1
1704 5769 51/50
1647 5769 -211/100
1644 5769 1
1637 5769 -37/50
9746 5770 51/50
8310 5770 -11/25
8309 5770 -11/25
8282 5770 -11/200
8281 5770 -5731/62500
8284 5770 -11/200
8283 5770 -22913/250000
8280 5770 -11/200
8279 5770 -22913/250000
7692 5770 1
1977 5770 51/50
1920 5770 -211/100
1917 5770 1
1910 5770 -37/50
9747 5771 51/50
8312 5771 -11/25
8311 5771 -11/25
8288 5771 -11/200
8287 5771 -5731/62500
8290 5771 -11/200
8289 5771 -22913/250000
8286 5771 -11/200
8285 5771 -22913/250000
7877 5771 1
2250 5771 51/50
2193 5771 -211/100
2190 5771 1
2183 5771 -37/50
9748 5772 51/50
8314 5772 -11/25
8313 5772 -11/25
8294 5772 -11/200
8293 5772 -5731/62500
8296 5772 -11/200
8295 5772 -22913/250000
8292 5772 -11/200
8291 5772 -22913/250000
8062 5772 1
2523 5772 51/50
2466 5772 -211/100
2463 5772 1
2456 5772 -37/50
9740 5773 673/100
8298 5773 -2459/100
8297 5773 -2459/100
8246 5773 -2459/800
8245 5773 -1281139/250000
8248 5773 -2459/800
8247 5773 -5122097/1000000
8244 5773 -2459/800
8243 5773 -5122097/1000000
6750 5773 1
339 5773 673/100
314 5773 381/100
313 5773 -421/20
311 5773 1
208 5773 -2383/100
195 5773 -403/100
36 5773 114533/25000
18 5773 103473/50000
0 5773 149297/100000
9741 5774 673/100
8300 5774 -2459/100
8299 5774 -2459/100
8252 5774 -2459/800
8251 5774 -1281139/250000
8254 5774 -2459/800
8253 5774 -5122097/1000000
8250 5774 -2459/800
8249 5774 -5122097/1000000
6890 5774 1
612 5774 673/100
587 5774 381/100
586 5774 -421/20
584 5774 1
481 5774 -2383/100
468 5774 -403/100
37 5774 114533/25000
19 5774 103473/50000
1 5774 149297/100000
9742 5775 673/100
8302 5775 -2459/100
8301 5775 -2459/100
8258 5775 -2459/800
8257 5775 -1281139/250000
8260 5775 -2459/800
8259 5775 -5122097/1000000
8256 5775 -2459/800
8255 5775 -5122097/1000000
7044 5775 1
885 5775 673/100
860 5775 381/100
859 5775 -421/20
857 5775 1
754 5775 -2383/100
741 5775 -403/100
38 5775 114533/25000
20 5775 103473/50000
2 5775 149297/100000
9743 5776 673/100
8304 5776 -2459/100
8303 5776 -2459/100
8264 5776 -2459/800
8263 5776 -1281139/250000
8266 5776 -2459/800
8265 5776 -5122097/1000000
8262 5776 -2459/800
8261 5776 -5122097/1000000
7203 5776 1
1158 5776 673/100
1133 5776 381/100
1132 5776 -421/20
1130 5776 1
1027 5776 -2383/100
1014 5776 -403/100
39 5776 114533/25000
21 5776 103473/50000
3 5776 149297/100000
9744 5777 673/100
8306 5777 -2459/100
8305 5777 -2459/100
8270 5777 -2459/800
8269 5777 -1281139/250000
8272 5777 -2459/800
8271 5777 -5122097/1000000
8268 5777 -2459/800
8267 5777 -5122097/1000000
7364 5777 1
1431 5777 673/100
1406 5777 381/100
1405 5777 -421/20
1403 5777 1
1300 5777 -2383/100
1287 5777 -403/100
40 5777 114533/25000
22 5777 103473/50000
4 5777 149297/100000
9745 5778 673/100
8308 5778 -2459/100
8307 5778 -2459/100
8276 5778 -2459/800
8275 5778 -1281139/250000
8278 5778 -2459/800
8277 5778 -5122097/1000000
8274 5778 -2459/800
8273 5778 -5122097/1000000
7526 5778 1
1704 5778 673/100
1679 5778 381/100
1678 5778 -421/20
1676 5778 1
1573 5778 -2383/100
1560 5778 -403/100
41 5778 114533/25000
23 5778 103473/50000
5 5778 149297/100000
9746 5779 673/100
8310 5779 -2459/100
8309 5779 -2459/100
8282 5779 -2459/800
8281 5779 -1281139/250000
8284 5779 -2459/800
8283 5779 -5122097/1000000
8280 5779 -2459/800
8279 5779 -5122097/1000000
7693 5779 1
1977 5779 673/100
1952 5779 381/100
1951 5779 -421/20
1949 5779 1
1846 5779 -2383/100
1833 5779 -403/100
42 5779 114533/25000
24 5779 103473/50000
6 5779 149297/100000
9747 5780 673/100
8312 5780 -2459/100
8311 5780 -2459/100
8288 5780 -2459/800
8287 5780 -1281139/250000
8290 5780 -2459/800
8289 5780 -5122097/1000000
8286 5780 -2459/800
8285 5780 -5122097/1000000
7878 5780 1
2250 5780 673/100
2225 5780 381/100
2224 5780 -421/20
2222 5780 1
2119 5780 -2383/100
2106 5780 -403/100
43 5780 114533/25000
25 5780 103473/50000
7 5780 149297/100000
9748 5781 673/100
8314 5781 -2459/100
8313 5781 -2459/100
8294 5781 -2459/800
8293 5781 -1281139/250000
8296 5781 -2459/800
8295 5781 -5122097/1000000
8292 5781 -2459/800
8291 5781 -5122097/1000000
8063 5781 1
2523 5781 673/100
2498 5781 381/100
2497 5781 -421/20
2495 5781 1
2392 5781 -2383/100
2379 5781 -403/100
44 5781 114533/25000
26 5781 103473/50000
8 5781 149297/100000
9741 5782 673/100
8300 5782 -2459/100
8299 5782 -2459/100
8252 5782 -2459/800
8251 5782 -1281139/250000
8254 5782 -2459/800
8253 5782 -5122097/1000000
8250 5782 -2459/800
8249 5782 -5122097/1000000
6891 5782 1
612 5782 673/100
587 5782 381/100
586 5782 -421/20
584 5782 1
481 5782 -2383/100
468 5782 -403/100
37 5782 114533/25000
19 5782 103473/50000
1 5782 149297/100000
9742 5783 673/100
8302 5783 -2459/100
8301 5783 -2459/100
8258 5783 -2459/800
8257 5783 -1281139/250000
8260 5783 -2459/800
8259 5783 -5122097/1000000
8256 5783 -2459/800
8255 5783 -5122097/1000000
7045 5783 1
885 5783 673/100
860 5783 381/100
859 5783 -421/20
857 5783 1
754 5783 -2383/100
741 5783 -403/100
38 5783 114533/25000
20 5783 103473/50000
2 5783 149297/100000
9743 5784 673/100
8304 5784 -2459/100
8303 5784 -2459/100
8264 5784 -2459/800
8263 5784 -1281139/250000
8266 5784 -2459/800
8265 5784 -5122097/1000000
8262 5784 -2459/800
8261 5784 -5122097/1000000
7204 5784 1
1158 5784 673/100
1133 5784 381/100
1132 5784 -421/20
1130 5784 1
1027 5784 -2383/100
1014 5784 -403/100
39 5784 114533/25000
21 5784 103473/50000
3 5784 149297/100000
9744 5785 673/100
8306 5785 -2459/100
8305 5785 -2459/100
8270 5785 -2459/800
8269 5785 -1281139/250000
8272 5785 -2459/800
8271 5785 -5122097/1000000
8268 5785 -2459/800
8267 5785 -5122097/1000000
7365 5785 1
1431 5785 673/100
1406 5785 381/100
1405 5785 -421/20
1403 5785 1
1300 5785 -2383/100
1287 5785 -403/100
40 5785 114533/25000
22 5785 103473/50000
4 5785 149297/100000
9745 5786 673/100
8308 5786 -2459/100
8307 5786 -2459/100
8276 5786 -2459/800
8275 5786 -1281139/250000
8278 5786 -2459/800
8277 5786 -5122097/1000000
8274 5786 -2459/800
8273 5786 -5122097/1000000
7527 5786 1
1704 5786 673/100
1679 5786 381/100
1678 5786 -421/20
1676 5786 1
1573 5786 -2383/100
1560 5786 -403/100
41 5786 114533/25000
23 5786 103473/50000
5 5786 149297/100000
9746 5787 673/100
8310 5787 -2459/100
8309 5787 -2459/100
8282 5787 -2459/800
8281 5787 -1281139/250000
8284 5787 -2459/800
8283 5787 -5122097/1000000
8280 5787 -2459/800
8279 5787 -5122097/1000000
7694 5787 1
1977 5787 673/100
1952 5787 381/100
1951 5787 -421/20
1949 5787 1
1846 5787 -2383/100
1833 5787 -403/100
42 5787 114533/25000
24 5787 103473/50000
6 5787 149297/100000
9747 5788 673/100
8312 5788 -2459/100
8311 5788 -2459/100
8288 5788 -2459/800
8287 5788 -1281139/250000
8290 5788 -2459/800
8289 5788 -5122097/1000000
8286 5788 -2459/800
8285 5788 -5122097/1000000
7879 5788 1
2250 5788 673/100
2225 5788 381/100
2224 5788 -421/20
2222 5788 1
2119 5788 -2383/100
2106 5788 -403/100
43 5788 114533/25000
25 5788 103473/50000
7 5788 149297/100000
9748 5789 673/100
8314 5789 -2459/100
8313 5789 -2459/100
8294 5789 -2459/800
8293 5789 -1281139/250000
8296 5789 -2459/800
8295 5789 -5122097/1000000
8292 5789 -2459/800
8291 5789 -5122097/1000000
8064 5789 1
2523 5789 673/100
2498 5789 381/100
2497 5789 -421/20
2495 5789 1
2392 5789 -2383/100
2379 5789 -403/100
44 5789 114533/25000
26 5789 103473/50000
8 5789 149297/100000
9740 5790 183/100
8298 5790 -7/5
8297 5790 -7/5
8246 5790 -7/40
8245 5790 -3647/12500
8248 5790 -7/40
8247 5790 -14581/50000
8244 5790 -7/40
8243 5790 -14581/50000
6752 5790 1
339 5790 183/100
289 5790 -321/100
283 5790 -21/50
280 5790 1
208 5790 -43/50
195 5790 -319/50
36 5790 790009/100000
18 5790 5021/4000
0 5790 73393/125000
9741 5791 183/100
8300 5791 -7/5
8299 5791 -7/5
8252 5791 -7/40
8251 5791 -3647/12500
8254 5791 -7/40
8253 5791 -14581/50000
8250 5791 -7/40
8249 5791 -14581/50000
6892 5791 1
612 5791 183/100
562 5791 -321/100
556 5791 -21/50
553 5791 1
481 5791 -43/50
468 5791 -319/50
37 5791 790009/100000
19 5791 5021/4000
1 5791 73393/125000
9742 5792 183/100
8302 5792 -7/5
8301 5792 -7/5
8258 5792 -7/40
8257 5792 -3647/12500
8260 5792 -7/40
8259 5792 -14581/50000
8256 5792 -7/40
8255 5792 -14581/50000
7046 5792 1
885 5792 183/100
835 5792 -321/100
829 5792 -21/50
826 5792 1
754 5792 -43/50
741 5792 -319/50
38 5792 790009/100000
20 5792 5021/4000
2 5792 73393/125000
9743 5793 183/100
8304 5793 -7/5
8303 5793 -7/5
8264 5793 -7/40
8263 5793 -3647/12500
8266 5793 -7/40
8265 5793 -14581/50000
8262 5793 -7/40
8261 5793 -14581/50000
7205 5793 1
1158 5793 183/100
1108 5793 -321/100
1102 5793 -21/50
1099 5793 1
1027 5793 -43/50
1014 5793 -319/50
39 5793 790009/100000
21 5793 5021/4000
3 5793 73393/125000
9744 5794 183/100
8306 5794 -7/5
8305 5794 -7/5
8270 5794 -7/40
8269 5794 -3647/12500
8272 5794 -7/40
8271 5794 -14581/50000
8268 5794 -7/40
8267 5794 -14581/50000
7366 5794 1
1431 5794 183/100
1381 5794 -321/100
1375 5794 -21/50
1372 5794 1
1300 5794 -43/50
1287 5794 -319/50
40 5794 790009/100000
22 5794 5021/4000
4 5794 73393/125000
9745 5795 183/100
8308 5795 -7/5
8307 5795 -7/5
8276 5795 -7/40
8275 5795 -3647/12500
8278 5795 -7/40
8277 5795 -14581/50000
8274 5795 -7/40
8273 5795 -14581/50000
7528 5795 1
1704 5795 183/100
1654 5795 -321/100
1648 5795 -21/50
1645 5795 1
1573 5795 -43/50
1560 5795 -319/50
41 5795 790009/100000
23 5795 5021/4000
5 5795 73393/125000
9746 5796 183/100
8310 5796 -7/5
8309 5796 -7/5
8282 5796 -7/40
8281 5796 -3647/12500
8284 5796 -7/40
8283 5796 -14581/50000
8280 5796 -7/40
8279 5796 -14581/50000
7695 5796 1
1977 5796 183/100
1927 5796 -321/100
1921 5796 -21/50
1918 5796 1
1846 5796 -43/50
1833 5796 -319/50
42 5796 790009/100000
24 5796 5021/4000
6 5796 73393/125000
9747 5797 183/100
8312 5797 -7/5
8311 5797 -7/5
8288 5797 -7/40
8287 5797 -3647/12500
8290 5797 -7/40
8289 5797 -14581/50000
8286 5797 -7/40
8285 5797 -14581/50000
7880 5797 1
2250 5797 183/100
2200 5797 -321/100
2194 5797 -21/50
2191 5797 1
2119 5797 -43/50
2106 5797 -319/50
43 5797 790009/100000
25 5797 5021/4000
7 5797 73393/125000
9748 5798 183/100
8314 5798 -7/5
8313 5798 -7/5
8294 5798 -7/40
8293 5798 -3647/12500
8296 5798 -7/40
8295 5798 -14581/50000
8292 5798 -7/40
8291 5798 -14581/50000
8065 5798 1
2523 5798 183/100
2473 5798 -321/100
2467 5798 -21/50
2464 5798 1
2392 5798 -43/50
2379 5798 -319/50
44 5798 790009/100000
26 5798 5021/4000
8 5798 73393/125000
9740 5799 29/100
8298 5799 -19/50
8297 5799 -19/50
8246 5799 -19/400
8245 5799 -9899/125000
8248 5799 -19/400
8247 5799 -39577/500000
8244 5799 -19/400
8243 5799 -39577/500000
6753 5799 1
339 5799 29/100
282 5799 59/100
278 5799 -1
195 5799 -43/100
36 5799 488169/1000000
18 5799 6783/100000
0 5799 1677/50000
9741 5800 29/100
8300 5800 -19/50
8299 5800 -19/50
8252 5800 -19/400
8251 5800 -9899/125000
8254 5800 -19/400
8253 5800 -39577/500000
8250 5800 -19/400
8249 5800 -39577/500000
6893 5800 1
612 5800 29/100
555 5800 59/100
551 5800 -1
468 5800 -43/100
37 5800 488169/1000000
19 5800 6783/100000
1 5800 1677/50000
9742 5801 29/100
8302 5801 -19/50
8301 5801 -19/50
8258 5801 -19/400
8257 5801 -9899/125000
8260 5801 -19/400
8259 5801 -39577/500000
8256 5801 -19/400
8255 5801 -39577/500000
7047 5801 1
885 5801 29/100
828 5801 59/100
824 5801 -1
741 5801 -43/100
38 5801 488169/1000000
20 5801 6783/100000
2 5801 1677/50000
9743 5802 29/100
8304 5802 -19/50
8303 5802 -19/50
8264 5802 -19/400
8263 5802 -9899/125000
8266 5802 -19/400
8265 5802 -39577/500000
8262 5802 -19/400
8261 5802 -39577/500000
7206 5802 1
1158 5802 29/100
1101 5802 59/100
1097 5802 -1
1014 5802 -43/100
39 5802 488169/1000000
21 5802 6783/100000
3 5802 1677/50000
9744 5803 29/100
8306 5803 -19/50
8305 5803 -19/50
8270 5803 -19/400
8269 5803 -9899/125000
8272 5803 -19/400
8271 5803 -39577/500000
8268 5803 -19/400
8267 5803 -39577/500000
7367 5803 1
1431 5803 29/100
1374 5803 59/100
1370 5803 -1
1287 5803 -43/100
40 5803 488169/1000000
22 5803 6783/100000
4 5803 1677/50000
9745 5804 29/100
8308 5804 -19/50
8307 5804 -19/50
8276 5804 -19/400
8275 5804 -9899/125000
8278 5804 -19/400
8277 5804 -39577/500000
8274 5804 -19/400
8273 5804 -39577/500000
7529 5804 1
1704 5804 29/100
1647 5804 59/100
1643 5804 -1
1560 5804 -43/100
41 5804 488169/1000000
23 5804 6783/100000
5 5804 1677/50000
9746 5805 29/100
8310 5805 -19/50
8309 5805 -19/50
8282 5805 -19/400
8281 5805 -9899/125000
8284 5805 -19/400
8283 5805 -39577/500000
8280 5805 -19/400
8279 5805 -39577/500000
7696 5805 1
1977 5805 29/100
1920 5805 59/100
1916 5805 -1
1833 5805 -43/100
42 5805 488169/1000000
24 5805 6783/100000
6 5805 1677/50000
9747 5806 29/100
8312 5806 -19/50
8311 5806 -19/50
8288 5806 -19/400
8287 5806 -9899/125000
8290 5806 -19/400
8289 5806 -39577/500000
8286 5806 -19/400
8285 5806 -39577/500000
7881 5806 1
2250 5806 29/100
2193 5806 59/100
2189 5806 -1
2106 5806 -43/100
43 5806 488169/1000000
25 5806 6783/100000
7 5806 1677/50000
9748 5807 29/100
8314 5807 -19/50
8313 5807 -19/50
8294 5807 -19/400
8293 5807 -9899/125000
8296 5807 -19/400
8295 5807 -39577/500000
8292 5807 -19/400
8291 5807 -39577/500000
8066 5807 1
2523 5807 29/100
2466 5807 59/100
2462 5807 -1
2379 5807 -43/100
44 5807 488169/1000000
26 5807 6783/100000
8 5807 1677/50000
8298 5808 -391/100
8297 5808 -391/100
8246 5808 -391/800
8245 5808 -203711/250000
8248 5808 -391/800
8247 5808 -814453/1000000
8244 5808 -391/800
8243 5808 -814453/1000000
6754 5808 1
284 5808 1
279 5808 -59/50
208 5808 -357/50
202 5808 -7/20
195 5808 -403/100
36 5808 102487/20000
18 5808 61477/50000
0 5808 698193/1000000
8300 5809 -391/100
8299 5809 -391/100
8252 5809 -391/800
8251 5809 -203711/250000
8254 5809 -391/800
8253 5809 -814453/1000000
8250 5809 -391/800
8249 5809 -814453/1000000
6894 5809 1
557 5809 1
552 5809 -59/50
481 5809 -357/50
475 5809 -7/20
468 5809 -403/100
37 5809 102487/20000
19 5809 61477/50000
1 5809 698193/1000000
8302 5810 -391/100
8301 5810 -391/100
8258 5810 -391/800
8257 5810 -203711/250000
8260 5810 -391/800
8259 5810 -814453/1000000
8256 5810 -391/800
8255 5810 -814453/1000000
7048 5810 1
830 5810 1
825 5810 -59/50
754 5810 -357/50
748 5810 -7/20
741 5810 -403/100
38 5810 102487/20000
20 5810 61477/50000
2 5810 698193/1000000
8304 5811 -391/100
8303 5811 -391/100
8264 5811 -391/800
8263 5811 -203711/250000
8266 5811 -391/800
8265 5811 -814453/1000000
8262 5811 -391/800
8261 5811 -814453/1000000
7207 5811 1
1103 5811 1
1098 5811 -59/50
1027 5811 -357/50
1021 5811 -7/20
1014 5811 -403/100
39 5811 102487/20000
21 5811 61477/50000
3 5811 698193/1000000
8306 5812 -391/100
8305 5812 -391/100
8270 5812 -391/800
8269 5812 -203711/250000
8272 5812 -391/800
8271 5812 -814453/1000000
8268 5812 -391/800
8267 5812 -814453/1000000
7368 5812 1
1376 5812 1
1371 5812 -59/50
1300 5812 -357/50
1294 5812 -7/20
1287 5812 -403/100
40 5812 102487/20000
22 5812 61477/50000
4 5812 698193/1000000
8308 5813 -391/100
8307 5813 -391/100
8276 5813 -391/800
8275 5813 -203711/250000
8278 5813 -391/800
8277 5813 -814453/1000000
8274 5813 -391/800
8273 5813 -814453/1000000
7530 5813 1
1649 5813 1
1644 5813 -59/50
1573 5813 -357/50
1567 5813 -7/20
1560 5813 -403/100
41 5813 102487/20000
23 5813 61477/50000
5 5813 698193/1000000
8310 5814 -391/100
8309 5814 -391/100
8282 5814 -391/800
8281 5814 -203711/250000
8284 5814 -391/800
8283 5814 -814453/1000000
8280 5814 -391/800
8279 5814 -814453/1000000
7697 5814 1
1922 5814 1
1917 5814 -59/50
1846 5814 -357/50
1840 5814 -7/20
1833 5814 -403/100
42 5814 102487/20000
24 5814 61477/50000
6 5814 698193/1000000
8312 5815 -391/100
8311 5815 -391/100
8288 5815 -391/800
8287 5815 -203711/250000
8290 5815 -391/800
8289 5815 -814453/1000000
8286 5815 -391/800
8285 5815 -814453/1000000
7882 5815 1
2195 5815 1
2190 5815 -59/50
2119 5815 -357/50
2113 5815 -7/20
2106 5815 -403/100
43 5815 102487/20000
25 5815 61477/50000
7 5815 698193/1000000
8314 5816 -391/100
8313 5816 -391/100
8294 5816 -391/800
8293 5816 -203711/250000
8296 5816 -391/800
8295 5816 -814453/1000000
8292 5816 -391/800
8291 5816 -814453/1000000
8067 5816 1
2468 5816 1
2463 5816 -59/50
2392 5816 -357/50
2386 5816 -7/20
2379 5816 -403/100
44 5816 102487/20000
26 5816 61477/50000
8 5816 698193/1000000
8298 5817 -391/100
8297 5817 -391/100
8246 5817 -391/800
8245 5817 -203711/250000
8248 5817 -391/800
8247 5817 -814453/1000000
8244 5817 -391/800
8243 5817 -814453/1000000
6755 5817 1
284 5817 1
280 5817 -59/50
208 5817 -357/50
202 5817 -7/20
195 5817 -403/100
36 5817 102487/20000
18 5817 61477/50000
0 5817 698193/1000000
8300 5818 -391/100
8299 5818 -391/100
8252 5818 -391/800
8251 5818 -203711/250000
8254 5818 -391/800
8253 5818 -814453/1000000
8250 5818 -391/800
8249 5818 -814453/1000000
6895 5818 1
557 5818 1
553 5818 -59/50
481 5818 -357/50
475 5818 -7/20
468 5818 -403/100
37 5818 102487/20000
19 5818 61477/50000
1 5818 698193/1000000
8302 5819 -391/100
8301 5819 -391/100
8258 5819 -391/800
8257 5819 -203711/250000
8260 5819 -391/800
8259 5819 -814453/1000000
8256 5819 -391/800
8255 5819 -814453/1000000
7049 5819 1
830 5819 1
826 5819 -59/50
754 5819 -357/50
748 5819 -7/20
741 5819 -403/100
38 5819 102487/20000
20 5819 61477/50000
2 5819 698193/1000000
8304 5820 -391/100
8303 5820 -391/100
8264 5820 -391/800
8263 5820 -203711/250000
8266 5820 -391/800
8265 5820 -814453/1000000
8262 5820 -391/800
8261 5820 -814453/1000000
7208 5820 1
1103 5820 1
1099 5820 -59/50
1027 5820 -357/50
1021 5820 -7/20
1014 5820 -403/100
39 5820 102487/20000
21 5820 61477/50000
3 5820 698193/1000000
8306 5821 -391/100
8305 5821 -391/100
8270 5821 -391/800
8269 5821 -203711/250000
8272 5821 -391/800
8271 5821 -814453/1000000
8268 5821 -391/800
8267 5821 -814453/1000000
7369 5821 1
1376 5821 1
1372 5821 -59/50
1300 5821 -357/50
1294 5821 -7/20
1287 5821 -403/100
40 5821 102487/20000
22 5821 61477/50000
4 5821 698193/1000000
8308 5822 -391/100
8307 5822 -391/100
8276 5822 -391/800
8275 5822 -203711/250000
8278 5822 -391/800
8277 5822 -814453/1000000
8274 5822 -391/800
8273 5822 -814453/1000000
7531 5822 1
1649 5822 1
1645 5822 -59/50
1573 5822 -357/50
1567 5822 -7/20
1560 5822 -403/100
41 5822 102487/20000
23 5822 61477/50000
5 5822 698193/1000000
8310 5823 -391/100
8309 5823 -391/100
8282 5823 -391/800
8281 5823 -203711/250000
8284 5823 -391/800
8283 5823 -814453/1000000
8280 5823 -391/800
8279 5823 -814453/1000000
7698 5823 1
1922 5823 1
1918 5823 -59/50
1846 5823 -357/50
1840 5823 -7/20
1833 5823 -403/100
42 5823 102487/20000
24 5823 61477/50000
6 5823 698193/1000000
8312 5824 -391/100
8311 5824 -391/100
8288 5824 -391/800
8287 5824 -203711/250000
8290 5824 -391/800
8289 5824 -814453/1000000
8286 5824 -391/800
8285 5824 -814453/1000000
7883 5824 1
2195 5824 1
2191 5824 -59/50
2119 5824 -357/50
2113 5824 -7/20
2106 5824 -403/100
43 5824 102487/20000
25 5824 61477/50000
7 5824 698193/1000000
8314 5825 -391/100
8313 5825 -391/100
8294 5825 -391/800
8293 5825 -203711/250000
8296 5825 -391/800
8295 5825 -814453/1000000
8292 5825 -391/800
8291 5825 -814453/1000000
8068 5825 1
2468 5825 1
2464 5825 -59/50
2392 5825 -357/50
2386 5825 -7/20
2379 5825 -403/100
44 5825 102487/20000
26 5825 61477/50000
8 5825 698193/1000000
8298 5826 -13/10000
8297 5826 -13/10000
8246 5826 -163/1000000
8245 5826 -271/1000000
8248 5826 -163/1000000
8247 5826 -271/1000000
8244 5826 -163/1000000
8243 5826 -271/1000000
6756 5826 1
283 5826 1
275 5826 -257/10000
273 5826 99/400
208 5826 -41/10000
207 5826 -43
0 5826 188651/50000
8300 5827 -13/10000
8299 5827 -13/10000
8252 5827 -163/1000000
8251 5827 -271/1000000
8254 5827 -163/1000000
8253 5827 -271/1000000
8250 5827 -163/1000000
8249 5827 -271/1000000
6896 5827 1
556 5827 1
548 5827 -257/10000
546 5827 99/400
481 5827 -41/10000
480 5827 -43
1 5827 188651/50000
8302 5828 -13/10000
8301 5828 -13/10000
8258 5828 -163/1000000
8257 5828 -271/1000000
8260 5828 -163/1000000
8259 5828 -271/1000000
8256 5828 -163/1000000
8255 5828 -271/1000000
7050 5828 1
829 5828 1
821 5828 -257/10000
819 5828 99/400
754 5828 -41/10000
753 5828 -43
2 5828 188651/50000
8304 5829 -13/10000
8303 5829 -13/10000
8264 5829 -163/1000000
8263 5829 -271/1000000
8266 5829 -163/1000000
8265 5829 -271/1000000
8262 5829 -163/1000000
8261 5829 -271/1000000
7209 5829 1
1102 5829 1
1094 5829 -257/10000
1092 5829 99/400
1027 5829 -41/10000
1026 5829 -43
3 5829 188651/50000
8306 5830 -13/10000
8305 5830 -13/10000
8270 5830 -163/1000000
8269 5830 -271/1000000
8272 5830 -163/1000000
8271 5830 -271/1000000
8268 5830 -163/1000000
8267 5830 -271/1000000
7370 5830 1
1375 5830 1
1367 5830 -257/10000
1365 5830 99/400
1300 5830 -41/10000
1299 5830 -43
4 5830 188651/50000
8308 5831 -13/10000
8307 5831 -13/10000
8276 5831 -163/1000000
8275 5831 -271/1000000
8278 5831 -163/1000000
8277 5831 -271/1000000
8274 5831 -163/1000000
8273 5831 -271/1000000
7532 5831 1
1648 5831 1
1640 5831 -257/10000
1638 5831 99/400
1573 5831 -41/10000
1572 5831 -43
5 5831 188651/50000
8310 5832 -13/10000
8309 5832 -13/10000
8282 5832 -163/1000000
8281 5832 -271/1000000
8284 5832 -163/1000000
8283 5832 -271/1000000
8280 5832 -163/1000000
8279 5832 -271/1000000
7699 5832 1
1921 5832 1
1913 5832 -257/10000
1911 5832 99/400
1846 5832 -41/10000
1845 5832 -43
6 5832 188651/50000
8312 5833 -13/10000
8311 5833 -13/10000
8288 5833 -163/1000000
8287 5833 -271/1000000
8290 5833 -163/1000000
8289 5833 -271/1000000
8286 5833 -163/1000000
8285 5833 -271/1000000
7884 5833 1
2194 5833 1
2186 5833 -257/10000
2184 5833 99/400
2119 5833 -41/10000
2118 5833 -43
7 5833 188651/50000
8314 5834 -13/10000
8313 5834 -13/10000
8294 5834 -163/1000000
8293 5834 -271/1000000
8296 5834 -163/1000000
8295 5834 -271/1000000
8292 5834 -163/1000000
8291 5834 -271/1000000
8069 5834 1
2467 5834 1
2459 5834 -257/10000
2457 5834 99/400
2392 5834 -41/10000
2391 5834 -43
8 5834 188651/50000
8298 5835 -13/4000
8297 5835 -13/4000
8246 5835 -203/500000
8245 5835 -677/1000000
8248 5835 -203/500000
8247 5835 -677/1000000
8244 5835 -203/500000
8243 5835 -677/1000000
6757 5835 1
283 5835 1
275 5835 257/100000
273 5835 99/400
208 5835 -41/10000
207 5835 -43
0 5835 188651/50000
8300 5836 -13/4000
8299 5836 -13/4000
8252 5836 -203/500000
8251 5836 -677/1000000
8254 5836 -203/500000
8253 5836 -677/1000000
8250 5836 -203/500000
8249 5836 -677/1000000
6897 5836 1
556 5836 1
548 5836 257/100000
546 5836 99/400
481 5836 -41/10000
480 5836 -43
1 5836 188651/50000
8304 5837 -13/4000
8303 5837 -13/4000
8264 5837 -203/500000
8263 5837 -677/1000000
8266 5837 -203/500000
8265 5837 -677/1000000
8262 5837 -203/500000
8261 5837 -677/1000000
7210 5837 1
1102 5837 1
1094 5837 257/100000
1092 5837 99/400
1027 5837 -41/10000
1026 5837 -43
3 5837 188651/50000
8312 5838 -13/4000
8311 5838 -13/4000
8288 5838 -203/500000
8287 5838 -677/1000000
8290 5838 -203/500000
8289 5838 -677/1000000
8286 5838 -203/500000
8285 5838 -677/1000000
7885 5838 1
2194 5838 1
2186 5838 257/100000
2184 5838 99/400
2119 5838 -41/10000
2118 5838 -43
7 5838 188651/50000
8314 5839 -13/4000
8313 5839 -13/4000
8294 5839 -203/500000
8293 5839 -677/1000000
8296 5839 -203/500000
8295 5839 -677/1000000
8292 5839 -203/500000
8291 5839 -677/1000000
8070 5839 1
2467 5839 1
2459 5839 257/100000
2457 5839 99/400
2392 5839 -41/10000
2391 5839 -43
8 5839 188651/50000
8300 5840 -13/4000
8299 5840 -13/4000
8252 5840 -203/500000
8251 5840 -677/1000000
8254 5840 -203/500000
8253 5840 -677/1000000
8250 5840 -203/500000
8249 5840 -677/1000000
6898 5840 1
556 5840 1
548 5840 257/100000
546 5840 99/400
481 5840 -41/10000
480 5840 -43
8304 5841 -13/4000
8303 5841 -13/4000
8264 5841 -203/500000
8263 5841 -677/1000000
8266 5841 -203/500000
8265 5841 -677/1000000
8262 5841 -203/500000
8261 5841 -677/1000000
7211 5841 1
1102 5841 1
1094 5841 257/100000
1092 5841 99/400
1027 5841 -41/10000
1026 5841 -43
8308 5842 -13/4000
8307 5842 -13/4000
8276 5842 -203/500000
8275 5842 -677/1000000
8278 5842 -203/500000
8277 5842 -677/1000000
8274 5842 -203/500000
8273 5842 -677/1000000
7534 5842 1
1648 5842 1
1640 5842 257/100000
1638 5842 99/400
1573 5842 -41/10000
1572 5842 -43
8310 5843 -13/4000
8309 5843 -13/4000
8282 5843 -203/500000
8281 5843 -677/1000000
8284 5843 -203/500000
8283 5843 -677/1000000
8280 5843 -203/500000
8279 5843 -677/1000000
7701 5843 1
1921 5843 1
1913 5843 257/100000
1911 5843 99/400
1846 5843 -41/10000
1845 5843 -43
8312 5844 -13/4000
8311 5844 -13/4000
8288 5844 -203/500000
8287 5844 -677/1000000
8290 5844 -203/500000
8289 5844 -677/1000000
8286 5844 -203/500000
8285 5844 -677/1000000
7886 5844 1
2194 5844 1
2186 5844 257/100000
2184 5844 99/400
2119 5844 -41/10000
2118 5844 -43
8300 5845 -13/10000
8299 5845 -13/10000
8252 5845 -163/1000000
8251 5845 -271/1000000
8254 5845 -163/1000000
8253 5845 -271/1000000
8250 5845 -163/1000000
8249 5845 -271/1000000
6899 5845 1
556 5845 1
548 5845 -257/10000
546 5845 99/400
481 5845 -41/10000
480 5845 -43
8302 5846 -13/10000
8301 5846 -13/10000
8258 5846 -163/1000000
8257 5846 -271/1000000
8260 5846 -163/1000000
8259 5846 -271/1000000
8256 5846 -163/1000000
8255 5846 -271/1000000
7053 5846 1
829 5846 1
821 5846 -257/10000
819 5846 99/400
754 5846 -41/10000
753 5846 -43
8304 5847 -13/10000
8303 5847 -13/10000
8264 5847 -163/1000000
8263 5847 -271/1000000
8266 5847 -163/1000000
8265 5847 -271/1000000
8262 5847 -163/1000000
8261 5847 -271/1000000
7212 5847 1
1102 5847 1
1094 5847 -257/10000
1092 5847 99/400
1027 5847 -41/10000
1026 5847 -43
8306 5848 -13/10000
8305 5848 -13/10000
8270 5848 -163/1000000
8269 5848 -271/1000000
8272 5848 -163/1000000
8271 5848 -271/1000000
8268 5848 -163/1000000
8267 5848 -271/1000000
7373 5848 1
1375 5848 1
1367 5848 -257/10000
1365 5848 99/400
1300 5848 -41/10000
1299 5848 -43
8308 5849 -13/10000
8307 5849 -13/10000
8276 5849 -163/1000000
8275 5849 -271/1000000
8278 5849 -163/1000000
8277 5849 -271/1000000
8274 5849 -163/1000000
8273 5849 -271/1000000
7535 5849 1
1648 5849 1
1640 5849 -257/10000
1638 5849 99/400
1573 5849 -41/10000
1572 5849 -43
8310 5850 -13/10000
8309 5850 -13/10000
8282 5850 -163/1000000
8281 5850 -271/1000000
8284 5850 -163/1000000
8283 5850 -271/1000000
8280 5850 -163/1000000
8279 5850 -271/1000000
7702 5850 1
1921 5850 1
1913 5850 -257/10000
1911 5850 99/400
1846 5850 -41/10000
1845 5850 -43
8312 5851 -13/10000
8311 5851 -13/10000
8288 5851 -163/1000000
8287 5851 -271/1000000
8290 5851 -163/1000000
8289 5851 -271/1000000
8286 5851 -163/1000000
8285 5851 -271/1000000
7887 5851 1
2194 5851 1
2186 5851 -257/10000
2184 5851 99/400
2119 5851 -41/10000
2118 5851 -43
8314 5852 -13/10000
8313 5852 -13/10000
8294 5852 -163/1000000
8293 5852 -271/1000000
8296 5852 -163/1000000
8295 5852 -271/1000000
8292 5852 -163/1000000
8291 5852 -271/1000000
8072 5852 1
2467 5852 1
2459 5852 -257/10000
2457 5852 99/400
2392 5852 -41/10000
2391 5852 -43
8300 5853 -13/4000
8299 5853 -13/4000
8252 5853 -203/500000
8251 5853 -677/1000000
8254 5853 -203/500000
8253 5853 -677/1000000
8250 5853 -203/500000
8249 5853 -677/1000000
6900 5853 1
556 5853 1
548 5853 257/100000
546 5853 99/400
481 5853 -41/10000
480 5853 -43
1 5853 188651/50000
8310 5854 -13/10000
8309 5854 -13/10000
8282 5854 -163/1000000
8281 5854 -271/1000000
8284 5854 -163/1000000
8283 5854 -271/1000000
8280 5854 -163/1000000
8279 5854 -271/1000000
7704 5854 1
1921 5854 1
1913 5854 -257/10000
1911 5854 99/400
1846 5854 -41/10000
1845 5854 -43
6 5854 188651/50000
8312 5855 -13/10000
8311 5855 -13/10000
8288 5855 -163/1000000
8287 5855 -271/1000000
8290 5855 -163/1000000
8289 5855 -271/1000000
8286 5855 -163/1000000
8285 5855 -271/1000000
7889 5855 1
2194 5855 1
2186 5855 -257/10000
2184 5855 99/400
2119 5855 -41/10000
2118 5855 -43
7 5855 188651/50000
8314 5856 -13/10000
8313 5856 -13/10000
8294 5856 -163/1000000
8293 5856 -271/1000000
8296 5856 -163/1000000
8295 5856 -271/1000000
8292 5856 -163/1000000
8291 5856 -271/1000000
8074 5856 1
2467 5856 1
2459 5856 -257/10000
2457 5856 99/400
2392 5856 -41/10000
2391 5856 -43
8 5856 188651/50000
8310 5857 -13/4000
8309 5857 -13/4000
8282 5857 -203/500000
8281 5857 -677/1000000
8284 5857 -203/500000
8283 5857 -677/1000000
8280 5857 -203/500000
8279 5857 -677/1000000
7705 5857 1
1921 5857 1
1913 5857 257/100000
1911 5857 99/400
1846 5857 -41/10000
1845 5857 -43
6 5857 188651/50000
8312 5858 -13/4000
8311 5858 -13/4000
8288 5858 -203/500000
8287 5858 -677/1000000
8290 5858 -203/500000
8289 5858 -677/1000000
8286 5858 -203/500000
8285 5858 -677/1000000
7890 5858 1
2194 5858 1
2186 5858 257/100000
2184 5858 99/400
2119 5858 -41/10000
2118 5858 -43
7 5858 188651/50000
8298 5859 -9/100
8297 5859 -9/100
8246 5859 -9/800
8245 5859 -4689/250000
8248 5859 -9/800
8247 5859 -18747/1000000
8244 5859 -9/800
8243 5859 -18747/1000000
6760 5859 1
335 5859 -27/1000
333 5859 -163/100
332 5859 1
283 5859 -3/5
275 5859 -327/200
273 5859 97/50
128 5859 -1129/1000
8300 5860 -9/100
8299 5860 -9/100
8252 5860 -9/800
8251 5860 -4689/250000
8254 5860 -9/800
8253 5860 -18747/1000000
8250 5860 -9/800
8249 5860 -18747/1000000
6901 5860 1
608 5860 -27/1000
606 5860 -163/100
605 5860 1
556 5860 -3/5
548 5860 -327/200
546 5860 97/50
401 5860 -1129/1000
8302 5861 -9/100
8301 5861 -9/100
8258 5861 -9/800
8257 5861 -4689/250000
8260 5861 -9/800
8259 5861 -18747/1000000
8256 5861 -9/800
8255 5861 -18747/1000000
7055 5861 1
881 5861 -27/1000
879 5861 -163/100
878 5861 1
829 5861 -3/5
821 5861 -327/200
819 5861 97/50
674 5861 -1129/1000
8304 5862 -9/100
8303 5862 -9/100
8264 5862 -9/800
8263 5862 -4689/250000
8266 5862 -9/800
8265 5862 -18747/1000000
8262 5862 -9/800
8261 5862 -18747/1000000
7214 5862 1
1154 5862 -27/1000
1152 5862 -163/100
1151 5862 1
1102 5862 -3/5
1094 5862 -327/200
1092 5862 97/50
947 5862 -1129/1000
8306 5863 -9/100
8305 5863 -9/100
8270 5863 -9/800
8269 5863 -4689/250000
8272 5863 -9/800
8271 5863 -18747/1000000
8268 5863 -9/800
8267 5863 -18747/1000000
7375 5863 1
1427 5863 -27/1000
1425 5863 -163/100
1424 5863 1
1375 5863 -3/5
1367 5863 -327/200
1365 5863 97/50
1220 5863 -1129/1000
8310 5864 -9/100
8309 5864 -9/100
8282 5864 -9/800
8281 5864 -4689/250000
8284 5864 -9/800
8283 5864 -18747/1000000
8280 5864 -9/800
8279 5864 -18747/1000000
7706 5864 1
1973 5864 -27/1000
1971 5864 -163/100
1970 5864 1
1921 5864 -3/5
1913 5864 -327/200
1911 5864 97/50
1766 5864 -1129/1000
8312 5865 -9/100
8311 5865 -9/100
8288 5865 -9/800
8287 5865 -4689/250000
8290 5865 -9/800
8289 5865 -18747/1000000
8286 5865 -9/800
8285 5865 -18747/1000000
7891 5865 1
2246 5865 -27/1000
2244 5865 -163/100
2243 5865 1
2194 5865 -3/5
2186 5865 -327/200
2184 5865 97/50
2039 5865 -1129/1000
8314 5866 -9/100
8313 5866 -9/100
8294 5866 -9/800
8293 5866 -4689/250000
8296 5866 -9/800
8295 5866 -18747/1000000
8292 5866 -9/800
8291 5866 -18747/1000000
8076 5866 1
2519 5866 -27/1000
2517 5866 -163/100
2516 5866 1
2467 5866 -3/5
2459 5866 -327/200
2457 5866 97/50
2312 5866 -1129/1000
8298 5867 -9/100
8297 5867 -9/100
8246 5867 -9/800
8245 5867 -4689/250000
8248 5867 -9/800
8247 5867 -18747/1000000
8244 5867 -9/800
8243 5867 -18747/1000000
6761 5867 1
335 5867 -27/1000
333 5867 -163/100
332 5867 1
283 5867 -2/5
275 5867 -327/200
273 5867 97/50
195 5867 -23/5
128 5867 -1129/1000
36 5867 522227/100000
18 5867 362811/500000
0 5867 897/2500
8300 5868 -9/100
8299 5868 -9/100
8252 5868 -9/800
8251 5868 -4689/250000
8254 5868 -9/800
8253 5868 -18747/1000000
8250 5868 -9/800
8249 5868 -18747/1000000
6902 5868 1
608 5868 -27/1000
606 5868 -163/100
605 5868 1
556 5868 -2/5
548 5868 -327/200
546 5868 97/50
468 5868 -23/5
401 5868 -1129/1000
37 5868 522227/100000
19 5868 362811/500000
1 5868 897/2500
8304 5869 -9/100
8303 5869 -9/100
8264 5869 -9/800
8263 5869 -4689/250000
8266 5869 -9/800
8265 5869 -18747/1000000
8262 5869 -9/800
8261 5869 -18747/1000000
7215 5869 1
1154 5869 -27/1000
1152 5869 -163/100
1151 5869 1
1102 5869 -2/5
1094 5869 -327/200
1092 5869 97/50
1014 5869 -23/5
947 5869 -1129/1000
39 5869 522227/100000
21 5869 362811/500000
3 5869 897/2500
8298 5870 -9/100
8297 5870 -9/100
8246 5870 -9/800
8245 5870 -4689/250000
8248 5870 -9/800
8247 5870 -18747/1000000
8244 5870 -9/800
8243 5870 -18747/1000000
6762 5870 1
335 5870 -27/1000
333 5870 -163/100
332 5870 1
283 5870 -11/20
275 5870 -327/200
273 5870 97/50
128 5870 -1129/1000
8302 5871 -9/100
8301 5871 -9/100
8258 5871 -9/800
8257 5871 -4689/250000
8260 5871 -9/800
8259 5871 -18747/1000000
8256 5871 -9/800
8255 5871 -18747/1000000
7057 5871 1
881 5871 -27/1000
879 5871 -163/100
878 5871 1
829 5871 -11/20
821 5871 -327/200
819 5871 97/50
674 5871 -1129/1000
8304 5872 -9/100
8303 5872 -9/100
8264 5872 -9/800
8263 5872 -4689/250000
8266 5872 -9/800
8265 5872 -18747/1000000
8262 5872 -9/800
8261 5872 -18747/1000000
7216 5872 1
1154 5872 -27/1000
1152 5872 -163/100
1151 5872 1
1102 5872 -11/20
1094 5872 -327/200
1092 5872 97/50
947 5872 -1129/1000
8306 5873 -9/100
8305 5873 -9/100
8270 5873 -9/800
8269 5873 -4689/250000
8272 5873 -9/800
8271 5873 -18747/1000000
8268 5873 -9/800
8267 5873 -18747/1000000
7377 5873 1
1427 5873 -27/1000
1425 5873 -163/100
1424 5873 1
1375 5873 -11/20
1367 5873 -327/200
1365 5873 97/50
1220 5873 -1129/1000
8308 5874 -9/100
8307 5874 -9/100
8276 5874 -9/800
8275 5874 -4689/250000
8278 5874 -9/800
8277 5874 -18747/1000000
8274 5874 -9/800
8273 5874 -18747/1000000
7539 5874 1
1700 5874 -27/1000
1698 5874 -163/100
1697 5874 1
1648 5874 -11/20
1640 5874 -327/200
1638 5874 97/50
1493 5874 -1129/1000
8310 5875 -9/100
8309 5875 -9/100
8282 5875 -9/800
8281 5875 -4689/250000
8284 5875 -9/800
8283 5875 -18747/1000000
8280 5875 -9/800
8279 5875 -18747/1000000
7708 5875 1
1973 5875 -27/1000
1971 5875 -163/100
1970 5875 1
1921 5875 -11/20
1913 5875 -327/200
1911 5875 97/50
1766 5875 -1129/1000
8312 5876 -9/100
8311 5876 -9/100
8288 5876 -9/800
8287 5876 -4689/250000
8290 5876 -9/800
8289 5876 -18747/1000000
8286 5876 -9/800
8285 5876 -18747/1000000
7893 5876 1
2246 5876 -27/1000
2244 5876 -163/100
2243 5876 1
2194 5876 -11/20
2186 5876 -327/200
2184 5876 97/50
2039 5876 -1129/1000
8314 5877 -9/100
8313 5877 -9/100
8294 5877 -9/800
8293 5877 -4689/250000
8296 5877 -9/800
8295 5877 -18747/1000000
8292 5877 -9/800
8291 5877 -18747/1000000
8078 5877 1
2519 5877 -27/1000
2517 5877 -163/100
2516 5877 1
2467 5877 -11/20
2459 5877 -327/200
2457 5877 97/50
2312 5877 -1129/1000
8300 5878 -9/100
8299 5878 -9/100
8252 5878 -9/800
8251 5878 -4689/250000
8254 5878 -9/800
8253 5878 -18747/1000000
8250 5878 -9/800
8249 5878 -18747/1000000
6904 5878 1
608 5878 -27/1000
606 5878 -163/100
605 5878 1
556 5878 -11/20
548 5878 -327/200
546 5878 97/50
401 5878 -1129/1000
8302 5879 -9/100
8301 5879 -9/100
8258 5879 -9/800
8257 5879 -4689/250000
8260 5879 -9/800
8259 5879 -18747/1000000
8256 5879 -9/800
8255 5879 -18747/1000000
7058 5879 1
881 5879 -27/1000
879 5879 -163/100
878 5879 1
829 5879 -11/20
821 5879 -327/200
819 5879 97/50
674 5879 -1129/1000
8304 5880 -9/100
8303 5880 -9/100
8264 5880 -9/800
8263 5880 -4689/250000
8266 5880 -9/800
8265 5880 -18747/1000000
8262 5880 -9/800
8261 5880 -18747/1000000
7217 5880 1
1154 5880 -27/1000
1152 5880 -163/100
1151 5880 1
1102 5880 -11/20
1094 5880 -327/200
1092 5880 97/50
947 5880 -1129/1000
8306 5881 -9/100
8305 5881 -9/100
8270 5881 -9/800
8269 5881 -4689/250000
8272 5881 -9/800
8271 5881 -18747/1000000
8268 5881 -9/800
8267 5881 -18747/1000000
7378 5881 1
1427 5881 -27/1000
1425 5881 -163/100
1424 5881 1
1375 5881 -11/20
1367 5881 -327/200
1365 5881 97/50
1220 5881 -1129/1000
8308 5882 -9/100
8307 5882 -9/100
8276 5882 -9/800
8275 5882 -4689/250000
8278 5882 -9/800
8277 5882 -18747/1000000
8274 5882 -9/800
8273 5882 -18747/1000000
7540 5882 1
1700 5882 -27/1000
1698 5882 -163/100
1697 5882 1
1648 5882 -11/20
1640 5882 -327/200
1638 5882 97/50
1493 5882 -1129/1000
8310 5883 -9/100
8309 5883 -9/100
8282 5883 -9/800
8281 5883 -4689/250000
8284 5883 -9/800
8283 5883 -18747/1000000
8280 5883 -9/800
8279 5883 -18747/1000000
7709 5883 1
1973 5883 -27/1000
1971 5883 -163/100
1970 5883 1
1921 5883 -11/20
1913 5883 -327/200
1911 5883 97/50
1766 5883 -1129/1000
8312 5884 -9/100
8311 5884 -9/100
8288 5884 -9/800
8287 5884 -4689/250000
8290 5884 -9/800
8289 5884 -18747/1000000
8286 5884 -9/800
8285 5884 -18747/1000000
7894 5884 1
2246 5884 -27/1000
2244 5884 -163/100
2243 5884 1
2194 5884 -11/20
2186 5884 -327/200
2184 5884 97/50
2039 5884 -1129/1000
8314 5885 -9/100
8313 5885 -9/100
8294 5885 -9/800
8293 5885 -4689/250000
8296 5885 -9/800
8295 5885 -18747/1000000
8292 5885 -9/800
8291 5885 -18747/1000000
8079 5885 1
2519 5885 -27/1000
2517 5885 -163/100
2516 5885 1
2467 5885 -11/20
2459 5885 -327/200
2457 5885 97/50
2312 5885 -1129/1000
8302 5886 -9/100
8301 5886 -9/100
8258 5886 -9/800
8257 5886 -4689/250000
8260 5886 -9/800
8259 5886 -18747/1000000
8256 5886 -9/800
8255 5886 -18747/1000000
7059 5886 1
881 5886 -27/1000
879 5886 -163/100
878 5886 1
829 5886 -9/20
821 5886 -327/200
819 5886 97/50
753 5886 -1/5
674 5886 -1129/1000
38 5886 62553/200000
20 5886 93857/1000000
2 5886 4387/250000
8304 5887 -9/100
8303 5887 -9/100
8264 5887 -9/800
8263 5887 -4689/250000
8266 5887 -9/800
8265 5887 -18747/1000000
8262 5887 -9/800
8261 5887 -18747/1000000
7218 5887 1
1154 5887 -27/1000
1152 5887 -163/100
1151 5887 1
1102 5887 -9/20
1094 5887 -327/200
1092 5887 97/50
1026 5887 -1/5
947 5887 -1129/1000
39 5887 62553/200000
21 5887 93857/1000000
3 5887 4387/250000
8306 5888 -9/100
8305 5888 -9/100
8270 5888 -9/800
8269 5888 -4689/250000
8272 5888 -9/800
8271 5888 -18747/1000000
8268 5888 -9/800
8267 5888 -18747/1000000
7379 5888 1
1427 5888 -27/1000
1425 5888 -163/100
1424 5888 1
1375 5888 -9/20
1367 5888 -327/200
1365 5888 97/50
1299 5888 -1/5
1220 5888 -1129/1000
40 5888 62553/200000
22 5888 93857/1000000
4 5888 4387/250000
8308 5889 -9/100
8307 5889 -9/100
8276 5889 -9/800
8275 5889 -4689/250000
8278 5889 -9/800
8277 5889 -18747/1000000
8274 5889 -9/800
8273 5889 -18747/1000000
7541 5889 1
1700 5889 -27/1000
1698 5889 -163/100
1697 5889 1
1648 5889 -9/20
1640 5889 -327/200
1638 5889 97/50
1572 5889 -1/5
1493 5889 -1129/1000
41 5889 62553/200000
23 5889 93857/1000000
5 5889 4387/250000
8310 5890 -9/100
8309 5890 -9/100
8282 5890 -9/800
8281 5890 -4689/250000
8284 5890 -9/800
8283 5890 -18747/1000000
8280 5890 -9/800
8279 5890 -18747/1000000
7710 5890 1
1973 5890 -27/1000
1971 5890 -163/100
1970 5890 1
1921 5890 -9/20
1913 5890 -327/200
1911 5890 97/50
1845 5890 -1/5
1766 5890 -1129/1000
42 5890 62553/200000
24 5890 93857/1000000
6 5890 4387/250000
8312 5891 -9/100
8311 5891 -9/100
8288 5891 -9/800
8287 5891 -4689/250000
8290 5891 -9/800
8289 5891 -18747/1000000
8286 5891 -9/800
8285 5891 -18747/1000000
7895 5891 1
2246 5891 -27/1000
2244 5891 -163/100
2243 5891 1
2194 5891 -9/20
2186 5891 -327/200
2184 5891 97/50
2118 5891 -1/5
2039 5891 -1129/1000
43 5891 62553/200000
25 5891 93857/1000000
7 5891 4387/250000
8300 5892 -9/100
8299 5892 -9/100
8252 5892 -9/800
8251 5892 -4689/250000
8254 5892 -9/800
8253 5892 -18747/1000000
8250 5892 -9/800
8249 5892 -18747/1000000
6906 5892 1
608 5892 -27/1000
606 5892 -163/100
605 5892 1
556 5892 -9/20
548 5892 -327/200
546 5892 97/50
480 5892 -1/5
401 5892 -1129/1000
37 5892 62553/200000
19 5892 93857/1000000
1 5892 4387/250000
8302 5893 -9/100
8301 5893 -9/100
8258 5893 -9/800
8257 5893 -4689/250000
8260 5893 -9/800
8259 5893 -18747/1000000
8256 5893 -9/800
8255 5893 -18747/1000000
7060 5893 1
881 5893 -27/1000
879 5893 -163/100
878 5893 1
829 5893 -9/20
821 5893 -327/200
819 5893 97/50
753 5893 -1/5
674 5893 -1129/1000
38 5893 62553/200000
20 5893 93857/1000000
2 5893 4387/250000
8304 5894 -9/100
8303 5894 -9/100
8264 5894 -9/800
8263 5894 -4689/250000
8266 5894 -9/800
8265 5894 -18747/1000000
8262 5894 -9/800
8261 5894 -18747/1000000
7219 5894 1
1154 5894 -27/1000
1152 5894 -163/100
1151 5894 1
1102 5894 -9/20
1094 5894 -327/200
1092 5894 97/50
1026 5894 -1/5
947 5894 -1129/1000
39 5894 62553/200000
21 5894 93857/1000000
3 5894 4387/250000
8306 5895 -9/100
8305 5895 -9/100
8270 5895 -9/800
8269 5895 -4689/250000
8272 5895 -9/800
8271 5895 -18747/1000000
8268 5895 -9/800
8267 5895 -18747/1000000
7380 5895 1
1427 5895 -27/1000
1425 5895 -163/100
1424 5895 1
1375 5895 -9/20
1367 5895 -327/200
1365 5895 97/50
1299 5895 -1/5
1220 5895 -1129/1000
40 5895 62553/200000
22 5895 93857/1000000
4 5895 4387/250000
8308 5896 -9/100
8307 5896 -9/100
8276 5896 -9/800
8275 5896 -4689/250000
8278 5896 -9/800
8277 5896 -18747/1000000
8274 5896 -9/800
8273 5896 -18747/1000000
7542 5896 1
1700 5896 -27/1000
1698 5896 -163/100
1697 5896 1
1648 5896 -9/20
1640 5896 -327/200
1638 5896 97/50
1572 5896 -1/5
1493 5896 -1129/1000
41 5896 62553/200000
23 5896 93857/1000000
5 5896 4387/250000
8310 5897 -9/100
8309 5897 -9/100
8282 5897 -9/800
8281 5897 -4689/250000
8284 5897 -9/800
8283 5897 -18747/1000000
8280 5897 -9/800
8279 5897 -18747/1000000
7711 5897 1
1973 5897 -27/1000
1971 5897 -163/100
1970 5897 1
1921 5897 -9/20
1913 5897 -327/200
1911 5897 97/50
1845 5897 -1/5
1766 5897 -1129/1000
42 5897 62553/200000
24 5897 93857/1000000
6 5897 4387/250000
8312 5898 -9/100
8311 5898 -9/100
8288 5898 -9/800
8287 5898 -4689/250000
8290 5898 -9/800
8289 5898 -18747/1000000
8286 5898 -9/800
8285 5898 -18747/1000000
7896 5898 1
2246 5898 -27/1000
2244 5898 -163/100
2243 5898 1
2194 5898 -9/20
2186 5898 -327/200
2184 5898 97/50
2118 5898 -1/5
2039 5898 -1129/1000
43 5898 62553/200000
25 5898 93857/1000000
7 5898 4387/250000
8314 5899 -9/100
8313 5899 -9/100
8294 5899 -9/800
8293 5899 -4689/250000
8296 5899 -9/800
8295 5899 -18747/1000000
8292 5899 -9/800
8291 5899 -18747/1000000
8081 5899 1
2519 5899 -27/1000
2517 5899 -163/100
2516 5899 1
2467 5899 -9/20
2459 5899 -327/200
2457 5899 97/50
2391 5899 -1/5
2312 5899 -1129/1000
44 5899 62553/200000
26 5899 93857/1000000
8 5899 4387/250000
8298 5900 -9/100
8297 5900 -9/100
8246 5900 -9/800
8245 5900 -4689/250000
8248 5900 -9/800
8247 5900 -18747/1000000
8244 5900 -9/800
8243 5900 -18747/1000000
6764 5900 1
335 5900 -27/1000
333 5900 -163/100
332 5900 1
283 5900 -3/5
275 5900 -327/200
273 5900 97/50
128 5900 -1129/1000
8302 5901 -9/100
8301 5901 -9/100
8258 5901 -9/800
8257 5901 -4689/250000
8260 5901 -9/800
8259 5901 -18747/1000000
8256 5901 -9/800
8255 5901 -18747/1000000
7061 5901 1
881 5901 -27/1000
879 5901 -163/100
878 5901 1
829 5901 -3/5
821 5901 -327/200
819 5901 97/50
674 5901 -1129/1000
8304 5902 -9/100
8303 5902 -9/100
8264 5902 -9/800
8263 5902 -4689/250000
8266 5902 -9/800
8265 5902 -18747/1000000
8262 5902 -9/800
8261 5902 -18747/1000000
7220 5902 1
1154 5902 -27/1000
1152 5902 -163/100
1151 5902 1
1102 5902 -3/5
1094 5902 -327/200
1092 5902 97/50
947 5902 -1129/1000
8306 5903 -9/100
8305 5903 -9/100
8270 5903 -9/800
8269 5903 -4689/250000
8272 5903 -9/800
8271 5903 -18747/1000000
8268 5903 -9/800
8267 5903 -18747/1000000
7381 5903 1
1427 5903 -27/1000
1425 5903 -163/100
1424 5903 1
1375 5903 -3/5
1367 5903 -327/200
1365 5903 97/50
1220 5903 -1129/1000
8308 5904 -9/100
8307 5904 -9/100
8276 5904 -9/800
8275 5904 -4689/250000
8278 5904 -9/800
8277 5904 -18747/1000000
8274 5904 -9/800
8273 5904 -18747/1000000
7543 5904 1
1700 5904 -27/1000
1698 5904 -163/100
1697 5904 1
1648 5904 -3/5
1640 5904 -327/200
1638 5904 97/50
1493 5904 -1129/1000
8310 5905 -9/100
8309 5905 -9/100
8282 5905 -9/800
8281 5905 -4689/250000
8284 5905 -9/800
8283 5905 -18747/1000000
8280 5905 -9/800
8279 5905 -18747/1000000
7712 5905 1
1973 5905 -27/1000
1971 5905 -163/100
1970 5905 1
1921 5905 -3/5
1913 5905 -327/200
1911 5905 97/50
1766 5905 -1129/1000
8312 5906 -9/100
8311 5906 -9/100
8288 5906 -9/800
8287 5906 -4689/250000
8290 5906 -9/800
8289 5906 -18747/1000000
8286 5906 -9/800
8285 5906 -18747/1000000
7897 5906 1
2246 5906 -27/1000
2244 5906 -163/100
2243 5906 1
2194 5906 -3/5
2186 5906 -327/200
2184 5906 97/50
2039 5906 -1129/1000
8314 5907 -9/100
8313 5907 -9/100
8294 5907 -9/800
8293 5907 -4689/250000
8296 5907 -9/800
8295 5907 -18747/1000000
8292 5907 -9/800
8291 5907 -18747/1000000
8082 5907 1
2519 5907 -27/1000
2517 5907 -163/100
2516 5907 1
2467 5907 -3/5
2459 5907 -327/200
2457 5907 97/50
2312 5907 -1129/1000
8300 5908 -9/100
8299 5908 -9/100
8252 5908 -9/800
8251 5908 -4689/250000
8254 5908 -9/800
8253 5908 -18747/1000000
8250 5908 -9/800
8249 5908 -18747/1000000
6908 5908 1
608 5908 -27/1000
606 5908 -163/100
605 5908 1
556 5908 -2/5
548 5908 -327/200
546 5908 97/50
468 5908 -23/5
401 5908 -1129/1000
37 5908 522227/100000
19 5908 362801/500000
1 5908 897/2500
8304 5909 -9/100
8303 5909 -9/100
8264 5909 -9/800
8263 5909 -4689/250000
8266 5909 -9/800
8265 5909 -18747/1000000
8262 5909 -9/800
8261 5909 -18747/1000000
7221 5909 1
1154 5909 -27/1000
1152 5909 -163/100
1151 5909 1
1102 5909 -2/5
1094 5909 -327/200
1092 5909 97/50
1014 5909 -23/5
947 5909 -1129/1000
39 5909 522227/100000
21 5909 362801/500000
3 5909 897/2500
8306 5910 -9/100
8305 5910 -9/100
8270 5910 -9/800
8269 5910 -4689/250000
8272 5910 -9/800
8271 5910 -18747/1000000
8268 5910 -9/800
8267 5910 -18747/1000000
7382 5910 1
1427 5910 -27/1000
1425 5910 -163/100
1424 5910 1
1375 5910 -2/5
1367 5910 -327/200
1365 5910 97/50
1287 5910 -23/5
1220 5910 -1129/1000
40 5910 522227/100000
22 5910 362801/500000
4 5910 897/2500
8308 5911 -9/100
8307 5911 -9/100
8276 5911 -9/800
8275 5911 -4689/250000
8278 5911 -9/800
8277 5911 -18747/1000000
8274 5911 -9/800
8273 5911 -18747/1000000
7544 5911 1
1700 5911 -27/1000
1698 5911 -163/100
1697 5911 1
1648 5911 -2/5
1640 5911 -327/200
1638 5911 97/50
1560 5911 -23/5
1493 5911 -1129/1000
41 5911 522227/100000
23 5911 362801/500000
5 5911 897/2500
8310 5912 -9/100
8309 5912 -9/100
8282 5912 -9/800
8281 5912 -4689/250000
8284 5912 -9/800
8283 5912 -18747/1000000
8280 5912 -9/800
8279 5912 -18747/1000000
7713 5912 1
1973 5912 -27/1000
1971 5912 -163/100
1970 5912 1
1921 5912 -2/5
1913 5912 -327/200
1911 5912 97/50
1833 5912 -23/5
1766 5912 -1129/1000
42 5912 522227/100000
24 5912 362801/500000
6 5912 897/2500
8298 5913 -9/100
8297 5913 -9/100
8246 5913 -9/800
8245 5913 -4689/250000
8248 5913 -9/800
8247 5913 -18747/1000000
8244 5913 -9/800
8243 5913 -18747/1000000
6766 5913 1
335 5913 -27/1000
333 5913 -163/100
332 5913 1
283 5913 -11/20
275 5913 -327/200
273 5913 97/50
128 5913 -1129/1000
8300 5914 -9/100
8299 5914 -9/100
8252 5914 -9/800
8251 5914 -4689/250000
8254 5914 -9/800
8253 5914 -18747/1000000
8250 5914 -9/800
8249 5914 -18747/1000000
6909 5914 1
608 5914 -27/1000
606 5914 -163/100
605 5914 1
556 5914 -11/20
548 5914 -327/200
546 5914 97/50
401 5914 -1129/1000
8302 5915 -9/100
8301 5915 -9/100
8258 5915 -9/800
8257 5915 -4689/250000
8260 5915 -9/800
8259 5915 -18747/1000000
8256 5915 -9/800
8255 5915 -18747/1000000
7063 5915 1
881 5915 -27/1000
879 5915 -163/100
878 5915 1
829 5915 -11/20
821 5915 -327/200
819 5915 97/50
674 5915 -1129/1000
8304 5916 -9/100
8303 5916 -9/100
8264 5916 -9/800
8263 5916 -4689/250000
8266 5916 -9/800
8265 5916 -18747/1000000
8262 5916 -9/800
8261 5916 -18747/1000000
7222 5916 1
1154 5916 -27/1000
1152 5916 -163/100
1151 5916 1
1102 5916 -11/20
1094 5916 -327/200
1092 5916 97/50
947 5916 -1129/1000
8306 5917 -9/100
8305 5917 -9/100
8270 5917 -9/800
8269 5917 -4689/250000
8272 5917 -9/800
8271 5917 -18747/1000000
8268 5917 -9/800
8267 5917 -18747/1000000
7383 5917 1
1427 5917 -27/1000
1425 5917 -163/100
1424 5917 1
1375 5917 -11/20
1367 5917 -327/200
1365 5917 97/50
1220 5917 -1129/1000
8308 5918 -9/100
8307 5918 -9/100
8276 5918 -9/800
8275 5918 -4689/250000
8278 5918 -9/800
8277 5918 -18747/1000000
8274 5918 -9/800
8273 5918 -18747/1000000
7545 5918 1
1700 5918 -27/1000
1698 5918 -163/100
1697 5918 1
1648 5918 -11/20
1640 5918 -327/200
1638 5918 97/50
1493 5918 -1129/1000
8310 5919 -9/100
8309 5919 -9/100
8282 5919 -9/800
8281 5919 -4689/250000
8284 5919 -9/800
8283 5919 -18747/1000000
8280 5919 -9/800
8279 5919 -18747/1000000
7714 5919 1
1973 5919 -27/1000
1971 5919 -163/100
1970 5919 1
1921 5919 -11/20
1913 5919 -327/200
1911 5919 97/50
1766 5919 -1129/1000
8312 5920 -9/100
8311 5920 -9/100
8288 5920 -9/800
8287 5920 -4689/250000
8290 5920 -9/800
8289 5920 -18747/1000000
8286 5920 -9/800
8285 5920 -18747/1000000
7899 5920 1
2246 5920 -27/1000
2244 5920 -163/100
2243 5920 1
2194 5920 -11/20
2186 5920 -327/200
2184 5920 97/50
2039 5920 -1129/1000
8314 5921 -9/100
8313 5921 -9/100
8294 5921 -9/800
8293 5921 -4689/250000
8296 5921 -9/800
8295 5921 -18747/1000000
8292 5921 -9/800
8291 5921 -18747/1000000
8084 5921 1
2519 5921 -27/1000
2517 5921 -163/100
2516 5921 1
2467 5921 -11/20
2459 5921 -327/200
2457 5921 97/50
2312 5921 -1129/1000
8300 5922 -9/100
8299 5922 -9/100
8252 5922 -9/800
8251 5922 -4689/250000
8254 5922 -9/800
8253 5922 -18747/1000000
8250 5922 -9/800
8249 5922 -18747/1000000
6910 5922 1
608 5922 -27/1000
606 5922 -163/100
605 5922 1
556 5922 -9/20
548 5922 -327/200
546 5922 97/50
480 5922 -1/5
401 5922 -1129/1000
37 5922 62553/200000
19 5922 93857/1000000
1 5922 4387/250000
8302 5923 -9/100
8301 5923 -9/100
8258 5923 -9/800
8257 5923 -4689/250000
8260 5923 -9/800
8259 5923 -18747/1000000
8256 5923 -9/800
8255 5923 -18747/1000000
7064 5923 1
881 5923 -27/1000
879 5923 -163/100
878 5923 1
829 5923 -9/20
821 5923 -327/200
819 5923 97/50
753 5923 -1/5
674 5923 -1129/1000
38 5923 62553/200000
20 5923 93857/1000000
2 5923 4387/250000
8304 5924 -9/100
8303 5924 -9/100
8264 5924 -9/800
8263 5924 -4689/250000
8266 5924 -9/800
8265 5924 -18747/1000000
8262 5924 -9/800
8261 5924 -18747/1000000
7223 5924 1
1154 5924 -27/1000
1152 5924 -163/100
1151 5924 1
1102 5924 -9/20
1094 5924 -327/200
1092 5924 97/50
1026 5924 -1/5
947 5924 -1129/1000
39 5924 62553/200000
21 5924 93857/1000000
3 5924 4387/250000
8306 5925 -9/100
8305 5925 -9/100
8270 5925 -9/800
8269 5925 -4689/250000
8272 5925 -9/800
8271 5925 -18747/1000000
8268 5925 -9/800
8267 5925 -18747/1000000
7384 5925 1
1427 5925 -27/1000
1425 5925 -163/100
1424 5925 1
1375 5925 -9/20
1367 5925 -327/200
1365 5925 97/50
1299 5925 -1/5
1220 5925 -1129/1000
40 5925 62553/200000
22 5925 93857/1000000
4 5925 4387/250000
8308 5926 -9/100
8307 5926 -9/100
8276 5926 -9/800
8275 5926 -4689/250000
8278 5926 -9/800
8277 5926 -18747/1000000
8274 5926 -9/800
8273 5926 -18747/1000000
7546 5926 1
1700 5926 -27/1000
1698 5926 -163/100
1697 5926 1
1648 5926 -9/20
1640 5926 -327/200
1638 5926 97/50
1572 5926 -1/5
1493 5926 -1129/1000
41 5926 62553/200000
23 5926 93857/1000000
5 5926 4387/250000
8310 5927 -9/100
8309 5927 -9/100
8282 5927 -9/800
8281 5927 -4689/250000
8284 5927 -9/800
8283 5927 -18747/1000000
8280 5927 -9/800
8279 5927 -18747/1000000
7715 5927 1
1973 5927 -27/1000
1971 5927 -163/100
1970 5927 1
1921 5927 -9/20
1913 5927 -327/200
1911 5927 97/50
1845 5927 -1/5
1766 5927 -1129/1000
42 5927 62553/200000
24 5927 93857/1000000
6 5927 4387/250000
8312 5928 -9/100
8311 5928 -9/100
8288 5928 -9/800
8287 5928 -4689/250000
8290 5928 -9/800
8289 5928 -18747/1000000
8286 5928 -9/800
8285 5928 -18747/1000000
7900 5928 1
2246 5928 -27/1000
2244 5928 -163/100
2243 5928 1
2194 5928 -9/20
2186 5928 -327/200
2184 5928 97/50
2118 5928 -1/5
2039 5928 -1129/1000
43 5928 62553/200000
25 5928 93857/1000000
7 5928 4387/250000
8314 5929 -9/100
8313 5929 -9/100
8294 5929 -9/800
8293 5929 -4689/250000
8296 5929 -9/800
8295 5929 -18747/1000000
8292 5929 -9/800
8291 5929 -18747/1000000
8085 5929 1
2519 5929 -27/1000
2517 5929 -163/100
2516 5929 1
2467 5929 -9/20
2459 5929 -327/200
2457 5929 97/50
2391 5929 -1/5
2312 5929 -1129/1000
44 5929 62553/200000
26 5929 93857/1000000
8 5929 4387/250000
8310 5930 -9/100
8309 5930 -9/100
8282 5930 -9/800
8281 5930 -4689/250000
8284 5930 -9/800
8283 5930 -18747/1000000
8280 5930 -9/800
8279 5930 -18747/1000000
7716 5930 1
1973 5930 -27/1000
1971 5930 -163/100
1970 5930 1
1921 5930 -3/5
1913 5930 -327/200
1911 5930 97/50
1766 5930 -1129/1000
8312 5931 -9/100
8311 5931 -9/100
8288 5931 -9/800
8287 5931 -4689/250000
8290 5931 -9/800
8289 5931 -18747/1000000
8286 5931 -9/800
8285 5931 -18747/1000000
7901 5931 1
2246 5931 -27/1000
2244 5931 -163/100
2243 5931 1
2194 5931 -3/5
2186 5931 -327/200
2184 5931 97/50
2039 5931 -1129/1000
8314 5932 -9/100
8313 5932 -9/100
8294 5932 -9/800
8293 5932 -4689/250000
8296 5932 -9/800
8295 5932 -18747/1000000
8292 5932 -9/800
8291 5932 -18747/1000000
8086 5932 1
2519 5932 -27/1000
2517 5932 -163/100
2516 5932 1
2467 5932 -3/5
2459 5932 -327/200
2457 5932 97/50
2312 5932 -1129/1000
8310 5933 -9/100
8309 5933 -9/100
8282 5933 -9/800
8281 5933 -4689/250000
8284 5933 -9/800
8283 5933 -18747/1000000
8280 5933 -9/800
8279 5933 -18747/1000000
7718 5933 1
1973 5933 -27/1000
1971 5933 -163/100
1970 5933 1
1921 5933 -11/20
1913 5933 -327/200
1911 5933 97/50
1766 5933 -1129/1000
8312 5934 -9/100
8311 5934 -9/100
8288 5934 -9/800
8287 5934 -4689/250000
8290 5934 -9/800
8289 5934 -18747/1000000
8286 5934 -9/800
8285 5934 -18747/1000000
7903 5934 1
2246 5934 -27/1000
2244 5934 -163/100
2243 5934 1
2194 5934 -11/20
2186 5934 -327/200
2184 5934 97/50
2039 5934 -1129/1000
8314 5935 -9/100
8313 5935 -9/100
8294 5935 -9/800
8293 5935 -4689/250000
8296 5935 -9/800
8295 5935 -18747/1000000
8292 5935 -9/800
8291 5935 -18747/1000000
8088 5935 1
2519 5935 -27/1000
2517 5935 -163/100
2516 5935 1
2467 5935 -11/20
2459 5935 -327/200
2457 5935 97/50
2312 5935 -1129/1000
8310 5936 -9/100
8309 5936 -9/100
8282 5936 -9/800
8281 5936 -4689/250000
8284 5936 -9/800
8283 5936 -18747/1000000
8280 5936 -9/800
8279 5936 -18747/1000000
7719 5936 1
1973 5936 -27/1000
1971 5936 -163/100
1970 5936 1
1921 5936 -9/20
1913 5936 -327/200
1911 5936 97/50
1845 5936 -1/5
1766 5936 -1129/1000
42 5936 62553/200000
24 5936 93857/1000000
6 5936 4387/250000
8312 5937 -9/100
8311 5937 -9/100
8288 5937 -9/800
8287 5937 -4689/250000
8290 5937 -9/800
8289 5937 -18747/1000000
8286 5937 -9/800
8285 5937 -18747/1000000
7904 5937 1
2246 5937 -27/1000
2244 5937 -163/100
2243 5937 1
2194 5937 -9/20
2186 5937 -327/200
2184 5937 97/50
2118 5937 -1/5
2039 5937 -1129/1000
43 5937 62553/200000
25 5937 93857/1000000
7 5937 4387/250000
8314 5938 -9/100
8313 5938 -9/100
8294 5938 -9/800
8293 5938 -4689/250000
8296 5938 -9/800
8295 5938 -18747/1000000
8292 5938 -9/800
8291 5938 -18747/1000000
8089 5938 1
2519 5938 -27/1000
2517 5938 -163/100
2516 5938 1
2467 5938 -9/20
2459 5938 -327/200
2457 5938 97/50
2391 5938 -1/5
2312 5938 -1129/1000
44 5938 62553/200000
26 5938 93857/1000000
8 5938 4387/250000
8306 5939 -459/250
8305 5939 -459/250
8270 5939 -459/2000
8269 5939 -191311/500000
8272 5939 -459/2000
8271 5939 -382439/1000000
8268 5939 -459/2000
8267 5939 -382439/1000000
7385 5939 1
1430 5939 1
1425 5939 -3/2
1215 5939 -63/100
8308 5940 -459/250
8307 5940 -459/250
8276 5940 -459/2000
8275 5940 -191311/500000
8278 5940 -459/2000
8277 5940 -382439/1000000
8274 5940 -459/2000
8273 5940 -382439/1000000
7547 5940 1
1703 5940 1
1698 5940 -3/2
1488 5940 -63/100
8310 5941 -459/250
8309 5941 -459/250
8282 5941 -459/2000
8281 5941 -191311/500000
8284 5941 -459/2000
8283 5941 -382439/1000000
8280 5941 -459/2000
8279 5941 -382439/1000000
7720 5941 1
1976 5941 1
1971 5941 -3/2
1761 5941 -63/100
8312 5942 -459/250
8311 5942 -459/250
8288 5942 -459/2000
8287 5942 -191311/500000
8290 5942 -459/2000
8289 5942 -382439/1000000
8286 5942 -459/2000
8285 5942 -382439/1000000
7905 5942 1
2249 5942 1
2244 5942 -3/2
2034 5942 -63/100
8314 5943 -459/250
8313 5943 -459/250
8294 5943 -459/2000
8293 5943 -191311/500000
8296 5943 -459/2000
8295 5943 -382439/1000000
8292 5943 -459/2000
8291 5943 -382439/1000000
8090 5943 1
2522 5943 1
2517 5943 -3/2
2307 5943 -63/100
8298 5944 -459/250
8297 5944 -459/250
8246 5944 -459/2000
8245 5944 -191311/500000
8248 5944 -459/2000
8247 5944 -382439/1000000
8244 5944 -459/2000
8243 5944 -382439/1000000
6768 5944 1
338 5944 1
333 5944 -3/2
123 5944 -63/100
8300 5945 -459/250
8299 5945 -459/250
8252 5945 -459/2000
8251 5945 -191311/500000
8254 5945 -459/2000
8253 5945 -382439/1000000
8250 5945 -459/2000
8249 5945 -382439/1000000
6911 5945 1
611 5945 1
606 5945 -3/2
396 5945 -63/100
8302 5946 -459/250
8301 5946 -459/250
8258 5946 -459/2000
8257 5946 -191311/500000
8260 5946 -459/2000
8259 5946 -382439/1000000
8256 5946 -459/2000
8255 5946 -382439/1000000
7065 5946 1
884 5946 1
879 5946 -3/2
669 5946 -63/100
8304 5947 -459/250
8303 5947 -459/250
8264 5947 -459/2000
8263 5947 -191311/500000
8266 5947 -459/2000
8265 5947 -382439/1000000
8262 5947 -459/2000
8261 5947 -382439/1000000
7224 5947 1
1157 5947 1
1152 5947 -3/2
942 5947 -63/100
8306 5948 -459/250
8305 5948 -459/250
8270 5948 -459/2000
8269 5948 -191311/500000
8272 5948 -459/2000
8271 5948 -382439/1000000
8268 5948 -459/2000
8267 5948 -382439/1000000
7386 5948 1
1430 5948 1
1425 5948 -3/2
1215 5948 -63/100
8308 5949 -459/250
8307 5949 -459/250
8276 5949 -459/2000
8275 5949 -191311/500000
8278 5949 -459/2000
8277 5949 -382439/1000000
8274 5949 -459/2000
8273 5949 -382439/1000000
7548 5949 1
1703 5949 1
1698 5949 -3/2
1488 5949 -63/100
8310 5950 -459/250
8309 5950 -459/250
8282 5950 -459/2000
8281 5950 -191311/500000
8284 5950 -459/2000
8283 5950 -382439/1000000
8280 5950 -459/2000
8279 5950 -382439/1000000
7721 5950 1
1976 5950 1
1971 5950 -3/2
1761 5950 -63/100
8312 5951 -459/250
8311 5951 -459/250
8288 5951 -459/2000
8287 5951 -191311/500000
8290 5951 -459/2000
8289 5951 -382439/1000000
8286 5951 -459/2000
8285 5951 -382439/1000000
7906 5951 1
2249 5951 1
2244 5951 -3/2
2034 5951 -63/100
8314 5952 -459/250
8313 5952 -459/250
8294 5952 -459/2000
8293 5952 -191311/500000
8296 5952 -459/2000
8295 5952 -382439/1000000
8292 5952 -459/2000
8291 5952 -382439/1000000
8091 5952 1
2522 5952 1
2517 5952 -3/2
2307 5952 -63/100
8310 5953 -459/250
8309 5953 -459/250
8282 5953 -459/2000
8281 5953 -191311/500000
8284 5953 -459/2000
8283 5953 -382439/1000000
8280 5953 -459/2000
8279 5953 -382439/1000000
7722 5953 1
1976 5953 1
1971 5953 -3/2
1761 5953 -63/100
8312 5954 -459/250
8311 5954 -459/250
8288 5954 -459/2000
8287 5954 -191311/500000
8290 5954 -459/2000
8289 5954 -382439/1000000
8286 5954 -459/2000
8285 5954 -382439/1000000
7907 5954 1
2249 5954 1
2244 5954 -3/2
2034 5954 -63/100
8314 5955 -459/250
8313 5955 -459/250
8294 5955 -459/2000
8293 5955 -191311/500000
8296 5955 -459/2000
8295 5955 -382439/1000000
8292 5955 -459/2000
8291 5955 -382439/1000000
8092 5955 1
2522 5955 1
2517 5955 -3/2
2307 5955 -63/100
8298 5956 -27/250
8297 5956 -27/250
8246 5956 -27/2000
8245 5956 -22507/1000000
8248 5956 -27/2000
8247 5956 -703/31250
8244 5956 -27/2000
8243 5956 -703/31250
6769 5956 1
345 5956 1
335 5956 -8/25
332 5956 -4/5
295 5956 1/20
275 5956 -21/500
273 5956 443/1000
128 5956 -211/1000
8300 5957 -27/250
8299 5957 -27/250
8252 5957 -27/2000
8251 5957 -22507/1000000
8254 5957 -27/2000
8253 5957 -703/31250
8250 5957 -27/2000
8249 5957 -703/31250
6912 5957 1
618 5957 1
608 5957 -8/25
605 5957 -4/5
568 5957 1/20
548 5957 -21/500
546 5957 443/1000
401 5957 -211/1000
8302 5958 -27/250
8301 5958 -27/250
8258 5958 -27/2000
8257 5958 -22507/1000000
8260 5958 -27/2000
8259 5958 -703/31250
8256 5958 -27/2000
8255 5958 -703/31250
7066 5958 1
891 5958 1
881 5958 -8/25
878 5958 -4/5
841 5958 1/20
821 5958 -21/500
819 5958 443/1000
674 5958 -211/1000
8304 5959 -27/250
8303 5959 -27/250
8264 5959 -27/2000
8263 5959 -22507/1000000
8266 5959 -27/2000
8265 5959 -703/31250
8262 5959 -27/2000
8261 5959 -703/31250
7225 5959 1
1164 5959 1
1154 5959 -8/25
1151 5959 -4/5
1114 5959 1/20
1094 5959 -21/500
1092 5959 443/1000
947 5959 -211/1000
8306 5960 -27/250
8305 5960 -27/250
8270 5960 -27/2000
8269 5960 -22507/1000000
8272 5960 -27/2000
8271 5960 -703/31250
8268 5960 -27/2000
8267 5960 -703/31250
7387 5960 1
1437 5960 1
1427 5960 -8/25
1424 5960 -4/5
1387 5960 1/20
1367 5960 -21/500
1365 5960 443/1000
1220 5960 -211/1000
8308 5961 -27/250
8307 5961 -27/250
8276 5961 -27/2000
8275 5961 -22507/1000000
8278 5961 -27/2000
8277 5961 -703/31250
8274 5961 -27/2000
8273 5961 -703/31250
7549 5961 1
1710 5961 1
1700 5961 -8/25
1697 5961 -4/5
1660 5961 1/20
1640 5961 -21/500
1638 5961 443/1000
1493 5961 -211/1000
8310 5962 -27/250
8309 5962 -27/250
8282 5962 -27/2000
8281 5962 -22507/1000000
8284 5962 -27/2000
8283 5962 -703/31250
8280 5962 -27/2000
8279 5962 -703/31250
7723 5962 1
1983 5962 1
1973 5962 -8/25
1970 5962 -4/5
1933 5962 1/20
1913 5962 -21/500
1911 5962 443/1000
1766 5962 -211/1000
8312 5963 -27/250
8311 5963 -27/250
8288 5963 -27/2000
8287 5963 -22507/1000000
8290 5963 -27/2000
8289 5963 -703/31250
8286 5963 -27/2000
8285 5963 -703/31250
7908 5963 1
2256 5963 1
2246 5963 -8/25
2243 5963 -4/5
2206 5963 1/20
2186 5963 -21/500
2184 5963 443/1000
2039 5963 -211/1000
8314 5964 -27/250
8313 5964 -27/250
8294 5964 -27/2000
8293 5964 -22507/1000000
8296 5964 -27/2000
8295 5964 -703/31250
8292 5964 -27/2000
8291 5964 -703/31250
8093 5964 1
2529 5964 1
2519 5964 -8/25
2516 5964 -4/5
2479 5964 1/20
2459 5964 -21/500
2457 5964 443/1000
2312 5964 -211/1000
8298 5965 -27/250
8297 5965 -27/250
8246 5965 -27/2000
8245 5965 -22507/1000000
8248 5965 -27/2000
8247 5965 -703/31250
8244 5965 -27/2000
8243 5965 -703/31250
6770 5965 1
345 5965 1
335 5965 -9/20
332 5965 -67/100
295 5965 1/20
275 5965 -21/500
128 5965 -211/1000
8300 5966 -27/250
8299 5966 -27/250
8252 5966 -27/2000
8251 5966 -22507/1000000
8254 5966 -27/2000
8253 5966 -703/31250
8250 5966 -27/2000
8249 5966 -703/31250
6913 5966 1
618 5966 1
608 5966 -9/20
605 5966 -67/100
568 5966 1/20
548 5966 -21/500
401 5966 -211/1000
8302 5967 -27/250
8301 5967 -27/250
8258 5967 -27/2000
8257 5967 -22507/1000000
8260 5967 -27/2000
8259 5967 -703/31250
8256 5967 -27/2000
8255 5967 -703/31250
7067 5967 1
891 5967 1
881 5967 -9/20
878 5967 -67/100
841 5967 1/20
821 5967 -21/500
674 5967 -211/1000
8304 5968 -27/250
8303 5968 -27/250
8264 5968 -27/2000
8263 5968 -22507/1000000
8266 5968 -27/2000
8265 5968 -703/31250
8262 5968 -27/2000
8261 5968 -703/31250
7226 5968 1
1164 5968 1
1154 5968 -9/20
1151 5968 -67/100
1114 5968 1/20
1094 5968 -21/500
947 5968 -211/1000
8306 5969 -27/250
8305 5969 -27/250
8270 5969 -27/2000
8269 5969 -22507/1000000
8272 5969 -27/2000
8271 5969 -703/31250
8268 5969 -27/2000
8267 5969 -703/31250
7388 5969 1
1437 5969 1
1427 5969 -9/20
1424 5969 -67/100
1387 5969 1/20
1367 5969 -21/500
1220 5969 -211/1000
8308 5970 -27/250
8307 5970 -27/250
8276 5970 -27/2000
8275 5970 -22507/1000000
8278 5970 -27/2000
8277 5970 -703/31250
8274 5970 -27/2000
8273 5970 -703/31250
7550 5970 1
1710 5970 1
1700 5970 -9/20
1697 5970 -67/100
1660 5970 1/20
1640 5970 -21/500
1493 5970 -211/1000
8310 5971 -27/250
8309 5971 -27/250
8282 5971 -27/2000
8281 5971 -22507/1000000
8284 5971 -27/2000
8283 5971 -703/31250
8280 5971 -27/2000
8279 5971 -703/31250
7724 5971 1
1983 5971 1
1973 5971 -9/20
1970 5971 -67/100
1933 5971 1/20
1913 5971 -21/500
1766 5971 -211/1000
8312 5972 -27/250
8311 5972 -27/250
8288 5972 -27/2000
8287 5972 -22507/1000000
8290 5972 -27/2000
8289 5972 -703/31250
8286 5972 -27/2000
8285 5972 -703/31250
7909 5972 1
2256 5972 1
2246 5972 -9/20
2243 5972 -67/100
2206 5972 1/20
2186 5972 -21/500
2039 5972 -211/1000
8314 5973 -27/250
8313 5973 -27/250
8294 5973 -27/2000
8293 5973 -22507/1000000
8296 5973 -27/2000
8295 5973 -703/31250
8292 5973 -27/2000
8291 5973 -703/31250
8094 5973 1
2529 5973 1
2519 5973 -9/20
2516 5973 -67/100
2479 5973 1/20
2459 5973 -21/500
2312 5973 -211/1000
8298 5974 -27/250
8297 5974 -27/250
8246 5974 -27/2000
8245 5974 -22507/1000000
8248 5974 -27/2000
8247 5974 -703/31250
8244 5974 -27/2000
8243 5974 -703/31250
6771 5974 1
345 5974 1
335 5974 -8/25
332 5974 -4/5
295 5974 1/20
275 5974 -21/500
128 5974 -211/1000
8300 5975 -27/250
8299 5975 -27/250
8252 5975 -27/2000
8251 5975 -22507/1000000
8254 5975 -27/2000
8253 5975 -703/31250
8250 5975 -27/2000
8249 5975 -703/31250
6914 5975 1
618 5975 1
608 5975 -8/25
605 5975 -4/5
568 5975 1/20
548 5975 -21/500
401 5975 -211/1000
8302 5976 -27/250
8301 5976 -27/250
8258 5976 -27/2000
8257 5976 -22507/1000000
8260 5976 -27/2000
8259 5976 -703/31250
8256 5976 -27/2000
8255 5976 -703/31250
7068 5976 1
891 5976 1
881 5976 -8/25
878 5976 -4/5
841 5976 1/20
821 5976 -21/500
674 5976 -211/1000
8304 5977 -27/250
8303 5977 -27/250
8264 5977 -27/2000
8263 5977 -22507/1000000
8266 5977 -27/2000
8265 5977 -703/31250
8262 5977 -27/2000
8261 5977 -703/31250
7227 5977 1
1164 5977 1
1154 5977 -8/25
1151 5977 -4/5
1114 5977 1/20
1094 5977 -21/500
947 5977 -211/1000
8306 5978 -27/250
8305 5978 -27/250
8270 5978 -27/2000
8269 5978 -22507/1000000
8272 5978 -27/2000
8271 5978 -703/31250
8268 5978 -27/2000
8267 5978 -703/31250
7389 5978 1
1437 5978 1
1427 5978 -8/25
1424 5978 -4/5
1387 5978 1/20
1367 5978 -21/500
1220 5978 -211/1000
8308 5979 -27/250
8307 5979 -27/250
8276 5979 -27/2000
8275 5979 -22507/1000000
8278 5979 -27/2000
8277 5979 -703/31250
8274 5979 -27/2000
8273 5979 -703/31250
7551 5979 1
1710 5979 1
1700 5979 -8/25
1697 5979 -4/5
1660 5979 1/20
1640 5979 -21/500
1493 5979 -211/1000
8310 5980 -27/250
8309 5980 -27/250
8282 5980 -27/2000
8281 5980 -22507/1000000
8284 5980 -27/2000
8283 5980 -703/31250
8280 5980 -27/2000
8279 5980 -703/31250
7725 5980 1
1983 5980 1
1973 5980 -8/25
1970 5980 -4/5
1933 5980 1/20
1913 5980 -21/500
1766 5980 -211/1000
8312 5981 -27/250
8311 5981 -27/250
8288 5981 -27/2000
8287 5981 -22507/1000000
8290 5981 -27/2000
8289 5981 -703/31250
8286 5981 -27/2000
8285 5981 -703/31250
7910 5981 1
2256 5981 1
2246 5981 -8/25
2243 5981 -4/5
2206 5981 1/20
2186 5981 -21/500
2039 5981 -211/1000
8314 5982 -27/250
8313 5982 -27/250
8294 5982 -27/2000
8293 5982 -22507/1000000
8296 5982 -27/2000
8295 5982 -703/31250
8292 5982 -27/2000
8291 5982 -703/31250
8095 5982 1
2529 5982 1
2519 5982 -8/25
2516 5982 -4/5
2479 5982 1/20
2459 5982 -21/500
2312 5982 -211/1000
8300 5983 -27/250
8299 5983 -27/250
8252 5983 -27/2000
8251 5983 -22507/1000000
8254 5983 -27/2000
8253 5983 -703/31250
8250 5983 -27/2000
8249 5983 -703/31250
6915 5983 1
618 5983 1
608 5983 -8/25
605 5983 -4/5
568 5983 1/20
548 5983 -21/500
546 5983 443/1000
401 5983 -211/1000
8302 5984 -27/250
8301 5984 -27/250
8258 5984 -27/2000
8257 5984 -22507/1000000
8260 5984 -27/2000
8259 5984 -703/31250
8256 5984 -27/2000
8255 5984 -703/31250
7069 5984 1
891 5984 1
881 5984 -8/25
878 5984 -4/5
841 5984 1/20
821 5984 -21/500
819 5984 443/1000
674 5984 -211/1000
8304 5985 -27/250
8303 5985 -27/250
8264 5985 -27/2000
8263 5985 -22507/1000000
8266 5985 -27/2000
8265 5985 -703/31250
8262 5985 -27/2000
8261 5985 -703/31250
7228 5985 1
1164 5985 1
1154 5985 -8/25
1151 5985 -4/5
1114 5985 1/20
1094 5985 -21/500
1092 5985 443/1000
947 5985 -211/1000
8306 5986 -27/250
8305 5986 -27/250
8270 5986 -27/2000
8269 5986 -22507/1000000
8272 5986 -27/2000
8271 5986 -703/31250
8268 5986 -27/2000
8267 5986 -703/31250
7390 5986 1
1437 5986 1
1427 5986 -8/25
1424 5986 -4/5
1387 5986 1/20
1367 5986 -21/500
1365 5986 443/1000
1220 5986 -211/1000
8308 5987 -27/250
8307 5987 -27/250
8276 5987 -27/2000
8275 5987 -22507/1000000
8278 5987 -27/2000
8277 5987 -703/31250
8274 5987 -27/2000
8273 5987 -703/31250
7552 5987 1
1710 5987 1
1700 5987 -8/25
1697 5987 -4/5
1660 5987 1/20
1640 5987 -21/500
1638 5987 443/1000
1493 5987 -211/1000
8310 5988 -27/250
8309 5988 -27/250
8282 5988 -27/2000
8281 5988 -22507/1000000
8284 5988 -27/2000
8283 5988 -703/31250
8280 5988 -27/2000
8279 5988 -703/31250
7726 5988 1
1983 5988 1
1973 5988 -8/25
1970 5988 -4/5
1933 5988 1/20
1913 5988 -21/500
1911 5988 443/1000
1766 5988 -211/1000
8312 5989 -27/250
8311 5989 -27/250
8288 5989 -27/2000
8287 5989 -22507/1000000
8290 5989 -27/2000
8289 5989 -703/31250
8286 5989 -27/2000
8285 5989 -703/31250
7911 5989 1
2256 5989 1
2246 5989 -8/25
2243 5989 -4/5
2206 5989 1/20
2186 5989 -21/500
2184 5989 443/1000
2039 5989 -211/1000
8314 5990 -27/250
8313 5990 -27/250
8294 5990 -27/2000
8293 5990 -22507/1000000
8296 5990 -27/2000
8295 5990 -703/31250
8292 5990 -27/2000
8291 5990 -703/31250
8096 5990 1
2529 5990 1
2519 5990 -8/25
2516 5990 -4/5
2479 5990 1/20
2459 5990 -21/500
2457 5990 443/1000
2312 5990 -211/1000
8300 5991 -27/250
8299 5991 -27/250
8252 5991 -27/2000
8251 5991 -22507/1000000
8254 5991 -27/2000
8253 5991 -703/31250
8250 5991 -27/2000
8249 5991 -703/31250
6916 5991 1
618 5991 1
608 5991 -9/20
605 5991 -67/100
568 5991 1/20
548 5991 -21/500
401 5991 -211/1000
8302 5992 -27/250
8301 5992 -27/250
8258 5992 -27/2000
8257 5992 -22507/1000000
8260 5992 -27/2000
8259 5992 -703/31250
8256 5992 -27/2000
8255 5992 -703/31250
7070 5992 1
891 5992 1
881 5992 -9/20
878 5992 -67/100
841 5992 1/20
821 5992 -21/500
674 5992 -211/1000
8304 5993 -27/250
8303 5993 -27/250
8264 5993 -27/2000
8263 5993 -22507/1000000
8266 5993 -27/2000
8265 5993 -703/31250
8262 5993 -27/2000
8261 5993 -703/31250
7229 5993 1
1164 5993 1
1154 5993 -9/20
1151 5993 -67/100
1114 5993 1/20
1094 5993 -21/500
947 5993 -211/1000
8306 5994 -27/250
8305 5994 -27/250
8270 5994 -27/2000
8269 5994 -22507/1000000
8272 5994 -27/2000
8271 5994 -703/31250
8268 5994 -27/2000
8267 5994 -703/31250
7391 5994 1
1437 5994 1
1427 5994 -9/20
1424 5994 -67/100
1387 5994 1/20
1367 5994 -21/500
1220 5994 -211/1000
8308 5995 -27/250
8307 5995 -27/250
8276 5995 -27/2000
8275 5995 -22507/1000000
8278 5995 -27/2000
8277 5995 -703/31250
8274 5995 -27/2000
8273 5995 -703/31250
7553 5995 1
1710 5995 1
1700 5995 -9/20
1697 5995 -67/100
1660 5995 1/20
1640 5995 -21/500
1493 5995 -211/1000
8310 5996 -27/250
8309 5996 -27/250
8282 5996 -27/2000
8281 5996 -22507/1000000
8284 5996 -27/2000
8283 5996 -703/31250
8280 5996 -27/2000
8279 5996 -703/31250
7727 5996 1
1983 5996 1
1973 5996 -9/20
1970 5996 -67/100
1933 5996 1/20
1913 5996 -21/500
1766 5996 -211/1000
8312 5997 -27/250
8311 5997 -27/250
8288 5997 -27/2000
8287 5997 -22507/1000000
8290 5997 -27/2000
8289 5997 -703/31250
8286 5997 -27/2000
8285 5997 -703/31250
7912 5997 1
2256 5997 1
2246 5997 -9/20
2243 5997 -67/100
2206 5997 1/20
2186 5997 -21/500
2039 5997 -211/1000
8314 5998 -27/250
8313 5998 -27/250
8294 5998 -27/2000
8293 5998 -22507/1000000
8296 5998 -27/2000
8295 5998 -703/31250
8292 5998 -27/2000
8291 5998 -703/31250
8097 5998 1
2529 5998 1
2519 5998 -9/20
2516 5998 -67/100
2479 5998 1/20
2459 5998 -21/500
2312 5998 -211/1000
8298 5999 -27/250
8297 5999 -27/250
8246 5999 -27/2000
8245 5999 -22507/1000000
8248 5999 -27/2000
8247 5999 -703/31250
8244 5999 -27/2000
8243 5999 -703/31250
6772 5999 1
345 5999 1
335 5999 -8/25
332 5999 -4/5
295 5999 1/20
275 5999 -21/500
128 5999 -211/1000
8300 6000 -27/250
8299 6000 -27/250
8252 6000 -27/2000
8251 6000 -22507/1000000
8254 6000 -27/2000
8253 6000 -703/31250
8250 6000 -27/2000
8249 6000 -703/31250
6917 6000 1
618 6000 1
608 6000 -8/25
605 6000 -4/5
568 6000 1/20
548 6000 -21/500
401 6000 -211/1000
8302 6001 -27/250
8301 6001 -27/250
8258 6001 -27/2000
8257 6001 -22507/1000000
8260 6001 -27/2000
8259 6001 -703/31250
8256 6001 -27/2000
8255 6001 -703/31250
7071 6001 1
891 6001 1
881 6001 -8/25
878 6001 -4/5
841 6001 1/20
821 6001 -21/500
674 6001 -211/1000
8304 6002 -27/250
8303 6002 -27/250
8264 6002 -27/2000
8263 6002 -22507/1000000
8266 6002 -27/2000
8265 6002 -703/31250
8262 6002 -27/2000
8261 6002 -703/31250
7230 6002 1
1164 6002 1
1154 6002 -8/25
1151 6002 -4/5
1114 6002 1/20
1094 6002 -21/500
947 6002 -211/1000
8306 6003 -27/250
8305 6003 -27/250
8270 6003 -27/2000
8269 6003 -22507/1000000
8272 6003 -27/2000
8271 6003 -703/31250
8268 6003 -27/2000
8267 6003 -703/31250
7392 6003 1
1437 6003 1
1427 6003 -8/25
1424 6003 -4/5
1387 6003 1/20
1367 6003 -21/500
1220 6003 -211/1000
8308 6004 -27/250
8307 6004 -27/250
8276 6004 -27/2000
8275 6004 -22507/1000000
8278 6004 -27/2000
8277 6004 -703/31250
8274 6004 -27/2000
8273 6004 -703/31250
7554 6004 1
1710 6004 1
1700 6004 -8/25
1697 6004 -4/5
1660 6004 1/20
1640 6004 -21/500
1493 6004 -211/1000
8310 6005 -27/250
8309 6005 -27/250
8282 6005 -27/2000
8281 6005 -22507/1000000
8284 6005 -27/2000
8283 6005 -703/31250
8280 6005 -27/2000
8279 6005 -703/31250
7728 6005 1
1983 6005 1
1973 6005 -8/25
1970 6005 -4/5
1933 6005 1/20
1913 6005 -21/500
1766 6005 -211/1000
8312 6006 -27/250
8311 6006 -27/250
8288 6006 -27/2000
8287 6006 -22507/1000000
8290 6006 -27/2000
8289 6006 -703/31250
8286 6006 -27/2000
8285 6006 -703/31250
7913 6006 1
2256 6006 1
2246 6006 -8/25
2243 6006 -4/5
2206 6006 1/20
2186 6006 -21/500
2039 6006 -211/1000
8314 6007 -27/250
8313 6007 -27/250
8294 6007 -27/2000
8293 6007 -22507/1000000
8296 6007 -27/2000
8295 6007 -703/31250
8292 6007 -27/2000
8291 6007 -703/31250
8098 6007 1
2529 6007 1
2519 6007 -8/25
2516 6007 -4/5
2479 6007 1/20
2459 6007 -21/500
2312 6007 -211/1000
8298 6008 -27/250
8297 6008 -27/250
8246 6008 -27/2000
8245 6008 -22507/1000000
8248 6008 -27/2000
8247 6008 -703/31250
8244 6008 -27/2000
8243 6008 -703/31250
6773 6008 1
345 6008 1
335 6008 -8/25
332 6008 -4/5
295 6008 1/20
275 6008 -21/500
273 6008 443/1000
128 6008 -211/1000
8300 6009 -27/250
8299 6009 -27/250
8252 6009 -27/2000
8251 6009 -22507/1000000
8254 6009 -27/2000
8253 6009 -703/31250
8250 6009 -27/2000
8249 6009 -703/31250
6918 6009 1
618 6009 1
608 6009 -8/25
605 6009 -4/5
568 6009 1/20
548 6009 -21/500
546 6009 443/1000
401 6009 -211/1000
8302 6010 -27/250
8301 6010 -27/250
8258 6010 -27/2000
8257 6010 -22507/1000000
8260 6010 -27/2000
8259 6010 -703/31250
8256 6010 -27/2000
8255 6010 -703/31250
7072 6010 1
891 6010 1
881 6010 -8/25
878 6010 -4/5
841 6010 1/20
821 6010 -21/500
819 6010 443/1000
674 6010 -211/1000
8304 6011 -27/250
8303 6011 -27/250
8264 6011 -27/2000
8263 6011 -22507/1000000
8266 6011 -27/2000
8265 6011 -703/31250
8262 6011 -27/2000
8261 6011 -703/31250
7231 6011 1
1164 6011 1
1154 6011 -8/25
1151 6011 -4/5
1114 6011 1/20
1094 6011 -21/500
1092 6011 443/1000
947 6011 -211/1000
8306 6012 -27/250
8305 6012 -27/250
8270 6012 -27/2000
8269 6012 -22507/1000000
8272 6012 -27/2000
8271 6012 -703/31250
8268 6012 -27/2000
8267 6012 -703/31250
7393 6012 1
1437 6012 1
1427 6012 -8/25
1424 6012 -4/5
1387 6012 1/20
1367 6012 -21/500
1365 6012 443/1000
1220 6012 -211/1000
8308 6013 -27/250
8307 6013 -27/250
8276 6013 -27/2000
8275 6013 -22507/1000000
8278 6013 -27/2000
8277 6013 -703/31250
8274 6013 -27/2000
8273 6013 -703/31250
7555 6013 1
1710 6013 1
1700 6013 -8/25
1697 6013 -4/5
1660 6013 1/20
1640 6013 -21/500
1638 6013 443/1000
1493 6013 -211/1000
8310 6014 -27/250
8309 6014 -27/250
8282 6014 -27/2000
8281 6014 -22507/1000000
8284 6014 -27/2000
8283 6014 -703/31250
8280 6014 -27/2000
8279 6014 -703/31250
7729 6014 1
1983 6014 1
1973 6014 -8/25
1970 6014 -4/5
1933 6014 1/20
1913 6014 -21/500
1911 6014 443/1000
1766 6014 -211/1000
8312 6015 -27/250
8311 6015 -27/250
8288 6015 -27/2000
8287 6015 -22507/1000000
8290 6015 -27/2000
8289 6015 -703/31250
8286 6015 -27/2000
8285 6015 -703/31250
7914 6015 1
2256 6015 1
2246 6015 -8/25
2243 6015 -4/5
2206 6015 1/20
2186 6015 -21/500
2184 6015 443/1000
2039 6015 -211/1000
8314 6016 -27/250
8313 6016 -27/250
8294 6016 -27/2000
8293 6016 -22507/1000000
8296 6016 -27/2000
8295 6016 -703/31250
8292 6016 -27/2000
8291 6016 -703/31250
8099 6016 1
2529 6016 1
2519 6016 -8/25
2516 6016 -4/5
2479 6016 1/20
2459 6016 -21/500
2457 6016 443/1000
2312 6016 -211/1000
8298 6017 -27/250
8297 6017 -27/250
8246 6017 -27/2000
8245 6017 -22507/1000000
8248 6017 -27/2000
8247 6017 -703/31250
8244 6017 -27/2000
8243 6017 -703/31250
6774 6017 1
345 6017 1
335 6017 -9/20
332 6017 -67/100
295 6017 1/20
275 6017 -21/500
128 6017 -211/1000
8300 6018 -27/250
8299 6018 -27/250
8252 6018 -27/2000
8251 6018 -22507/1000000
8254 6018 -27/2000
8253 6018 -703/31250
8250 6018 -27/2000
8249 6018 -703/31250
6919 6018 1
618 6018 1
608 6018 -9/20
605 6018 -67/100
568 6018 1/20
548 6018 -21/500
401 6018 -211/1000
8302 6019 -27/250
8301 6019 -27/250
8258 6019 -27/2000
8257 6019 -22507/1000000
8260 6019 -27/2000
8259 6019 -703/31250
8256 6019 -27/2000
8255 6019 -703/31250
7073 6019 1
891 6019 1
881 6019 -9/20
878 6019 -67/100
841 6019 1/20
821 6019 -21/500
674 6019 -211/1000
8304 6020 -27/250
8303 6020 -27/250
8264 6020 -27/2000
8263 6020 -22507/1000000
8266 6020 -27/2000
8265 6020 -703/31250
8262 6020 -27/2000
8261 6020 -703/31250
7232 6020 1
1164 6020 1
1154 6020 -9/20
1151 6020 -67/100
1114 6020 1/20
1094 6020 -21/500
947 6020 -211/1000
8306 6021 -27/250
8305 6021 -27/250
8270 6021 -27/2000
8269 6021 -22507/1000000
8272 6021 -27/2000
8271 6021 -703/31250
8268 6021 -27/2000
8267 6021 -703/31250
7394 6021 1
1437 6021 1
1427 6021 -9/20
1424 6021 -67/100
1387 6021 1/20
1367 6021 -21/500
1220 6021 -211/1000
8308 6022 -27/250
8307 6022 -27/250
8276 6022 -27/2000
8275 6022 -22507/1000000
8278 6022 -27/2000
8277 6022 -703/31250
8274 6022 -27/2000
8273 6022 -703/31250
7556 6022 1
1710 6022 1
1700 6022 -9/20
1697 6022 -67/100
1660 6022 1/20
1640 6022 -21/500
1493 6022 -211/1000
8310 6023 -27/250
8309 6023 -27/250
8282 6023 -27/2000
8281 6023 -22507/1000000
8284 6023 -27/2000
8283 6023 -703/31250
8280 6023 -27/2000
8279 6023 -703/31250
7730 6023 1
1983 6023 1
1973 6023 -9/20
1970 6023 -67/100
1933 6023 1/20
1913 6023 -21/500
1766 6023 -211/1000
8312 6024 -27/250
8311 6024 -27/250
8288 6024 -27/2000
8287 6024 -22507/1000000
8290 6024 -27/2000
8289 6024 -703/31250
8286 6024 -27/2000
8285 6024 -703/31250
7915 6024 1
2256 6024 1
2246 6024 -9/20
2243 6024 -67/100
2206 6024 1/20
2186 6024 -21/500
2039 6024 -211/1000
8314 6025 -27/250
8313 6025 -27/250
8294 6025 -27/2000
8293 6025 -22507/1000000
8296 6025 -27/2000
8295 6025 -703/31250
8292 6025 -27/2000
8291 6025 -703/31250
8100 6025 1
2529 6025 1
2519 6025 -9/20
2516 6025 -67/100
2479 6025 1/20
2459 6025 -21/500
2312 6025 -211/1000
8310 6026 -27/250
8309 6026 -27/250
8282 6026 -27/2000
8281 6026 -22507/1000000
8284 6026 -27/2000
8283 6026 -703/31250
8280 6026 -27/2000
8279 6026 -703/31250
7731 6026 1
1983 6026 1
1973 6026 -8/25
1970 6026 -4/5
1933 6026 1/20
1913 6026 -21/500
1766 6026 -211/1000
8312 6027 -27/250
8311 6027 -27/250
8288 6027 -27/2000
8287 6027 -22507/1000000
8290 6027 -27/2000
8289 6027 -703/31250
8286 6027 -27/2000
8285 6027 -703/31250
7916 6027 1
2256 6027 1
2246 6027 -8/25
2243 6027 -4/5
2206 6027 1/20
2186 6027 -21/500
2039 6027 -211/1000
8314 6028 -27/250
8313 6028 -27/250
8294 6028 -27/2000
8293 6028 -22507/1000000
8296 6028 -27/2000
8295 6028 -703/31250
8292 6028 -27/2000
8291 6028 -703/31250
8101 6028 1
2529 6028 1
2519 6028 -8/25
2516 6028 -4/5
2479 6028 1/20
2459 6028 -21/500
2312 6028 -211/1000
8310 6029 -27/250
8309 6029 -27/250
8282 6029 -27/2000
8281 6029 -22507/1000000
8284 6029 -27/2000
8283 6029 -703/31250
8280 6029 -27/2000
8279 6029 -703/31250
7732 6029 1
1983 6029 1
1973 6029 -8/25
1970 6029 -4/5
1933 6029 1/20
1913 6029 -21/500
1911 6029 443/1000
1766 6029 -211/1000
8312 6030 -27/250
8311 6030 -27/250
8288 6030 -27/2000
8287 6030 -22507/1000000
8290 6030 -27/2000
8289 6030 -703/31250
8286 6030 -27/2000
8285 6030 -703/31250
7917 6030 1
2256 6030 1
2246 6030 -8/25
2243 6030 -4/5
2206 6030 1/20
2186 6030 -21/500
2184 6030 443/1000
2039 6030 -211/1000
8314 6031 -27/250
8313 6031 -27/250
8294 6031 -27/2000
8293 6031 -22507/1000000
8296 6031 -27/2000
8295 6031 -703/31250
8292 6031 -27/2000
8291 6031 -703/31250
8102 6031 1
2529 6031 1
2519 6031 -8/25
2516 6031 -4/5
2479 6031 1/20
2459 6031 -21/500
2457 6031 443/1000
2312 6031 -211/1000
8310 6032 -27/250
8309 6032 -27/250
8282 6032 -27/2000
8281 6032 -22507/1000000
8284 6032 -27/2000
8283 6032 -703/31250
8280 6032 -27/2000
8279 6032 -703/31250
7733 6032 1
1983 6032 1
1973 6032 -9/20
1970 6032 -67/100
1933 6032 1/20
1913 6032 -21/500
1766 6032 -211/1000
8312 6033 -27/250
8311 6033 -27/250
8288 6033 -27/2000
8287 6033 -22507/1000000
8290 6033 -27/2000
8289 6033 -703/31250
8286 6033 -27/2000
8285 6033 -703/31250
7918 6033 1
2256 6033 1
2246 6033 -9/20
2243 6033 -67/100
2206 6033 1/20
2186 6033 -21/500
2039 6033 -211/1000
8314 6034 -27/250
8313 6034 -27/250
8294 6034 -27/2000
8293 6034 -22507/1000000
8296 6034 -27/2000
8295 6034 -703/31250
8292 6034 -27/2000
8291 6034 -703/31250
8103 6034 1
2529 6034 1
2519 6034 -9/20
2516 6034 -67/100
2479 6034 1/20
2459 6034 -21/500
2312 6034 -211/1000
8300 6035 -387/250
8299 6035 -387/250
8252 6035 -387/2000
8251 6035 -322603/1000000
8254 6035 -387/2000
8253 6035 -20153/62500
8250 6035 -387/2000
8249 6035 -20153/62500
6920 6035 1
618 6035 1
608 6035 -11/10
568 6035 1/20
401 6035 -21/200
8306 6036 -387/250
8305 6036 -387/250
8270 6036 -387/2000
8269 6036 -322603/1000000
8272 6036 -387/2000
8271 6036 -20153/62500
8268 6036 -387/2000
8267 6036 -20153/62500
7395 6036 1
1437 6036 1
1427 6036 -11/10
1387 6036 1/20
1220 6036 -21/200
8308 6037 -387/250
8307 6037 -387/250
8276 6037 -387/2000
8275 6037 -322603/1000000
8278 6037 -387/2000
8277 6037 -20153/62500
8274 6037 -387/2000
8273 6037 -20153/62500
7557 6037 1
1710 6037 1
1700 6037 -11/10
1660 6037 1/20
1493 6037 -21/200
8312 6038 -387/250
8311 6038 -387/250
8288 6038 -387/2000
8287 6038 -322603/1000000
8290 6038 -387/2000
8289 6038 -20153/62500
8286 6038 -387/2000
8285 6038 -20153/62500
7919 6038 1
2256 6038 1
2246 6038 -11/10
2206 6038 1/20
2039 6038 -21/200
8314 6039 -387/250
8313 6039 -387/250
8294 6039 -387/2000
8293 6039 -322603/1000000
8296 6039 -387/2000
8295 6039 -20153/62500
8292 6039 -387/2000
8291 6039 -20153/62500
8104 6039 1
2529 6039 1
2519 6039 -11/10
2479 6039 1/20
2312 6039 -21/200
8302 6040 -189/100
8301 6040 -189/100
8258 6040 -189/800
8257 6040 -98469/250000
8260 6040 -189/800
8259 6040 -393687/1000000
8256 6040 -189/800
8255 6040 -393687/1000000
7075 6040 1
891 6040 1
881 6040 -11/10
841 6040 1/20
674 6040 -21/200
8304 6041 -189/100
8303 6041 -189/100
8264 6041 -189/800
8263 6041 -98469/250000
8266 6041 -189/800
8265 6041 -393687/1000000
8262 6041 -189/800
8261 6041 -393687/1000000
7234 6041 1
1164 6041 1
1154 6041 -11/10
1114 6041 1/20
947 6041 -21/200
8306 6042 -189/100
8305 6042 -189/100
8270 6042 -189/800
8269 6042 -98469/250000
8272 6042 -189/800
8271 6042 -393687/1000000
8268 6042 -189/800
8267 6042 -393687/1000000
7396 6042 1
1437 6042 1
1427 6042 -11/10
1387 6042 1/20
1220 6042 -21/200
8308 6043 -189/100
8307 6043 -189/100
8276 6043 -189/800
8275 6043 -98469/250000
8278 6043 -189/800
8277 6043 -393687/1000000
8274 6043 -189/800
8273 6043 -393687/1000000
7558 6043 1
1710 6043 1
1700 6043 -11/10
1660 6043 1/20
1493 6043 -21/200
8314 6044 -189/100
8313 6044 -189/100
8294 6044 -189/800
8293 6044 -98469/250000
8296 6044 -189/800
8295 6044 -393687/1000000
8292 6044 -189/800
8291 6044 -393687/1000000
8105 6044 1
2529 6044 1
2519 6044 -11/10
2479 6044 1/20
2312 6044 -21/200
8300 6045 -387/250
8299 6045 -387/250
8252 6045 -387/2000
8251 6045 -322603/1000000
8254 6045 -387/2000
8253 6045 -20153/62500
8250 6045 -387/2000
8249 6045 -20153/62500
6921 6045 1
618 6045 1
608 6045 -11/10
568 6045 1/20
401 6045 -21/200
8304 6046 -387/250
8303 6046 -387/250
8264 6046 -387/2000
8263 6046 -322603/1000000
8266 6046 -387/2000
8265 6046 -20153/62500
8262 6046 -387/2000
8261 6046 -20153/62500
7235 6046 1
1164 6046 1
1154 6046 -11/10
1114 6046 1/20
947 6046 -21/200
8308 6047 -387/250
8307 6047 -387/250
8276 6047 -387/2000
8275 6047 -322603/1000000
8278 6047 -387/2000
8277 6047 -20153/62500
8274 6047 -387/2000
8273 6047 -20153/62500
7559 6047 1
1710 6047 1
1700 6047 -11/10
1660 6047 1/20
1493 6047 -21/200
8312 6048 -387/250
8311 6048 -387/250
8288 6048 -387/2000
8287 6048 -322603/1000000
8290 6048 -387/2000
8289 6048 -20153/62500
8286 6048 -387/2000
8285 6048 -20153/62500
7921 6048 1
2256 6048 1
2246 6048 -11/10
2206 6048 1/20
2039 6048 -21/200
8314 6049 -387/250
8313 6049 -387/250
8294 6049 -387/2000
8293 6049 -322603/1000000
8296 6049 -387/2000
8295 6049 -20153/62500
8292 6049 -387/2000
8291 6049 -20153/62500
8106 6049 1
2529 6049 1
2519 6049 -11/10
2479 6049 1/20
2312 6049 -21/200
8304 6050 -171/100
8303 6050 -171/100
8264 6050 -171/800
8263 6050 -89091/250000
8266 6050 -171/800
8265 6050 -356193/1000000
8262 6050 -171/800
8261 6050 -356193/1000000
7236 6050 1
1164 6050 1
1154 6050 -11/10
1114 6050 1/20
947 6050 -21/200
8308 6051 -171/100
8307 6051 -171/100
8276 6051 -171/800
8275 6051 -89091/250000
8278 6051 -171/800
8277 6051 -356193/1000000
8274 6051 -171/800
8273 6051 -356193/1000000
7560 6051 1
1710 6051 1
1700 6051 -11/10
1660 6051 1/20
1493 6051 -21/200
8310 6052 -171/100
8309 6052 -171/100
8282 6052 -171/800
8281 6052 -89091/250000
8284 6052 -171/800
8283 6052 -356193/1000000
8280 6052 -171/800
8279 6052 -356193/1000000
7737 6052 1
1983 6052 1
1973 6052 -11/10
1933 6052 1/20
1766 6052 -21/200
8312 6053 -171/100
8311 6053 -171/100
8288 6053 -171/800
8287 6053 -89091/250000
8290 6053 -171/800
8289 6053 -356193/1000000
8286 6053 -171/800
8285 6053 -356193/1000000
7922 6053 1
2256 6053 1
2246 6053 -11/10
2206 6053 1/20
2039 6053 -21/200
8314 6054 -171/100
8313 6054 -171/100
8294 6054 -171/800
8293 6054 -89091/250000
8296 6054 -171/800
8295 6054 -356193/1000000
8292 6054 -171/800
8291 6054 -356193/1000000
8107 6054 1
2529 6054 1
2519 6054 -11/10
2479 6054 1/20
2312 6054 -21/200
8304 6055 -1453/1000
8303 6055 -1453/1000
8264 6055 -1453/8000
8263 6055 -60561/200000
8266 6055 -1453/8000
8265 6055 -15133/50000
8262 6055 -1453/8000
8261 6055 -15133/50000
7237 6055 1
1164 6055 1
1154 6055 -11/10
1114 6055 1/20
947 6055 -21/200
8314 6056 -1453/1000
8313 6056 -1453/1000
8294 6056 -1453/8000
8293 6056 -60561/200000
8296 6056 -1453/8000
8295 6056 -15133/50000
8292 6056 -1453/8000
8291 6056 -15133/50000
8108 6056 1
2529 6056 1
2519 6056 -11/10
2479 6056 1/20
2312 6056 -21/200
8314 6057 -189/100
8313 6057 -189/100
8294 6057 -189/800
8293 6057 -98469/250000
8296 6057 -189/800
8295 6057 -393687/1000000
8292 6057 -189/800
8291 6057 -393687/1000000
8109 6057 1
2529 6057 1
2519 6057 -11/10
2479 6057 1/20
2312 6057 -21/200
8312 6058 -387/250
8311 6058 -387/250
8288 6058 -387/2000
8287 6058 -322603/1000000
8290 6058 -387/2000
8289 6058 -20153/62500
8286 6058 -387/2000
8285 6058 -20153/62500
7925 6058 1
2256 6058 1
2246 6058 -11/10
2206 6058 1/20
2039 6058 -21/200
8314 6059 -387/250
8313 6059 -387/250
8294 6059 -387/2000
8293 6059 -322603/1000000
8296 6059 -387/2000
8295 6059 -20153/62500
8292 6059 -387/2000
8291 6059 -20153/62500
8110 6059 1
2529 6059 1
2519 6059 -11/10
2479 6059 1/20
2312 6059 -21/200
7400 6060 1
1437 6060 -51/50
1432 6060 1
1387 6060 1/50
1220 6060 -414/125
7401 6061 1
1437 6061 -51/50
1432 6061 1
1387 6061 1/50
1220 6061 -414/125
7742 6062 1
1983 6062 -51/50
1978 6062 1
1933 6062 1/50
1766 6062 -414/125
8304 6063 -9/125
8303 6063 -9/125
8264 6063 -9/1000
8263 6063 -3001/200000
8266 6063 -9/1000
8265 6063 -7499/500000
8262 6063 -9/1000
8261 6063 -7499/500000
7240 6063 1
1164 6063 -26/25
1155 6063 1
1114 6063 1/25
947 6063 -1181/1000
8306 6064 -9/125
8305 6064 -9/125
8270 6064 -9/1000
8269 6064 -3001/200000
8272 6064 -9/1000
8271 6064 -7499/500000
8268 6064 -9/1000
8267 6064 -7499/500000
7402 6064 1
1437 6064 -26/25
1428 6064 1
1387 6064 1/25
1220 6064 -1181/1000
8308 6065 -9/125
8307 6065 -9/125
8276 6065 -9/1000
8275 6065 -3001/200000
8278 6065 -9/1000
8277 6065 -7499/500000
8274 6065 -9/1000
8273 6065 -7499/500000
7564 6065 1
1710 6065 -26/25
1701 6065 1
1660 6065 1/25
1493 6065 -1181/1000
8310 6066 -9/125
8309 6066 -9/125
8282 6066 -9/1000
8281 6066 -3001/200000
8284 6066 -9/1000
8283 6066 -7499/500000
8280 6066 -9/1000
8279 6066 -7499/500000
7744 6066 1
1983 6066 -26/25
1974 6066 1
1933 6066 1/25
1766 6066 -1181/1000
8312 6067 -9/125
8311 6067 -9/125
8288 6067 -9/1000
8287 6067 -3001/200000
8290 6067 -9/1000
8289 6067 -7499/500000
8286 6067 -9/1000
8285 6067 -7499/500000
7929 6067 1
2256 6067 -26/25
2247 6067 1
2206 6067 1/25
2039 6067 -1181/1000
8314 6068 -9/125
8313 6068 -9/125
8294 6068 -9/1000
8293 6068 -3001/200000
8296 6068 -9/1000
8295 6068 -7499/500000
8292 6068 -9/1000
8291 6068 -7499/500000
8114 6068 1
2529 6068 -26/25
2520 6068 1
2479 6068 1/25
2312 6068 -1181/1000
8298 6069 -9/125
8297 6069 -9/125
8246 6069 -9/1000
8245 6069 -3001/200000
8248 6069 -9/1000
8247 6069 -7499/500000
8244 6069 -9/1000
8243 6069 -7499/500000
6780 6069 1
345 6069 -26/25
336 6069 1
295 6069 1/25
128 6069 -1181/1000
8300 6070 -9/125
8299 6070 -9/125
8252 6070 -9/1000
8251 6070 -3001/200000
8254 6070 -9/1000
8253 6070 -7499/500000
8250 6070 -9/1000
8249 6070 -7499/500000
6926 6070 1
618 6070 -26/25
609 6070 1
568 6070 1/25
401 6070 -1181/1000
8302 6071 -9/125
8301 6071 -9/125
8258 6071 -9/1000
8257 6071 -3001/200000
8260 6071 -9/1000
8259 6071 -7499/500000
8256 6071 -9/1000
8255 6071 -7499/500000
7081 6071 1
891 6071 -26/25
882 6071 1
841 6071 1/25
674 6071 -1181/1000
8304 6072 -9/125
8303 6072 -9/125
8264 6072 -9/1000
8263 6072 -3001/200000
8266 6072 -9/1000
8265 6072 -7499/500000
8262 6072 -9/1000
8261 6072 -7499/500000
7241 6072 1
1164 6072 -26/25
1155 6072 1
1114 6072 1/25
947 6072 -1181/1000
8306 6073 -9/125
8305 6073 -9/125
8270 6073 -9/1000
8269 6073 -3001/200000
8272 6073 -9/1000
8271 6073 -7499/500000
8268 6073 -9/1000
8267 6073 -7499/500000
7403 6073 1
1437 6073 -26/25
1428 6073 1
1387 6073 1/25
1220 6073 -1181/1000
8308 6074 -9/125
8307 6074 -9/125
8276 6074 -9/1000
8275 6074 -3001/200000
8278 6074 -9/1000
8277 6074 -7499/500000
8274 6074 -9/1000
8273 6074 -7499/500000
7565 6074 1
1710 6074 -26/25
1701 6074 1
1660 6074 1/25
1493 6074 -1181/1000
8310 6075 -9/125
8309 6075 -9/125
8282 6075 -9/1000
8281 6075 -3001/200000
8284 6075 -9/1000
8283 6075 -7499/500000
8280 6075 -9/1000
8279 6075 -7499/500000
7745 6075 1
1983 6075 -26/25
1974 6075 1
1933 6075 1/25
1766 6075 -1181/1000
8312 6076 -9/125
8311 6076 -9/125
8288 6076 -9/1000
8287 6076 -3001/200000
8290 6076 -9/1000
8289 6076 -7499/500000
8286 6076 -9/1000
8285 6076 -7499/500000
7930 6076 1
2256 6076 -26/25
2247 6076 1
2206 6076 1/25
2039 6076 -1181/1000
8314 6077 -9/125
8313 6077 -9/125
8294 6077 -9/1000
8293 6077 -3001/200000
8296 6077 -9/1000
8295 6077 -7499/500000
8292 6077 -9/1000
8291 6077 -7499/500000
8115 6077 1
2529 6077 -26/25
2520 6077 1
2479 6077 1/25
2312 6077 -1181/1000
8310 6078 -9/125
8309 6078 -9/125
8282 6078 -9/1000
8281 6078 -3001/200000
8284 6078 -9/1000
8283 6078 -7499/500000
8280 6078 -9/1000
8279 6078 -7499/500000
7746 6078 1
1983 6078 -26/25
1974 6078 1
1933 6078 1/25
1766 6078 -1181/1000
8312 6079 -9/125
8311 6079 -9/125
8288 6079 -9/1000
8287 6079 -3001/200000
8290 6079 -9/1000
8289 6079 -7499/500000
8286 6079 -9/1000
8285 6079 -7499/500000
7931 6079 1
2256 6079 -26/25
2247 6079 1
2206 6079 1/25
2039 6079 -1181/1000
8314 6080 -9/125
8313 6080 -9/125
8294 6080 -9/1000
8293 6080 -3001/200000
8296 6080 -9/1000
8295 6080 -7499/500000
8292 6080 -9/1000
8291 6080 -7499/500000
8116 6080 1
2529 6080 -26/25
2520 6080 1
2479 6080 1/25
2312 6080 -1181/1000
8298 6081 -103/1000
8297 6081 -103/1000
8246 6081 -103/8000
8245 6081 -4293/200000
8248 6081 -103/8000
8247 6081 -4291/200000
8244 6081 -103/8000
8243 6081 -4291/200000
6781 6081 1
340 6081 -29/25
336 6081 1
295 6081 4/25
8300 6082 -103/1000
8299 6082 -103/1000
8252 6082 -103/8000
8251 6082 -4293/200000
8254 6082 -103/8000
8253 6082 -4291/200000
8250 6082 -103/8000
8249 6082 -4291/200000
6927 6082 1
613 6082 -29/25
609 6082 1
568 6082 4/25
8302 6083 -103/1000
8301 6083 -103/1000
8258 6083 -103/8000
8257 6083 -4293/200000
8260 6083 -103/8000
8259 6083 -4291/200000
8256 6083 -103/8000
8255 6083 -4291/200000
7082 6083 1
886 6083 -29/25
882 6083 1
841 6083 4/25
8304 6084 -103/1000
8303 6084 -103/1000
8264 6084 -103/8000
8263 6084 -4293/200000
8266 6084 -103/8000
8265 6084 -4291/200000
8262 6084 -103/8000
8261 6084 -4291/200000
7242 6084 1
1159 6084 -29/25
1155 6084 1
1114 6084 4/25
8306 6085 -103/1000
8305 6085 -103/1000
8270 6085 -103/8000
8269 6085 -4293/200000
8272 6085 -103/8000
8271 6085 -4291/200000
8268 6085 -103/8000
8267 6085 -4291/200000
7404 6085 1
1432 6085 -29/25
1428 6085 1
1387 6085 4/25
8308 6086 -103/1000
8307 6086 -103/1000
8276 6086 -103/8000
8275 6086 -4293/200000
8278 6086 -103/8000
8277 6086 -4291/200000
8274 6086 -103/8000
8273 6086 -4291/200000
7566 6086 1
1705 6086 -29/25
1701 6086 1
1660 6086 4/25
8310 6087 -103/1000
8309 6087 -103/1000
8282 6087 -103/8000
8281 6087 -4293/200000
8284 6087 -103/8000
8283 6087 -4291/200000
8280 6087 -103/8000
8279 6087 -4291/200000
7747 6087 1
1978 6087 -29/25
1974 6087 1
1933 6087 4/25
8312 6088 -103/1000
8311 6088 -103/1000
8288 6088 -103/8000
8287 6088 -4293/200000
8290 6088 -103/8000
8289 6088 -4291/200000
8286 6088 -103/8000
8285 6088 -4291/200000
7932 6088 1
2251 6088 -29/25
2247 6088 1
2206 6088 4/25
8314 6089 -103/1000
8313 6089 -103/1000
8294 6089 -103/8000
8293 6089 -4293/200000
8296 6089 -103/8000
8295 6089 -4291/200000
8292 6089 -103/8000
8291 6089 -4291/200000
8117 6089 1
2524 6089 -29/25
2520 6089 1
2479 6089 4/25
8298 6090 -103/1000
8297 6090 -103/1000
8246 6090 -103/8000
8245 6090 -4293/200000
8248 6090 -103/8000
8247 6090 -4291/200000
8244 6090 -103/8000
8243 6090 -4291/200000
6782 6090 1
340 6090 -29/25
336 6090 1
295 6090 4/25
8300 6091 -103/1000
8299 6091 -103/1000
8252 6091 -103/8000
8251 6091 -4293/200000
8254 6091 -103/8000
8253 6091 -4291/200000
8250 6091 -103/8000
8249 6091 -4291/200000
6928 6091 1
613 6091 -29/25
609 6091 1
568 6091 4/25
8304 6092 -103/1000
8303 6092 -103/1000
8264 6092 -103/8000
8263 6092 -4293/200000
8266 6092 -103/8000
8265 6092 -4291/200000
8262 6092 -103/8000
8261 6092 -4291/200000
7243 6092 1
1159 6092 -29/25
1155 6092 1
1114 6092 4/25
8306 6093 -103/1000
8305 6093 -103/1000
8270 6093 -103/8000
8269 6093 -4293/200000
8272 6093 -103/8000
8271 6093 -4291/200000
8268 6093 -103/8000
8267 6093 -4291/200000
7405 6093 1
1432 6093 -29/25
1428 6093 1
1387 6093 4/25
8310 6094 -103/1000
8309 6094 -103/1000
8282 6094 -103/8000
8281 6094 -4293/200000
8284 6094 -103/8000
8283 6094 -4291/200000
8280 6094 -103/8000
8279 6094 -4291/200000
7748 6094 1
1978 6094 -29/25
1974 6094 1
1933 6094 4/25
8314 6095 -103/1000
8313 6095 -103/1000
8294 6095 -103/8000
8293 6095 -4293/200000
8296 6095 -103/8000
8295 6095 -4291/200000
8292 6095 -103/8000
8291 6095 -4291/200000
8118 6095 1
2524 6095 -29/25
2520 6095 1
2479 6095 4/25
8310 6096 -103/1000
8309 6096 -103/1000
8282 6096 -103/8000
8281 6096 -4293/200000
8284 6096 -103/8000
8283 6096 -4291/200000
8280 6096 -103/8000
8279 6096 -4291/200000
7749 6096 1
1978 6096 -29/25
1974 6096 1
1933 6096 4/25
8312 6097 -103/1000
8311 6097 -103/1000
8288 6097 -103/8000
8287 6097 -4293/200000
8290 6097 -103/8000
8289 6097 -4291/200000
8286 6097 -103/8000
8285 6097 -4291/200000
7934 6097 1
2251 6097 -29/25
2247 6097 1
2206 6097 4/25
8314 6098 -103/1000
8313 6098 -103/1000
8294 6098 -103/8000
8293 6098 -4293/200000
8296 6098 -103/8000
8295 6098 -4291/200000
8292 6098 -103/8000
8291 6098 -4291/200000
8119 6098 1
2524 6098 -29/25
2520 6098 1
2479 6098 4/25
6783 6099 1
336 6099 -51/50
334 6099 1
295 6099 1/50
275 6099 -79/250
128 6099 -2489/500
6929 6100 1
609 6100 -51/50
607 6100 1
568 6100 1/50
548 6100 -79/250
401 6100 -2489/500
7084 6101 1
882 6101 -51/50
880 6101 1
841 6101 1/50
821 6101 -79/250
674 6101 -2489/500
7244 6102 1
1155 6102 -51/50
1153 6102 1
1114 6102 1/50
1094 6102 -79/250
947 6102 -2489/500
7406 6103 1
1428 6103 -51/50
1426 6103 1
1387 6103 1/50
1367 6103 -79/250
1220 6103 -2489/500
7568 6104 1
1701 6104 -51/50
1699 6104 1
1660 6104 1/50
1640 6104 -79/250
1493 6104 -2489/500
7750 6105 1
1974 6105 -51/50
1972 6105 1
1933 6105 1/50
1913 6105 -79/250
1766 6105 -2489/500
7935 6106 1
2247 6106 -51/50
2245 6106 1
2206 6106 1/50
2186 6106 -79/250
2039 6106 -2489/500
8120 6107 1
2520 6107 -51/50
2518 6107 1
2479 6107 1/50
2459 6107 -79/250
2312 6107 -2489/500
6930 6108 1
609 6108 -51/50
607 6108 1
568 6108 1/50
548 6108 -79/250
401 6108 -2489/500
7085 6109 1
882 6109 -51/50
880 6109 1
841 6109 1/50
821 6109 -79/250
674 6109 -2489/500
7245 6110 1
1155 6110 -51/50
1153 6110 1
1114 6110 1/50
1094 6110 -79/250
947 6110 -2489/500
7407 6111 1
1428 6111 -51/50
1426 6111 1
1387 6111 1/50
1367 6111 -79/250
1220 6111 -2489/500
7569 6112 1
1701 6112 -51/50
1699 6112 1
1660 6112 1/50
1640 6112 -79/250
1493 6112 -2489/500
7751 6113 1
1974 6113 -51/50
1972 6113 1
1933 6113 1/50
1913 6113 -79/250
1766 6113 -2489/500
7936 6114 1
2247 6114 -51/50
2245 6114 1
2206 6114 1/50
2186 6114 -79/250
2039 6114 -2489/500
8121 6115 1
2520 6115 -51/50
2518 6115 1
2479 6115 1/50
2459 6115 -79/250
2312 6115 -2489/500
7752 6116 1
1974 6116 -51/50
1972 6116 1
1933 6116 1/50
1913 6116 -79/250
1766 6116 -2489/500
7937 6117 1
2247 6117 -51/50
2245 6117 1
2206 6117 1/50
2186 6117 -79/250
2039 6117 -2489/500
8122 6118 1
2520 6118 -51/50
2518 6118 1
2479 6118 1/50
2459 6118 -79/250
2312 6118 -2489/500
8298 6119 -133/250
8297 6119 -133/250
8246 6119 -133/2000
8245 6119 -110869/1000000
8248 6119 -133/2000
8247 6119 -3463/31250
8244 6119 -133/2000
8243 6119 -3463/31250
6785 6119 1
334 6119 -6/5
295 6119 1/5
293 6119 1
275 6119 -29/25
8300 6120 -133/250
8299 6120 -133/250
8252 6120 -133/2000
8251 6120 -110869/1000000
8254 6120 -133/2000
8253 6120 -3463/31250
8250 6120 -133/2000
8249 6120 -3463/31250
6931 6120 1
607 6120 -6/5
568 6120 1/5
566 6120 1
548 6120 -29/25
8302 6121 -133/250
8301 6121 -133/250
8258 6121 -133/2000
8257 6121 -110869/1000000
8260 6121 -133/2000
8259 6121 -3463/31250
8256 6121 -133/2000
8255 6121 -3463/31250
7086 6121 1
880 6121 -6/5
841 6121 1/5
839 6121 1
821 6121 -29/25
8304 6122 -133/250
8303 6122 -133/250
8264 6122 -133/2000
8263 6122 -110869/1000000
8266 6122 -133/2000
8265 6122 -3463/31250
8262 6122 -133/2000
8261 6122 -3463/31250
7246 6122 1
1153 6122 -6/5
1114 6122 1/5
1112 6122 1
1094 6122 -29/25
8306 6123 -133/250
8305 6123 -133/250
8270 6123 -133/2000
8269 6123 -110869/1000000
8272 6123 -133/2000
8271 6123 -3463/31250
8268 6123 -133/2000
8267 6123 -3463/31250
7408 6123 1
1426 6123 -6/5
1387 6123 1/5
1385 6123 1
1367 6123 -29/25
8308 6124 -133/250
8307 6124 -133/250
8276 6124 -133/2000
8275 6124 -110869/1000000
8278 6124 -133/2000
8277 6124 -3463/31250
8274 6124 -133/2000
8273 6124 -3463/31250
7570 6124 1
1699 6124 -6/5
1660 6124 1/5
1658 6124 1
1640 6124 -29/25
8310 6125 -133/250
8309 6125 -133/250
8282 6125 -133/2000
8281 6125 -110869/1000000
8284 6125 -133/2000
8283 6125 -3463/31250
8280 6125 -133/2000
8279 6125 -3463/31250
7753 6125 1
1972 6125 -6/5
1933 6125 1/5
1931 6125 1
1913 6125 -29/25
8312 6126 -133/250
8311 6126 -133/250
8288 6126 -133/2000
8287 6126 -110869/1000000
8290 6126 -133/2000
8289 6126 -3463/31250
8286 6126 -133/2000
8285 6126 -3463/31250
7938 6126 1
2245 6126 -6/5
2206 6126 1/5
2204 6126 1
2186 6126 -29/25
8314 6127 -133/250
8313 6127 -133/250
8294 6127 -133/2000
8293 6127 -110869/1000000
8296 6127 -133/2000
8295 6127 -3463/31250
8292 6127 -133/2000
8291 6127 -3463/31250
8123 6127 1
2518 6127 -6/5
2479 6127 1/5
2477 6127 1
2459 6127 -29/25
8300 6128 -133/250
8299 6128 -133/250
8252 6128 -133/2000
8251 6128 -110869/1000000
8254 6128 -133/2000
8253 6128 -3463/31250
8250 6128 -133/2000
8249 6128 -3463/31250
6932 6128 1
607 6128 -6/5
568 6128 1/5
566 6128 1
548 6128 -29/25
8302 6129 -133/250
8301 6129 -133/250
8258 6129 -133/2000
8257 6129 -110869/1000000
8260 6129 -133/2000
8259 6129 -3463/31250
8256 6129 -133/2000
8255 6129 -3463/31250
7087 6129 1
880 6129 -6/5
841 6129 1/5
839 6129 1
821 6129 -29/25
8304 6130 -133/250
8303 6130 -133/250
8264 6130 -133/2000
8263 6130 -110869/1000000
8266 6130 -133/2000
8265 6130 -3463/31250
8262 6130 -133/2000
8261 6130 -3463/31250
7247 6130 1
1153 6130 -6/5
1114 6130 1/5
1112 6130 1
1094 6130 -29/25
8306 6131 -133/250
8305 6131 -133/250
8270 6131 -133/2000
8269 6131 -110869/1000000
8272 6131 -133/2000
8271 6131 -3463/31250
8268 6131 -133/2000
8267 6131 -3463/31250
7409 6131 1
1426 6131 -6/5
1387 6131 1/5
1385 6131 1
1367 6131 -29/25
8308 6132 -133/250
8307 6132 -133/250
8276 6132 -133/2000
8275 6132 -110869/1000000
8278 6132 -133/2000
8277 6132 -3463/31250
8274 6132 -133/2000
8273 6132 -3463/31250
7571 6132 1
1699 6132 -6/5
1660 6132 1/5
1658 6132 1
1640 6132 -29/25
8310 6133 -133/250
8309 6133 -133/250
8282 6133 -133/2000
8281 6133 -110869/1000000
8284 6133 -133/2000
8283 6133 -3463/31250
8280 6133 -133/2000
8279 6133 -3463/31250
7754 6133 1
1972 6133 -6/5
1933 6133 1/5
1931 6133 1
1913 6133 -29/25
8312 6134 -133/250
8311 6134 -133/250
8288 6134 -133/2000
8287 6134 -110869/1000000
8290 6134 -133/2000
8289 6134 -3463/31250
8286 6134 -133/2000
8285 6134 -3463/31250
7939 6134 1
2245 6134 -6/5
2206 6134 1/5
2204 6134 1
2186 6134 -29/25
8314 6135 -133/250
8313 6135 -133/250
8294 6135 -133/2000
8293 6135 -110869/1000000
8296 6135 -133/2000
8295 6135 -3463/31250
8292 6135 -133/2000
8291 6135 -3463/31250
8124 6135 1
2518 6135 -6/5
2479 6135 1/5
2477 6135 1
2459 6135 -29/25
8310 6136 -133/250
8309 6136 -133/250
8282 6136 -133/2000
8281 6136 -110869/1000000
8284 6136 -133/2000
8283 6136 -3463/31250
8280 6136 -133/2000
8279 6136 -3463/31250
7755 6136 1
1972 6136 -6/5
1933 6136 1/5
1931 6136 1
1913 6136 -29/25
8312 6137 -133/250
8311 6137 -133/250
8288 6137 -133/2000
8287 6137 -110869/1000000
8290 6137 -133/2000
8289 6137 -3463/31250
8286 6137 -133/2000
8285 6137 -3463/31250
7940 6137 1
2245 6137 -6/5
2206 6137 1/5
2204 6137 1
2186 6137 -29/25
8314 6138 -133/250
8313 6138 -133/250
8294 6138 -133/2000
8293 6138 -110869/1000000
8296 6138 -133/2000
8295 6138 -3463/31250
8292 6138 -133/2000
8291 6138 -3463/31250
8125 6138 1
2518 6138 -6/5
2479 6138 1/5
2477 6138 1
2459 6138 -29/25
7088 6139 1
821 6139 1
819 6139 -33/50
748 6139 -33/50
7248 6140 1
1094 6140 1
1092 6140 -33/50
1021 6140 -33/50
7410 6141 1
1367 6141 1
1365 6141 -33/50
1294 6141 -33/50
7572 6142 1
1640 6142 1
1638 6142 -33/50
1567 6142 -33/50
7756 6143 1
1913 6143 1
1911 6143 -33/50
1840 6143 -33/50
7941 6144 1
2186 6144 1
2184 6144 -33/50
2113 6144 -33/50
8126 6145 1
2459 6145 1
2457 6145 -33/50
2386 6145 -33/50
6788 6146 1
353 6146 -33/50
240 6146 1
6934 6147 1
626 6147 -33/50
513 6147 1
7089 6148 1
899 6148 -33/50
786 6148 1
7249 6149 1
1172 6149 -33/50
1059 6149 1
7411 6150 1
1445 6150 -33/50
1332 6150 1
7573 6151 1
1718 6151 -33/50
1605 6151 1
7757 6152 1
1991 6152 -33/50
1878 6152 1
7942 6153 1
2264 6153 -33/50
2151 6153 1
8127 6154 1
2537 6154 -33/50
2424 6154 1
7412 6155 1
1367 6155 1
1365 6155 -33/50
1300 6155 -33/50
7758 6156 1
1913 6156 1
1911 6156 -33/50
1846 6156 -33/50
7943 6157 1
2186 6157 1
2184 6157 -33/50
2119 6157 -33/50
8128 6158 1
2459 6158 1
2457 6158 -33/50
2392 6158 -33/50
6936 6159 1
548 6159 1
475 6159 -31/25
7091 6160 1
821 6160 1
748 6160 -31/25
7251 6161 1
1094 6161 1
1021 6161 -31/25
7413 6162 1
1367 6162 1
1294 6162 -31/25
7575 6163 1
1640 6163 1
1567 6163 -31/25
7759 6164 1
1913 6164 1
1840 6164 -31/25
7944 6165 1
2186 6165 1
2113 6165 -31/25
8129 6166 1
2459 6166 1
2386 6166 -31/25
6791 6167 1
353 6167 -31/25
241 6167 1
6937 6168 1
626 6168 -31/25
514 6168 1
7092 6169 1
899 6169 -31/25
787 6169 1
7252 6170 1
1172 6170 -31/25
1060 6170 1
7414 6171 1
1445 6171 -31/25
1333 6171 1
7576 6172 1
1718 6172 -31/25
1606 6172 1
7760 6173 1
1991 6173 -31/25
1879 6173 1
7415 6174 1
1367 6174 1
1300 6174 -31/25
7577 6175 1
1640 6175 1
1573 6175 -31/25
7761 6176 1
1913 6176 1
1846 6176 -31/25
7946 6177 1
2186 6177 1
2119 6177 -31/25
8131 6178 1
2459 6178 1
2392 6178 -31/25
9760 6179 1
7095 6179 1
873 6179 -1111/250
38 6179 111/250
9761 6180 1
7255 6180 1
1146 6180 -1111/250
39 6180 111/250
9762 6181 1
7417 6181 1
1419 6181 -1111/250
40 6181 111/250
9763 6182 1
7579 6182 1
1692 6182 -1111/250
41 6182 111/250
9764 6183 1
7763 6183 1
1965 6183 -1111/250
42 6183 111/250
9765 6184 1
7948 6184 1
2238 6184 -1111/250
43 6184 111/250
9766 6185 1
8133 6185 1
2511 6185 -1111/250
44 6185 111/250
9768 6186 1
6941 6186 1
601 6186 -1111/250
37 6186 111/250
9769 6187 1
7096 6187 1
874 6187 -1111/250
38 6187 111/250
9770 6188 1
7256 6188 1
1147 6188 -1111/250
39 6188 111/250
9771 6189 1
7418 6189 1
1420 6189 -1111/250
40 6189 111/250
9772 6190 1
7580 6190 1
1693 6190 -1111/250
41 6190 111/250
9773 6191 1
7764 6191 1
1966 6191 -1111/250
42 6191 111/250
9774 6192 1
7949 6192 1
2239 6192 -1111/250
43 6192 111/250
9775 6193 1
8134 6193 1
2512 6193 -1111/250
44 6193 111/250
9777 6194 1
6942 6194 1
602 6194 -1111/250
37 6194 111/250
9778 6195 1
7097 6195 1
875 6195 -1111/250
38 6195 111/250
9779 6196 1
7257 6196 1
1148 6196 -1111/250
39 6196 111/250
9780 6197 1
7419 6197 1
1421 6197 -1111/250
40 6197 111/250
9781 6198 1
7581 6198 1
1694 6198 -1111/250
41 6198 111/250
9782 6199 1
7765 6199 1
1967 6199 -1111/250
42 6199 111/250
9783 6200 1
7950 6200 1
2240 6200 -1111/250
43 6200 111/250
9787 6201 1
7098 6201 1
876 6201 -1111/250
38 6201 111/250
9788 6202 1
7258 6202 1
1149 6202 -1111/250
39 6202 111/250
9789 6203 1
7420 6203 1
1422 6203 -1111/250
40 6203 111/250
9790 6204 1
7582 6204 1
1695 6204 -1111/250
41 6204 111/250
9791 6205 1
7766 6205 1
1968 6205 -1111/250
42 6205 111/250
9792 6206 1
7951 6206 1
2241 6206 -1111/250
43 6206 111/250
9793 6207 1
8136 6207 1
2514 6207 -1111/250
44 6207 111/250
9695 6208 1
6798 6208 1
320 6208 -611/1000
18 6208 611/2000
9696 6209 1
6944 6209 1
593 6209 -611/1000
19 6209 611/2000
9697 6210 1
7099 6210 1
866 6210 -611/1000
20 6210 611/2000
9698 6211 1
7259 6211 1
1139 6211 -611/1000
21 6211 611/2000
9699 6212 1
7421 6212 1
1412 6212 -611/1000
22 6212 611/2000
9700 6213 1
7583 6213 1
1685 6213 -611/1000
23 6213 611/2000
9701 6214 1
7767 6214 1
1958 6214 -611/1000
24 6214 611/2000
9702 6215 1
7952 6215 1
2231 6215 -611/1000
25 6215 611/2000
9703 6216 1
8137 6216 1
2504 6216 -611/1000
26 6216 611/2000
9704 6217 1
6799 6217 1
321 6217 -611/1000
18 6217 611/2000
9706 6218 1
7100 6218 1
867 6218 -611/1000
20 6218 611/2000
9707 6219 1
7260 6219 1
1140 6219 -611/1000
21 6219 611/2000
9708 6220 1
7422 6220 1
1413 6220 -611/1000
22 6220 611/2000
9709 6221 1
7584 6221 1
1686 6221 -611/1000
23 6221 611/2000
9710 6222 1
7768 6222 1
1959 6222 -611/1000
24 6222 611/2000
9711 6223 1
7953 6223 1
2232 6223 -611/1000
25 6223 611/2000
9712 6224 1
8138 6224 1
2505 6224 -611/1000
26 6224 611/2000
9722 6225 1
6800 6225 1
323 6225 -611/1000
18 6225 611/2000
9723 6226 1
6946 6226 1
596 6226 -611/1000
19 6226 611/2000
9724 6227 1
7101 6227 1
869 6227 -611/1000
20 6227 611/2000
9725 6228 1
7261 6228 1
1142 6228 -611/1000
21 6228 611/2000
9726 6229 1
7423 6229 1
1415 6229 -611/1000
22 6229 611/2000
9727 6230 1
7585 6230 1
1688 6230 -611/1000
23 6230 611/2000
9728 6231 1
7769 6231 1
1961 6231 -611/1000
24 6231 611/2000
9729 6232 1
7954 6232 1
2234 6232 -611/1000
25 6232 611/2000
9730 6233 1
8139 6233 1
2507 6233 -611/1000
26 6233 611/2000
6801 6234 1
299 6234 1
298 6234 -1
6947 6235 1
572 6235 1
571 6235 -1
7102 6236 1
845 6236 1
844 6236 -1
7262 6237 1
1118 6237 1
1117 6237 -1
7424 6238 1
1391 6238 1
1390 6238 -1
7586 6239 1
1664 6239 1
1663 6239 -1
7770 6240 1
1937 6240 1
1936 6240 -1
7955 6241 1
2210 6241 1
2209 6241 -1
8140 6242 1
2483 6242 1
2482 6242 -1
8302 6243 -189/100
8301 6243 -189/100
8258 6243 -189/800
8257 6243 -98469/250000
8260 6243 -189/800
8259 6243 -393687/1000000
8256 6243 -189/800
8255 6243 -393687/1000000
7104 6243 1
851 6243 1
842 6243 1/20
838 6243 -11/10
822 6243 -529/500
8304 6244 -189/100
8303 6244 -189/100
8264 6244 -189/800
8263 6244 -98469/250000
8266 6244 -189/800
8265 6244 -393687/1000000
8262 6244 -189/800
8261 6244 -393687/1000000
7264 6244 1
1124 6244 1
1115 6244 1/20
1111 6244 -11/10
1095 6244 -529/500
8308 6245 -189/100
8307 6245 -189/100
8276 6245 -189/800
8275 6245 -98469/250000
8278 6245 -189/800
8277 6245 -393687/1000000
8274 6245 -189/800
8273 6245 -393687/1000000
7588 6245 1
1670 6245 1
1661 6245 1/20
1657 6245 -11/10
1641 6245 -529/500
8310 6246 -189/100
8309 6246 -189/100
8282 6246 -189/800
8281 6246 -98469/250000
8284 6246 -189/800
8283 6246 -393687/1000000
8280 6246 -189/800
8279 6246 -393687/1000000
7772 6246 1
1943 6246 1
1934 6246 1/20
1930 6246 -11/10
1914 6246 -529/500
8312 6247 -189/100
8311 6247 -189/100
8288 6247 -189/800
8287 6247 -98469/250000
8290 6247 -189/800
8289 6247 -393687/1000000
8286 6247 -189/800
8285 6247 -393687/1000000
7957 6247 1
2216 6247 1
2207 6247 1/20
2203 6247 -11/10
2187 6247 -529/500
8314 6248 -189/100
8313 6248 -189/100
8294 6248 -189/800
8293 6248 -98469/250000
8296 6248 -189/800
8295 6248 -393687/1000000
8292 6248 -189/800
8291 6248 -393687/1000000
8142 6248 1
2489 6248 1
2480 6248 1/20
2476 6248 -11/10
2460 6248 -529/500
8302 6249 -189/100
8301 6249 -189/100
8258 6249 -189/800
8257 6249 -98469/250000
8260 6249 -189/800
8259 6249 -393687/1000000
8256 6249 -189/800
8255 6249 -393687/1000000
7105 6249 1
851 6249 1
842 6249 1/20
838 6249 -11/10
822 6249 -529/500
8304 6250 -189/100
8303 6250 -189/100
8264 6250 -189/800
8263 6250 -98469/250000
8266 6250 -189/800
8265 6250 -393687/1000000
8262 6250 -189/800
8261 6250 -393687/1000000
7265 6250 1
1124 6250 1
1115 6250 1/20
1111 6250 -11/10
1095 6250 -529/500
8306 6251 -189/100
8305 6251 -189/100
8270 6251 -189/800
8269 6251 -98469/250000
8272 6251 -189/800
8271 6251 -393687/1000000
8268 6251 -189/800
8267 6251 -393687/1000000
7427 6251 1
1397 6251 1
1388 6251 1/20
1384 6251 -11/10
1368 6251 -529/500
8308 6252 -189/100
8307 6252 -189/100
8276 6252 -189/800
8275 6252 -98469/250000
8278 6252 -189/800
8277 6252 -393687/1000000
8274 6252 -189/800
8273 6252 -393687/1000000
7589 6252 1
1670 6252 1
1661 6252 1/20
1657 6252 -11/10
1641 6252 -529/500
8312 6253 -189/100
8311 6253 -189/100
8288 6253 -189/800
8287 6253 -98469/250000
8290 6253 -189/800
8289 6253 -393687/1000000
8286 6253 -189/800
8285 6253 -393687/1000000
7958 6253 1
2216 6253 1
2207 6253 1/20
2203 6253 -11/10
2187 6253 -529/500
8310 6254 -189/100
8309 6254 -189/100
8282 6254 -189/800
8281 6254 -98469/250000
8284 6254 -189/800
8283 6254 -393687/1000000
8280 6254 -189/800
8279 6254 -393687/1000000
7774 6254 1
1943 6254 1
1934 6254 1/20
1930 6254 -11/10
1914 6254 -529/500
7266 6255 1
1124 6255 -51/50
1123 6255 1
1115 6255 1/50
947 6255 -414/125
7591 6256 1
1670 6256 -51/50
1669 6256 1
1661 6256 1/50
1493 6256 -414/125
7267 6257 1
1124 6257 -51/50
1123 6257 1
1115 6257 1/50
947 6257 -414/125
7592 6258 1
1670 6258 -51/50
1669 6258 1
1661 6258 1/50
1493 6258 -414/125
7593 6259 1
1670 6259 -51/50
1669 6259 1
1661 6259 1/50
1493 6259 -414/125
8304 6260 -27/500
8303 6260 -27/500
8264 6260 -27/4000
8263 6260 -5627/500000
8266 6260 -27/4000
8265 6260 -703/62500
8262 6260 -27/4000
8261 6260 -703/62500
7268 6260 1
1124 6260 -26/25
1122 6260 1
1115 6260 1/25
947 6260 -269/250
8306 6261 -27/500
8305 6261 -27/500
8270 6261 -27/4000
8269 6261 -5627/500000
8272 6261 -27/4000
8271 6261 -703/62500
8268 6261 -27/4000
8267 6261 -703/62500
7430 6261 1
1397 6261 -26/25
1395 6261 1
1388 6261 1/25
1220 6261 -269/250
8308 6262 -27/500
8307 6262 -27/500
8276 6262 -27/4000
8275 6262 -5627/500000
8278 6262 -27/4000
8277 6262 -703/62500
8274 6262 -27/4000
8273 6262 -703/62500
7594 6262 1
1670 6262 -26/25
1668 6262 1
1661 6262 1/25
1493 6262 -269/250
8310 6263 -27/500
8309 6263 -27/500
8282 6263 -27/4000
8281 6263 -5627/500000
8284 6263 -27/4000
8283 6263 -703/62500
8280 6263 -27/4000
8279 6263 -703/62500
7778 6263 1
1943 6263 -26/25
1941 6263 1
1934 6263 1/25
1766 6263 -269/250
8312 6264 -27/500
8311 6264 -27/500
8288 6264 -27/4000
8287 6264 -5627/500000
8290 6264 -27/4000
8289 6264 -703/62500
8286 6264 -27/4000
8285 6264 -703/62500
7963 6264 1
2216 6264 -26/25
2214 6264 1
2207 6264 1/25
2039 6264 -269/250
8314 6265 -27/500
8313 6265 -27/500
8294 6265 -27/4000
8293 6265 -5627/500000
8296 6265 -27/4000
8295 6265 -703/62500
8292 6265 -27/4000
8291 6265 -703/62500
8148 6265 1
2489 6265 -26/25
2487 6265 1
2480 6265 1/25
2312 6265 -269/250
8298 6266 -27/500
8297 6266 -27/500
8246 6266 -27/4000
8245 6266 -5627/500000
8248 6266 -27/4000
8247 6266 -703/62500
8244 6266 -27/4000
8243 6266 -703/62500
6806 6266 1
305 6266 -26/25
303 6266 1
296 6266 1/25
128 6266 -269/250
8300 6267 -27/500
8299 6267 -27/500
8252 6267 -27/4000
8251 6267 -5627/500000
8254 6267 -27/4000
8253 6267 -703/62500
8250 6267 -27/4000
8249 6267 -703/62500
6952 6267 1
578 6267 -26/25
576 6267 1
569 6267 1/25
401 6267 -269/250
8302 6268 -27/500
8301 6268 -27/500
8258 6268 -27/4000
8257 6268 -5627/500000
8260 6268 -27/4000
8259 6268 -703/62500
8256 6268 -27/4000
8255 6268 -703/62500
7108 6268 1
851 6268 -26/25
849 6268 1
842 6268 1/25
674 6268 -269/250
8304 6269 -27/500
8303 6269 -27/500
8264 6269 -27/4000
8263 6269 -5627/500000
8266 6269 -27/4000
8265 6269 -703/62500
8262 6269 -27/4000
8261 6269 -703/62500
7269 6269 1
1124 6269 -26/25
1122 6269 1
1115 6269 1/25
947 6269 -269/250
8306 6270 -27/500
8305 6270 -27/500
8270 6270 -27/4000
8269 6270 -5627/500000
8272 6270 -27/4000
8271 6270 -703/62500
8268 6270 -27/4000
8267 6270 -703/62500
7431 6270 1
1397 6270 -26/25
1395 6270 1
1388 6270 1/25
1220 6270 -269/250
8308 6271 -27/500
8307 6271 -27/500
8276 6271 -27/4000
8275 6271 -5627/500000
8278 6271 -27/4000
8277 6271 -703/62500
8274 6271 -27/4000
8273 6271 -703/62500
7595 6271 1
1670 6271 -26/25
1668 6271 1
1661 6271 1/25
1493 6271 -269/250
8310 6272 -27/500
8309 6272 -27/500
8282 6272 -27/4000
8281 6272 -5627/500000
8284 6272 -27/4000
8283 6272 -703/62500
8280 6272 -27/4000
8279 6272 -703/62500
7779 6272 1
1943 6272 -26/25
1941 6272 1
1934 6272 1/25
1766 6272 -269/250
8312 6273 -27/500
8311 6273 -27/500
8288 6273 -27/4000
8287 6273 -5627/500000
8290 6273 -27/4000
8289 6273 -703/62500
8286 6273 -27/4000
8285 6273 -703/62500
7964 6273 1
2216 6273 -26/25
2214 6273 1
2207 6273 1/25
2039 6273 -269/250
8314 6274 -27/500
8313 6274 -27/500
8294 6274 -27/4000
8293 6274 -5627/500000
8296 6274 -27/4000
8295 6274 -703/62500
8292 6274 -27/4000
8291 6274 -703/62500
8149 6274 1
2489 6274 -26/25
2487 6274 1
2480 6274 1/25
2312 6274 -269/250
8310 6275 -27/500
8309 6275 -27/500
8282 6275 -27/4000
8281 6275 -5627/500000
8284 6275 -27/4000
8283 6275 -703/62500
8280 6275 -27/4000
8279 6275 -703/62500
7780 6275 1
1943 6275 -26/25
1941 6275 1
1934 6275 1/25
1766 6275 -269/250
8312 6276 -27/500
8311 6276 -27/500
8288 6276 -27/4000
8287 6276 -5627/500000
8290 6276 -27/4000
8289 6276 -703/62500
8286 6276 -27/4000
8285 6276 -703/62500
7965 6276 1
2216 6276 -26/25
2214 6276 1
2207 6276 1/25
2039 6276 -269/250
8314 6277 -27/500
8313 6277 -27/500
8294 6277 -27/4000
8293 6277 -5627/500000
8296 6277 -27/4000
8295 6277 -703/62500
8292 6277 -27/4000
8291 6277 -703/62500
8150 6277 1
2489 6277 -26/25
2487 6277 1
2480 6277 1/25
2312 6277 -269/250
8298 6278 -101/1000
8297 6278 -101/1000
8246 6278 -101/8000
8245 6278 -2631/125000
8248 6278 -101/8000
8247 6278 -10519/500000
8244 6278 -101/8000
8243 6278 -10519/500000
6807 6278 1
304 6278 -29/25
303 6278 1
296 6278 4/25
8302 6279 -101/1000
8301 6279 -101/1000
8258 6279 -101/8000
8257 6279 -2631/125000
8260 6279 -101/8000
8259 6279 -10519/500000
8256 6279 -101/8000
8255 6279 -10519/500000
7109 6279 1
850 6279 -29/25
849 6279 1
842 6279 4/25
8304 6280 -101/1000
8303 6280 -101/1000
8264 6280 -101/8000
8263 6280 -2631/125000
8266 6280 -101/8000
8265 6280 -10519/500000
8262 6280 -101/8000
8261 6280 -10519/500000
7270 6280 1
1123 6280 -29/25
1122 6280 1
1115 6280 4/25
8306 6281 -101/1000
8305 6281 -101/1000
8270 6281 -101/8000
8269 6281 -2631/125000
8272 6281 -101/8000
8271 6281 -10519/500000
8268 6281 -101/8000
8267 6281 -10519/500000
7432 6281 1
1396 6281 -29/25
1395 6281 1
1388 6281 4/25
8308 6282 -101/1000
8307 6282 -101/1000
8276 6282 -101/8000
8275 6282 -2631/125000
8278 6282 -101/8000
8277 6282 -10519/500000
8274 6282 -101/8000
8273 6282 -10519/500000
7596 6282 1
1669 6282 -29/25
1668 6282 1
1661 6282 4/25
8310 6283 -101/1000
8309 6283 -101/1000
8282 6283 -101/8000
8281 6283 -2631/125000
8284 6283 -101/8000
8283 6283 -10519/500000
8280 6283 -101/8000
8279 6283 -10519/500000
7781 6283 1
1942 6283 -29/25
1941 6283 1
1934 6283 4/25
8314 6284 -101/1000
8313 6284 -101/1000
8294 6284 -101/8000
8293 6284 -2631/125000
8296 6284 -101/8000
8295 6284 -10519/500000
8292 6284 -101/8000
8291 6284 -10519/500000
8151 6284 1
2488 6284 -29/25
2487 6284 1
2480 6284 4/25
8298 6285 -101/1000
8297 6285 -101/1000
8246 6285 -101/8000
8245 6285 -2631/125000
8248 6285 -101/8000
8247 6285 -10519/500000
8244 6285 -101/8000
8243 6285 -10519/500000
6808 6285 1
304 6285 -29/25
303 6285 1
296 6285 4/25
8304 6286 -101/1000
8303 6286 -101/1000
8264 6286 -101/8000
8263 6286 -2631/125000
8266 6286 -101/8000
8265 6286 -10519/500000
8262 6286 -101/8000
8261 6286 -10519/500000
7271 6286 1
1123 6286 -29/25
1122 6286 1
1115 6286 4/25
8306 6287 -101/1000
8305 6287 -101/1000
8270 6287 -101/8000
8269 6287 -2631/125000
8272 6287 -101/8000
8271 6287 -10519/500000
8268 6287 -101/8000
8267 6287 -10519/500000
7433 6287 1
1396 6287 -29/25
1395 6287 1
1388 6287 4/25
8308 6288 -101/1000
8307 6288 -101/1000
8276 6288 -101/8000
8275 6288 -2631/125000
8278 6288 -101/8000
8277 6288 -10519/500000
8274 6288 -101/8000
8273 6288 -10519/500000
7597 6288 1
1669 6288 -29/25
1668 6288 1
1661 6288 4/25
8310 6289 -101/1000
8309 6289 -101/1000
8282 6289 -101/8000
8281 6289 -2631/125000
8284 6289 -101/8000
8283 6289 -10519/500000
8280 6289 -101/8000
8279 6289 -10519/500000
7782 6289 1
1942 6289 -29/25
1941 6289 1
1934 6289 4/25
8312 6290 -101/1000
8311 6290 -101/1000
8288 6290 -101/8000
8287 6290 -2631/125000
8290 6290 -101/8000
8289 6290 -10519/500000
8286 6290 -101/8000
8285 6290 -10519/500000
7967 6290 1
2215 6290 -29/25
2214 6290 1
2207 6290 4/25
8314 6291 -101/1000
8313 6291 -101/1000
8294 6291 -101/8000
8293 6291 -2631/125000
8296 6291 -101/8000
8295 6291 -10519/500000
8292 6291 -101/8000
8291 6291 -10519/500000
8152 6291 1
2488 6291 -29/25
2487 6291 1
2480 6291 4/25
8308 6292 -101/1000
8307 6292 -101/1000
8276 6292 -101/8000
8275 6292 -2631/125000
8278 6292 -101/8000
8277 6292 -10519/500000
8274 6292 -101/8000
8273 6292 -10519/500000
7598 6292 1
1669 6292 -29/25
1668 6292 1
1661 6292 4/25
8310 6293 -101/1000
8309 6293 -101/1000
8282 6293 -101/8000
8281 6293 -2631/125000
8284 6293 -101/8000
8283 6293 -10519/500000
8280 6293 -101/8000
8279 6293 -10519/500000
7783 6293 1
1942 6293 -29/25
1941 6293 1
1934 6293 4/25
8312 6294 -101/1000
8311 6294 -101/1000
8288 6294 -101/8000
8287 6294 -2631/125000
8290 6294 -101/8000
8289 6294 -10519/500000
8286 6294 -101/8000
8285 6294 -10519/500000
7968 6294 1
2215 6294 -29/25
2214 6294 1
2207 6294 4/25
8314 6295 -101/1000
8313 6295 -101/1000
8294 6295 -101/8000
8293 6295 -2631/125000
8296 6295 -101/8000
8295 6295 -10519/500000
8292 6295 -101/8000
8291 6295 -10519/500000
8153 6295 1
2488 6295 -29/25
2487 6295 1
2480 6295 4/25
8298 6296 -54/125
8297 6296 -54/125
8246 6296 -27/500
8245 6296 -90029/1000000
8248 6296 -27/500
8247 6296 -44993/500000
8244 6296 -27/500
8243 6296 -44993/500000
6811 6296 1
303 6296 -113/100
301 6296 1
296 6296 13/100
276 6296 -29/25
8300 6297 -54/125
8299 6297 -54/125
8252 6297 -27/500
8251 6297 -90029/1000000
8254 6297 -27/500
8253 6297 -44993/500000
8250 6297 -27/500
8249 6297 -44993/500000
6957 6297 1
576 6297 -113/100
574 6297 1
569 6297 13/100
549 6297 -29/25
8304 6298 -54/125
8303 6298 -54/125
8264 6298 -27/500
8263 6298 -90029/1000000
8266 6298 -27/500
8265 6298 -44993/500000
8262 6298 -27/500
8261 6298 -44993/500000
7274 6298 1
1122 6298 -113/100
1120 6298 1
1115 6298 13/100
1095 6298 -29/25
8306 6299 -54/125
8305 6299 -54/125
8270 6299 -27/500
8269 6299 -90029/1000000
8272 6299 -27/500
8271 6299 -44993/500000
8268 6299 -27/500
8267 6299 -44993/500000
7436 6299 1
1395 6299 -113/100
1393 6299 1
1388 6299 13/100
1368 6299 -29/25
8308 6300 -54/125
8307 6300 -54/125
8276 6300 -27/500
8275 6300 -90029/1000000
8278 6300 -27/500
8277 6300 -44993/500000
8274 6300 -27/500
8273 6300 -44993/500000
7602 6300 1
1668 6300 -113/100
1666 6300 1
1661 6300 13/100
1641 6300 -29/25
8310 6301 -54/125
8309 6301 -54/125
8282 6301 -27/500
8281 6301 -90029/1000000
8284 6301 -27/500
8283 6301 -44993/500000
8280 6301 -27/500
8279 6301 -44993/500000
7787 6301 1
1941 6301 -113/100
1939 6301 1
1934 6301 13/100
1914 6301 -29/25
8312 6302 -54/125
8311 6302 -54/125
8288 6302 -27/500
8287 6302 -90029/1000000
8290 6302 -27/500
8289 6302 -44993/500000
8286 6302 -27/500
8285 6302 -44993/500000
7972 6302 1
2214 6302 -113/100
2212 6302 1
2207 6302 13/100
2187 6302 -29/25
8314 6303 -54/125
8313 6303 -54/125
8294 6303 -27/500
8293 6303 -90029/1000000
8296 6303 -27/500
8295 6303 -44993/500000
8292 6303 -27/500
8291 6303 -44993/500000
8157 6303 1
2487 6303 -113/100
2485 6303 1
2480 6303 13/100
2460 6303 -29/25
8298 6304 -54/125
8297 6304 -54/125
8246 6304 -27/500
8245 6304 -90029/1000000
8248 6304 -27/500
8247 6304 -44993/500000
8244 6304 -27/500
8243 6304 -44993/500000
6812 6304 1
303 6304 -113/100
301 6304 1
296 6304 13/100
276 6304 -29/25
8302 6305 -54/125
8301 6305 -54/125
8258 6305 -27/500
8257 6305 -90029/1000000
8260 6305 -27/500
8259 6305 -44993/500000
8256 6305 -27/500
8255 6305 -44993/500000
7114 6305 1
849 6305 -113/100
847 6305 1
842 6305 13/100
822 6305 -29/25
8304 6306 -54/125
8303 6306 -54/125
8264 6306 -27/500
8263 6306 -90029/1000000
8266 6306 -27/500
8265 6306 -44993/500000
8262 6306 -27/500
8261 6306 -44993/500000
7275 6306 1
1122 6306 -113/100
1120 6306 1
1115 6306 13/100
1095 6306 -29/25
8308 6307 -54/125
8307 6307 -54/125
8276 6307 -27/500
8275 6307 -90029/1000000
8278 6307 -27/500
8277 6307 -44993/500000
8274 6307 -27/500
8273 6307 -44993/500000
7603 6307 1
1668 6307 -113/100
1666 6307 1
1661 6307 13/100
1641 6307 -29/25
8312 6308 -54/125
8311 6308 -54/125
8288 6308 -27/500
8287 6308 -90029/1000000
8290 6308 -27/500
8289 6308 -44993/500000
8286 6308 -27/500
8285 6308 -44993/500000
7973 6308 1
2214 6308 -113/100
2212 6308 1
2207 6308 13/100
2187 6308 -29/25
8308 6309 -54/125
8307 6309 -54/125
8276 6309 -27/500
8275 6309 -90029/1000000
8278 6309 -27/500
8277 6309 -44993/500000
8274 6309 -27/500
8273 6309 -44993/500000
7604 6309 1
1668 6309 -113/100
1666 6309 1
1661 6309 13/100
1641 6309 -29/25
8314 6310 -54/125
8313 6310 -54/125
8294 6310 -27/500
8293 6310 -90029/1000000
8296 6310 -27/500
8295 6310 -44993/500000
8292 6310 -27/500
8291 6310 -44993/500000
8159 6310 1
2487 6310 -113/100
2485 6310 1
2480 6310 13/100
2460 6310 -29/25
7115 6311 1
822 6311 1
748 6311 -31/25
7605 6312 1
1641 6312 1
1567 6312 -31/25
7975 6313 1
2187 6313 1
2113 6313 -31/25
8160 6314 1
2460 6314 1
2386 6314 -31/25
6814 6315 1
353 6315 -31/25
242 6315 1
6960 6316 1
626 6316 -31/25
515 6316 1
7116 6317 1
899 6317 -31/25
788 6317 1
7277 6318 1
1172 6318 -31/25
1061 6318 1
7439 6319 1
1445 6319 -31/25
1334 6319 1
7606 6320 1
1718 6320 -31/25
1607 6320 1
7791 6321 1
1991 6321 -31/25
1880 6321 1
7976 6322 1
2264 6322 -31/25
2153 6322 1
9794 6323 21/100
8298 6323 -452/125
8297 6323 -452/125
8246 6323 -113/250
8245 6323 -376787/500000
8248 6323 -113/250
8247 6323 -753213/1000000
8244 6323 -113/250
8243 6323 -753213/1000000
6817 6323 1
343 6323 21/100
309 6323 -223/100
308 6323 1
284 6323 9/250
283 6323 -1/50
215 6323 -7/625
208 6323 -232/125
202 6323 -1377/125
195 6323 -643/1000
171 6323 -643/1000
36 6323 191641/10000
18 6323 135817/25000
0 6323 115887/100000
9795 6324 21/100
8300 6324 -452/125
8299 6324 -452/125
8252 6324 -113/250
8251 6324 -376787/500000
8254 6324 -113/250
8253 6324 -753213/1000000
8250 6324 -113/250
8249 6324 -753213/1000000
6963 6324 1
616 6324 21/100
582 6324 -223/100
581 6324 1
557 6324 9/250
556 6324 -1/50
488 6324 -7/625
481 6324 -232/125
475 6324 -1377/125
468 6324 -643/1000
444 6324 -643/1000
37 6324 191641/10000
19 6324 135817/25000
1 6324 115887/100000
9797 6325 21/100
8304 6325 -452/125
8303 6325 -452/125
8264 6325 -113/250
8263 6325 -376787/500000
8266 6325 -113/250
8265 6325 -753213/1000000
8262 6325 -113/250
8261 6325 -753213/1000000
7280 6325 1
1162 6325 21/100
1128 6325 -223/100
1127 6325 1
1103 6325 9/250
1102 6325 -1/50
1034 6325 -7/625
1027 6325 -232/125
1021 6325 -1377/125
1014 6325 -643/1000
990 6325 -643/1000
39 6325 191641/10000
21 6325 135817/25000
3 6325 115887/100000
9799 6326 21/100
8308 6326 -452/125
8307 6326 -452/125
8276 6326 -113/250
8275 6326 -376787/500000
8278 6326 -113/250
8277 6326 -753213/1000000
8274 6326 -113/250
8273 6326 -753213/1000000
7609 6326 1
1708 6326 21/100
1674 6326 -223/100
1673 6326 1
1649 6326 9/250
1648 6326 -1/50
1580 6326 -7/625
1573 6326 -232/125
1567 6326 -1377/125
1560 6326 -643/1000
1536 6326 -643/1000
41 6326 191641/10000
23 6326 135817/25000
5 6326 115887/100000
9801 6327 21/100
8312 6327 -452/125
8311 6327 -452/125
8288 6327 -113/250
8287 6327 -376787/500000
8290 6327 -113/250
8289 6327 -753213/1000000
8286 6327 -113/250
8285 6327 -753213/1000000
7979 6327 1
2254 6327 21/100
2220 6327 -223/100
2219 6327 1
2195 6327 9/250
2194 6327 -1/50
2126 6327 -7/625
2119 6327 -232/125
2113 6327 -1377/125
2106 6327 -643/1000
2082 6327 -643/1000
43 6327 191641/10000
25 6327 135817/25000
7 6327 115887/100000
9802 6328 21/100
8314 6328 -452/125
8313 6328 -452/125
8294 6328 -113/250
8293 6328 -376787/500000
8296 6328 -113/250
8295 6328 -753213/1000000
8292 6328 -113/250
8291 6328 -753213/1000000
8164 6328 1
2527 6328 21/100
2493 6328 -223/100
2492 6328 1
2468 6328 9/250
2467 6328 -1/50
2399 6328 -7/625
2392 6328 -232/125
2386 6328 -1377/125
2379 6328 -643/1000
2355 6328 -643/1000
44 6328 191641/10000
26 6328 135817/25000
8 6328 115887/100000
9803 6329 12/25
8298 6329 -1989/500
8297 6329 -1989/500
8246 6329 -1989/4000
8245 6329 -165803/200000
8248 6329 -1989/4000
8247 6329 -828617/1000000
8244 6329 -1989/4000
8243 6329 -828617/1000000
6818 6329 1
344 6329 12/25
310 6329 -61/25
308 6329 1
284 6329 27/25
283 6329 -11/500
215 6329 -3/250
208 6329 -1021/500
202 6329 -6059/500
195 6329 -707/1000
171 6329 -707/1000
36 6329 26351/1250
18 6329 303449/50000
0 6329 5099/4000
9804 6330 12/25
8300 6330 -1989/500
8299 6330 -1989/500
8252 6330 -1989/4000
8251 6330 -165803/200000
8254 6330 -1989/4000
8253 6330 -828617/1000000
8250 6330 -1989/4000
8249 6330 -828617/1000000
6964 6330 1
617 6330 12/25
583 6330 -61/25
581 6330 1
557 6330 27/25
556 6330 -11/500
488 6330 -3/250
481 6330 -1021/500
475 6330 -6059/500
468 6330 -707/1000
444 6330 -707/1000
37 6330 26351/1250
19 6330 303449/50000
1 6330 5099/4000
9805 6331 12/25
8302 6331 -1989/500
8301 6331 -1989/500
8258 6331 -1989/4000
8257 6331 -165803/200000
8260 6331 -1989/4000
8259 6331 -828617/1000000
8256 6331 -1989/4000
8255 6331 -828617/1000000
7120 6331 1
890 6331 12/25
856 6331 -61/25
854 6331 1
830 6331 27/25
829 6331 -11/500
761 6331 -3/250
754 6331 -1021/500
748 6331 -6059/500
741 6331 -707/1000
717 6331 -707/1000
38 6331 26351/1250
20 6331 303449/50000
2 6331 5099/4000
9806 6332 12/25
8304 6332 -1989/500
8303 6332 -1989/500
8264 6332 -1989/4000
8263 6332 -165803/200000
8266 6332 -1989/4000
8265 6332 -828617/1000000
8262 6332 -1989/4000
8261 6332 -828617/1000000
7281 6332 1
1163 6332 12/25
1129 6332 -61/25
1127 6332 1
1103 6332 27/25
1102 6332 -11/500
1034 6332 -3/250
1027 6332 -1021/500
1021 6332 -6059/500
1014 6332 -707/1000
990 6332 -707/1000
39 6332 26351/1250
21 6332 303449/50000
3 6332 5099/4000
9807 6333 12/25
8306 6333 -1989/500
8305 6333 -1989/500
8270 6333 -1989/4000
8269 6333 -165803/200000
8272 6333 -1989/4000
8271 6333 -828617/1000000
8268 6333 -1989/4000
8267 6333 -828617/1000000
7443 6333 1
1436 6333 12/25
1402 6333 -61/25
1400 6333 1
1376 6333 27/25
1375 6333 -11/500
1307 6333 -3/250
1300 6333 -1021/500
1294 6333 -6059/500
1287 6333 -707/1000
1263 6333 -707/1000
40 6333 26351/1250
22 6333 303449/50000
4 6333 5099/4000
9808 6334 12/25
8308 6334 -1989/500
8307 6334 -1989/500
8276 6334 -1989/4000
8275 6334 -165803/200000
8278 6334 -1989/4000
8277 6334 -828617/1000000
8274 6334 -1989/4000
8273 6334 -828617/1000000
7610 6334 1
1709 6334 12/25
1675 6334 -61/25
1673 6334 1
1649 6334 27/25
1648 6334 -11/500
1580 6334 -3/250
1573 6334 -1021/500
1567 6334 -6059/500
1560 6334 -707/1000
1536 6334 -707/1000
41 6334 26351/1250
23 6334 303449/50000
5 6334 5099/4000
9809 6335 12/25
8310 6335 -1989/500
8309 6335 -1989/500
8282 6335 -1989/4000
8281 6335 -165803/200000
8284 6335 -1989/4000
8283 6335 -828617/1000000
8280 6335 -1989/4000
8279 6335 -828617/1000000
7795 6335 1
1982 6335 12/25
1948 6335 -61/25
1946 6335 1
1922 6335 27/25
1921 6335 -11/500
1853 6335 -3/250
1846 6335 -1021/500
1840 6335 -6059/500
1833 6335 -707/1000
1809 6335 -707/1000
42 6335 26351/1250
24 6335 303449/50000
6 6335 5099/4000
9810 6336 12/25
8312 6336 -1989/500
8311 6336 -1989/500
8288 6336 -1989/4000
8287 6336 -165803/200000
8290 6336 -1989/4000
8289 6336 -828617/1000000
8286 6336 -1989/4000
8285 6336 -828617/1000000
7980 6336 1
2255 6336 12/25
2221 6336 -61/25
2219 6336 1
2195 6336 27/25
2194 6336 -11/500
2126 6336 -3/250
2119 6336 -1021/500
2113 6336 -6059/500
2106 6336 -707/1000
2082 6336 -707/1000
43 6336 26351/1250
25 6336 303449/50000
7 6336 5099/4000
9811 6337 12/25
8314 6337 -1989/500
8313 6337 -1989/500
8294 6337 -1989/4000
8293 6337 -165803/200000
8296 6337 -1989/4000
8295 6337 -828617/1000000
8292 6337 -1989/4000
8291 6337 -828617/1000000
8165 6337 1
2528 6337 12/25
2494 6337 -61/25
2492 6337 1
2468 6337 27/25
2467 6337 -11/500
2399 6337 -3/250
2392 6337 -1021/500
2386 6337 -6059/500
2379 6337 -707/1000
2355 6337 -707/1000
44 6337 26351/1250
26 6337 303449/50000
8 6337 5099/4000
8298 6338 -107/500
8297 6338 -107/500
8246 6338 -107/4000
8245 6338 -22299/500000
8248 6338 -107/4000
8247 6338 -1393/31250
8244 6338 -107/4000
8243 6338 -1393/31250
6819 6338 1
314 6338 31/625
313 6338 -1
307 6338 3/40
278 6338 9/250
215 6338 -33/2500
208 6338 -53/1000
202 6338 -3/1000
134 6338 -1/500
114 6338 -3/50
36 6338 3711/500000
18 6338 10457/500000
0 6338 1623/200000
8300 6339 -107/500
8299 6339 -107/500
8252 6339 -107/4000
8251 6339 -22299/500000
8254 6339 -107/4000
8253 6339 -1393/31250
8250 6339 -107/4000
8249 6339 -1393/31250
6965 6339 1
587 6339 31/625
586 6339 -1
580 6339 3/40
551 6339 9/250
488 6339 -33/2500
481 6339 -53/1000
475 6339 -3/1000
407 6339 -1/500
387 6339 -3/50
37 6339 3711/500000
19 6339 10457/500000
1 6339 1623/200000
8302 6340 -107/500
8301 6340 -107/500
8258 6340 -107/4000
8257 6340 -22299/500000
8260 6340 -107/4000
8259 6340 -1393/31250
8256 6340 -107/4000
8255 6340 -1393/31250
7121 6340 1
860 6340 31/625
859 6340 -1
853 6340 3/40
824 6340 9/250
761 6340 -33/2500
754 6340 -53/1000
748 6340 -3/1000
680 6340 -1/500
660 6340 -3/50
38 6340 3711/500000
20 6340 10457/500000
2 6340 1623/200000
8304 6341 -107/500
8303 6341 -107/500
8264 6341 -107/4000
8263 6341 -22299/500000
8266 6341 -107/4000
8265 6341 -1393/31250
8262 6341 -107/4000
8261 6341 -1393/31250
7282 6341 1
1133 6341 31/625
1132 6341 -1
1126 6341 3/40
1097 6341 9/250
1034 6341 -33/2500
1027 6341 -53/1000
1021 6341 -3/1000
953 6341 -1/500
933 6341 -3/50
39 6341 3711/500000
21 6341 10457/500000
3 6341 1623/200000
8306 6342 -107/500
8305 6342 -107/500
8270 6342 -107/4000
8269 6342 -22299/500000
8272 6342 -107/4000
8271 6342 -1393/31250
8268 6342 -107/4000
8267 6342 -1393/31250
7444 6342 1
1406 6342 31/625
1405 6342 -1
1399 6342 3/40
1370 6342 9/250
1307 6342 -33/2500
1300 6342 -53/1000
1294 6342 -3/1000
1226 6342 -1/500
1206 6342 -3/50
40 6342 3711/500000
22 6342 10457/500000
4 6342 1623/200000
8308 6343 -107/500
8307 6343 -107/500
8276 6343 -107/4000
8275 6343 -22299/500000
8278 6343 -107/4000
8277 6343 -1393/31250
8274 6343 -107/4000
8273 6343 -1393/31250
7611 6343 1
1679 6343 31/625
1678 6343 -1
1672 6343 3/40
1643 6343 9/250
1580 6343 -33/2500
1573 6343 -53/1000
1567 6343 -3/1000
1499 6343 -1/500
1479 6343 -3/50
41 6343 3711/500000
23 6343 10457/500000
5 6343 1623/200000
8310 6344 -107/500
8309 6344 -107/500
8282 6344 -107/4000
8281 6344 -22299/500000
8284 6344 -107/4000
8283 6344 -1393/31250
8280 6344 -107/4000
8279 6344 -1393/31250
7796 6344 1
1952 6344 31/625
1951 6344 -1
1945 6344 3/40
1916 6344 9/250
1853 6344 -33/2500
1846 6344 -53/1000
1840 6344 -3/1000
1772 6344 -1/500
1752 6344 -3/50
42 6344 3711/500000
24 6344 10457/500000
6 6344 1623/200000
8312 6345 -107/500
8311 6345 -107/500
8288 6345 -107/4000
8287 6345 -22299/500000
8290 6345 -107/4000
8289 6345 -1393/31250
8286 6345 -107/4000
8285 6345 -1393/31250
7981 6345 1
2225 6345 31/625
2224 6345 -1
2218 6345 3/40
2189 6345 9/250
2126 6345 -33/2500
2119 6345 -53/1000
2113 6345 -3/1000
2045 6345 -1/500
2025 6345 -3/50
43 6345 3711/500000
25 6345 10457/500000
7 6345 1623/200000
8314 6346 -107/500
8313 6346 -107/500
8294 6346 -107/4000
8293 6346 -22299/500000
8296 6346 -107/4000
8295 6346 -1393/31250
8292 6346 -107/4000
8291 6346 -1393/31250
8166 6346 1
2498 6346 31/625
2497 6346 -1
2491 6346 3/40
2462 6346 9/250
2399 6346 -33/2500
2392 6346 -53/1000
2386 6346 -3/1000
2318 6346 -1/500
2298 6346 -3/50
44 6346 3711/500000
26 6346 10457/500000
8 6346 1623/200000
9686 6347 -1
6820 6347 1
297 6347 -1
9687 6348 -1
6966 6348 1
570 6348 -1
9688 6349 -1
7122 6349 1
843 6349 -1
9689 6350 -1
7283 6350 1
1116 6350 -1
9690 6351 -1
7445 6351 1
1389 6351 -1
9691 6352 -1
7612 6352 1
1662 6352 -1
9692 6353 -1
7797 6353 1
1935 6353 -1
9693 6354 -1
7982 6354 1
2208 6354 -1
9694 6355 -1
8167 6355 1
2481 6355 -1
9794 6356 7/20
8298 6356 -553/1000
8297 6356 -553/1000
8246 6356 -553/8000
8245 6356 -23049/200000
8248 6356 -553/8000
8247 6356 -11519/100000
8244 6356 -553/8000
8243 6356 -11519/100000
6821 6356 1
343 6356 7/20
309 6356 333/1000
307 6356 -1
283 6356 -153/50000
215 6356 -859/500000
208 6356 -2839/10000
202 6356 -3369/2000
195 6356 -9831/100000
171 6356 -9831/100000
36 6356 73261/25000
18 6356 51921/62500
0 6356 17721/100000
9795 6357 7/20
8300 6357 -553/1000
8299 6357 -553/1000
8252 6357 -553/8000
8251 6357 -23049/200000
8254 6357 -553/8000
8253 6357 -11519/100000
8250 6357 -553/8000
8249 6357 -11519/100000
6967 6357 1
616 6357 7/20
582 6357 333/1000
580 6357 -1
556 6357 -153/50000
488 6357 -859/500000
481 6357 -2839/10000
475 6357 -3369/2000
468 6357 -9831/100000
444 6357 -9831/100000
37 6357 73261/25000
19 6357 51921/62500
1 6357 17721/100000
9796 6358 7/20
8302 6358 -553/1000
8301 6358 -553/1000
8258 6358 -553/8000
8257 6358 -23049/200000
8260 6358 -553/8000
8259 6358 -11519/100000
8256 6358 -553/8000
8255 6358 -11519/100000
7123 6358 1
889 6358 7/20
855 6358 333/1000
853 6358 -1
829 6358 -153/50000
761 6358 -859/500000
754 6358 -2839/10000
748 6358 -3369/2000
741 6358 -9831/100000
717 6358 -9831/100000
38 6358 73261/25000
20 6358 51921/62500
2 6358 17721/100000
9797 6359 7/20
8304 6359 -553/1000
8303 6359 -553/1000
8264 6359 -553/8000
8263 6359 -23049/200000
8266 6359 -553/8000
8265 6359 -11519/100000
8262 6359 -553/8000
8261 6359 -11519/100000
7284 6359 1
1162 6359 7/20
1128 6359 333/1000
1126 6359 -1
1102 6359 -153/50000
1034 6359 -859/500000
1027 6359 -2839/10000
1021 6359 -3369/2000
1014 6359 -9831/100000
990 6359 -9831/100000
39 6359 73261/25000
21 6359 51921/62500
3 6359 17721/100000
9798 6360 7/20
8306 6360 -553/1000
8305 6360 -553/1000
8270 6360 -553/8000
8269 6360 -23049/200000
8272 6360 -553/8000
8271 6360 -11519/100000
8268 6360 -553/8000
8267 6360 -11519/100000
7446 6360 1
1435 6360 7/20
1401 6360 333/1000
1399 6360 -1
1375 6360 -153/50000
1307 6360 -859/500000
1300 6360 -2839/10000
1294 6360 -3369/2000
1287 6360 -9831/100000
1263 6360 -9831/100000
40 6360 73261/25000
22 6360 51921/62500
4 6360 17721/100000
9799 6361 7/20
8308 6361 -553/1000
8307 6361 -553/1000
8276 6361 -553/8000
8275 6361 -23049/200000
8278 6361 -553/8000
8277 6361 -11519/100000
8274 6361 -553/8000
8273 6361 -11519/100000
7613 6361 1
1708 6361 7/20
1674 6361 333/1000
1672 6361 -1
1648 6361 -153/50000
1580 6361 -859/500000
1573 6361 -2839/10000
1567 6361 -3369/2000
1560 6361 -9831/100000
1536 6361 -9831/100000
41 6361 73261/25000
23 6361 51921/62500
5 6361 17721/100000
9800 6362 7/20
8310 6362 -553/1000
8309 6362 -553/1000
8282 6362 -553/8000
8281 6362 -23049/200000
8284 6362 -553/8000
8283 6362 -11519/100000
8280 6362 -553/8000
8279 6362 -11519/100000
7798 6362 1
1981 6362 7/20
1947 6362 333/1000
1945 6362 -1
1921 6362 -153/50000
1853 6362 -859/500000
1846 6362 -2839/10000
1840 6362 -3369/2000
1833 6362 -9831/100000
1809 6362 -9831/100000
42 6362 73261/25000
24 6362 51921/62500
6 6362 17721/100000
9801 6363 7/20
8312 6363 -553/1000
8311 6363 -553/1000
8288 6363 -553/8000
8287 6363 -23049/200000
8290 6363 -553/8000
8289 6363 -11519/100000
8286 6363 -553/8000
8285 6363 -11519/100000
7983 6363 1
2254 6363 7/20
2220 6363 333/1000
2218 6363 -1
2194 6363 -153/50000
2126 6363 -859/500000
2119 6363 -2839/10000
2113 6363 -3369/2000
2106 6363 -9831/100000
2082 6363 -9831/100000
43 6363 73261/25000
25 6363 51921/62500
7 6363 17721/100000
9802 6364 7/20
8314 6364 -553/1000
8313 6364 -553/1000
8294 6364 -553/8000
8293 6364 -23049/200000
8296 6364 -553/8000
8295 6364 -11519/100000
8292 6364 -553/8000
8291 6364 -11519/100000
8168 6364 1
2527 6364 7/20
2493 6364 333/1000
2491 6364 -1
2467 6364 -153/50000
2399 6364 -859/500000
2392 6364 -2839/10000
2386 6364 -3369/2000
2379 6364 -9831/100000
2355 6364 -9831/100000
44 6364 73261/25000
26 6364 51921/62500
8 6364 17721/100000
9803 6365 23/40
8298 6365 -273/100
8297 6365 -273/100
8246 6365 -273/800
8245 6365 -142233/250000
8248 6365 -273/800
8247 6365 -568659/1000000
8244 6365 -273/800
8243 6365 -568659/1000000
6822 6365 1
344 6365 23/40
310 6365 333/1000
306 6365 -1
299 6365 -1
9804 6366 23/40
8300 6366 -273/100
8299 6366 -273/100
8252 6366 -273/800
8251 6366 -142233/250000
8254 6366 -273/800
8253 6366 -568659/1000000
8250 6366 -273/800
8249 6366 -568659/1000000
6968 6366 1
617 6366 23/40
583 6366 333/1000
579 6366 -1
572 6366 -1
9805 6367 23/40
8302 6367 -273/100
8301 6367 -273/100
8258 6367 -273/800
8257 6367 -142233/250000
8260 6367 -273/800
8259 6367 -568659/1000000
8256 6367 -273/800
8255 6367 -568659/1000000
7124 6367 1
890 6367 23/40
856 6367 333/1000
852 6367 -1
845 6367 -1
9806 6368 23/40
8304 6368 -273/100
8303 6368 -273/100
8264 6368 -273/800
8263 6368 -142233/250000
8266 6368 -273/800
8265 6368 -568659/1000000
8262 6368 -273/800
8261 6368 -568659/1000000
7285 6368 1
1163 6368 23/40
1129 6368 333/1000
1125 6368 -1
1118 6368 -1
9807 6369 23/40
8306 6369 -273/100
8305 6369 -273/100
8270 6369 -273/800
8269 6369 -142233/250000
8272 6369 -273/800
8271 6369 -568659/1000000
8268 6369 -273/800
8267 6369 -568659/1000000
7447 6369 1
1436 6369 23/40
1402 6369 333/1000
1398 6369 -1
1391 6369 -1
9808 6370 23/40
8308 6370 -273/100
8307 6370 -273/100
8276 6370 -273/800
8275 6370 -142233/250000
8278 6370 -273/800
8277 6370 -568659/1000000
8274 6370 -273/800
8273 6370 -568659/1000000
7614 6370 1
1709 6370 23/40
1675 6370 333/1000
1671 6370 -1
1664 6370 -1
9809 6371 23/40
8310 6371 -273/100
8309 6371 -273/100
8282 6371 -273/800
8281 6371 -142233/250000
8284 6371 -273/800
8283 6371 -568659/1000000
8280 6371 -273/800
8279 6371 -568659/1000000
7799 6371 1
1982 6371 23/40
1948 6371 333/1000
1944 6371 -1
1937 6371 -1
9810 6372 23/40
8312 6372 -273/100
8311 6372 -273/100
8288 6372 -273/800
8287 6372 -142233/250000
8290 6372 -273/800
8289 6372 -568659/1000000
8286 6372 -273/800
8285 6372 -568659/1000000
7984 6372 1
2255 6372 23/40
2221 6372 333/1000
2217 6372 -1
2210 6372 -1
9811 6373 23/40
8314 6373 -273/100
8313 6373 -273/100
8294 6373 -273/800
8293 6373 -142233/250000
8296 6373 -273/800
8295 6373 -568659/1000000
8292 6373 -273/800
8291 6373 -568659/1000000
8169 6373 1
2528 6373 23/40
2494 6373 333/1000
2490 6373 -1
2483 6373 -1
8298 6374 -611/2500
8297 6374 -611/2500
8246 6374 -611/20000
8245 6374 -50933/1000000
8248 6374 -611/20000
8247 6374 -50909/1000000
8244 6374 -611/20000
8243 6374 -50909/1000000
6823 6374 1
314 6374 17/250
313 6374 -1
306 6374 29/250
215 6374 -3/200
208 6374 -3/50
202 6374 -7/2000
134 6374 -8/3125
114 6374 -27/400
36 6374 8569/1000000
18 6374 5947/250000
0 6374 9187/1000000
8300 6375 -611/2500
8299 6375 -611/2500
8252 6375 -611/20000
8251 6375 -50933/1000000
8254 6375 -611/20000
8253 6375 -50909/1000000
8250 6375 -611/20000
8249 6375 -50909/1000000
6969 6375 1
587 6375 17/250
586 6375 -1
579 6375 29/250
488 6375 -3/200
481 6375 -3/50
475 6375 -7/2000
407 6375 -8/3125
387 6375 -27/400
37 6375 8569/1000000
19 6375 5947/250000
1 6375 9187/1000000
8302 6376 -611/2500
8301 6376 -611/2500
8258 6376 -611/20000
8257 6376 -50933/1000000
8260 6376 -611/20000
8259 6376 -50909/1000000
8256 6376 -611/20000
8255 6376 -50909/1000000
7125 6376 1
860 6376 17/250
859 6376 -1
852 6376 29/250
761 6376 -3/200
754 6376 -3/50
748 6376 -7/2000
680 6376 -8/3125
660 6376 -27/400
38 6376 8569/1000000
20 6376 5947/250000
2 6376 9187/1000000
8304 6377 -611/2500
8303 6377 -611/2500
8264 6377 -611/20000
8263 6377 -50933/1000000
8266 6377 -611/20000
8265 6377 -50909/1000000
8262 6377 -611/20000
8261 6377 -50909/1000000
7286 6377 1
1133 6377 17/250
1132 6377 -1
1125 6377 29/250
1034 6377 -3/200
1027 6377 -3/50
1021 6377 -7/2000
953 6377 -8/3125
933 6377 -27/400
39 6377 8569/1000000
21 6377 5947/250000
3 6377 9187/1000000
8306 6378 -611/2500
8305 6378 -611/2500
8270 6378 -611/20000
8269 6378 -50933/1000000
8272 6378 -611/20000
8271 6378 -50909/1000000
8268 6378 -611/20000
8267 6378 -50909/1000000
7448 6378 1
1406 6378 17/250
1405 6378 -1
1398 6378 29/250
1307 6378 -3/200
1300 6378 -3/50
1294 6378 -7/2000
1226 6378 -8/3125
1206 6378 -27/400
40 6378 8569/1000000
22 6378 5947/250000
4 6378 9187/1000000
8308 6379 -611/2500
8307 6379 -611/2500
8276 6379 -611/20000
8275 6379 -50933/1000000
8278 6379 -611/20000
8277 6379 -50909/1000000
8274 6379 -611/20000
8273 6379 -50909/1000000
7615 6379 1
1679 6379 17/250
1678 6379 -1
1671 6379 29/250
1580 6379 -3/200
1573 6379 -3/50
1567 6379 -7/2000
1499 6379 -8/3125
1479 6379 -27/400
41 6379 8569/1000000
23 6379 5947/250000
5 6379 9187/1000000
8310 6380 -611/2500
8309 6380 -611/2500
8282 6380 -611/20000
8281 6380 -50933/1000000
8284 6380 -611/20000
8283 6380 -50909/1000000
8280 6380 -611/20000
8279 6380 -50909/1000000
7800 6380 1
1952 6380 17/250
1951 6380 -1
1944 6380 29/250
1853 6380 -3/200
1846 6380 -3/50
1840 6380 -7/2000
1772 6380 -8/3125
1752 6380 -27/400
42 6380 8569/1000000
24 6380 5947/250000
6 6380 9187/1000000
8312 6381 -611/2500
8311 6381 -611/2500
8288 6381 -611/20000
8287 6381 -50933/1000000
8290 6381 -611/20000
8289 6381 -50909/1000000
8286 6381 -611/20000
8285 6381 -50909/1000000
7985 6381 1
2225 6381 17/250
2224 6381 -1
2217 6381 29/250
2126 6381 -3/200
2119 6381 -3/50
2113 6381 -7/2000
2045 6381 -8/3125
2025 6381 -27/400
43 6381 8569/1000000
25 6381 5947/250000
7 6381 9187/1000000
8314 6382 -611/2500
8313 6382 -611/2500
8294 6382 -611/20000
8293 6382 -50933/1000000
8296 6382 -611/20000
8295 6382 -50909/1000000
8292 6382 -611/20000
8291 6382 -50909/1000000
8170 6382 1
2498 6382 17/250
2497 6382 -1
2490 6382 29/250
2399 6382 -3/200
2392 6382 -3/50
2386 6382 -7/2000
2318 6382 -8/3125
2298 6382 -27/400
44 6382 8569/1000000
26 6382 5947/250000
8 6382 9187/1000000
6824 6383 1
291 6383 -1
204 6383 1
36 6383 8097/500000
18 6383 363/31250
6970 6384 1
564 6384 -1
477 6384 1
37 6384 8097/500000
19 6384 363/31250
7126 6385 1
837 6385 -1
750 6385 1
38 6385 8097/500000
20 6385 363/31250
7287 6386 1
1110 6386 -1
1023 6386 1
39 6386 8097/500000
21 6386 363/31250
7449 6387 1
1383 6387 -1
1296 6387 1
40 6387 8097/500000
22 6387 363/31250
7616 6388 1
1656 6388 -1
1569 6388 1
41 6388 8097/500000
23 6388 363/31250
7801 6389 1
1929 6389 -1
1842 6389 1
42 6389 8097/500000
24 6389 363/31250
7986 6390 1
2202 6390 -1
2115 6390 1
43 6390 8097/500000
25 6390 363/31250
8171 6391 1
2475 6391 -1
2388 6391 1
44 6391 8097/500000
26 6391 363/31250
6825 6392 1
291 6392 -1
81 6392 1
36 6392 1423/250000
18 6392 117/125000
6971 6393 1
564 6393 -1
354 6393 1
37 6393 1423/250000
19 6393 117/125000
7127 6394 1
837 6394 -1
627 6394 1
38 6394 1423/250000
20 6394 117/125000
7288 6395 1
1110 6395 -1
900 6395 1
39 6395 1423/250000
21 6395 117/125000
7450 6396 1
1383 6396 -1
1173 6396 1
40 6396 1423/250000
22 6396 117/125000
7617 6397 1
1656 6397 -1
1446 6397 1
41 6397 1423/250000
23 6397 117/125000
7802 6398 1
1929 6398 -1
1719 6398 1
42 6398 1423/250000
24 6398 117/125000
7987 6399 1
2202 6399 -1
1992 6399 1
43 6399 1423/250000
25 6399 117/125000
8172 6400 1
2475 6400 -1
2265 6400 1
44 6400 1423/250000
26 6400 117/125000
6826 6401 1
291 6401 -1
132 6401 1
6972 6402 1
564 6402 -1
405 6402 1
7128 6403 1
837 6403 -1
678 6403 1
7289 6404 1
1110 6404 -1
951 6404 1
7451 6405 1
1383 6405 -1
1224 6405 1
7618 6406 1
1656 6406 -1
1497 6406 1
7803 6407 1
1929 6407 -1
1770 6407 1
7988 6408 1
2202 6408 -1
2043 6408 1
8173 6409 1
2475 6409 -1
2316 6409 1
6827 6410 1
291 6410 -1
243 6410 1
6973 6411 1
564 6411 -1
516 6411 1
7129 6412 1
837 6412 -1
789 6412 1
7290 6413 1
1110 6413 -1
1062 6413 1
7452 6414 1
1383 6414 -1
1335 6414 1
7619 6415 1
1656 6415 -1
1608 6415 1
7804 6416 1
1929 6416 -1
1881 6416 1
7989 6417 1
2202 6417 -1
2154 6417 1
6828 6418 1
291 6418 -1
95 6418 1
36 6418 11317/62500
18 6418 32467/1000000
6974 6419 1
564 6419 -1
368 6419 1
37 6419 11317/62500
19 6419 32467/1000000
7130 6420 1
837 6420 -1
641 6420 1
38 6420 11317/62500
20 6420 32467/1000000
7291 6421 1
1110 6421 -1
914 6421 1
39 6421 11317/62500
21 6421 32467/1000000
7453 6422 1
1383 6422 -1
1187 6422 1
40 6422 11317/62500
22 6422 32467/1000000
7620 6423 1
1656 6423 -1
1460 6423 1
41 6423 11317/62500
23 6423 32467/1000000
7805 6424 1
1929 6424 -1
1733 6424 1
42 6424 11317/62500
24 6424 32467/1000000
7990 6425 1
2202 6425 -1
2006 6425 1
43 6425 11317/62500
25 6425 32467/1000000
8175 6426 1
2475 6426 -1
2279 6426 1
44 6426 11317/62500
26 6426 32467/1000000
6829 6427 1
291 6427 -1
139 6427 1
36 6427 28663/500000
18 6427 11521/500000
6975 6428 1
564 6428 -1
412 6428 1
37 6428 28663/500000
19 6428 11521/500000
7131 6429 1
837 6429 -1
685 6429 1
38 6429 28663/500000
20 6429 11521/500000
7292 6430 1
1110 6430 -1
958 6430 1
39 6430 28663/500000
21 6430 11521/500000
7454 6431 1
1383 6431 -1
1231 6431 1
40 6431 28663/500000
22 6431 11521/500000
7621 6432 1
1656 6432 -1
1504 6432 1
41 6432 28663/500000
23 6432 11521/500000
7806 6433 1
1929 6433 -1
1777 6433 1
42 6433 28663/500000
24 6433 11521/500000
7991 6434 1
2202 6434 -1
2050 6434 1
43 6434 28663/500000
25 6434 11521/500000
8176 6435 1
2475 6435 -1
2323 6435 1
44 6435 28663/500000
26 6435 11521/500000
6830 6436 1
291 6436 -1
197 6436 1
36 6436 38629/1000000
18 6436 3537/1000000
6976 6437 1
564 6437 -1
470 6437 1
37 6437 38629/1000000
19 6437 3537/1000000
7132 6438 1
837 6438 -1
743 6438 1
38 6438 38629/1000000
20 6438 3537/1000000
7293 6439 1
1110 6439 -1
1016 6439 1
39 6439 38629/1000000
21 6439 3537/1000000
7455 6440 1
1383 6440 -1
1289 6440 1
40 6440 38629/1000000
22 6440 3537/1000000
7622 6441 1
1656 6441 -1
1562 6441 1
41 6441 38629/1000000
23 6441 3537/1000000
7807 6442 1
1929 6442 -1
1835 6442 1
42 6442 38629/1000000
24 6442 3537/1000000
7992 6443 1
2202 6443 -1
2108 6443 1
43 6443 38629/1000000
25 6443 3537/1000000
8177 6444 1
2475 6444 -1
2381 6444 1
44 6444 38629/1000000
26 6444 3537/1000000
6831 6445 1
291 6445 -1
112 6445 1
36 6445 38629/1000000
18 6445 3537/1000000
6977 6446 1
564 6446 -1
385 6446 1
37 6446 38629/1000000
19 6446 3537/1000000
7133 6447 1
837 6447 -1
658 6447 1
38 6447 38629/1000000
20 6447 3537/1000000
7294 6448 1
1110 6448 -1
931 6448 1
39 6448 38629/1000000
21 6448 3537/1000000
7456 6449 1
1383 6449 -1
1204 6449 1
40 6449 38629/1000000
22 6449 3537/1000000
7623 6450 1
1656 6450 -1
1477 6450 1
41 6450 38629/1000000
23 6450 3537/1000000
7808 6451 1
1929 6451 -1
1750 6451 1
42 6451 38629/1000000
24 6451 3537/1000000
7993 6452 1
2202 6452 -1
2023 6452 1
43 6452 38629/1000000
25 6452 3537/1000000
8178 6453 1
2475 6453 -1
2296 6453 1
44 6453 38629/1000000
26 6453 3537/1000000
6978 6454 1
564 6454 -1
494 6454 1
37 6454 38629/1000000
19 6454 3537/1000000
7134 6455 1
837 6455 -1
767 6455 1
38 6455 38629/1000000
20 6455 3537/1000000
7295 6456 1
1110 6456 -1
1040 6456 1
39 6456 38629/1000000
21 6456 3537/1000000
7457 6457 1
1383 6457 -1
1313 6457 1
40 6457 38629/1000000
22 6457 3537/1000000
7624 6458 1
1656 6458 -1
1586 6458 1
41 6458 38629/1000000
23 6458 3537/1000000
7809 6459 1
1929 6459 -1
1859 6459 1
42 6459 38629/1000000
24 6459 3537/1000000
7994 6460 1
2202 6460 -1
2132 6460 1
43 6460 38629/1000000
25 6460 3537/1000000
8179 6461 1
2475 6461 -1
2405 6461 1
44 6461 38629/1000000
26 6461 3537/1000000
6832 6462 1
291 6462 -1
224 6462 1
36 6462 1027/62500
18 6462 15949/1000000
6979 6463 1
564 6463 -1
497 6463 1
37 6463 1027/62500
19 6463 15949/1000000
7135 6464 1
837 6464 -1
770 6464 1
38 6464 1027/62500
20 6464 15949/1000000
7296 6465 1
1110 6465 -1
1043 6465 1
39 6465 1027/62500
21 6465 15949/1000000
7458 6466 1
1383 6466 -1
1316 6466 1
40 6466 1027/62500
22 6466 15949/1000000
7625 6467 1
1656 6467 -1
1589 6467 1
41 6467 1027/62500
23 6467 15949/1000000
7810 6468 1
1929 6468 -1
1862 6468 1
42 6468 1027/62500
24 6468 15949/1000000
7995 6469 1
2202 6469 -1
2135 6469 1
43 6469 1027/62500
25 6469 15949/1000000
8180 6470 1
2475 6470 -1
2408 6470 1
44 6470 1027/62500
26 6470 15949/1000000
6833 6471 1
291 6471 -1
226 6471 1
36 6471 1027/62500
18 6471 15949/1000000
6980 6472 1
564 6472 -1
499 6472 1
37 6472 1027/62500
19 6472 15949/1000000
7136 6473 1
837 6473 -1
772 6473 1
38 6473 1027/62500
20 6473 15949/1000000
7297 6474 1
1110 6474 -1
1045 6474 1
39 6474 1027/62500
21 6474 15949/1000000
7459 6475 1
1383 6475 -1
1318 6475 1
40 6475 1027/62500
22 6475 15949/1000000
7626 6476 1
1656 6476 -1
1591 6476 1
41 6476 1027/62500
23 6476 15949/1000000
7811 6477 1
1929 6477 -1
1864 6477 1
42 6477 1027/62500
24 6477 15949/1000000
7996 6478 1
2202 6478 -1
2137 6478 1
43 6478 1027/62500
25 6478 15949/1000000
8181 6479 1
2475 6479 -1
2410 6479 1
44 6479 1027/62500
26 6479 15949/1000000
6834 6480 1
291 6480 -1
86 6480 1
36 6480 3/5000
18 6480 7001/1000000
6981 6481 1
564 6481 -1
359 6481 1
37 6481 3/5000
19 6481 7001/1000000
7137 6482 1
837 6482 -1
632 6482 1
38 6482 3/5000
20 6482 7001/1000000
7298 6483 1
1110 6483 -1
905 6483 1
39 6483 3/5000
21 6483 7001/1000000
7460 6484 1
1383 6484 -1
1178 6484 1
40 6484 3/5000
22 6484 7001/1000000
7627 6485 1
1656 6485 -1
1451 6485 1
41 6485 3/5000
23 6485 7001/1000000
7812 6486 1
1929 6486 -1
1724 6486 1
42 6486 3/5000
24 6486 7001/1000000
7997 6487 1
2202 6487 -1
1997 6487 1
43 6487 3/5000
25 6487 7001/1000000
8182 6488 1
2475 6488 -1
2270 6488 1
44 6488 3/5000
26 6488 7001/1000000
6835 6489 1
291 6489 -1
214 6489 1
36 6489 3/5000
18 6489 7001/1000000
6982 6490 1
564 6490 -1
487 6490 1
37 6490 3/5000
19 6490 7001/1000000
7138 6491 1
837 6491 -1
760 6491 1
38 6491 3/5000
20 6491 7001/1000000
7299 6492 1
1110 6492 -1
1033 6492 1
39 6492 3/5000
21 6492 7001/1000000
7461 6493 1
1383 6493 -1
1306 6493 1
40 6493 3/5000
22 6493 7001/1000000
7628 6494 1
1656 6494 -1
1579 6494 1
41 6494 3/5000
23 6494 7001/1000000
7998 6495 1
2202 6495 -1
2125 6495 1
43 6495 3/5000
25 6495 7001/1000000
8183 6496 1
2475 6496 -1
2398 6496 1
44 6496 3/5000
26 6496 7001/1000000
6983 6497 1
564 6497 -1
486 6497 1
7139 6498 1
837 6498 -1
759 6498 1
7300 6499 1
1110 6499 -1
1032 6499 1
7462 6500 1
1383 6500 -1
1305 6500 1
7629 6501 1
1656 6501 -1
1578 6501 1
7814 6502 1
1929 6502 -1
1851 6502 1
7999 6503 1
2202 6503 -1
2124 6503 1
8184 6504 1
2475 6504 -1
2397 6504 1
6836 6505 1
291 6505 -1
93 6505 1
36 6505 1749/1000000
18 6505 32241/1000000
6984 6506 1
564 6506 -1
366 6506 1
37 6506 1749/1000000
19 6506 32241/1000000
7140 6507 1
837 6507 -1
639 6507 1
38 6507 1749/1000000
20 6507 32241/1000000
7301 6508 1
1110 6508 -1
912 6508 1
39 6508 1749/1000000
21 6508 32241/1000000
7463 6509 1
1383 6509 -1
1185 6509 1
40 6509 1749/1000000
22 6509 32241/1000000
7630 6510 1
1656 6510 -1
1458 6510 1
41 6510 1749/1000000
23 6510 32241/1000000
7815 6511 1
1929 6511 -1
1731 6511 1
42 6511 1749/1000000
24 6511 32241/1000000
8000 6512 1
2202 6512 -1
2004 6512 1
43 6512 1749/1000000
25 6512 32241/1000000
8185 6513 1
2475 6513 -1
2277 6513 1
44 6513 1749/1000000
26 6513 32241/1000000
6837 6514 1
346 6514 1
291 6514 -1
6985 6515 1
619 6515 1
564 6515 -1
7141 6516 1
892 6516 1
837 6516 -1
7302 6517 1
1165 6517 1
1110 6517 -1
7464 6518 1
1438 6518 1
1383 6518 -1
7631 6519 1
1711 6519 1
1656 6519 -1
7816 6520 1
1984 6520 1
1929 6520 -1
8001 6521 1
2257 6521 1
2202 6521 -1
8186 6522 1
2530 6522 1
2475 6522 -1
8248 6523 -13633/31250
8246 6523 -436387/1000000
8244 6523 -13633/31250
6839 6523 1
251 6523 1
8254 6524 -13633/31250
8252 6524 -436387/1000000
8250 6524 -13633/31250
6987 6524 1
524 6524 1
8260 6525 -13633/31250
8258 6525 -436387/1000000
8256 6525 -13633/31250
7143 6525 1
797 6525 1
8266 6526 -13633/31250
8264 6526 -436387/1000000
8262 6526 -13633/31250
7304 6526 1
1070 6526 1
8272 6527 -13633/31250
8270 6527 -436387/1000000
8268 6527 -13633/31250
7466 6527 1
1343 6527 1
8278 6528 -13633/31250
8276 6528 -436387/1000000
8274 6528 -13633/31250
7633 6528 1
1616 6528 1
8284 6529 -13633/31250
8282 6529 -436387/1000000
8280 6529 -13633/31250
7818 6529 1
1889 6529 1
8290 6530 -13633/31250
8288 6530 -436387/1000000
8286 6530 -13633/31250
8003 6530 1
2162 6530 1
8296 6531 -13633/31250
8294 6531 -436387/1000000
8292 6531 -13633/31250
8188 6531 1
2435 6531 1
7307 6532 1
1085 6532 1
1027 6532 -1533/1000
39 6532 157/1000000
21 6532 36701/1000000
3 6532 1907/25000
8304 6533 -19/1000
8303 6533 -19/1000
8264 6533 -19/8000
8263 6533 -99/25000
8266 6533 -19/8000
8265 6533 -1979/500000
8262 6533 -19/8000
8261 6533 -1979/500000
7308 6533 1
65 6533 -1761/1000
1085 6533 1
39 6533 4161/40000
21 6533 23579/50000
6845 6534 1
56 6534 -373/125
250 6534 1
36 6534 93/625
18 6534 2108/3125
0 6534 96/625
6993 6535 1
59 6535 -1277/500
523 6535 1
37 6535 93/625
19 6535 2108/3125
1 6535 96/625
7639 6536 1
71 6536 -1277/500
1615 6536 1
41 6536 93/625
23 6536 2108/3125
5 6536 96/625
8298 6537 -26/625
8297 6537 -26/625
8246 6537 -13/2500
8245 6537 -8669/1000000
8248 6537 -13/2500
8247 6537 -1733/200000
8244 6537 -13/2500
8243 6537 -1733/200000
6846 6537 1
54 6537 -313/200
250 6537 1
208 6537 -63/125
36 6537 22493/100000
18 6537 583/5000
0 6537 361/10000
8300 6538 -26/625
8299 6538 -26/625
8252 6538 -13/2500
8251 6538 -8669/1000000
8254 6538 -13/2500
8253 6538 -1733/200000
8250 6538 -13/2500
8249 6538 -1733/200000
6994 6538 1
57 6538 -313/200
523 6538 1
481 6538 -63/125
37 6538 22493/100000
19 6538 583/5000
1 6538 361/10000
8302 6539 -26/625
8301 6539 -26/625
8258 6539 -13/2500
8257 6539 -8669/1000000
8260 6539 -13/2500
8259 6539 -1733/200000
8256 6539 -13/2500
8255 6539 -1733/200000
7150 6539 1
60 6539 -313/200
796 6539 1
754 6539 -63/125
38 6539 22493/100000
20 6539 583/5000
2 6539 361/10000
8304 6540 -26/625
8303 6540 -26/625
8264 6540 -13/2500
8263 6540 -8669/1000000
8266 6540 -13/2500
8265 6540 -1733/200000
8262 6540 -13/2500
8261 6540 -1733/200000
7311 6540 1
63 6540 -313/200
1069 6540 1
1027 6540 -63/125
39 6540 22493/100000
21 6540 583/5000
3 6540 361/10000
8306 6541 -26/625
8305 6541 -26/625
8270 6541 -13/2500
8269 6541 -8669/1000000
8272 6541 -13/2500
8271 6541 -1733/200000
8268 6541 -13/2500
8267 6541 -1733/200000
7473 6541 1
66 6541 -313/200
1342 6541 1
1300 6541 -63/125
40 6541 22493/100000
22 6541 583/5000
4 6541 361/10000
8308 6542 -26/625
8307 6542 -26/625
8276 6542 -13/2500
8275 6542 -8669/1000000
8278 6542 -13/2500
8277 6542 -1733/200000
8274 6542 -13/2500
8273 6542 -1733/200000
7640 6542 1
69 6542 -313/200
1615 6542 1
1573 6542 -63/125
41 6542 22493/100000
23 6542 583/5000
5 6542 361/10000
8310 6543 -26/625
8309 6543 -26/625
8282 6543 -13/2500
8281 6543 -8669/1000000
8284 6543 -13/2500
8283 6543 -1733/200000
8280 6543 -13/2500
8279 6543 -1733/200000
7825 6543 1
72 6543 -313/200
1888 6543 1
1846 6543 -63/125
42 6543 22493/100000
24 6543 583/5000
6 6543 361/10000
8312 6544 -26/625
8311 6544 -26/625
8288 6544 -13/2500
8287 6544 -8669/1000000
8290 6544 -13/2500
8289 6544 -1733/200000
8286 6544 -13/2500
8285 6544 -1733/200000
8010 6544 1
75 6544 -313/200
2161 6544 1
2119 6544 -63/125
43 6544 22493/100000
25 6544 583/5000
7 6544 361/10000
8314 6545 -26/625
8313 6545 -26/625
8294 6545 -13/2500
8293 6545 -8669/1000000
8296 6545 -13/2500
8295 6545 -1733/200000
8292 6545 -13/2500
8291 6545 -1733/200000
8195 6545 1
78 6545 -313/200
2434 6545 1
2392 6545 -63/125
44 6545 22493/100000
26 6545 583/5000
8 6545 361/10000
8314 6546 -59/125
8313 6546 -59/125
8294 6546 -59/1000
8293 6546 -19673/200000
8296 6546 -59/1000
8295 6546 -49159/500000
8292 6546 -59/1000
8291 6546 -49159/500000
8196 6546 1
2438 6546 1
2392 6546 -1581/1000
44 6546 3/20000
26 6546 8739/250000
8 6546 449/15625
6851 6547 1
250 6547 -69/1000
249 6547 1
234 6547 -931/1000
6999 6548 1
523 6548 -69/1000
522 6548 1
507 6548 -931/1000
7155 6549 1
796 6549 -69/1000
795 6549 1
780 6549 -931/1000
7316 6550 1
1069 6550 -69/1000
1068 6550 1
1053 6550 -931/1000
7478 6551 1
1342 6551 -69/1000
1341 6551 1
1326 6551 -931/1000
7645 6552 1
1615 6552 -69/1000
1614 6552 1
1599 6552 -931/1000
7830 6553 1
1888 6553 -69/1000
1887 6553 1
1872 6553 -931/1000
8015 6554 1
2161 6554 -69/1000
2160 6554 1
2145 6554 -931/1000
8200 6555 1
2434 6555 -69/1000
2433 6555 1
2418 6555 -931/1000
8266 6556 -554611/1000000
8264 6556 -277389/500000
8262 6556 -554611/1000000
7317 6556 1
1073 6556 1
8272 6557 -554611/1000000
8270 6557 -277389/500000
8268 6557 -554611/1000000
7479 6557 1
1346 6557 1
8278 6558 -554611/1000000
8276 6558 -277389/500000
8274 6558 -554611/1000000
7646 6558 1
1619 6558 1
8290 6559 -554611/1000000
8288 6559 -277389/500000
8286 6559 -554611/1000000
8016 6559 1
2165 6559 1
8296 6560 -554611/1000000
8294 6560 -277389/500000
8292 6560 -554611/1000000
8201 6560 1
2438 6560 1
9749 6561 1
9740 6561 -5/4
6854 6561 1
341 6561 1
339 6561 -5/4
9750 6562 1
9741 6562 -5/4
7002 6562 1
614 6562 1
612 6562 -5/4
9751 6563 1
9742 6563 -5/4
7158 6563 1
887 6563 1
885 6563 -5/4
9752 6564 1
9743 6564 -5/4
7319 6564 1
1160 6564 1
1158 6564 -5/4
9753 6565 1
9744 6565 -5/4
7481 6565 1
1433 6565 1
1431 6565 -5/4
9754 6566 1
9745 6566 -5/4
7648 6566 1
1706 6566 1
1704 6566 -5/4
9755 6567 1
9746 6567 -5/4
7833 6567 1
1979 6567 1
1977 6567 -5/4
9756 6568 1
9747 6568 -5/4
8018 6568 1
2252 6568 1
2250 6568 -5/4
9757 6569 1
9748 6569 -5/4
8203 6569 1
2525 6569 1
2523 6569 -5/4
8298 6570 -1/125
8297 6570 -1/125
8246 6570 -1/1000
8245 6570 -1667/1000000
8248 6570 -1/1000
8247 6570 -833/500000
8244 6570 -1/1000
8243 6570 -833/500000
6856 6570 1
266 6570 -1317/1000
234 6570 1
94 6570 1413/100000
18 6570 559/10000
0 6570 783/50000
8298 6571 -27/25000
8297 6571 -27/25000
8246 6571 -27/200000
8245 6571 -9/40000
8248 6571 -27/200000
8247 6571 -9/40000
8244 6571 -27/200000
8243 6571 -9/40000
6860 6571 1
135 6571 1
134 6571 -1
0 6571 3441/50000
8300 6572 -27/25000
8299 6572 -27/25000
8252 6572 -27/200000
8251 6572 -9/40000
8254 6572 -27/200000
8253 6572 -9/40000
8250 6572 -27/200000
8249 6572 -9/40000
7008 6572 1
408 6572 1
407 6572 -1
1 6572 3441/50000
8302 6573 -27/25000
8301 6573 -27/25000
8258 6573 -27/200000
8257 6573 -9/40000
8260 6573 -27/200000
8259 6573 -9/40000
8256 6573 -27/200000
8255 6573 -9/40000
7164 6573 1
681 6573 1
680 6573 -1
2 6573 3441/50000
8304 6574 -27/25000
8303 6574 -27/25000
8264 6574 -27/200000
8263 6574 -9/40000
8266 6574 -27/200000
8265 6574 -9/40000
8262 6574 -27/200000
8261 6574 -9/40000
7325 6574 1
954 6574 1
953 6574 -1
3 6574 3441/50000
8306 6575 -27/25000
8305 6575 -27/25000
8270 6575 -27/200000
8269 6575 -9/40000
8272 6575 -27/200000
8271 6575 -9/40000
8268 6575 -27/200000
8267 6575 -9/40000
7487 6575 1
1227 6575 1
1226 6575 -1
4 6575 3441/50000
8308 6576 -27/25000
8307 6576 -27/25000
8276 6576 -27/200000
8275 6576 -9/40000
8278 6576 -27/200000
8277 6576 -9/40000
8274 6576 -27/200000
8273 6576 -9/40000
7654 6576 1
1500 6576 1
1499 6576 -1
5 6576 3441/50000
8310 6577 -27/25000
8309 6577 -27/25000
8282 6577 -27/200000
8281 6577 -9/40000
8284 6577 -27/200000
8283 6577 -9/40000
8280 6577 -27/200000
8279 6577 -9/40000
7839 6577 1
1773 6577 1
1772 6577 -1
6 6577 3441/50000
8312 6578 -27/25000
8311 6578 -27/25000
8288 6578 -27/200000
8287 6578 -9/40000
8290 6578 -27/200000
8289 6578 -9/40000
8286 6578 -27/200000
8285 6578 -9/40000
8024 6578 1
2046 6578 1
2045 6578 -1
7 6578 3441/50000
8314 6579 -27/25000
8313 6579 -27/25000
8294 6579 -27/200000
8293 6579 -9/40000
8296 6579 -27/200000
8295 6579 -9/40000
8292 6579 -27/200000
8291 6579 -9/40000
8209 6579 1
2319 6579 1
2318 6579 -1
8 6579 3441/50000
8298 6580 -27/25000
8297 6580 -27/25000
8246 6580 -27/200000
8245 6580 -9/40000
8248 6580 -27/200000
8247 6580 -9/40000
8244 6580 -27/200000
8243 6580 -9/40000
6861 6580 1
115 6580 1
114 6580 -1
0 6580 37/500
8302 6581 -27/25000
8301 6581 -27/25000
8258 6581 -27/200000
8257 6581 -9/40000
8260 6581 -27/200000
8259 6581 -9/40000
8256 6581 -27/200000
8255 6581 -9/40000
7165 6581 1
661 6581 1
660 6581 -1
2 6581 37/500
8306 6582 -27/25000
8305 6582 -27/25000
8270 6582 -27/200000
8269 6582 -9/40000
8272 6582 -27/200000
8271 6582 -9/40000
8268 6582 -27/200000
8267 6582 -9/40000
7488 6582 1
1207 6582 1
1206 6582 -1
4 6582 37/500
8310 6583 -27/25000
8309 6583 -27/25000
8282 6583 -27/200000
8281 6583 -9/40000
8284 6583 -27/200000
8283 6583 -9/40000
8280 6583 -27/200000
8279 6583 -9/40000
7840 6583 1
1753 6583 1
1752 6583 -1
6 6583 37/500
8314 6584 -27/25000
8313 6584 -27/25000
8294 6584 -27/200000
8293 6584 -9/40000
8296 6584 -27/200000
8295 6584 -9/40000
8292 6584 -27/200000
8291 6584 -9/40000
8210 6584 1
2299 6584 1
2298 6584 -1
8 6584 37/500
8304 6585 -27/1000
8303 6585 -27/1000
8264 6585 -27/8000
8263 6585 -5627/1000000
8266 6585 -27/8000
8265 6585 -703/125000
8262 6585 -27/8000
8261 6585 -703/125000
7327 6585 1
1027 6585 -1
920 6585 1
3 6585 2473/50000
8306 6586 -27/1000
8305 6586 -27/1000
8270 6586 -27/8000
8269 6586 -5627/1000000
8272 6586 -27/8000
8271 6586 -703/125000
8268 6586 -27/8000
8267 6586 -703/125000
7489 6586 1
1300 6586 -1
1193 6586 1
4 6586 2473/50000
8310 6587 -27/1000
8309 6587 -27/1000
8282 6587 -27/8000
8281 6587 -5627/1000000
8284 6587 -27/8000
8283 6587 -703/125000
8280 6587 -27/8000
8279 6587 -703/125000
7841 6587 1
1846 6587 -1
1739 6587 1
6 6587 2473/50000
8298 6588 -27/25000
8297 6588 -27/25000
8246 6588 -27/200000
8245 6588 -9/40000
8248 6588 -27/200000
8247 6588 -9/40000
8244 6588 -27/200000
8243 6588 -9/40000
6863 6588 1
185 6588 1
183 6588 -1
0 6588 2473/50000
8300 6589 -27/25000
8299 6589 -27/25000
8252 6589 -27/200000
8251 6589 -9/40000
8254 6589 -27/200000
8253 6589 -9/40000
8250 6589 -27/200000
8249 6589 -9/40000
7012 6589 1
534 6589 -1
528 6589 1
8302 6590 -27/25000
8301 6590 -27/25000
8258 6590 -27/200000
8257 6590 -9/40000
8260 6590 -27/200000
8259 6590 -9/40000
8256 6590 -27/200000
8255 6590 -9/40000
7168 6590 1
807 6590 -1
801 6590 1
8306 6591 -27/25000
8305 6591 -27/25000
8270 6591 -27/200000
8269 6591 -9/40000
8272 6591 -27/200000
8271 6591 -9/40000
8268 6591 -27/200000
8267 6591 -9/40000
7491 6591 1
1353 6591 -1
1347 6591 1
8310 6592 -27/25000
8309 6592 -27/25000
8282 6592 -27/200000
8281 6592 -9/40000
8284 6592 -27/200000
8283 6592 -9/40000
8280 6592 -27/200000
8279 6592 -9/40000
7843 6592 1
1899 6592 -1
1893 6592 1
8312 6593 -27/25000
8311 6593 -27/25000
8288 6593 -27/200000
8287 6593 -9/40000
8290 6593 -27/200000
8289 6593 -9/40000
8286 6593 -27/200000
8285 6593 -9/40000
8028 6593 1
2172 6593 -1
2166 6593 1
8300 6594 -27/25000
8299 6594 -27/25000
8252 6594 -27/200000
8251 6594 -9/40000
8254 6594 -27/200000
8253 6594 -9/40000
8250 6594 -27/200000
8249 6594 -9/40000
7013 6594 1
522 6594 -1
520 6594 1
1 6594 3097/50000
8302 6595 -27/25000
8301 6595 -27/25000
8258 6595 -27/200000
8257 6595 -9/40000
8260 6595 -27/200000
8259 6595 -9/40000
8256 6595 -27/200000
8255 6595 -9/40000
7169 6595 1
795 6595 -1
793 6595 1
2 6595 3097/50000
8304 6596 -27/25000
8303 6596 -27/25000
8264 6596 -27/200000
8263 6596 -9/40000
8266 6596 -27/200000
8265 6596 -9/40000
8262 6596 -27/200000
8261 6596 -9/40000
7330 6596 1
1068 6596 -1
1066 6596 1
3 6596 3097/50000
8306 6597 -27/25000
8305 6597 -27/25000
8270 6597 -27/200000
8269 6597 -9/40000
8272 6597 -27/200000
8271 6597 -9/40000
8268 6597 -27/200000
8267 6597 -9/40000
7492 6597 1
1341 6597 -1
1339 6597 1
4 6597 3097/50000
8308 6598 -27/25000
8307 6598 -27/25000
8276 6598 -27/200000
8275 6598 -9/40000
8278 6598 -27/200000
8277 6598 -9/40000
8274 6598 -27/200000
8273 6598 -9/40000
7659 6598 1
1614 6598 -1
1612 6598 1
5 6598 3097/50000
8310 6599 -27/25000
8309 6599 -27/25000
8282 6599 -27/200000
8281 6599 -9/40000
8284 6599 -27/200000
8283 6599 -9/40000
8280 6599 -27/200000
8279 6599 -9/40000
7844 6599 1
1887 6599 -1
1885 6599 1
6 6599 3097/50000
8312 6600 -27/25000
8311 6600 -27/25000
8288 6600 -27/200000
8287 6600 -9/40000
8290 6600 -27/200000
8289 6600 -9/40000
8286 6600 -27/200000
8285 6600 -9/40000
8029 6600 1
2160 6600 -1
2158 6600 1
7 6600 3097/50000
8314 6601 -27/25000
8313 6601 -27/25000
8294 6601 -27/200000
8293 6601 -9/40000
8296 6601 -27/200000
8295 6601 -9/40000
8292 6601 -27/200000
8291 6601 -9/40000
8214 6601 1
2433 6601 -1
2431 6601 1
8 6601 3097/50000
8312 6602 -27/25000
8311 6602 -27/25000
8288 6602 -27/200000
8287 6602 -9/40000
8290 6602 -27/200000
8289 6602 -9/40000
8286 6602 -27/200000
8285 6602 -9/40000
8030 6602 1
2161 6602 -1
2159 6602 1
8314 6603 -27/25000
8313 6603 -27/25000
8294 6603 -27/200000
8293 6603 -9/40000
8296 6603 -27/200000
8295 6603 -9/40000
8292 6603 -27/200000
8291 6603 -9/40000
8215 6603 1
2434 6603 -1
2432 6603 1
8298 6604 -27/25000
8297 6604 -27/25000
8246 6604 -27/200000
8245 6604 -9/40000
8248 6604 -27/200000
8247 6604 -9/40000
8244 6604 -27/200000
8243 6604 -9/40000
6866 6604 1
136 6604 1
134 6604 -1
0 6604 3441/50000
8300 6605 -27/25000
8299 6605 -27/25000
8252 6605 -27/200000
8251 6605 -9/40000
8254 6605 -27/200000
8253 6605 -9/40000
8250 6605 -27/200000
8249 6605 -9/40000
7015 6605 1
409 6605 1
407 6605 -1
1 6605 3441/50000
8302 6606 -27/25000
8301 6606 -27/25000
8258 6606 -27/200000
8257 6606 -9/40000
8260 6606 -27/200000
8259 6606 -9/40000
8256 6606 -27/200000
8255 6606 -9/40000
7171 6606 1
682 6606 1
680 6606 -1
2 6606 3441/50000
8304 6607 -27/25000
8303 6607 -27/25000
8264 6607 -27/200000
8263 6607 -9/40000
8266 6607 -27/200000
8265 6607 -9/40000
8262 6607 -27/200000
8261 6607 -9/40000
7332 6607 1
955 6607 1
953 6607 -1
3 6607 3441/50000
8306 6608 -27/25000
8305 6608 -27/25000
8270 6608 -27/200000
8269 6608 -9/40000
8272 6608 -27/200000
8271 6608 -9/40000
8268 6608 -27/200000
8267 6608 -9/40000
7494 6608 1
1228 6608 1
1226 6608 -1
4 6608 3441/50000
8308 6609 -27/25000
8307 6609 -27/25000
8276 6609 -27/200000
8275 6609 -9/40000
8278 6609 -27/200000
8277 6609 -9/40000
8274 6609 -27/200000
8273 6609 -9/40000
7661 6609 1
1501 6609 1
1499 6609 -1
5 6609 3441/50000
8310 6610 -27/25000
8309 6610 -27/25000
8282 6610 -27/200000
8281 6610 -9/40000
8284 6610 -27/200000
8283 6610 -9/40000
8280 6610 -27/200000
8279 6610 -9/40000
7846 6610 1
1774 6610 1
1772 6610 -1
6 6610 3441/50000
8312 6611 -27/25000
8311 6611 -27/25000
8288 6611 -27/200000
8287 6611 -9/40000
8290 6611 -27/200000
8289 6611 -9/40000
8286 6611 -27/200000
8285 6611 -9/40000
8031 6611 1
2047 6611 1
2045 6611 -1
7 6611 3441/50000
8298 6612 -27/25000
8297 6612 -27/25000
8246 6612 -27/200000
8245 6612 -9/40000
8248 6612 -27/200000
8247 6612 -9/40000
8244 6612 -27/200000
8243 6612 -9/40000
6867 6612 1
116 6612 1
114 6612 -1
0 6612 37/500
8302 6613 -27/25000
8301 6613 -27/25000
8258 6613 -27/200000
8257 6613 -9/40000
8260 6613 -27/200000
8259 6613 -9/40000
8256 6613 -27/200000
8255 6613 -9/40000
7172 6613 1
662 6613 1
660 6613 -1
2 6613 37/500
8308 6614 -27/25000
8307 6614 -27/25000
8276 6614 -27/200000
8275 6614 -9/40000
8278 6614 -27/200000
8277 6614 -9/40000
8274 6614 -27/200000
8273 6614 -9/40000
7662 6614 1
1481 6614 1
1479 6614 -1
5 6614 37/500
8310 6615 -27/25000
8309 6615 -27/25000
8282 6615 -27/200000
8281 6615 -9/40000
8284 6615 -27/200000
8283 6615 -9/40000
8280 6615 -27/200000
8279 6615 -9/40000
7847 6615 1
1754 6615 1
1752 6615 -1
6 6615 37/500
8312 6616 -27/25000
8311 6616 -27/25000
8288 6616 -27/200000
8287 6616 -9/40000
8290 6616 -27/200000
8289 6616 -9/40000
8286 6616 -27/200000
8285 6616 -9/40000
8032 6616 1
2027 6616 1
2025 6616 -1
7 6616 37/500
8314 6617 -27/25000
8313 6617 -27/25000
8294 6617 -27/200000
8293 6617 -9/40000
8296 6617 -27/200000
8295 6617 -9/40000
8292 6617 -27/200000
8291 6617 -9/40000
8217 6617 1
2300 6617 1
2298 6617 -1
8 6617 37/500
8304 6618 -27/1000
8303 6618 -27/1000
8264 6618 -27/8000
8263 6618 -5627/1000000
8266 6618 -27/8000
8265 6618 -703/125000
8262 6618 -27/8000
8261 6618 -703/125000
7334 6618 1
1027 6618 -1
921 6618 1
3 6618 2473/50000
8314 6619 -27/1000
8313 6619 -27/1000
8294 6619 -27/8000
8293 6619 -5627/1000000
8296 6619 -27/8000
8295 6619 -703/125000
8292 6619 -27/8000
8291 6619 -703/125000
8218 6619 1
2392 6619 -1
2286 6619 1
8 6619 2473/50000
8314 6620 -27/25000
8313 6620 -27/25000
8294 6620 -27/200000
8293 6620 -9/40000
8296 6620 -27/200000
8295 6620 -9/40000
8292 6620 -27/200000
8291 6620 -9/40000
8219 6620 1
2370 6620 1
2367 6620 -1
8 6620 2473/50000
8304 6621 -27/25000
8303 6621 -27/25000
8264 6621 -27/200000
8263 6621 -9/40000
8266 6621 -27/200000
8265 6621 -9/40000
8262 6621 -27/200000
8261 6621 -9/40000
7336 6621 1
1080 6621 -1
1075 6621 1
8308 6622 -27/25000
8307 6622 -27/25000
8276 6622 -27/200000
8275 6622 -9/40000
8278 6622 -27/200000
8277 6622 -9/40000
8274 6622 -27/200000
8273 6622 -9/40000
7665 6622 1
1626 6622 -1
1621 6622 1
8302 6623 -27/25000
8301 6623 -27/25000
8258 6623 -27/200000
8257 6623 -9/40000
8260 6623 -27/200000
8259 6623 -9/40000
8256 6623 -27/200000
8255 6623 -9/40000
7176 6623 1
812 6623 -1
809 6623 1
8304 6624 -27/25000
8303 6624 -27/25000
8264 6624 -27/200000
8263 6624 -9/40000
8266 6624 -27/200000
8265 6624 -9/40000
8262 6624 -27/200000
8261 6624 -9/40000
7337 6624 1
1085 6624 -1
1082 6624 1
8306 6625 -27/25000
8305 6625 -27/25000
8270 6625 -27/200000
8269 6625 -9/40000
8272 6625 -27/200000
8271 6625 -9/40000
8268 6625 -27/200000
8267 6625 -9/40000
7499 6625 1
1358 6625 -1
1355 6625 1
8308 6626 -27/25000
8307 6626 -27/25000
8276 6626 -27/200000
8275 6626 -9/40000
8278 6626 -27/200000
8277 6626 -9/40000
8274 6626 -27/200000
8273 6626 -9/40000
7666 6626 1
1631 6626 -1
1628 6626 1
8310 6627 -27/25000
8309 6627 -27/25000
8282 6627 -27/200000
8281 6627 -9/40000
8284 6627 -27/200000
8283 6627 -9/40000
8280 6627 -27/200000
8279 6627 -9/40000
7851 6627 1
1904 6627 -1
1901 6627 1
8312 6628 -27/25000
8311 6628 -27/25000
8288 6628 -27/200000
8287 6628 -9/40000
8290 6628 -27/200000
8289 6628 -9/40000
8286 6628 -27/200000
8285 6628 -9/40000
8036 6628 1
2177 6628 -1
2174 6628 1
8314 6629 -27/25000
8313 6629 -27/25000
8294 6629 -27/200000
8293 6629 -9/40000
8296 6629 -27/200000
8295 6629 -9/40000
8292 6629 -27/200000
8291 6629 -9/40000
8221 6629 1
2450 6629 -1
2447 6629 1
8302 6630 -27/25000
8301 6630 -27/25000
8258 6630 -27/200000
8257 6630 -9/40000
8260 6630 -27/200000
8259 6630 -9/40000
8256 6630 -27/200000
8255 6630 -9/40000
7177 6630 1
808 6630 -1
804 6630 1
8304 6631 -27/25000
8303 6631 -27/25000
8264 6631 -27/200000
8263 6631 -9/40000
8266 6631 -27/200000
8265 6631 -9/40000
8262 6631 -27/200000
8261 6631 -9/40000
7338 6631 1
1081 6631 -1
1077 6631 1
8306 6632 -27/25000
8305 6632 -27/25000
8270 6632 -27/200000
8269 6632 -9/40000
8272 6632 -27/200000
8271 6632 -9/40000
8268 6632 -27/200000
8267 6632 -9/40000
7500 6632 1
1354 6632 -1
1350 6632 1
8308 6633 -27/25000
8307 6633 -27/25000
8276 6633 -27/200000
8275 6633 -9/40000
8278 6633 -27/200000
8277 6633 -9/40000
8274 6633 -27/200000
8273 6633 -9/40000
7667 6633 1
1627 6633 -1
1623 6633 1
8310 6634 -27/25000
8309 6634 -27/25000
8282 6634 -27/200000
8281 6634 -9/40000
8284 6634 -27/200000
8283 6634 -9/40000
8280 6634 -27/200000
8279 6634 -9/40000
7852 6634 1
1900 6634 -1
1896 6634 1
8312 6635 -27/25000
8311 6635 -27/25000
8288 6635 -27/200000
8287 6635 -9/40000
8290 6635 -27/200000
8289 6635 -9/40000
8286 6635 -27/200000
8285 6635 -9/40000
8037 6635 1
2173 6635 -1
2169 6635 1
8314 6636 -27/25000
8313 6636 -27/25000
8294 6636 -27/200000
8293 6636 -9/40000
8296 6636 -27/200000
8295 6636 -9/40000
8292 6636 -27/200000
8291 6636 -9/40000
8222 6636 1
2446 6636 -1
2442 6636 1
8298 6637 -27/25000
8297 6637 -27/25000
8246 6637 -27/200000
8245 6637 -9/40000
8248 6637 -27/200000
8247 6637 -9/40000
8244 6637 -27/200000
8243 6637 -9/40000
6870 6637 1
137 6637 1
134 6637 -1
0 6637 3441/50000
8300 6638 -27/25000
8299 6638 -27/25000
8252 6638 -27/200000
8251 6638 -9/40000
8254 6638 -27/200000
8253 6638 -9/40000
8250 6638 -27/200000
8249 6638 -9/40000
7021 6638 1
410 6638 1
407 6638 -1
1 6638 3441/50000
8302 6639 -27/25000
8301 6639 -27/25000
8258 6639 -27/200000
8257 6639 -9/40000
8260 6639 -27/200000
8259 6639 -9/40000
8256 6639 -27/200000
8255 6639 -9/40000
7178 6639 1
683 6639 1
680 6639 -1
2 6639 3441/50000
8304 6640 -27/25000
8303 6640 -27/25000
8264 6640 -27/200000
8263 6640 -9/40000
8266 6640 -27/200000
8265 6640 -9/40000
8262 6640 -27/200000
8261 6640 -9/40000
7339 6640 1
956 6640 1
953 6640 -1
3 6640 3441/50000
8306 6641 -27/25000
8305 6641 -27/25000
8270 6641 -27/200000
8269 6641 -9/40000
8272 6641 -27/200000
8271 6641 -9/40000
8268 6641 -27/200000
8267 6641 -9/40000
7501 6641 1
1229 6641 1
1226 6641 -1
4 6641 3441/50000
8308 6642 -27/25000
8307 6642 -27/25000
8276 6642 -27/200000
8275 6642 -9/40000
8278 6642 -27/200000
8277 6642 -9/40000
8274 6642 -27/200000
8273 6642 -9/40000
7668 6642 1
1502 6642 1
1499 6642 -1
5 6642 3441/50000
8310 6643 -27/25000
8309 6643 -27/25000
8282 6643 -27/200000
8281 6643 -9/40000
8284 6643 -27/200000
8283 6643 -9/40000
8280 6643 -27/200000
8279 6643 -9/40000
7853 6643 1
1775 6643 1
1772 6643 -1
6 6643 3441/50000
8312 6644 -27/25000
8311 6644 -27/25000
8288 6644 -27/200000
8287 6644 -9/40000
8290 6644 -27/200000
8289 6644 -9/40000
8286 6644 -27/200000
8285 6644 -9/40000
8038 6644 1
2048 6644 1
2045 6644 -1
7 6644 3441/50000
8314 6645 -27/25000
8313 6645 -27/25000
8294 6645 -27/200000
8293 6645 -9/40000
8296 6645 -27/200000
8295 6645 -9/40000
8292 6645 -27/200000
8291 6645 -9/40000
8223 6645 1
2321 6645 1
2318 6645 -1
8 6645 3441/50000
8298 6646 -27/25000
8297 6646 -27/25000
8246 6646 -27/200000
8245 6646 -9/40000
8248 6646 -27/200000
8247 6646 -9/40000
8244 6646 -27/200000
8243 6646 -9/40000
6871 6646 1
117 6646 1
114 6646 -1
0 6646 37/500
8300 6647 -27/25000
8299 6647 -27/25000
8252 6647 -27/200000
8251 6647 -9/40000
8254 6647 -27/200000
8253 6647 -9/40000
8250 6647 -27/200000
8249 6647 -9/40000
7022 6647 1
390 6647 1
387 6647 -1
1 6647 37/500
8304 6648 -27/25000
8303 6648 -27/25000
8264 6648 -27/200000
8263 6648 -9/40000
8266 6648 -27/200000
8265 6648 -9/40000
8262 6648 -27/200000
8261 6648 -9/40000
7340 6648 1
936 6648 1
933 6648 -1
3 6648 37/500
8306 6649 -27/25000
8305 6649 -27/25000
8270 6649 -27/200000
8269 6649 -9/40000
8272 6649 -27/200000
8271 6649 -9/40000
8268 6649 -27/200000
8267 6649 -9/40000
7502 6649 1
1209 6649 1
1206 6649 -1
4 6649 37/500
8308 6650 -27/25000
8307 6650 -27/25000
8276 6650 -27/200000
8275 6650 -9/40000
8278 6650 -27/200000
8277 6650 -9/40000
8274 6650 -27/200000
8273 6650 -9/40000
7669 6650 1
1482 6650 1
1479 6650 -1
5 6650 37/500
8310 6651 -27/25000
8309 6651 -27/25000
8282 6651 -27/200000
8281 6651 -9/40000
8284 6651 -27/200000
8283 6651 -9/40000
8280 6651 -27/200000
8279 6651 -9/40000
7854 6651 1
1755 6651 1
1752 6651 -1
6 6651 37/500
8312 6652 -27/25000
8311 6652 -27/25000
8288 6652 -27/200000
8287 6652 -9/40000
8290 6652 -27/200000
8289 6652 -9/40000
8286 6652 -27/200000
8285 6652 -9/40000
8039 6652 1
2028 6652 1
2025 6652 -1
7 6652 37/500
8314 6653 -27/25000
8313 6653 -27/25000
8294 6653 -27/200000
8293 6653 -9/40000
8296 6653 -27/200000
8295 6653 -9/40000
8292 6653 -27/200000
8291 6653 -9/40000
8224 6653 1
2301 6653 1
2298 6653 -1
8 6653 37/500
8298 6654 -27/25000
8297 6654 -27/25000
8246 6654 -27/200000
8245 6654 -9/40000
8248 6654 -27/200000
8247 6654 -9/40000
8244 6654 -27/200000
8243 6654 -9/40000
6872 6654 1
187 6654 1
183 6654 -1
0 6654 2473/50000
8302 6655 -27/25000
8301 6655 -27/25000
8258 6655 -27/200000
8257 6655 -9/40000
8260 6655 -27/200000
8259 6655 -9/40000
8256 6655 -27/200000
8255 6655 -9/40000
7180 6655 1
733 6655 1
729 6655 -1
2 6655 2473/50000
8306 6656 -27/25000
8305 6656 -27/25000
8270 6656 -27/200000
8269 6656 -9/40000
8272 6656 -27/200000
8271 6656 -9/40000
8268 6656 -27/200000
8267 6656 -9/40000
7503 6656 1
1279 6656 1
1275 6656 -1
4 6656 2473/50000
8310 6657 -27/25000
8309 6657 -27/25000
8282 6657 -27/200000
8281 6657 -9/40000
8284 6657 -27/200000
8283 6657 -9/40000
8280 6657 -27/200000
8279 6657 -9/40000
7855 6657 1
1825 6657 1
1821 6657 -1
6 6657 2473/50000
8312 6658 -27/25000
8311 6658 -27/25000
8288 6658 -27/200000
8287 6658 -9/40000
8290 6658 -27/200000
8289 6658 -9/40000
8286 6658 -27/200000
8285 6658 -9/40000
8040 6658 1
2098 6658 1
2094 6658 -1
7 6658 2473/50000
8314 6659 -27/25000
8313 6659 -27/25000
8294 6659 -27/200000
8293 6659 -9/40000
8296 6659 -27/200000
8295 6659 -9/40000
8292 6659 -27/200000
8291 6659 -9/40000
8225 6659 1
2371 6659 1
2367 6659 -1
8 6659 2473/50000
8298 6660 -27/1000
8297 6660 -27/1000
8246 6660 -27/8000
8245 6660 -5627/1000000
8248 6660 -27/8000
8247 6660 -703/125000
8244 6660 -27/8000
8243 6660 -703/125000
6873 6660 1
208 6660 -1
103 6660 1
0 6660 2473/50000
8300 6661 -27/1000
8299 6661 -27/1000
8252 6661 -27/8000
8251 6661 -5627/1000000
8254 6661 -27/8000
8253 6661 -703/125000
8250 6661 -27/8000
8249 6661 -703/125000
7024 6661 1
481 6661 -1
376 6661 1
1 6661 2473/50000
8302 6662 -27/1000
8301 6662 -27/1000
8258 6662 -27/8000
8257 6662 -5627/1000000
8260 6662 -27/8000
8259 6662 -703/125000
8256 6662 -27/8000
8255 6662 -703/125000
7181 6662 1
754 6662 -1
649 6662 1
2 6662 2473/50000
8304 6663 -27/1000
8303 6663 -27/1000
8264 6663 -27/8000
8263 6663 -5627/1000000
8266 6663 -27/8000
8265 6663 -703/125000
8262 6663 -27/8000
8261 6663 -703/125000
7342 6663 1
1027 6663 -1
922 6663 1
3 6663 2473/50000
8306 6664 -27/1000
8305 6664 -27/1000
8270 6664 -27/8000
8269 6664 -5627/1000000
8272 6664 -27/8000
8271 6664 -703/125000
8268 6664 -27/8000
8267 6664 -703/125000
7504 6664 1
1300 6664 -1
1195 6664 1
4 6664 2473/50000
8308 6665 -27/1000
8307 6665 -27/1000
8276 6665 -27/8000
8275 6665 -5627/1000000
8278 6665 -27/8000
8277 6665 -703/125000
8274 6665 -27/8000
8273 6665 -703/125000
7671 6665 1
1573 6665 -1
1468 6665 1
5 6665 2473/50000
8310 6666 -27/1000
8309 6666 -27/1000
8282 6666 -27/8000
8281 6666 -5627/1000000
8284 6666 -27/8000
8283 6666 -703/125000
8280 6666 -27/8000
8279 6666 -703/125000
7856 6666 1
1846 6666 -1
1741 6666 1
6 6666 2473/50000
8312 6667 -27/1000
8311 6667 -27/1000
8288 6667 -27/8000
8287 6667 -5627/1000000
8290 6667 -27/8000
8289 6667 -703/125000
8286 6667 -27/8000
8285 6667 -703/125000
8041 6667 1
2119 6667 -1
2014 6667 1
7 6667 2473/50000
8314 6668 -27/1000
8313 6668 -27/1000
8294 6668 -27/8000
8293 6668 -5627/1000000
8296 6668 -27/8000
8295 6668 -703/125000
8292 6668 -27/8000
8291 6668 -703/125000
8226 6668 1
2392 6668 -1
2287 6668 1
8 6668 2473/50000
8300 6669 -27/25000
8299 6669 -27/25000
8252 6669 -27/200000
8251 6669 -9/40000
8254 6669 -27/200000
8253 6669 -9/40000
8250 6669 -27/200000
8249 6669 -9/40000
7025 6669 1
539 6669 -1
537 6669 1
8302 6670 -27/25000
8301 6670 -27/25000
8258 6670 -27/200000
8257 6670 -9/40000
8260 6670 -27/200000
8259 6670 -9/40000
8256 6670 -27/200000
8255 6670 -9/40000
7182 6670 1
812 6670 -1
810 6670 1
8304 6671 -27/25000
8303 6671 -27/25000
8264 6671 -27/200000
8263 6671 -9/40000
8266 6671 -27/200000
8265 6671 -9/40000
8262 6671 -27/200000
8261 6671 -9/40000
7343 6671 1
1085 6671 -1
1083 6671 1
8306 6672 -27/25000
8305 6672 -27/25000
8270 6672 -27/200000
8269 6672 -9/40000
8272 6672 -27/200000
8271 6672 -9/40000
8268 6672 -27/200000
8267 6672 -9/40000
7505 6672 1
1358 6672 -1
1356 6672 1
8314 6673 -27/25000
8313 6673 -27/25000
8294 6673 -27/200000
8293 6673 -9/40000
8296 6673 -27/200000
8295 6673 -9/40000
8292 6673 -27/200000
8291 6673 -9/40000
8227 6673 1
2450 6673 -1
2448 6673 1
8302 6674 -27/25000
8301 6674 -27/25000
8258 6674 -27/200000
8257 6674 -9/40000
8260 6674 -27/200000
8259 6674 -9/40000
8256 6674 -27/200000
8255 6674 -9/40000
7183 6674 1
808 6674 -1
805 6674 1
8304 6675 -27/25000
8303 6675 -27/25000
8264 6675 -27/200000
8263 6675 -9/40000
8266 6675 -27/200000
8265 6675 -9/40000
8262 6675 -27/200000
8261 6675 -9/40000
7344 6675 1
1081 6675 -1
1078 6675 1
8306 6676 -27/25000
8305 6676 -27/25000
8270 6676 -27/200000
8269 6676 -9/40000
8272 6676 -27/200000
8271 6676 -9/40000
8268 6676 -27/200000
8267 6676 -9/40000
7506 6676 1
1354 6676 -1
1351 6676 1
8308 6677 -27/25000
8307 6677 -27/25000
8276 6677 -27/200000
8275 6677 -9/40000
8278 6677 -27/200000
8277 6677 -9/40000
8274 6677 -27/200000
8273 6677 -9/40000
7673 6677 1
1627 6677 -1
1624 6677 1
8310 6678 -27/25000
8309 6678 -27/25000
8282 6678 -27/200000
8281 6678 -9/40000
8284 6678 -27/200000
8283 6678 -9/40000
8280 6678 -27/200000
8279 6678 -9/40000
7858 6678 1
1900 6678 -1
1897 6678 1
8312 6679 -27/25000
8311 6679 -27/25000
8288 6679 -27/200000
8287 6679 -9/40000
8290 6679 -27/200000
8289 6679 -9/40000
8286 6679 -27/200000
8285 6679 -9/40000
8043 6679 1
2173 6679 -1
2170 6679 1
8314 6680 -27/25000
8313 6680 -27/25000
8294 6680 -27/200000
8293 6680 -9/40000
8296 6680 -27/200000
8295 6680 -9/40000
8292 6680 -27/200000
8291 6680 -9/40000
8228 6680 1
2446 6680 -1
2443 6680 1
8298 6681 -27/25000
8297 6681 -27/25000
8246 6681 -27/200000
8245 6681 -9/40000
8248 6681 -27/200000
8247 6681 -9/40000
8244 6681 -27/200000
8243 6681 -9/40000
6874 6681 1
118 6681 1
114 6681 -1
0 6681 37/500
8300 6682 -27/25000
8299 6682 -27/25000
8252 6682 -27/200000
8251 6682 -9/40000
8254 6682 -27/200000
8253 6682 -9/40000
8250 6682 -27/200000
8249 6682 -9/40000
7026 6682 1
391 6682 1
387 6682 -1
1 6682 37/500
8302 6683 -27/25000
8301 6683 -27/25000
8258 6683 -27/200000
8257 6683 -9/40000
8260 6683 -27/200000
8259 6683 -9/40000
8256 6683 -27/200000
8255 6683 -9/40000
7184 6683 1
664 6683 1
660 6683 -1
2 6683 37/500
8304 6684 -27/25000
8303 6684 -27/25000
8264 6684 -27/200000
8263 6684 -9/40000
8266 6684 -27/200000
8265 6684 -9/40000
8262 6684 -27/200000
8261 6684 -9/40000
7345 6684 1
937 6684 1
933 6684 -1
3 6684 37/500
8306 6685 -27/25000
8305 6685 -27/25000
8270 6685 -27/200000
8269 6685 -9/40000
8272 6685 -27/200000
8271 6685 -9/40000
8268 6685 -27/200000
8267 6685 -9/40000
7507 6685 1
1210 6685 1
1206 6685 -1
4 6685 37/500
8308 6686 -27/25000
8307 6686 -27/25000
8276 6686 -27/200000
8275 6686 -9/40000
8278 6686 -27/200000
8277 6686 -9/40000
8274 6686 -27/200000
8273 6686 -9/40000
7674 6686 1
1483 6686 1
1479 6686 -1
5 6686 37/500
8310 6687 -27/25000
8309 6687 -27/25000
8282 6687 -27/200000
8281 6687 -9/40000
8284 6687 -27/200000
8283 6687 -9/40000
8280 6687 -27/200000
8279 6687 -9/40000
7859 6687 1
1756 6687 1
1752 6687 -1
6 6687 37/500
8312 6688 -27/25000
8311 6688 -27/25000
8288 6688 -27/200000
8287 6688 -9/40000
8290 6688 -27/200000
8289 6688 -9/40000
8286 6688 -27/200000
8285 6688 -9/40000
8044 6688 1
2029 6688 1
2025 6688 -1
7 6688 37/500
8314 6689 -27/25000
8313 6689 -27/25000
8294 6689 -27/200000
8293 6689 -9/40000
8296 6689 -27/200000
8295 6689 -9/40000
8292 6689 -27/200000
8291 6689 -9/40000
8229 6689 1
2302 6689 1
2298 6689 -1
8 6689 37/500
8304 6690 -27/25000
8303 6690 -27/25000
8264 6690 -27/200000
8263 6690 -9/40000
8266 6690 -27/200000
8265 6690 -9/40000
8262 6690 -27/200000
8261 6690 -9/40000
7346 6690 1
1007 6690 1
1002 6690 -1
3 6690 2473/50000
8306 6691 -27/25000
8305 6691 -27/25000
8270 6691 -27/200000
8269 6691 -9/40000
8272 6691 -27/200000
8271 6691 -9/40000
8268 6691 -27/200000
8267 6691 -9/40000
7508 6691 1
1280 6691 1
1275 6691 -1
4 6691 2473/50000
8308 6692 -27/25000
8307 6692 -27/25000
8276 6692 -27/200000
8275 6692 -9/40000
8278 6692 -27/200000
8277 6692 -9/40000
8274 6692 -27/200000
8273 6692 -9/40000
7675 6692 1
1553 6692 1
1548 6692 -1
5 6692 2473/50000
8310 6693 -27/25000
8309 6693 -27/25000
8282 6693 -27/200000
8281 6693 -9/40000
8284 6693 -27/200000
8283 6693 -9/40000
8280 6693 -27/200000
8279 6693 -9/40000
7860 6693 1
1826 6693 1
1821 6693 -1
6 6693 2473/50000
8312 6694 -27/25000
8311 6694 -27/25000
8288 6694 -27/200000
8287 6694 -9/40000
8290 6694 -27/200000
8289 6694 -9/40000
8286 6694 -27/200000
8285 6694 -9/40000
8045 6694 1
2099 6694 1
2094 6694 -1
7 6694 2473/50000
8300 6695 -27/25000
8299 6695 -27/25000
8252 6695 -27/200000
8251 6695 -9/40000
8254 6695 -27/200000
8253 6695 -9/40000
8250 6695 -27/200000
8249 6695 -9/40000
7028 6695 1
534 6695 -1
530 6695 1
8302 6696 -27/25000
8301 6696 -27/25000
8258 6696 -27/200000
8257 6696 -9/40000
8260 6696 -27/200000
8259 6696 -9/40000
8256 6696 -27/200000
8255 6696 -9/40000
7186 6696 1
807 6696 -1
803 6696 1
8304 6697 -27/25000
8303 6697 -27/25000
8264 6697 -27/200000
8263 6697 -9/40000
8266 6697 -27/200000
8265 6697 -9/40000
8262 6697 -27/200000
8261 6697 -9/40000
7347 6697 1
1080 6697 -1
1076 6697 1
8306 6698 -27/25000
8305 6698 -27/25000
8270 6698 -27/200000
8269 6698 -9/40000
8272 6698 -27/200000
8271 6698 -9/40000
8268 6698 -27/200000
8267 6698 -9/40000
7509 6698 1
1353 6698 -1
1349 6698 1
8308 6699 -27/25000
8307 6699 -27/25000
8276 6699 -27/200000
8275 6699 -9/40000
8278 6699 -27/200000
8277 6699 -9/40000
8274 6699 -27/200000
8273 6699 -9/40000
7676 6699 1
1626 6699 -1
1622 6699 1
8310 6700 -27/25000
8309 6700 -27/25000
8282 6700 -27/200000
8281 6700 -9/40000
8284 6700 -27/200000
8283 6700 -9/40000
8280 6700 -27/200000
8279 6700 -9/40000
7861 6700 1
1899 6700 -1
1895 6700 1
8312 6701 -27/25000
8311 6701 -27/25000
8288 6701 -27/200000
8287 6701 -9/40000
8290 6701 -27/200000
8289 6701 -9/40000
8286 6701 -27/200000
8285 6701 -9/40000
8046 6701 1
2172 6701 -1
2168 6701 1
8314 6702 -27/25000
8313 6702 -27/25000
8294 6702 -27/200000
8293 6702 -9/40000
8296 6702 -27/200000
8295 6702 -9/40000
8292 6702 -27/200000
8291 6702 -9/40000
8231 6702 1
2445 6702 -1
2441 6702 1
8302 6703 -27/25000
8301 6703 -27/25000
8258 6703 -27/200000
8257 6703 -9/40000
8260 6703 -27/200000
8259 6703 -9/40000
8256 6703 -27/200000
8255 6703 -9/40000
7187 6703 1
808 6703 -1
806 6703 1
8304 6704 -27/25000
8303 6704 -27/25000
8264 6704 -27/200000
8263 6704 -9/40000
8266 6704 -27/200000
8265 6704 -9/40000
8262 6704 -27/200000
8261 6704 -9/40000
7348 6704 1
1081 6704 -1
1079 6704 1
8306 6705 -27/25000
8305 6705 -27/25000
8270 6705 -27/200000
8269 6705 -9/40000
8272 6705 -27/200000
8271 6705 -9/40000
8268 6705 -27/200000
8267 6705 -9/40000
7510 6705 1
1354 6705 -1
1352 6705 1
8308 6706 -27/25000
8307 6706 -27/25000
8276 6706 -27/200000
8275 6706 -9/40000
8278 6706 -27/200000
8277 6706 -9/40000
8274 6706 -27/200000
8273 6706 -9/40000
7677 6706 1
1627 6706 -1
1625 6706 1
8310 6707 -27/25000
8309 6707 -27/25000
8282 6707 -27/200000
8281 6707 -9/40000
8284 6707 -27/200000
8283 6707 -9/40000
8280 6707 -27/200000
8279 6707 -9/40000
7862 6707 1
1900 6707 -1
1898 6707 1
8312 6708 -27/25000
8311 6708 -27/25000
8288 6708 -27/200000
8287 6708 -9/40000
8290 6708 -27/200000
8289 6708 -9/40000
8286 6708 -27/200000
8285 6708 -9/40000
8047 6708 1
2173 6708 -1
2171 6708 1
8314 6709 -27/25000
8313 6709 -27/25000
8294 6709 -27/200000
8293 6709 -9/40000
8296 6709 -27/200000
8295 6709 -9/40000
8292 6709 -27/200000
8291 6709 -9/40000
8232 6709 1
2446 6709 -1
2444 6709 1
8300 6710 -27/25000
8299 6710 -27/25000
8252 6710 -27/200000
8251 6710 -9/40000
8254 6710 -27/200000
8253 6710 -9/40000
8250 6710 -27/200000
8249 6710 -9/40000
7029 6710 1
484 6710 1
456 6710 -73/100
387 6710 -27/100
1 6710 5609/100000
8302 6711 -27/25000
8301 6711 -27/25000
8258 6711 -27/200000
8257 6711 -9/40000
8260 6711 -27/200000
8259 6711 -9/40000
8256 6711 -27/200000
8255 6711 -9/40000
7188 6711 1
757 6711 1
729 6711 -73/100
660 6711 -27/100
2 6711 5609/100000
8304 6712 -27/25000
8303 6712 -27/25000
8264 6712 -27/200000
8263 6712 -9/40000
8266 6712 -27/200000
8265 6712 -9/40000
8262 6712 -27/200000
8261 6712 -9/40000
7349 6712 1
1030 6712 1
1002 6712 -73/100
933 6712 -27/100
3 6712 5609/100000
8306 6713 -27/25000
8305 6713 -27/25000
8270 6713 -27/200000
8269 6713 -9/40000
8272 6713 -27/200000
8271 6713 -9/40000
8268 6713 -27/200000
8267 6713 -9/40000
7511 6713 1
1303 6713 1
1275 6713 -73/100
1206 6713 -27/100
4 6713 5609/100000
8308 6714 -27/25000
8307 6714 -27/25000
8276 6714 -27/200000
8275 6714 -9/40000
8278 6714 -27/200000
8277 6714 -9/40000
8274 6714 -27/200000
8273 6714 -9/40000
7678 6714 1
1576 6714 1
1548 6714 -73/100
1479 6714 -27/100
5 6714 5609/100000
8310 6715 -27/25000
8309 6715 -27/25000
8282 6715 -27/200000
8281 6715 -9/40000
8284 6715 -27/200000
8283 6715 -9/40000
8280 6715 -27/200000
8279 6715 -9/40000
7863 6715 1
1849 6715 1
1821 6715 -73/100
1752 6715 -27/100
6 6715 5609/100000
8312 6716 -27/25000
8311 6716 -27/25000
8288 6716 -27/200000
8287 6716 -9/40000
8290 6716 -27/200000
8289 6716 -9/40000
8286 6716 -27/200000
8285 6716 -9/40000
8048 6716 1
2122 6716 1
2094 6716 -73/100
2025 6716 -27/100
7 6716 5609/100000
8314 6717 -27/25000
8313 6717 -27/25000
8294 6717 -27/200000
8293 6717 -9/40000
8296 6717 -27/200000
8295 6717 -9/40000
8292 6717 -27/200000
8291 6717 -9/40000
8233 6717 1
2395 6717 1
2367 6717 -73/100
2298 6717 -27/100
8 6717 5609/100000
8300 6718 -27/25000
8299 6718 -27/25000
8252 6718 -27/200000
8251 6718 -9/40000
8254 6718 -27/200000
8253 6718 -9/40000
8250 6718 -27/200000
8249 6718 -9/40000
7030 6718 1
539 6718 -1
538 6718 1
8302 6719 -27/25000
8301 6719 -27/25000
8258 6719 -27/200000
8257 6719 -9/40000
8260 6719 -27/200000
8259 6719 -9/40000
8256 6719 -27/200000
8255 6719 -9/40000
7189 6719 1
812 6719 -1
811 6719 1
8304 6720 -27/25000
8303 6720 -27/25000
8264 6720 -27/200000
8263 6720 -9/40000
8266 6720 -27/200000
8265 6720 -9/40000
8262 6720 -27/200000
8261 6720 -9/40000
7350 6720 1
1085 6720 -1
1084 6720 1
8306 6721 -27/25000
8305 6721 -27/25000
8270 6721 -27/200000
8269 6721 -9/40000
8272 6721 -27/200000
8271 6721 -9/40000
8268 6721 -27/200000
8267 6721 -9/40000
7512 6721 1
1358 6721 -1
1357 6721 1
8308 6722 -27/25000
8307 6722 -27/25000
8276 6722 -27/200000
8275 6722 -9/40000
8278 6722 -27/200000
8277 6722 -9/40000
8274 6722 -27/200000
8273 6722 -9/40000
7679 6722 1
1631 6722 -1
1630 6722 1
8310 6723 -27/25000
8309 6723 -27/25000
8282 6723 -27/200000
8281 6723 -9/40000
8284 6723 -27/200000
8283 6723 -9/40000
8280 6723 -27/200000
8279 6723 -9/40000
7864 6723 1
1904 6723 -1
1903 6723 1
8312 6724 -27/25000
8311 6724 -27/25000
8288 6724 -27/200000
8287 6724 -9/40000
8290 6724 -27/200000
8289 6724 -9/40000
8286 6724 -27/200000
8285 6724 -9/40000
8049 6724 1
2177 6724 -1
2176 6724 1
8314 6725 -27/25000
8313 6725 -27/25000
8294 6725 -27/200000
8293 6725 -9/40000
8296 6725 -27/200000
8295 6725 -9/40000
8292 6725 -27/200000
8291 6725 -9/40000
8234 6725 1
2450 6725 -1
2449 6725 1
8298 6726 -1437/100
8297 6726 -1437/100
8246 6726 -1437/800
8245 6726 -748677/250000
8248 6726 -1437/800
8247 6726 -2993271/1000000
8244 6726 -1437/800
8243 6726 -2993271/1000000
6877 6726 1
350 6726 1
348 6726 -3/2
300 6726 853/10000
8300 6727 -1437/100
8299 6727 -1437/100
8252 6727 -1437/800
8251 6727 -748677/250000
8254 6727 -1437/800
8253 6727 -2993271/1000000
8250 6727 -1437/800
8249 6727 -2993271/1000000
7031 6727 1
623 6727 1
621 6727 -3/2
573 6727 853/10000
8302 6728 -1437/100
8301 6728 -1437/100
8258 6728 -1437/800
8257 6728 -748677/250000
8260 6728 -1437/800
8259 6728 -2993271/1000000
8256 6728 -1437/800
8255 6728 -2993271/1000000
7190 6728 1
896 6728 1
894 6728 -3/2
846 6728 853/10000
8304 6729 -1437/100
8303 6729 -1437/100
8264 6729 -1437/800
8263 6729 -748677/250000
8266 6729 -1437/800
8265 6729 -2993271/1000000
8262 6729 -1437/800
8261 6729 -2993271/1000000
7351 6729 1
1169 6729 1
1167 6729 -3/2
1119 6729 853/10000
8306 6730 -1437/100
8305 6730 -1437/100
8270 6730 -1437/800
8269 6730 -748677/250000
8272 6730 -1437/800
8271 6730 -2993271/1000000
8268 6730 -1437/800
8267 6730 -2993271/1000000
7513 6730 1
1442 6730 1
1440 6730 -3/2
1392 6730 853/10000
8308 6731 -1437/100
8307 6731 -1437/100
8276 6731 -1437/800
8275 6731 -748677/250000
8278 6731 -1437/800
8277 6731 -2993271/1000000
8274 6731 -1437/800
8273 6731 -2993271/1000000
7680 6731 1
1715 6731 1
1713 6731 -3/2
1665 6731 853/10000
8310 6732 -1437/100
8309 6732 -1437/100
8282 6732 -1437/800
8281 6732 -748677/250000
8284 6732 -1437/800
8283 6732 -2993271/1000000
8280 6732 -1437/800
8279 6732 -2993271/1000000
7865 6732 1
1988 6732 1
1986 6732 -3/2
1938 6732 853/10000
8312 6733 -1437/100
8311 6733 -1437/100
8288 6733 -1437/800
8287 6733 -748677/250000
8290 6733 -1437/800
8289 6733 -2993271/1000000
8286 6733 -1437/800
8285 6733 -2993271/1000000
8050 6733 1
2261 6733 1
2259 6733 -3/2
2211 6733 853/10000
8314 6734 -1437/100
8313 6734 -1437/100
8294 6734 -1437/800
8293 6734 -748677/250000
8296 6734 -1437/800
8295 6734 -2993271/1000000
8292 6734 -1437/800
8291 6734 -2993271/1000000
8235 6734 1
2534 6734 1
2532 6734 -3/2
2484 6734 853/10000
9812 6735 141/200
6878 6735 1
349 6735 -7/5
348 6735 1
347 6735 141/200
208 6735 -3/2
36 6735 387/1000000
18 6735 90249/1000000
0 6735 7419/100000
9813 6736 141/200
7032 6736 1
622 6736 -7/5
621 6736 1
620 6736 141/200
481 6736 -3/2
37 6736 387/1000000
19 6736 90249/1000000
1 6736 7419/100000
9814 6737 141/200
7191 6737 1
895 6737 -7/5
894 6737 1
893 6737 141/200
754 6737 -3/2
38 6737 387/1000000
20 6737 90249/1000000
2 6737 7419/100000
9815 6738 141/200
7352 6738 1
1168 6738 -7/5
1167 6738 1
1166 6738 141/200
1027 6738 -3/2
39 6738 387/1000000
21 6738 90249/1000000
3 6738 7419/100000
9816 6739 141/200
7514 6739 1
1441 6739 -7/5
1440 6739 1
1439 6739 141/200
1300 6739 -3/2
40 6739 387/1000000
22 6739 90249/1000000
4 6739 7419/100000
9817 6740 141/200
7681 6740 1
1714 6740 -7/5
1713 6740 1
1712 6740 141/200
1573 6740 -3/2
41 6740 387/1000000
23 6740 90249/1000000
5 6740 7419/100000
9818 6741 141/200
7866 6741 1
1987 6741 -7/5
1986 6741 1
1985 6741 141/200
1846 6741 -3/2
42 6741 387/1000000
24 6741 90249/1000000
6 6741 7419/100000
9819 6742 141/200
8051 6742 1
2260 6742 -7/5
2259 6742 1
2258 6742 141/200
2119 6742 -3/2
43 6742 387/1000000
25 6742 90249/1000000
7 6742 7419/100000
9820 6743 141/200
8236 6743 1
2533 6743 -7/5
2532 6743 1
2531 6743 141/200
2392 6743 -3/2
44 6743 387/1000000
26 6743 90249/1000000
8 6743 7419/100000
7033 6744 1
624 6744 1
623 6744 -1
465 6744 -441/500
37 6744 200263/500000
19 6744 13913/250000
1 6744 13759/500000
7192 6745 1
897 6745 1
896 6745 -1
738 6745 -441/500
38 6745 200263/500000
20 6745 13913/250000
2 6745 13759/500000
7353 6746 1
1170 6746 1
1169 6746 -1
1011 6746 -441/500
39 6746 200263/500000
21 6746 13913/250000
3 6746 13759/500000
7515 6747 1
1443 6747 1
1442 6747 -1
1284 6747 -441/500
40 6747 200263/500000
22 6747 13913/250000
4 6747 13759/500000
7682 6748 1
1716 6748 1
1715 6748 -1
1557 6748 -441/500
41 6748 200263/500000
23 6748 13913/250000
5 6748 13759/500000
7867 6749 1
1989 6749 1
1988 6749 -1
1830 6749 -441/500
42 6749 200263/500000
24 6749 13913/250000
6 6749 13759/500000
8052 6750 1
2262 6750 1
2261 6750 -1
2103 6750 -441/500
43 6750 200263/500000
25 6750 13913/250000
7 6750 13759/500000
8237 6751 1
2535 6751 1
2534 6751 -1
2376 6751 -441/500
44 6751 200263/500000
26 6751 13913/250000
8 6751 13759/500000
6880 6752 1
351 6752 1
350 6752 -1
193 6752 -441/500
36 6752 480631/1000000
18 6752 41739/500000
0 6752 20639/500000
8298 6753 -6793/5000
8297 6753 -6793/5000
8246 6753 -6793/40000
8245 6753 -70783/250000
8248 6753 -6793/40000
8247 6753 -70749/250000
8244 6753 -6793/40000
8243 6753 -70749/250000
6884 6753 1
352 6753 -1
349 6753 11/100
290 6753 -6793/5000
289 6753 3/50
208 6753 -9/20
114 6753 -9/20
36 6753 8833/500000
18 6753 135231/1000000
0 6753 55557/1000000
8300 6754 -1447167/1000000
8299 6754 -1447167/1000000
8252 6754 -5653/31250
8251 6754 -30159/100000
8254 6754 -5653/31250
8253 6754 -60289/200000
8250 6754 -5653/31250
8249 6754 -60289/200000
7038 6754 1
625 6754 -1
622 6754 11/100
563 6754 -1447167/1000000
562 6754 3/50
481 6754 -12/25
387 6754 -12/25
37 6754 4711/250000
19 6754 144247/1000000
1 6754 59261/1000000
8302 6755 -1535733/1000000
8301 6755 -1535733/1000000
8258 6755 -191967/1000000
8257 6755 -320047/1000000
8260 6755 -191967/1000000
8259 6755 -319893/1000000
8256 6755 -191967/1000000
8255 6755 -319893/1000000
7197 6755 1
898 6755 -1
895 6755 11/100
836 6755 -1535733/1000000
835 6755 3/50
754 6755 -51/100
660 6755 -51/100
38 6755 20021/1000000
20 6755 76631/500000
2 6755 15741/250000
8304 6756 -16243/10000
8303 6756 -16243/10000
8264 6756 -101519/500000
8263 6756 -42313/125000
8266 6756 -101519/500000
8265 6756 -169171/500000
8262 6756 -101519/500000
8261 6756 -169171/500000
7358 6756 1
1171 6756 -1
1168 6756 11/100
1109 6756 -16243/10000
1108 6756 3/50
1027 6756 -27/50
933 6756 -27/50
39 6756 21199/1000000
21 6756 81139/500000
3 6756 16667/250000
8306 6757 -1712867/1000000
8305 6757 -1712867/1000000
8270 6757 -53527/250000
8269 6757 -356961/1000000
8272 6757 -53527/250000
8271 6757 -35679/100000
8268 6757 -53527/250000
8267 6757 -35679/100000
7520 6757 1
1444 6757 -1
1441 6757 11/100
1382 6757 -1712867/1000000
1381 6757 3/50
1300 6757 -57/100
1206 6757 -57/100
40 6757 22377/1000000
22 6757 171293/1000000
4 6757 17593/250000
8308 6758 -1801433/1000000
8307 6758 -1801433/1000000
8276 6758 -225179/1000000
8275 6758 -375419/1000000
8278 6758 -225179/1000000
8277 6758 -375239/1000000
8274 6758 -225179/1000000
8273 6758 -375239/1000000
7687 6758 1
1717 6758 -1
1714 6758 11/100
1655 6758 -1801433/1000000
1654 6758 3/50
1573 6758 -3/5
1479 6758 -3/5
41 6758 11777/500000
23 6758 180309/1000000
5 6758 2963/40000
8310 6759 -189/100
8309 6759 -189/100
8282 6759 -189/800
8281 6759 -98469/250000
8284 6759 -189/800
8283 6759 -393687/1000000
8280 6759 -189/800
8279 6759 -393687/1000000
7872 6759 1
1990 6759 -1
1987 6759 11/100
1928 6759 -189/100
1927 6759 3/50
1846 6759 -63/100
1752 6759 -63/100
42 6759 6183/250000
24 6759 47331/250000
6 6759 77779/1000000
8312 6760 -189/100
8311 6760 -189/100
8288 6760 -189/800
8287 6760 -98469/250000
8290 6760 -189/800
8289 6760 -393687/1000000
8286 6760 -189/800
8285 6760 -393687/1000000
8057 6760 1
2263 6760 -1
2260 6760 11/100
2201 6760 -189/100
2200 6760 3/50
2119 6760 -63/100
2025 6760 -63/100
43 6760 6183/250000
25 6760 47331/250000
7 6760 77779/1000000
8314 6761 -189/100
8313 6761 -189/100
8294 6761 -189/800
8293 6761 -98469/250000
8296 6761 -189/800
8295 6761 -393687/1000000
8292 6761 -189/800
8291 6761 -393687/1000000
8242 6761 1
2536 6761 -1
2533 6761 11/100
2474 6761 -189/100
2473 6761 3/50
2392 6761 -63/100
2298 6761 -63/100
44 6761 6183/250000
26 6761 47331/250000
8 6761 77779/1000000
8416 6762 -8408759/1000000
8391 6762 -4205641/500000
8366 6762 -8408759/1000000
8300 6762 205931/10000
8299 6762 205931/10000
2777 6762 1
8493 6763 -8408759/1000000
8467 6763 -4205641/500000
8441 6763 -8408759/1000000
8302 6763 205931/10000
8301 6763 205931/10000
3039 6763 1
8575 6764 -8408759/1000000
8547 6764 -4205641/500000
8519 6764 -8408759/1000000
8304 6764 205931/10000
8303 6764 205931/10000
3307 6764 1
8661 6765 -8408759/1000000
8632 6765 -4205641/500000
8603 6765 -8408759/1000000
8306 6765 205931/10000
8305 6765 205931/10000
3579 6765 1
8748 6766 -8408759/1000000
8719 6766 -4205641/500000
8690 6766 -8408759/1000000
8308 6766 205931/10000
8307 6766 205931/10000
3853 6766 1
8835 6767 -8408759/1000000
8806 6767 -4205641/500000
8777 6767 -8408759/1000000
8310 6767 205931/10000
8309 6767 205931/10000
4132 6767 1
8922 6768 -8408759/1000000
8893 6768 -4205641/500000
8864 6768 -8408759/1000000
8312 6768 205931/10000
8311 6768 205931/10000
4429 6768 1
9009 6769 -8408759/1000000
8980 6769 -4205641/500000
8951 6769 -8408759/1000000
8314 6769 205931/10000
8313 6769 205931/10000
4726 6769 1
8417 6770 -6306569/1000000
8392 6770 -6308461/1000000
8367 6770 -6306569/1000000
8300 6770 205931/10000
8299 6770 205931/10000
2778 6770 1
8576 6771 -6306569/1000000
8548 6771 -6308461/1000000
8520 6771 -6306569/1000000
8304 6771 205931/10000
8303 6771 205931/10000
3308 6771 1
8662 6772 -6306569/1000000
8633 6772 -6308461/1000000
8604 6772 -6306569/1000000
8306 6772 205931/10000
8305 6772 205931/10000
3580 6772 1
8836 6773 -6306569/1000000
8807 6773 -6308461/1000000
8778 6773 -6306569/1000000
8310 6773 205931/10000
8309 6773 205931/10000
4133 6773 1
8418 6774 -8408759/1000000
8393 6774 -4205641/500000
8368 6774 -8408759/1000000
8300 6774 205931/10000
8299 6774 205931/10000
2779 6774 1
8495 6775 -8408759/1000000
8469 6775 -4205641/500000
8443 6775 -8408759/1000000
8302 6775 205931/10000
8301 6775 205931/10000
3041 6775 1
8577 6776 -8408759/1000000
8549 6776 -4205641/500000
8521 6776 -8408759/1000000
8304 6776 205931/10000
8303 6776 205931/10000
3309 6776 1
8663 6777 -8408759/1000000
8634 6777 -4205641/500000
8605 6777 -8408759/1000000
8306 6777 205931/10000
8305 6777 205931/10000
3581 6777 1
8750 6778 -8408759/1000000
8721 6778 -4205641/500000
8692 6778 -8408759/1000000
8308 6778 205931/10000
8307 6778 205931/10000
3855 6778 1
8837 6779 -8408759/1000000
8808 6779 -4205641/500000
8779 6779 -8408759/1000000
8310 6779 205931/10000
8309 6779 205931/10000
4134 6779 1
8924 6780 -8408759/1000000
8895 6780 -4205641/500000
8866 6780 -8408759/1000000
8312 6780 205931/10000
8311 6780 205931/10000
4431 6780 1
9011 6781 -8408759/1000000
8982 6781 -4205641/500000
8953 6781 -8408759/1000000
8314 6781 205931/10000
8313 6781 205931/10000
4728 6781 1
9279 6782 -5913/2500
8635 6782 -3943261/1000000
9301 6782 -5913/2500
8664 6782 -3941369/1000000
9257 6782 -5913/2500
8606 6782 -3941369/1000000
8306 6782 205931/10000
8305 6782 205931/10000
3582 6782 1
9345 6783 -5913/2500
8722 6783 -3943261/1000000
9367 6783 -5913/2500
8751 6783 -3941369/1000000
9323 6783 -5913/2500
8693 6783 -3941369/1000000
8308 6783 205931/10000
8307 6783 205931/10000
3856 6783 1
9411 6784 -5913/2500
8809 6784 -3943261/1000000
9433 6784 -5913/2500
8838 6784 -3941369/1000000
9389 6784 -5913/2500
8780 6784 -3941369/1000000
8310 6784 205931/10000
8309 6784 205931/10000
4135 6784 1
9477 6785 -5913/2500
8896 6785 -3943261/1000000
9499 6785 -5913/2500
8925 6785 -3941369/1000000
9455 6785 -5913/2500
8867 6785 -3941369/1000000
8312 6785 205931/10000
8311 6785 205931/10000
4432 6785 1
9543 6786 -5913/2500
8983 6786 -3943261/1000000
9565 6786 -5913/2500
9012 6786 -3941369/1000000
9521 6786 -5913/2500
8954 6786 -3941369/1000000
8314 6786 205931/10000
8313 6786 205931/10000
4729 6786 1
8420 6787 -6306569/1000000
8395 6787 -6308461/1000000
8370 6787 -6306569/1000000
8300 6787 205931/10000
8299 6787 205931/10000
2781 6787 1
8497 6788 -6306569/1000000
8471 6788 -6308461/1000000
8445 6788 -6306569/1000000
8302 6788 205931/10000
8301 6788 205931/10000
3043 6788 1
8579 6789 -6306569/1000000
8551 6789 -6308461/1000000
8523 6789 -6306569/1000000
8304 6789 205931/10000
8303 6789 205931/10000
3311 6789 1
8665 6790 -6306569/1000000
8636 6790 -6308461/1000000
8607 6790 -6306569/1000000
8306 6790 205931/10000
8305 6790 205931/10000
3583 6790 1
8752 6791 -6306569/1000000
8723 6791 -6308461/1000000
8694 6791 -6306569/1000000
8308 6791 205931/10000
8307 6791 205931/10000
3857 6791 1
8839 6792 -6306569/1000000
8810 6792 -6308461/1000000
8781 6792 -6306569/1000000
8310 6792 205931/10000
8309 6792 205931/10000
4136 6792 1
8926 6793 -6306569/1000000
8897 6793 -6308461/1000000
8868 6793 -6306569/1000000
8312 6793 205931/10000
8311 6793 205931/10000
4433 6793 1
9013 6794 -6306569/1000000
8984 6794 -6308461/1000000
8955 6794 -6306569/1000000
8314 6794 205931/10000
8313 6794 205931/10000
4730 6794 1
9924 6795 -1
9054 6795 -25623/10000
8333 6795 -2135933/500000
9069 6795 -25623/10000
8350 6795 -533727/125000
9039 6795 -25623/10000
8316 6795 -533727/125000
8298 6795 205931/10000
8297 6795 205931/10000
2539 6795 1
9925 6796 -1
9924 6796 1
9102 6796 -25623/10000
8396 6796 -2135933/500000
9120 6796 -25623/10000
8421 6796 -533727/125000
9084 6796 -25623/10000
8371 6796 -533727/125000
8300 6796 205931/10000
8299 6796 205931/10000
2782 6796 1
9926 6797 -1
9925 6797 1
9157 6797 -25623/10000
8472 6797 -2135933/500000
9176 6797 -25623/10000
8498 6797 -533727/125000
9138 6797 -25623/10000
8446 6797 -533727/125000
8302 6797 205931/10000
8301 6797 205931/10000
3044 6797 1
9927 6798 -1
9926 6798 1
9216 6798 -25623/10000
8552 6798 -2135933/500000
9237 6798 -25623/10000
8580 6798 -533727/125000
9195 6798 -25623/10000
8524 6798 -533727/125000
8304 6798 205931/10000
8303 6798 205931/10000
3312 6798 1
9928 6799 -1
9927 6799 1
9280 6799 -25623/10000
8637 6799 -2135933/500000
9302 6799 -25623/10000
8666 6799 -533727/125000
9258 6799 -25623/10000
8608 6799 -533727/125000
8306 6799 205931/10000
8305 6799 205931/10000
3584 6799 1
9929 6800 -1
9928 6800 1
9346 6800 -25623/10000
8724 6800 -2135933/500000
9368 6800 -25623/10000
8753 6800 -533727/125000
9324 6800 -25623/10000
8695 6800 -533727/125000
8308 6800 205931/10000
8307 6800 205931/10000
3858 6800 1
9930 6801 -1
9929 6801 1
9412 6801 -25623/10000
8811 6801 -2135933/500000
9434 6801 -25623/10000
8840 6801 -533727/125000
9390 6801 -25623/10000
8782 6801 -533727/125000
8310 6801 205931/10000
8309 6801 205931/10000
4137 6801 1
9931 6802 -1
9930 6802 1
9478 6802 -25623/10000
8898 6802 -2135933/500000
9500 6802 -25623/10000
8927 6802 -533727/125000
9456 6802 -25623/10000
8869 6802 -533727/125000
8312 6802 205931/10000
8311 6802 205931/10000
4434 6802 1
9931 6803 1
9544 6803 -25623/10000
8985 6803 -2135933/500000
9566 6803 -25623/10000
9014 6803 -533727/125000
9522 6803 -25623/10000
8956 6803 -533727/125000
8314 6803 205931/10000
8313 6803 205931/10000
4731 6803 1
9055 6804 -17739/6250
8334 6804 -2365957/500000
9070 6804 -17739/6250
8351 6804 -4729643/1000000
9040 6804 -17739/6250
8317 6804 -4729643/1000000
8298 6804 205931/10000
8297 6804 205931/10000
2540 6804 1
9103 6805 -17739/6250
8397 6805 -2365957/500000
9121 6805 -17739/6250
8422 6805 -4729643/1000000
9085 6805 -17739/6250
8372 6805 -4729643/1000000
8300 6805 205931/10000
8299 6805 205931/10000
2783 6805 1
9932 6806 -1
9158 6806 -17739/6250
8473 6806 -2365957/500000
9177 6806 -17739/6250
8499 6806 -4729643/1000000
9139 6806 -17739/6250
8447 6806 -4729643/1000000
8302 6806 205931/10000
8301 6806 205931/10000
3045 6806 1
9933 6807 -1
9932 6807 1
9217 6807 -17739/6250
8553 6807 -2365957/500000
9238 6807 -17739/6250
8581 6807 -4729643/1000000
9196 6807 -17739/6250
8525 6807 -4729643/1000000
8304 6807 205931/10000
8303 6807 205931/10000
3313 6807 1
9934 6808 -1
9933 6808 1
9281 6808 -17739/6250
8638 6808 -2365957/500000
9303 6808 -17739/6250
8667 6808 -4729643/1000000
9259 6808 -17739/6250
8609 6808 -4729643/1000000
8306 6808 205931/10000
8305 6808 205931/10000
3585 6808 1
9935 6809 -1
9934 6809 1
9347 6809 -17739/6250
8725 6809 -2365957/500000
9369 6809 -17739/6250
8754 6809 -4729643/1000000
9325 6809 -17739/6250
8696 6809 -4729643/1000000
8308 6809 205931/10000
8307 6809 205931/10000
3859 6809 1
9936 6810 -1
9935 6810 1
9413 6810 -17739/6250
8812 6810 -2365957/500000
9435 6810 -17739/6250
8841 6810 -4729643/1000000
9391 6810 -17739/6250
8783 6810 -4729643/1000000
8310 6810 205931/10000
8309 6810 205931/10000
4138 6810 1
9937 6811 -1
9936 6811 1
9479 6811 -17739/6250
8899 6811 -2365957/500000
9501 6811 -17739/6250
8928 6811 -4729643/1000000
9457 6811 -17739/6250
8870 6811 -4729643/1000000
8312 6811 205931/10000
8311 6811 205931/10000
4435 6811 1
9056 6812 -76869/25000
8335 6812 -5126239/1000000
9071 6812 -76869/25000
8352 6812 -256189/50000
9041 6812 -76869/25000
8318 6812 -256189/50000
8298 6812 205931/10000
8297 6812 205931/10000
2541 6812 1
9104 6813 -76869/25000
8398 6813 -5126239/1000000
9122 6813 -76869/25000
8423 6813 -256189/50000
9086 6813 -76869/25000
8373 6813 -256189/50000
8300 6813 205931/10000
8299 6813 205931/10000
2784 6813 1
9159 6814 -76869/25000
8474 6814 -5126239/1000000
9178 6814 -76869/25000
8500 6814 -256189/50000
9140 6814 -76869/25000
8448 6814 -256189/50000
8302 6814 205931/10000
8301 6814 205931/10000
3046 6814 1
9938 6815 -1
9218 6815 -76869/25000
8554 6815 -5126239/1000000
9239 6815 -76869/25000
8582 6815 -256189/50000
9197 6815 -76869/25000
8526 6815 -256189/50000
8304 6815 205931/10000
8303 6815 205931/10000
3314 6815 1
9939 6816 -1
9938 6816 1
9282 6816 -76869/25000
8639 6816 -5126239/1000000
9304 6816 -76869/25000
8668 6816 -256189/50000
9260 6816 -76869/25000
8610 6816 -256189/50000
8306 6816 205931/10000
8305 6816 205931/10000
3586 6816 1
9940 6817 -1
9939 6817 1
9348 6817 -76869/25000
8726 6817 -5126239/1000000
9370 6817 -76869/25000
8755 6817 -256189/50000
9326 6817 -76869/25000
8697 6817 -256189/50000
8308 6817 205931/10000
8307 6817 205931/10000
3860 6817 1
9941 6818 -1
9940 6818 1
9414 6818 -76869/25000
8813 6818 -5126239/1000000
9436 6818 -76869/25000
8842 6818 -256189/50000
9392 6818 -76869/25000
8784 6818 -256189/50000
8310 6818 205931/10000
8309 6818 205931/10000
4139 6818 1
9942 6819 -1
9941 6819 1
9480 6819 -76869/25000
8900 6819 -5126239/1000000
9502 6819 -76869/25000
8929 6819 -256189/50000
9458 6819 -76869/25000
8871 6819 -256189/50000
8312 6819 205931/10000
8311 6819 205931/10000
4436 6819 1
9942 6820 1
9546 6820 -76869/25000
8987 6820 -5126239/1000000
9568 6820 -76869/25000
9016 6820 -256189/50000
9524 6820 -76869/25000
8958 6820 -256189/50000
8314 6820 205931/10000
8313 6820 205931/10000
4733 6820 1
9057 6821 -41391/12500
8336 6821 -2760283/500000
9072 6821 -41391/12500
8353 6821 -5517917/1000000
9042 6821 -41391/12500
8319 6821 -5517917/1000000
8298 6821 205931/10000
8297 6821 205931/10000
2542 6821 1
9908 6822 -1
9105 6822 -41391/12500
8399 6822 -2760283/500000
9123 6822 -41391/12500
8424 6822 -5517917/1000000
9087 6822 -41391/12500
8374 6822 -5517917/1000000
8300 6822 205931/10000
8299 6822 205931/10000
2785 6822 1
9909 6823 -1
9908 6823 1
9160 6823 -41391/12500
8475 6823 -2760283/500000
9179 6823 -41391/12500
8501 6823 -5517917/1000000
9141 6823 -41391/12500
8449 6823 -5517917/1000000
8302 6823 205931/10000
8301 6823 205931/10000
3047 6823 1
9910 6824 -1
9909 6824 1
9219 6824 -41391/12500
8555 6824 -2760283/500000
9240 6824 -41391/12500
8583 6824 -5517917/1000000
9198 6824 -41391/12500
8527 6824 -5517917/1000000
8304 6824 205931/10000
8303 6824 205931/10000
3315 6824 1
9911 6825 -1
9910 6825 1
9283 6825 -41391/12500
8640 6825 -2760283/500000
9305 6825 -41391/12500
8669 6825 -5517917/1000000
9261 6825 -41391/12500
8611 6825 -5517917/1000000
8306 6825 205931/10000
8305 6825 205931/10000
3587 6825 1
9912 6826 -1
9911 6826 1
9349 6826 -41391/12500
8727 6826 -2760283/500000
9371 6826 -41391/12500
8756 6826 -5517917/1000000
9327 6826 -41391/12500
8698 6826 -5517917/1000000
8308 6826 205931/10000
8307 6826 205931/10000
3861 6826 1
9913 6827 -1
9912 6827 1
9415 6827 -41391/12500
8814 6827 -2760283/500000
9437 6827 -41391/12500
8843 6827 -5517917/1000000
9393 6827 -41391/12500
8785 6827 -5517917/1000000
8310 6827 205931/10000
8309 6827 205931/10000
4140 6827 1
9914 6828 -1
9913 6828 1
9481 6828 -41391/12500
8901 6828 -2760283/500000
9503 6828 -41391/12500
8930 6828 -5517917/1000000
9459 6828 -41391/12500
8872 6828 -5517917/1000000
8312 6828 205931/10000
8311 6828 205931/10000
4437 6828 1
9914 6829 1
9547 6829 -41391/12500
8988 6829 -2760283/500000
9569 6829 -41391/12500
9017 6829 -5517917/1000000
9525 6829 -41391/12500
8959 6829 -5517917/1000000
8314 6829 205931/10000
8313 6829 205931/10000
4734 6829 1
9915 6830 1
9058 6830 -171477/50000
8337 6830 -5717729/1000000
9073 6830 -171477/50000
8354 6830 -1142997/200000
9043 6830 -171477/50000
8320 6830 -1142997/200000
8298 6830 205931/10000
8297 6830 205931/10000
2543 6830 1
9916 6831 1
9106 6831 -171477/50000
8400 6831 -5717729/1000000
9124 6831 -171477/50000
8425 6831 -1142997/200000
9088 6831 -171477/50000
8375 6831 -1142997/200000
8300 6831 205931/10000
8299 6831 205931/10000
2786 6831 1
9917 6832 1
9161 6832 -171477/50000
8476 6832 -5717729/1000000
9180 6832 -171477/50000
8502 6832 -1142997/200000
9142 6832 -171477/50000
8450 6832 -1142997/200000
8302 6832 205931/10000
8301 6832 205931/10000
3048 6832 1
9918 6833 1
9220 6833 -171477/50000
8556 6833 -5717729/1000000
9241 6833 -171477/50000
8584 6833 -1142997/200000
9199 6833 -171477/50000
8528 6833 -1142997/200000
8304 6833 205931/10000
8303 6833 205931/10000
3316 6833 1
9107 6834 -1971/1250
8401 6834 -2628841/1000000
9125 6834 -1971/1250
8426 6834 -2627579/1000000
9089 6834 -1971/1250
8376 6834 -2627579/1000000
8300 6834 205931/10000
8299 6834 205931/10000
2787 6834 1
9221 6835 -1971/1250
8557 6835 -2628841/1000000
9242 6835 -1971/1250
8585 6835 -2627579/1000000
9200 6835 -1971/1250
8529 6835 -2627579/1000000
8304 6835 205931/10000
8303 6835 205931/10000
3317 6835 1
9285 6836 -1971/1250
8642 6836 -2628841/1000000
9307 6836 -1971/1250
8671 6836 -2627579/1000000
9263 6836 -1971/1250
8613 6836 -2627579/1000000
8306 6836 205931/10000
8305 6836 205931/10000
3589 6836 1
9351 6837 -1971/1250
8729 6837 -2628841/1000000
9373 6837 -1971/1250
8758 6837 -2627579/1000000
9329 6837 -1971/1250
8700 6837 -2627579/1000000
8308 6837 205931/10000
8307 6837 205931/10000
3863 6837 1
9417 6838 -1971/1250
8816 6838 -2628841/1000000
9439 6838 -1971/1250
8845 6838 -2627579/1000000
9395 6838 -1971/1250
8787 6838 -2627579/1000000
8310 6838 205931/10000
8309 6838 205931/10000
4142 6838 1
9483 6839 -1971/1250
8903 6839 -2628841/1000000
9505 6839 -1971/1250
8932 6839 -2627579/1000000
9461 6839 -1971/1250
8874 6839 -2627579/1000000
8312 6839 205931/10000
8311 6839 205931/10000
4439 6839 1
9549 6840 -1971/1250
8990 6840 -2628841/1000000
9571 6840 -1971/1250
9019 6840 -2627579/1000000
9527 6840 -1971/1250
8961 6840 -2627579/1000000
8314 6840 205931/10000
8313 6840 205931/10000
4736 6840 1
8759 6841 -8198539/1000000
8730 6841 -8200999/1000000
8701 6841 -8198539/1000000
8308 6841 205931/10000
8307 6841 205931/10000
3864 6841 1
8846 6842 -8198539/1000000
8817 6842 -8200999/1000000
8788 6842 -8198539/1000000
8310 6842 205931/10000
8309 6842 205931/10000
4143 6842 1
8933 6843 -8198539/1000000
8904 6843 -8200999/1000000
8875 6843 -8198539/1000000
8312 6843 205931/10000
8311 6843 205931/10000
4440 6843 1
9020 6844 -8198539/1000000
8991 6844 -8200999/1000000
8962 6844 -8198539/1000000
8314 6844 205931/10000
8313 6844 205931/10000
4737 6844 1
9926 6845 -1
9925 6845 1
9163 6845 -25623/10000
8479 6845 -2135933/500000
9182 6845 -25623/10000
8505 6845 -533727/125000
9144 6845 -25623/10000
8453 6845 -533727/125000
8302 6845 205931/10000
8301 6845 205931/10000
3051 6845 1
9927 6846 -1
9926 6846 1
9222 6846 -25623/10000
8559 6846 -2135933/500000
9243 6846 -25623/10000
8587 6846 -533727/125000
9201 6846 -25623/10000
8531 6846 -533727/125000
8304 6846 205931/10000
8303 6846 205931/10000
3319 6846 1
9928 6847 -1
9927 6847 1
9286 6847 -25623/10000
8644 6847 -2135933/500000
9308 6847 -25623/10000
8673 6847 -533727/125000
9264 6847 -25623/10000
8615 6847 -533727/125000
8306 6847 205931/10000
8305 6847 205931/10000
3591 6847 1
9929 6848 -1
9928 6848 1
9352 6848 -25623/10000
8731 6848 -2135933/500000
9374 6848 -25623/10000
8760 6848 -533727/125000
9330 6848 -25623/10000
8702 6848 -533727/125000
8308 6848 205931/10000
8307 6848 205931/10000
3865 6848 1
9930 6849 -1
9929 6849 1
9418 6849 -25623/10000
8818 6849 -2135933/500000
9440 6849 -25623/10000
8847 6849 -533727/125000
9396 6849 -25623/10000
8789 6849 -533727/125000
8310 6849 205931/10000
8309 6849 205931/10000
4144 6849 1
9931 6850 -1
9930 6850 1
9484 6850 -25623/10000
8905 6850 -2135933/500000
9506 6850 -25623/10000
8934 6850 -533727/125000
9462 6850 -25623/10000
8876 6850 -533727/125000
8312 6850 205931/10000
8311 6850 205931/10000
4441 6850 1
9931 6851 1
9550 6851 -25623/10000
8992 6851 -2135933/500000
9572 6851 -25623/10000
9021 6851 -533727/125000
9528 6851 -25623/10000
8963 6851 -533727/125000
8314 6851 205931/10000
8313 6851 205931/10000
4738 6851 1
9935 6852 -1
9934 6852 1
9353 6852 -17739/6250
8732 6852 -2365957/500000
9375 6852 -17739/6250
8761 6852 -4729643/1000000
9331 6852 -17739/6250
8703 6852 -4729643/1000000
8308 6852 205931/10000
8307 6852 205931/10000
3866 6852 1
9936 6853 -1
9935 6853 1
9419 6853 -17739/6250
8819 6853 -2365957/500000
9441 6853 -17739/6250
8848 6853 -4729643/1000000
9397 6853 -17739/6250
8790 6853 -4729643/1000000
8310 6853 205931/10000
8309 6853 205931/10000
4145 6853 1
9937 6854 -1
9936 6854 1
9485 6854 -17739/6250
8906 6854 -2365957/500000
9507 6854 -17739/6250
8935 6854 -4729643/1000000
9463 6854 -17739/6250
8877 6854 -4729643/1000000
8312 6854 205931/10000
8311 6854 205931/10000
4442 6854 1
9937 6855 1
9551 6855 -17739/6250
8993 6855 -2365957/500000
9573 6855 -17739/6250
9022 6855 -4729643/1000000
9529 6855 -17739/6250
8964 6855 -4729643/1000000
8314 6855 205931/10000
8313 6855 205931/10000
4739 6855 1
9939 6856 -1
9938 6856 1
9288 6856 -76869/25000
8646 6856 -5126239/1000000
9310 6856 -76869/25000
8675 6856 -256189/50000
9266 6856 -76869/25000
8617 6856 -256189/50000
8306 6856 205931/10000
8305 6856 205931/10000
3593 6856 1
9941 6857 -1
9940 6857 1
9420 6857 -76869/25000
8820 6857 -5126239/1000000
9442 6857 -76869/25000
8849 6857 -256189/50000
9398 6857 -76869/25000
8791 6857 -256189/50000
8310 6857 205931/10000
8309 6857 205931/10000
4146 6857 1
9942 6858 -1
9941 6858 1
9486 6858 -76869/25000
8907 6858 -5126239/1000000
9508 6858 -76869/25000
8936 6858 -256189/50000
9464 6858 -76869/25000
8878 6858 -256189/50000
8312 6858 205931/10000
8311 6858 205931/10000
4443 6858 1
9909 6859 -1
9908 6859 1
9164 6859 -41391/12500
8480 6859 -2760283/500000
9183 6859 -41391/12500
8506 6859 -5517917/1000000
9145 6859 -41391/12500
8454 6859 -5517917/1000000
8302 6859 205931/10000
8301 6859 205931/10000
3052 6859 1
9910 6860 -1
9909 6860 1
9224 6860 -41391/12500
8561 6860 -2760283/500000
9245 6860 -41391/12500
8589 6860 -5517917/1000000
9203 6860 -41391/12500
8533 6860 -5517917/1000000
8304 6860 205931/10000
8303 6860 205931/10000
3321 6860 1
9911 6861 -1
9910 6861 1
9289 6861 -41391/12500
8647 6861 -2760283/500000
9311 6861 -41391/12500
8676 6861 -5517917/1000000
9267 6861 -41391/12500
8618 6861 -5517917/1000000
8306 6861 205931/10000
8305 6861 205931/10000
3594 6861 1
9912 6862 -1
9911 6862 1
9355 6862 -41391/12500
8734 6862 -2760283/500000
9377 6862 -41391/12500
8763 6862 -5517917/1000000
9333 6862 -41391/12500
8705 6862 -5517917/1000000
8308 6862 205931/10000
8307 6862 205931/10000
3868 6862 1
9913 6863 -1
9912 6863 1
9421 6863 -41391/12500
8821 6863 -2760283/500000
9443 6863 -41391/12500
8850 6863 -5517917/1000000
9399 6863 -41391/12500
8792 6863 -5517917/1000000
8310 6863 205931/10000
8309 6863 205931/10000
4147 6863 1
9914 6864 -1
9913 6864 1
9487 6864 -41391/12500
8908 6864 -2760283/500000
9509 6864 -41391/12500
8937 6864 -5517917/1000000
9465 6864 -41391/12500
8879 6864 -5517917/1000000
8312 6864 205931/10000
8311 6864 205931/10000
4444 6864 1
9914 6865 1
9553 6865 -41391/12500
8995 6865 -2760283/500000
9575 6865 -41391/12500
9024 6865 -5517917/1000000
9531 6865 -41391/12500
8966 6865 -5517917/1000000
8314 6865 205931/10000
8313 6865 205931/10000
4741 6865 1
9916 6866 1
9109 6866 -13797/5000
8404 6866 -4600471/1000000
9127 6866 -13797/5000
8429 6866 -574783/125000
9091 6866 -13797/5000
8379 6866 -574783/125000
8300 6866 205931/10000
8299 6866 205931/10000
2790 6866 1
9917 6867 1
9165 6867 -13797/5000
8481 6867 -4600471/1000000
9184 6867 -13797/5000
8507 6867 -574783/125000
9146 6867 -13797/5000
8455 6867 -574783/125000
8302 6867 205931/10000
8301 6867 205931/10000
3053 6867 1
9918 6868 1
9225 6868 -13797/5000
8562 6868 -4600471/1000000
9246 6868 -13797/5000
8590 6868 -574783/125000
9204 6868 -13797/5000
8534 6868 -574783/125000
8304 6868 205931/10000
8303 6868 205931/10000
3322 6868 1
8357 6869 -8408759/1000000
8340 6869 -4205641/500000
8323 6869 -8408759/1000000
8298 6869 205931/10000
8297 6869 205931/10000
2546 6869 1
8430 6870 -8408759/1000000
8405 6870 -4205641/500000
8380 6870 -8408759/1000000
8300 6870 205931/10000
8299 6870 205931/10000
2791 6870 1
8508 6871 -8408759/1000000
8482 6871 -4205641/500000
8456 6871 -8408759/1000000
8302 6871 205931/10000
8301 6871 205931/10000
3054 6871 1
8591 6872 -8408759/1000000
8563 6872 -4205641/500000
8535 6872 -8408759/1000000
8304 6872 205931/10000
8303 6872 205931/10000
3323 6872 1
8678 6873 -8408759/1000000
8649 6873 -4205641/500000
8620 6873 -8408759/1000000
8306 6873 205931/10000
8305 6873 205931/10000
3596 6873 1
8765 6874 -8408759/1000000
8736 6874 -4205641/500000
8707 6874 -8408759/1000000
8308 6874 205931/10000
8307 6874 205931/10000
3870 6874 1
8852 6875 -8408759/1000000
8823 6875 -4205641/500000
8794 6875 -8408759/1000000
8310 6875 205931/10000
8309 6875 205931/10000
4149 6875 1
8939 6876 -8408759/1000000
8910 6876 -4205641/500000
8881 6876 -8408759/1000000
8312 6876 205931/10000
8311 6876 205931/10000
4446 6876 1
9026 6877 -8408759/1000000
8997 6877 -4205641/500000
8968 6877 -8408759/1000000
8314 6877 205931/10000
8313 6877 205931/10000
4743 6877 1
8431 6878 -8408759/1000000
8406 6878 -4205641/500000
8381 6878 -8408759/1000000
8300 6878 205931/10000
8299 6878 205931/10000
2792 6878 1
8592 6879 -8408759/1000000
8564 6879 -4205641/500000
8536 6879 -8408759/1000000
8304 6879 205931/10000
8303 6879 205931/10000
3324 6879 1
8679 6880 -8408759/1000000
8650 6880 -4205641/500000
8621 6880 -8408759/1000000
8306 6880 205931/10000
8305 6880 205931/10000
3597 6880 1
8766 6881 -8408759/1000000
8737 6881 -4205641/500000
8708 6881 -8408759/1000000
8308 6881 205931/10000
8307 6881 205931/10000
3871 6881 1
8853 6882 -8408759/1000000
8824 6882 -4205641/500000
8795 6882 -8408759/1000000
8310 6882 205931/10000
8309 6882 205931/10000
4150 6882 1
8940 6883 -8408759/1000000
8911 6883 -4205641/500000
8882 6883 -8408759/1000000
8312 6883 205931/10000
8311 6883 205931/10000
4447 6883 1
9027 6884 -8408759/1000000
8998 6884 -4205641/500000
8969 6884 -8408759/1000000
8314 6884 205931/10000
8313 6884 205931/10000
4744 6884 1
9061 6885 -13797/5000
8342 6885 -4600471/1000000
9076 6885 -13797/5000
8359 6885 -574783/125000
9046 6885 -13797/5000
8325 6885 -574783/125000
8298 6885 205931/10000
8297 6885 205931/10000
2548 6885 1
9110 6886 -13797/5000
8407 6886 -4600471/1000000
9128 6886 -13797/5000
8432 6886 -574783/125000
9092 6886 -13797/5000
8382 6886 -574783/125000
8300 6886 205931/10000
8299 6886 205931/10000
2793 6886 1
9166 6887 -13797/5000
8484 6887 -4600471/1000000
9185 6887 -13797/5000
8510 6887 -574783/125000
9147 6887 -13797/5000
8458 6887 -574783/125000
8302 6887 205931/10000
8301 6887 205931/10000
3056 6887 1
9226 6888 -13797/5000
8565 6888 -4600471/1000000
9247 6888 -13797/5000
8593 6888 -574783/125000
9205 6888 -13797/5000
8537 6888 -574783/125000
8304 6888 205931/10000
8303 6888 205931/10000
3325 6888 1
9291 6889 -13797/5000
8651 6889 -4600471/1000000
9313 6889 -13797/5000
8680 6889 -574783/125000
9269 6889 -13797/5000
8622 6889 -574783/125000
8306 6889 205931/10000
8305 6889 205931/10000
3598 6889 1
9357 6890 -13797/5000
8738 6890 -4600471/1000000
9379 6890 -13797/5000
8767 6890 -574783/125000
9335 6890 -13797/5000
8709 6890 -574783/125000
8308 6890 205931/10000
8307 6890 205931/10000
3872 6890 1
9423 6891 -13797/5000
8825 6891 -4600471/1000000
9445 6891 -13797/5000
8854 6891 -574783/125000
9401 6891 -13797/5000
8796 6891 -574783/125000
8310 6891 205931/10000
8309 6891 205931/10000
4151 6891 1
9489 6892 -13797/5000
8912 6892 -4600471/1000000
9511 6892 -13797/5000
8941 6892 -574783/125000
9467 6892 -13797/5000
8883 6892 -574783/125000
8312 6892 205931/10000
8311 6892 205931/10000
4448 6892 1
9555 6893 -13797/5000
8999 6893 -4600471/1000000
9577 6893 -13797/5000
9028 6893 -574783/125000
9533 6893 -13797/5000
8970 6893 -574783/125000
8314 6893 205931/10000
8313 6893 205931/10000
4745 6893 1
9111 6894 -57159/25000
8408 6894 -3811819/1000000
9129 6894 -57159/25000
8433 6894 -380999/100000
9093 6894 -57159/25000
8383 6894 -380999/100000
8300 6894 205931/10000
8299 6894 205931/10000
2794 6894 1
9113 6895 -5913/6250
8410 6895 -197163/125000
9131 6895 -5913/6250
8435 6895 -394137/250000
9095 6895 -5913/6250
8385 6895 -394137/250000
8300 6895 205931/10000
8299 6895 205931/10000
2797 6895 1
9169 6896 -5913/6250
8487 6896 -197163/125000
9188 6896 -5913/6250
8513 6896 -394137/250000
9150 6896 -5913/6250
8461 6896 -394137/250000
8302 6896 205931/10000
8301 6896 205931/10000
3060 6896 1
9170 6897 -96579/50000
8488 6897 -322033/100000
9189 6897 -96579/50000
8514 6897 -643757/200000
9151 6897 -96579/50000
8462 6897 -643757/200000
8302 6897 205931/10000
8301 6897 205931/10000
3061 6897 1
9361 6898 -96579/50000
8742 6898 -322033/100000
9383 6898 -96579/50000
8771 6898 -643757/200000
9339 6898 -96579/50000
8713 6898 -643757/200000
8308 6898 205931/10000
8307 6898 205931/10000
3877 6898 1
9115 6899 -1971/2500
8412 6899 -65721/50000
9133 6899 -1971/2500
8437 6899 -131379/100000
9097 6899 -1971/2500
8387 6899 -131379/100000
8300 6899 205931/10000
8299 6899 205931/10000
2799 6899 1
9232 6900 -33507/50000
8571 6900 -1117257/1000000
9253 6900 -33507/50000
8599 6900 -1116721/1000000
9211 6900 -33507/50000
8543 6900 -1116721/1000000
8304 6900 205931/10000
8303 6900 205931/10000
3332 6900 1
9561 6901 -33507/50000
9005 6901 -1117257/1000000
9583 6901 -33507/50000
9034 6901 -1116721/1000000
9539 6901 -33507/50000
8976 6901 -1116721/1000000
8314 6901 205931/10000
8313 6901 205931/10000
4752 6901 1
9116 6902 -25623/10000
8413 6902 -2135933/500000
9134 6902 -25623/10000
8438 6902 -533727/125000
9098 6902 -25623/10000
8388 6902 -533727/125000
8300 6902 42947/2000
8299 6902 42947/2000
2802 6902 1
9298 6903 -25623/10000
8658 6903 -2135933/500000
9320 6903 -25623/10000
8687 6903 -533727/125000
9276 6903 -25623/10000
8629 6903 -533727/125000
8306 6903 42947/2000
8305 6903 42947/2000
3608 6903 1
9117 6904 -5913/2000
8414 6904 -4929077/1000000
9135 6904 -5913/2000
8439 6904 -4926711/1000000
9099 6904 -5913/2000
8389 6904 -4926711/1000000
8300 6904 42947/2000
8299 6904 42947/2000
2804 6904 1
9299 6905 -5913/2000
8659 6905 -4929077/1000000
9321 6905 -5913/2000
8688 6905 -4926711/1000000
9277 6905 -5913/2000
8630 6905 -4926711/1000000
8306 6905 42947/2000
8305 6905 42947/2000
3610 6905 1
9431 6906 -5913/2000
8833 6906 -4929077/1000000
9453 6906 -5913/2000
8862 6906 -4926711/1000000
9409 6906 -5913/2000
8804 6906 -4926711/1000000
8310 6906 42947/2000
8309 6906 42947/2000
4163 6906 1
9497 6907 -5913/2000
8920 6907 -4929077/1000000
9519 6907 -5913/2000
8949 6907 -4926711/1000000
9475 6907 -5913/2000
8891 6907 -4926711/1000000
8312 6907 42947/2000
8311 6907 42947/2000
4460 6907 1
9563 6908 -5913/2000
9007 6908 -4929077/1000000
9585 6908 -5913/2000
9036 6908 -4926711/1000000
9541 6908 -5913/2000
8978 6908 -4926711/1000000
8314 6908 42947/2000
8313 6908 42947/2000
4757 6908 1
9067 6909 -13797/5000
8348 6909 -4600471/1000000
9082 6909 -13797/5000
8365 6909 -574783/125000
9052 6909 -13797/5000
8331 6909 -574783/125000
8298 6909 42947/2000
8297 6909 42947/2000
2556 6909 1
9118 6910 -13797/5000
8415 6910 -4600471/1000000
9136 6910 -13797/5000
8440 6910 -574783/125000
9100 6910 -13797/5000
8390 6910 -574783/125000
8300 6910 42947/2000
8299 6910 42947/2000
2803 6910 1
9174 6911 -13797/5000
8492 6911 -4600471/1000000
9193 6911 -13797/5000
8518 6911 -574783/125000
9155 6911 -13797/5000
8466 6911 -574783/125000
8302 6911 42947/2000
8301 6911 42947/2000
3066 6911 1
8298 6912 205931/10000
8297 6912 205931/10000
8243 6912 818951/1000000
2550 6912 1
8300 6913 205931/10000
8299 6913 205931/10000
8249 6913 818951/1000000
2795 6913 1
8302 6914 205931/10000
8301 6914 205931/10000
8255 6914 818951/1000000
3058 6914 1
8304 6915 205931/10000
8303 6915 205931/10000
8261 6915 818951/1000000
3327 6915 1
8306 6916 205931/10000
8305 6916 205931/10000
8267 6916 818951/1000000
3600 6916 1
8308 6917 205931/10000
8307 6917 205931/10000
8273 6917 818951/1000000
3874 6917 1
8310 6918 205931/10000
8309 6918 205931/10000
8279 6918 818951/1000000
4153 6918 1
8312 6919 205931/10000
8311 6919 205931/10000
8285 6919 818951/1000000
4450 6919 1
8314 6920 205931/10000
8313 6920 205931/10000
8291 6920 818951/1000000
4747 6920 1
8245 6921 1367/10000
8247 6921 68317/500000
8243 6921 68317/500000
2553 6921 1
171 6921 -1683657/1000000
18 6921 25623/250000
0 6921 551/8000
8251 6922 1367/10000
8253 6922 68317/500000
8249 6922 68317/500000
2800 6922 1
444 6922 -1683657/1000000
19 6922 25623/250000
1 6922 551/8000
8257 6923 1367/10000
8259 6923 68317/500000
8255 6923 68317/500000
3063 6923 1
717 6923 -1683657/1000000
20 6923 25623/250000
2 6923 551/8000
8263 6924 1367/10000
8265 6924 68317/500000
8261 6924 68317/500000
3333 6924 1
990 6924 -1683657/1000000
21 6924 25623/250000
3 6924 551/8000
8269 6925 1367/10000
8271 6925 68317/500000
8267 6925 68317/500000
3606 6925 1
1263 6925 -1683657/1000000
22 6925 25623/250000
4 6925 551/8000
8275 6926 1367/10000
8277 6926 68317/500000
8273 6926 68317/500000
3880 6926 1
1536 6926 -1683657/1000000
23 6926 25623/250000
5 6926 551/8000
8281 6927 1367/10000
8283 6927 68317/500000
8279 6927 68317/500000
4159 6927 1
1809 6927 -1683657/1000000
24 6927 25623/250000
6 6927 551/8000
8287 6928 1367/10000
8289 6928 68317/500000
8285 6928 68317/500000
4456 6928 1
2082 6928 -1683657/1000000
25 6928 25623/250000
7 6928 551/8000
8293 6929 1367/10000
8295 6929 68317/500000
8291 6929 68317/500000
4753 6929 1
2355 6929 -1683657/1000000
26 6929 25623/250000
8 6929 551/8000
8245 6930 1367/10000
8247 6930 68317/500000
8243 6930 68317/500000
2554 6930 1
171 6930 -1683657/1000000
36 6930 91013/500000
18 6930 25623/250000
0 6930 48991/500000
8251 6931 1367/10000
8253 6931 68317/500000
8249 6931 68317/500000
2801 6931 1
444 6931 -1683657/1000000
37 6931 91013/500000
19 6931 25623/250000
1 6931 48991/500000
8257 6932 1367/10000
8259 6932 68317/500000
8255 6932 68317/500000
3064 6932 1
717 6932 -1683657/1000000
38 6932 91013/500000
20 6932 25623/250000
2 6932 48991/500000
8263 6933 1367/10000
8265 6933 68317/500000
8261 6933 68317/500000
3334 6933 1
990 6933 -1683657/1000000
39 6933 91013/500000
21 6933 25623/250000
3 6933 48991/500000
8269 6934 1367/10000
8271 6934 68317/500000
8267 6934 68317/500000
3607 6934 1
1263 6934 -1683657/1000000
40 6934 91013/500000
22 6934 25623/250000
4 6934 48991/500000
8275 6935 1367/10000
8277 6935 68317/500000
8273 6935 68317/500000
3881 6935 1
1536 6935 -1683657/1000000
41 6935 91013/500000
23 6935 25623/250000
5 6935 48991/500000
8281 6936 1367/10000
8283 6936 68317/500000
8279 6936 68317/500000
4160 6936 1
1809 6936 -1683657/1000000
42 6936 91013/500000
24 6936 25623/250000
6 6936 48991/500000
8287 6937 1367/10000
8289 6937 68317/500000
8285 6937 68317/500000
4457 6937 1
2082 6937 -1683657/1000000
43 6937 91013/500000
25 6937 25623/250000
7 6937 48991/500000
8293 6938 1367/10000
8295 6938 68317/500000
8291 6938 68317/500000
4754 6938 1
2355 6938 -1683657/1000000
44 6938 91013/500000
26 6938 25623/250000
8 6938 48991/500000
8331 6939 1
8243 6939 1
208 6939 -30769/10000
18 6939 69/1000
0 6939 119/1000
8348 6940 1
8245 6940 1
208 6940 -30769/10000
18 6940 69/1000
0 6940 119/1000
8365 6941 1
8247 6941 1
208 6941 -30769/10000
18 6941 69/1000
0 6941 119/1000
8390 6942 1
8249 6942 1
481 6942 -30769/10000
19 6942 69/1000
1 6942 119/1000
8415 6943 1
8251 6943 1
481 6943 -30769/10000
19 6943 69/1000
1 6943 119/1000
8440 6944 1
8253 6944 1
481 6944 -30769/10000
19 6944 69/1000
1 6944 119/1000
8466 6945 1
8255 6945 1
754 6945 -30769/10000
20 6945 69/1000
2 6945 119/1000
8492 6946 1
8257 6946 1
754 6946 -30769/10000
20 6946 69/1000
2 6946 119/1000
8518 6947 1
8259 6947 1
754 6947 -30769/10000
20 6947 69/1000
2 6947 119/1000
8546 6948 1
8261 6948 1
1027 6948 -30769/10000
21 6948 69/1000
3 6948 119/1000
8574 6949 1
8263 6949 1
1027 6949 -30769/10000
21 6949 69/1000
3 6949 119/1000
8602 6950 1
8265 6950 1
1027 6950 -30769/10000
21 6950 69/1000
3 6950 119/1000
8631 6951 1
8267 6951 1
1300 6951 -30769/10000
22 6951 69/1000
4 6951 119/1000
8660 6952 1
8269 6952 1
1300 6952 -30769/10000
22 6952 69/1000
4 6952 119/1000
8689 6953 1
8271 6953 1
1300 6953 -30769/10000
22 6953 69/1000
4 6953 119/1000
8718 6954 1
8273 6954 1
1573 6954 -30769/10000
23 6954 69/1000
5 6954 119/1000
8747 6955 1
8275 6955 1
1573 6955 -30769/10000
23 6955 69/1000
5 6955 119/1000
8776 6956 1
8277 6956 1
1573 6956 -30769/10000
23 6956 69/1000
5 6956 119/1000
8805 6957 1
8279 6957 1
1846 6957 -30769/10000
24 6957 69/1000
6 6957 119/1000
8834 6958 1
8281 6958 1
1846 6958 -30769/10000
24 6958 69/1000
6 6958 119/1000
8863 6959 1
8283 6959 1
1846 6959 -30769/10000
24 6959 69/1000
6 6959 119/1000
8892 6960 1
8285 6960 1
2119 6960 -30769/10000
25 6960 69/1000
7 6960 119/1000
8921 6961 1
8287 6961 1
2119 6961 -30769/10000
25 6961 69/1000
7 6961 119/1000
8950 6962 1
8289 6962 1
2119 6962 -30769/10000
25 6962 69/1000
7 6962 119/1000
8979 6963 1
8291 6963 1
2392 6963 -30769/10000
26 6963 69/1000
8 6963 119/1000
9008 6964 1
8293 6964 1
2392 6964 -30769/10000
26 6964 69/1000
8 6964 119/1000
9037 6965 1
8295 6965 1
2392 6965 -30769/10000
26 6965 69/1000
8 6965 119/1000
9629 6966 17983/1000000
8441 6966 1
8256 6966 359661/1000000
8255 6966 599339/1000000
748 6966 -14449/5000
38 6966 111/250
20 6966 69/1000
2 6966 239/1000
9631 6967 17983/1000000
8493 6967 1
8260 6967 359661/1000000
8259 6967 599339/1000000
748 6967 -14449/5000
38 6967 111/250
20 6967 69/1000
2 6967 239/1000
9632 6968 17983/1000000
8519 6968 1
8262 6968 359661/1000000
8261 6968 599339/1000000
1021 6968 -14449/5000
39 6968 111/250
21 6968 69/1000
3 6968 239/1000
9633 6969 8989/500000
8547 6969 1
8264 6969 359553/1000000
8263 6969 599447/1000000
1021 6969 -14449/5000
39 6969 111/250
21 6969 69/1000
3 6969 239/1000
9634 6970 17983/1000000
8575 6970 1
8266 6970 359661/1000000
8265 6970 599339/1000000
1021 6970 -14449/5000
39 6970 111/250
21 6970 69/1000
3 6970 239/1000
9635 6971 17983/1000000
8603 6971 1
8268 6971 359661/1000000
8267 6971 599339/1000000
1294 6971 -14449/5000
40 6971 111/250
22 6971 69/1000
4 6971 239/1000
9636 6972 8989/500000
8632 6972 1
8270 6972 359553/1000000
8269 6972 599447/1000000
1294 6972 -14449/5000
40 6972 111/250
22 6972 69/1000
4 6972 239/1000
9637 6973 17983/1000000
8661 6973 1
8272 6973 359661/1000000
8271 6973 599339/1000000
1294 6973 -14449/5000
40 6973 111/250
22 6973 69/1000
4 6973 239/1000
9638 6974 17983/1000000
8690 6974 1
8274 6974 359661/1000000
8273 6974 599339/1000000
1567 6974 -14449/5000
41 6974 111/250
23 6974 69/1000
5 6974 239/1000
9639 6975 8989/500000
8719 6975 1
8276 6975 359553/1000000
8275 6975 599447/1000000
1567 6975 -14449/5000
41 6975 111/250
23 6975 69/1000
5 6975 239/1000
9640 6976 17983/1000000
8748 6976 1
8278 6976 359661/1000000
8277 6976 599339/1000000
1567 6976 -14449/5000
41 6976 111/250
23 6976 69/1000
5 6976 239/1000
9641 6977 17983/1000000
8777 6977 1
8280 6977 359661/1000000
8279 6977 599339/1000000
1840 6977 -14449/5000
42 6977 111/250
24 6977 69/1000
6 6977 239/1000
9642 6978 8989/500000
8806 6978 1
8282 6978 359553/1000000
8281 6978 599447/1000000
1840 6978 -14449/5000
42 6978 111/250
24 6978 69/1000
6 6978 239/1000
9643 6979 17983/1000000
8835 6979 1
8284 6979 359661/1000000
8283 6979 599339/1000000
1840 6979 -14449/5000
42 6979 111/250
24 6979 69/1000
6 6979 239/1000
9644 6980 17983/1000000
8864 6980 1
8286 6980 359661/1000000
8285 6980 599339/1000000
2113 6980 -14449/5000
43 6980 111/250
25 6980 69/1000
7 6980 239/1000
9645 6981 8989/500000
8893 6981 1
8288 6981 359553/1000000
8287 6981 599447/1000000
2113 6981 -14449/5000
43 6981 111/250
25 6981 69/1000
7 6981 239/1000
9646 6982 17983/1000000
8922 6982 1
8290 6982 359661/1000000
8289 6982 599339/1000000
2113 6982 -14449/5000
43 6982 111/250
25 6982 69/1000
7 6982 239/1000
9647 6983 17983/1000000
8951 6983 1
8292 6983 359661/1000000
8291 6983 599339/1000000
2386 6983 -14449/5000
44 6983 111/250
26 6983 69/1000
8 6983 239/1000
9648 6984 8989/500000
8980 6984 1
8294 6984 359553/1000000
8293 6984 599447/1000000
2386 6984 -14449/5000
44 6984 111/250
26 6984 69/1000
8 6984 239/1000
9649 6985 17983/1000000
9009 6985 1
8296 6985 359661/1000000
8295 6985 599339/1000000
2386 6985 -14449/5000
44 6985 111/250
26 6985 69/1000
8 6985 239/1000
9629 6986 17983/1000000
8442 6986 1
8256 6986 359661/1000000
8255 6986 599339/1000000
748 6986 -709/250
38 6986 111/250
20 6986 69/1000
2 6986 239/1000
9630 6987 8989/500000
8468 6987 1
8258 6987 359553/1000000
8257 6987 599447/1000000
748 6987 -709/250
38 6987 111/250
20 6987 69/1000
2 6987 239/1000
9631 6988 17983/1000000
8494 6988 1
8260 6988 359661/1000000
8259 6988 599339/1000000
748 6988 -709/250
38 6988 111/250
20 6988 69/1000
2 6988 239/1000
9632 6989 17983/1000000
8520 6989 1
8262 6989 359661/1000000
8261 6989 599339/1000000
1021 6989 -709/250
39 6989 111/250
21 6989 69/1000
3 6989 239/1000
9633 6990 8989/500000
8548 6990 1
8264 6990 359553/1000000
8263 6990 599447/1000000
1021 6990 -709/250
39 6990 111/250
21 6990 69/1000
3 6990 239/1000
9634 6991 17983/1000000
8576 6991 1
8266 6991 359661/1000000
8265 6991 599339/1000000
1021 6991 -709/250
39 6991 111/250
21 6991 69/1000
3 6991 239/1000
9635 6992 17983/1000000
8604 6992 1
8268 6992 359661/1000000
8267 6992 599339/1000000
1294 6992 -709/250
40 6992 111/250
22 6992 69/1000
4 6992 239/1000
9636 6993 8989/500000
8633 6993 1
8270 6993 359553/1000000
8269 6993 599447/1000000
1294 6993 -709/250
40 6993 111/250
22 6993 69/1000
4 6993 239/1000
9637 6994 17983/1000000
8662 6994 1
8272 6994 359661/1000000
8271 6994 599339/1000000
1294 6994 -709/250
40 6994 111/250
22 6994 69/1000
4 6994 239/1000
9638 6995 17983/1000000
8691 6995 1
8274 6995 359661/1000000
8273 6995 599339/1000000
1567 6995 -709/250
41 6995 111/250
23 6995 69/1000
5 6995 239/1000
9639 6996 8989/500000
8720 6996 1
8276 6996 359553/1000000
8275 6996 599447/1000000
1567 6996 -709/250
41 6996 111/250
23 6996 69/1000
5 6996 239/1000
9640 6997 17983/1000000
8749 6997 1
8278 6997 359661/1000000
8277 6997 599339/1000000
1567 6997 -709/250
41 6997 111/250
23 6997 69/1000
5 6997 239/1000
9641 6998 17983/1000000
8778 6998 1
8280 6998 359661/1000000
8279 6998 599339/1000000
1840 6998 -709/250
42 6998 111/250
24 6998 69/1000
6 6998 239/1000
9642 6999 8989/500000
8807 6999 1
8282 6999 359553/1000000
8281 6999 599447/1000000
1840 6999 -709/250
42 6999 111/250
24 6999 69/1000
6 6999 239/1000
9643 7000 17983/1000000
8836 7000 1
8284 7000 359661/1000000
8283 7000 599339/1000000
1840 7000 -709/250
42 7000 111/250
24 7000 69/1000
6 7000 239/1000
9644 7001 17983/1000000
8865 7001 1
8286 7001 359661/1000000
8285 7001 599339/1000000
2113 7001 -709/250
43 7001 111/250
25 7001 69/1000
7 7001 239/1000
9645 7002 8989/500000
8894 7002 1
8288 7002 359553/1000000
8287 7002 599447/1000000
2113 7002 -709/250
43 7002 111/250
25 7002 69/1000
7 7002 239/1000
9646 7003 17983/1000000
8923 7003 1
8290 7003 359661/1000000
8289 7003 599339/1000000
2113 7003 -709/250
43 7003 111/250
25 7003 69/1000
7 7003 239/1000
9647 7004 17983/1000000
8952 7004 1
8292 7004 359661/1000000
8291 7004 599339/1000000
2386 7004 -709/250
44 7004 111/250
26 7004 69/1000
8 7004 239/1000
9648 7005 8989/500000
8981 7005 1
8294 7005 359553/1000000
8293 7005 599447/1000000
2386 7005 -709/250
44 7005 111/250
26 7005 69/1000
8 7005 239/1000
9649 7006 17983/1000000
9010 7006 1
8296 7006 359661/1000000
8295 7006 599339/1000000
2386 7006 -709/250
44 7006 111/250
26 7006 69/1000
8 7006 239/1000
9626 7007 17983/1000000
8368 7007 1
8250 7007 359661/1000000
8249 7007 599339/1000000
482 7007 -368/125
37 7007 59/125
19 7007 69/1000
1 7007 32/125
9627 7008 8989/500000
8393 7008 1
8252 7008 359553/1000000
8251 7008 599447/1000000
482 7008 -368/125
37 7008 59/125
19 7008 69/1000
1 7008 32/125
9628 7009 17983/1000000
8418 7009 1
8254 7009 359661/1000000
8253 7009 599339/1000000
482 7009 -368/125
37 7009 59/125
19 7009 69/1000
1 7009 32/125
9629 7010 17983/1000000
8443 7010 1
8256 7010 359661/1000000
8255 7010 599339/1000000
755 7010 -368/125
38 7010 59/125
20 7010 69/1000
2 7010 32/125
9630 7011 8989/500000
8469 7011 1
8258 7011 359553/1000000
8257 7011 599447/1000000
755 7011 -368/125
38 7011 59/125
20 7011 69/1000
2 7011 32/125
9631 7012 17983/1000000
8495 7012 1
8260 7012 359661/1000000
8259 7012 599339/1000000
755 7012 -368/125
38 7012 59/125
20 7012 69/1000
2 7012 32/125
9632 7013 17983/1000000
8521 7013 1
8262 7013 359661/1000000
8261 7013 599339/1000000
1028 7013 -368/125
39 7013 59/125
21 7013 69/1000
3 7013 32/125
9633 7014 8989/500000
8549 7014 1
8264 7014 359553/1000000
8263 7014 599447/1000000
1028 7014 -368/125
39 7014 59/125
21 7014 69/1000
3 7014 32/125
9634 7015 17983/1000000
8577 7015 1
8266 7015 359661/1000000
8265 7015 599339/1000000
1028 7015 -368/125
39 7015 59/125
21 7015 69/1000
3 7015 32/125
9635 7016 17983/1000000
8605 7016 1
8268 7016 359661/1000000
8267 7016 599339/1000000
1301 7016 -368/125
40 7016 59/125
22 7016 69/1000
4 7016 32/125
9637 7017 17983/1000000
8663 7017 1
8272 7017 359661/1000000
8271 7017 599339/1000000
1301 7017 -368/125
40 7017 59/125
22 7017 69/1000
4 7017 32/125
9638 7018 17983/1000000
8692 7018 1
8274 7018 359661/1000000
8273 7018 599339/1000000
1574 7018 -368/125
41 7018 59/125
23 7018 69/1000
5 7018 32/125
9640 7019 17983/1000000
8750 7019 1
8278 7019 359661/1000000
8277 7019 599339/1000000
1574 7019 -368/125
41 7019 59/125
23 7019 69/1000
5 7019 32/125
9641 7020 17983/1000000
8779 7020 1
8280 7020 359661/1000000
8279 7020 599339/1000000
1847 7020 -368/125
42 7020 59/125
24 7020 69/1000
6 7020 32/125
9643 7021 17983/1000000
8837 7021 1
8284 7021 359661/1000000
8283 7021 599339/1000000
1847 7021 -368/125
42 7021 59/125
24 7021 69/1000
6 7021 32/125
9644 7022 17983/1000000
8866 7022 1
8286 7022 359661/1000000
8285 7022 599339/1000000
2120 7022 -368/125
43 7022 59/125
25 7022 69/1000
7 7022 32/125
9645 7023 8989/500000
8895 7023 1
8288 7023 359553/1000000
8287 7023 599447/1000000
2120 7023 -368/125
43 7023 59/125
25 7023 69/1000
7 7023 32/125
9646 7024 17983/1000000
8924 7024 1
8290 7024 359661/1000000
8289 7024 599339/1000000
2120 7024 -368/125
43 7024 59/125
25 7024 69/1000
7 7024 32/125
9647 7025 17983/1000000
8953 7025 1
8292 7025 359661/1000000
8291 7025 599339/1000000
2393 7025 -368/125
44 7025 59/125
26 7025 69/1000
8 7025 32/125
9649 7026 17983/1000000
9011 7026 1
8296 7026 359661/1000000
8295 7026 599339/1000000
2393 7026 -368/125
44 7026 59/125
26 7026 69/1000
8 7026 32/125
8315 7027 1
8243 7027 959/1000
209 7027 -28283/10000
36 7027 131/1000
18 7027 69/1000
0 7027 28/125
8332 7028 1
8245 7028 959/1000
209 7028 -28283/10000
36 7028 131/1000
18 7028 69/1000
0 7028 28/125
8349 7029 1
8247 7029 959/1000
209 7029 -28283/10000
36 7029 131/1000
18 7029 69/1000
0 7029 28/125
8369 7030 1
8249 7030 959/1000
482 7030 -28283/10000
37 7030 131/1000
19 7030 69/1000
1 7030 28/125
8394 7031 1
8251 7031 959/1000
482 7031 -28283/10000
37 7031 131/1000
19 7031 69/1000
1 7031 28/125
8419 7032 1
8253 7032 959/1000
482 7032 -28283/10000
37 7032 131/1000
19 7032 69/1000
1 7032 28/125
8444 7033 1
8255 7033 959/1000
755 7033 -28283/10000
38 7033 131/1000
20 7033 69/1000
2 7033 28/125
8470 7034 1
8257 7034 959/1000
755 7034 -28283/10000
38 7034 131/1000
20 7034 69/1000
2 7034 28/125
8496 7035 1
8259 7035 959/1000
755 7035 -28283/10000
38 7035 131/1000
20 7035 69/1000
2 7035 28/125
8522 7036 1
8261 7036 959/1000
1028 7036 -28283/10000
39 7036 131/1000
21 7036 69/1000
3 7036 28/125
8550 7037 1
8263 7037 959/1000
1028 7037 -28283/10000
39 7037 131/1000
21 7037 69/1000
3 7037 28/125
8578 7038 1
8265 7038 959/1000
1028 7038 -28283/10000
39 7038 131/1000
21 7038 69/1000
3 7038 28/125
8606 7039 1
8267 7039 959/1000
1301 7039 -28283/10000
40 7039 131/1000
22 7039 69/1000
4 7039 28/125
8635 7040 1
8269 7040 959/1000
1301 7040 -28283/10000
40 7040 131/1000
22 7040 69/1000
4 7040 28/125
8664 7041 1
8271 7041 959/1000
1301 7041 -28283/10000
40 7041 131/1000
22 7041 69/1000
4 7041 28/125
8693 7042 1
8273 7042 959/1000
1574 7042 -28283/10000
41 7042 131/1000
23 7042 69/1000
5 7042 28/125
8722 7043 1
8275 7043 959/1000
1574 7043 -28283/10000
41 7043 131/1000
23 7043 69/1000
5 7043 28/125
8751 7044 1
8277 7044 959/1000
1574 7044 -28283/10000
41 7044 131/1000
23 7044 69/1000
5 7044 28/125
8780 7045 1
8279 7045 959/1000
1847 7045 -28283/10000
42 7045 131/1000
24 7045 69/1000
6 7045 28/125
8809 7046 1
8281 7046 959/1000
1847 7046 -28283/10000
42 7046 131/1000
24 7046 69/1000
6 7046 28/125
8838 7047 1
8283 7047 959/1000
1847 7047 -28283/10000
42 7047 131/1000
24 7047 69/1000
6 7047 28/125
8867 7048 1
8285 7048 959/1000
2120 7048 -28283/10000
43 7048 131/1000
25 7048 69/1000
7 7048 28/125
8896 7049 1
8287 7049 959/1000
2120 7049 -28283/10000
43 7049 131/1000
25 7049 69/1000
7 7049 28/125
8925 7050 1
8289 7050 959/1000
2120 7050 -28283/10000
43 7050 131/1000
25 7050 69/1000
7 7050 28/125
8954 7051 1
8291 7051 959/1000
2393 7051 -28283/10000
44 7051 131/1000
26 7051 69/1000
8 7051 28/125
8983 7052 1
8293 7052 959/1000
2393 7052 -28283/10000
44 7052 131/1000
26 7052 69/1000
8 7052 28/125
9012 7053 1
8295 7053 959/1000
2393 7053 -28283/10000
44 7053 131/1000
26 7053 69/1000
8 7053 28/125
9626 7054 17983/1000000
8370 7054 1
8250 7054 359661/1000000
8249 7054 599339/1000000
483 7054 -27901/10000
37 7054 639/1000
19 7054 69/1000
1 7054 253/1000
9627 7055 8989/500000
8395 7055 1
8252 7055 359553/1000000
8251 7055 599447/1000000
483 7055 -27901/10000
37 7055 639/1000
19 7055 69/1000
1 7055 253/1000
9628 7056 17983/1000000
8420 7056 1
8254 7056 359661/1000000
8253 7056 599339/1000000
483 7056 -27901/10000
37 7056 639/1000
19 7056 69/1000
1 7056 253/1000
9629 7057 17983/1000000
8445 7057 1
8256 7057 359661/1000000
8255 7057 599339/1000000
756 7057 -27901/10000
38 7057 639/1000
20 7057 69/1000
2 7057 253/1000
9630 7058 8989/500000
8471 7058 1
8258 7058 359553/1000000
8257 7058 599447/1000000
756 7058 -27901/10000
38 7058 639/1000
20 7058 69/1000
2 7058 253/1000
9631 7059 17983/1000000
8497 7059 1
8260 7059 359661/1000000
8259 7059 599339/1000000
756 7059 -27901/10000
38 7059 639/1000
20 7059 69/1000
2 7059 253/1000
9632 7060 17983/1000000
8523 7060 1
8262 7060 359661/1000000
8261 7060 599339/1000000
1029 7060 -27901/10000
39 7060 639/1000
21 7060 69/1000
3 7060 253/1000
9633 7061 8989/500000
8551 7061 1
8264 7061 359553/1000000
8263 7061 599447/1000000
1029 7061 -27901/10000
39 7061 639/1000
21 7061 69/1000
3 7061 253/1000
9634 7062 17983/1000000
8579 7062 1
8266 7062 359661/1000000
8265 7062 599339/1000000
1029 7062 -27901/10000
39 7062 639/1000
21 7062 69/1000
3 7062 253/1000
9635 7063 17983/1000000
8607 7063 1
8268 7063 359661/1000000
8267 7063 599339/1000000
1302 7063 -27901/10000
40 7063 639/1000
22 7063 69/1000
4 7063 253/1000
9636 7064 8989/500000
8636 7064 1
8270 7064 359553/1000000
8269 7064 599447/1000000
1302 7064 -27901/10000
40 7064 639/1000
22 7064 69/1000
4 7064 253/1000
9637 7065 17983/1000000
8665 7065 1
8272 7065 359661/1000000
8271 7065 599339/1000000
1302 7065 -27901/10000
40 7065 639/1000
22 7065 69/1000
4 7065 253/1000
9638 7066 17983/1000000
8694 7066 1
8274 7066 359661/1000000
8273 7066 599339/1000000
1575 7066 -27901/10000
41 7066 639/1000
23 7066 69/1000
5 7066 253/1000
9639 7067 8989/500000
8723 7067 1
8276 7067 359553/1000000
8275 7067 599447/1000000
1575 7067 -27901/10000
41 7067 639/1000
23 7067 69/1000
5 7067 253/1000
9640 7068 17983/1000000
8752 7068 1
8278 7068 359661/1000000
8277 7068 599339/1000000
1575 7068 -27901/10000
41 7068 639/1000
23 7068 69/1000
5 7068 253/1000
9641 7069 17983/1000000
8781 7069 1
8280 7069 359661/1000000
8279 7069 599339/1000000
1848 7069 -27901/10000
42 7069 639/1000
24 7069 69/1000
6 7069 253/1000
9642 7070 8989/500000
8810 7070 1
8282 7070 359553/1000000
8281 7070 599447/1000000
1848 7070 -27901/10000
42 7070 639/1000
24 7070 69/1000
6 7070 253/1000
9643 7071 17983/1000000
8839 7071 1
8284 7071 359661/1000000
8283 7071 599339/1000000
1848 7071 -27901/10000
42 7071 639/1000
24 7071 69/1000
6 7071 253/1000
9644 7072 17983/1000000
8868 7072 1
8286 7072 359661/1000000
8285 7072 599339/1000000
2121 7072 -27901/10000
43 7072 639/1000
25 7072 69/1000
7 7072 253/1000
9645 7073 8989/500000
8897 7073 1
8288 7073 359553/1000000
8287 7073 599447/1000000
2121 7073 -27901/10000
43 7073 639/1000
25 7073 69/1000
7 7073 253/1000
9646 7074 17983/1000000
8926 7074 1
8290 7074 359661/1000000
8289 7074 599339/1000000
2121 7074 -27901/10000
43 7074 639/1000
25 7074 69/1000
7 7074 253/1000
9647 7075 17983/1000000
8955 7075 1
8292 7075 359661/1000000
8291 7075 599339/1000000
2394 7075 -27901/10000
44 7075 639/1000
26 7075 69/1000
8 7075 253/1000
9648 7076 8989/500000
8984 7076 1
8294 7076 359553/1000000
8293 7076 599447/1000000
2394 7076 -27901/10000
44 7076 639/1000
26 7076 69/1000
8 7076 253/1000
9649 7077 17983/1000000
9013 7077 1
8296 7077 359661/1000000
8295 7077 599339/1000000
2394 7077 -27901/10000
44 7077 639/1000
26 7077 69/1000
8 7077 253/1000
9758 7078 -1
9695 7078 -1
9650 7078 -1
8316 7078 1
8243 7078 959/1000
327 7078 1111/250
320 7078 611/1000
316 7078 239/1000
202 7078 -33887/10000
9759 7079 -1
9696 7079 -1
9651 7079 -1
8421 7079 1
8253 7079 959/1000
600 7079 1111/250
593 7079 611/1000
589 7079 239/1000
475 7079 -33887/10000
9760 7080 -1
9697 7080 -1
9652 7080 -1
8446 7080 1
8255 7080 959/1000
873 7080 1111/250
866 7080 611/1000
862 7080 239/1000
748 7080 -33887/10000
9760 7081 -1
9697 7081 -1
9652 7081 -1
8472 7081 1
8257 7081 959/1000
873 7081 1111/250
866 7081 611/1000
862 7081 239/1000
748 7081 -33887/10000
9760 7082 -1
9697 7082 -1
9652 7082 -1
8498 7082 1
8259 7082 959/1000
873 7082 1111/250
866 7082 611/1000
862 7082 239/1000
748 7082 -33887/10000
9761 7083 -1
9698 7083 -1
9653 7083 -1
8524 7083 1
8261 7083 959/1000
1146 7083 1111/250
1139 7083 611/1000
1135 7083 239/1000
1021 7083 -33887/10000
9761 7084 -1
9698 7084 -1
9653 7084 -1
8552 7084 1
8263 7084 959/1000
1146 7084 1111/250
1139 7084 611/1000
1135 7084 239/1000
1021 7084 -33887/10000
9761 7085 -1
9698 7085 -1
9653 7085 -1
8580 7085 1
8265 7085 959/1000
1146 7085 1111/250
1139 7085 611/1000
1135 7085 239/1000
1021 7085 -33887/10000
9762 7086 -1
9699 7086 -1
9654 7086 -1
8608 7086 1
8267 7086 959/1000
1419 7086 1111/250
1412 7086 611/1000
1408 7086 239/1000
1294 7086 -33887/10000
9762 7087 -1
9699 7087 -1
9654 7087 -1
8637 7087 1
8269 7087 959/1000
1419 7087 1111/250
1412 7087 611/1000
1408 7087 239/1000
1294 7087 -33887/10000
9762 7088 -1
9699 7088 -1
9654 7088 -1
8666 7088 1
8271 7088 959/1000
1419 7088 1111/250
1412 7088 611/1000
1408 7088 239/1000
1294 7088 -33887/10000
9763 7089 -1
9700 7089 -1
9655 7089 -1
8695 7089 1
8273 7089 959/1000
1692 7089 1111/250
1685 7089 611/1000
1681 7089 239/1000
1567 7089 -33887/10000
9763 7090 -1
9700 7090 -1
9655 7090 -1
8724 7090 1
8275 7090 959/1000
1692 7090 1111/250
1685 7090 611/1000
1681 7090 239/1000
1567 7090 -33887/10000
9763 7091 -1
9700 7091 -1
9655 7091 -1
8753 7091 1
8277 7091 959/1000
1692 7091 1111/250
1685 7091 611/1000
1681 7091 239/1000
1567 7091 -33887/10000
9764 7092 -1
9701 7092 -1
9656 7092 -1
8782 7092 1
8279 7092 959/1000
1965 7092 1111/250
1958 7092 611/1000
1954 7092 239/1000
1840 7092 -33887/10000
9764 7093 -1
9701 7093 -1
9656 7093 -1
8811 7093 1
8281 7093 959/1000
1965 7093 1111/250
1958 7093 611/1000
1954 7093 239/1000
1840 7093 -33887/10000
9764 7094 -1
9701 7094 -1
9656 7094 -1
8840 7094 1
8283 7094 959/1000
1965 7094 1111/250
1958 7094 611/1000
1954 7094 239/1000
1840 7094 -33887/10000
9765 7095 -1
9702 7095 -1
9657 7095 -1
8869 7095 1
8285 7095 959/1000
2238 7095 1111/250
2231 7095 611/1000
2227 7095 239/1000
2113 7095 -33887/10000
9765 7096 -1
9702 7096 -1
9657 7096 -1
8927 7096 1
8289 7096 959/1000
2238 7096 1111/250
2231 7096 611/1000
2227 7096 239/1000
2113 7096 -33887/10000
9766 7097 -1
9703 7097 -1
9658 7097 -1
8956 7097 1
8291 7097 959/1000
2511 7097 1111/250
2504 7097 611/1000
2500 7097 239/1000
2386 7097 -33887/10000
9766 7098 -1
9703 7098 -1
9658 7098 -1
9014 7098 1
8295 7098 959/1000
2511 7098 1111/250
2504 7098 611/1000
2500 7098 239/1000
2386 7098 -33887/10000
9767 7099 -1
9704 7099 -1
9659 7099 -1
8317 7099 1
8243 7099 959/1000
328 7099 1111/250
321 7099 611/1000
317 7099 239/1000
202 7099 -33887/10000
9769 7100 -1
9706 7100 -1
9661 7100 -1
8447 7100 1
8255 7100 959/1000
874 7100 1111/250
867 7100 611/1000
863 7100 239/1000
748 7100 -33887/10000
9770 7101 -1
9707 7101 -1
9662 7101 -1
8525 7101 1
8261 7101 959/1000
1147 7101 1111/250
1140 7101 611/1000
1136 7101 239/1000
1021 7101 -33887/10000
9770 7102 -1
9707 7102 -1
9662 7102 -1
8553 7102 1
8263 7102 959/1000
1147 7102 1111/250
1140 7102 611/1000
1136 7102 239/1000
1021 7102 -33887/10000
9770 7103 -1
9707 7103 -1
9662 7103 -1
8581 7103 1
8265 7103 959/1000
1147 7103 1111/250
1140 7103 611/1000
1136 7103 239/1000
1021 7103 -33887/10000
9771 7104 -1
9708 7104 -1
9663 7104 -1
8609 7104 1
8267 7104 959/1000
1420 7104 1111/250
1413 7104 611/1000
1409 7104 239/1000
1294 7104 -33887/10000
9771 7105 -1
9708 7105 -1
9663 7105 -1
8638 7105 1
8269 7105 959/1000
1420 7105 1111/250
1413 7105 611/1000
1409 7105 239/1000
1294 7105 -33887/10000
9771 7106 -1
9708 7106 -1
9663 7106 -1
8667 7106 1
8271 7106 959/1000
1420 7106 1111/250
1413 7106 611/1000
1409 7106 239/1000
1294 7106 -33887/10000
9772 7107 -1
9709 7107 -1
9664 7107 -1
8696 7107 1
8273 7107 959/1000
1693 7107 1111/250
1686 7107 611/1000
1682 7107 239/1000
1567 7107 -33887/10000
9772 7108 -1
9709 7108 -1
9664 7108 -1
8725 7108 1
8275 7108 959/1000
1693 7108 1111/250
1686 7108 611/1000
1682 7108 239/1000
1567 7108 -33887/10000
9772 7109 -1
9709 7109 -1
9664 7109 -1
8754 7109 1
8277 7109 959/1000
1693 7109 1111/250
1686 7109 611/1000
1682 7109 239/1000
1567 7109 -33887/10000
9773 7110 -1
9710 7110 -1
9665 7110 -1
8783 7110 1
8279 7110 959/1000
1966 7110 1111/250
1959 7110 611/1000
1955 7110 239/1000
1840 7110 -33887/10000
9773 7111 -1
9710 7111 -1
9665 7111 -1
8812 7111 1
8281 7111 959/1000
1966 7111 1111/250
1959 7111 611/1000
1955 7111 239/1000
1840 7111 -33887/10000
9773 7112 -1
9710 7112 -1
9665 7112 -1
8841 7112 1
8283 7112 959/1000
1966 7112 1111/250
1959 7112 611/1000
1955 7112 239/1000
1840 7112 -33887/10000
9774 7113 -1
9711 7113 -1
9666 7113 -1
8870 7113 1
8285 7113 959/1000
2239 7113 1111/250
2232 7113 611/1000
2228 7113 239/1000
2113 7113 -33887/10000
9774 7114 -1
9711 7114 -1
9666 7114 -1
8899 7114 1
8287 7114 959/1000
2239 7114 1111/250
2232 7114 611/1000
2228 7114 239/1000
2113 7114 -33887/10000
9774 7115 -1
9711 7115 -1
9666 7115 -1
8928 7115 1
8289 7115 959/1000
2239 7115 1111/250
2232 7115 611/1000
2228 7115 239/1000
2113 7115 -33887/10000
9775 7116 -1
9712 7116 -1
9667 7116 -1
8957 7116 1
8291 7116 959/1000
2512 7116 1111/250
2505 7116 611/1000
2501 7116 239/1000
2386 7116 -33887/10000
9775 7117 -1
9712 7117 -1
9667 7117 -1
9015 7117 1
8295 7117 959/1000
2512 7117 1111/250
2505 7117 611/1000
2501 7117 239/1000
2386 7117 -33887/10000
9776 7118 -1
9713 7118 -1
9668 7118 -1
8318 7118 1
8243 7118 959/1000
329 7118 1111/250
322 7118 403/1000
318 7118 239/1000
202 7118 -33887/10000
9777 7119 -1
9714 7119 -1
9669 7119 -1
8373 7119 1
8249 7119 959/1000
602 7119 1111/250
595 7119 403/1000
591 7119 239/1000
475 7119 -33887/10000
9777 7120 -1
9714 7120 -1
9669 7120 -1
8398 7120 1
8251 7120 959/1000
602 7120 1111/250
595 7120 403/1000
591 7120 239/1000
475 7120 -33887/10000
9777 7121 -1
9714 7121 -1
9669 7121 -1
8423 7121 1
8253 7121 959/1000
602 7121 1111/250
595 7121 403/1000
591 7121 239/1000
475 7121 -33887/10000
9778 7122 -1
9715 7122 -1
9670 7122 -1
8448 7122 1
8255 7122 959/1000
875 7122 1111/250
868 7122 403/1000
864 7122 239/1000
748 7122 -33887/10000
9778 7123 -1
9715 7123 -1
9670 7123 -1
8474 7123 1
8257 7123 959/1000
875 7123 1111/250
868 7123 403/1000
864 7123 239/1000
748 7123 -33887/10000
9778 7124 -1
9715 7124 -1
9670 7124 -1
8500 7124 1
8259 7124 959/1000
875 7124 1111/250
868 7124 403/1000
864 7124 239/1000
748 7124 -33887/10000
9779 7125 -1
9716 7125 -1
9671 7125 -1
8526 7125 1
8261 7125 959/1000
1148 7125 1111/250
1141 7125 403/1000
1137 7125 239/1000
1021 7125 -33887/10000
9779 7126 -1
9716 7126 -1
9671 7126 -1
8554 7126 1
8263 7126 959/1000
1148 7126 1111/250
1141 7126 403/1000
1137 7126 239/1000
1021 7126 -33887/10000
9779 7127 -1
9716 7127 -1
9671 7127 -1
8582 7127 1
8265 7127 959/1000
1148 7127 1111/250
1141 7127 403/1000
1137 7127 239/1000
1021 7127 -33887/10000
9780 7128 -1
9717 7128 -1
9672 7128 -1
8610 7128 1
8267 7128 959/1000
1421 7128 1111/250
1414 7128 403/1000
1410 7128 239/1000
1294 7128 -33887/10000
9780 7129 -1
9717 7129 -1
9672 7129 -1
8639 7129 1
8269 7129 959/1000
1421 7129 1111/250
1414 7129 403/1000
1410 7129 239/1000
1294 7129 -33887/10000
9780 7130 -1
9717 7130 -1
9672 7130 -1
8668 7130 1
8271 7130 959/1000
1421 7130 1111/250
1414 7130 403/1000
1410 7130 239/1000
1294 7130 -33887/10000
9781 7131 -1
9718 7131 -1
9673 7131 -1
8697 7131 1
8273 7131 959/1000
1694 7131 1111/250
1687 7131 403/1000
1683 7131 239/1000
1567 7131 -33887/10000
9781 7132 -1
9718 7132 -1
9673 7132 -1
8726 7132 1
8275 7132 959/1000
1694 7132 1111/250
1687 7132 403/1000
1683 7132 239/1000
1567 7132 -33887/10000
9781 7133 -1
9718 7133 -1
9673 7133 -1
8755 7133 1
8277 7133 959/1000
1694 7133 1111/250
1687 7133 403/1000
1683 7133 239/1000
1567 7133 -33887/10000
9782 7134 -1
9719 7134 -1
9674 7134 -1
8784 7134 1
8279 7134 959/1000
1967 7134 1111/250
1960 7134 403/1000
1956 7134 239/1000
1840 7134 -33887/10000
9782 7135 -1
9719 7135 -1
9674 7135 -1
8813 7135 1
8281 7135 959/1000
1967 7135 1111/250
1960 7135 403/1000
1956 7135 239/1000
1840 7135 -33887/10000
9782 7136 -1
9719 7136 -1
9674 7136 -1
8842 7136 1
8283 7136 959/1000
1967 7136 1111/250
1960 7136 403/1000
1956 7136 239/1000
1840 7136 -33887/10000
9783 7137 -1
9720 7137 -1
9675 7137 -1
8871 7137 1
8285 7137 959/1000
2240 7137 1111/250
2233 7137 403/1000
2229 7137 239/1000
2113 7137 -33887/10000
9783 7138 -1
9720 7138 -1
9675 7138 -1
8900 7138 1
8287 7138 959/1000
2240 7138 1111/250
2233 7138 403/1000
2229 7138 239/1000
2113 7138 -33887/10000
9783 7139 -1
9720 7139 -1
9675 7139 -1
8929 7139 1
8289 7139 959/1000
2240 7139 1111/250
2233 7139 403/1000
2229 7139 239/1000
2113 7139 -33887/10000
9784 7140 -1
9721 7140 -1
9676 7140 -1
8958 7140 1
8291 7140 959/1000
2513 7140 1111/250
2506 7140 403/1000
2502 7140 239/1000
2386 7140 -33887/10000
9784 7141 -1
9721 7141 -1
9676 7141 -1
9016 7141 1
8295 7141 959/1000
2513 7141 1111/250
2506 7141 403/1000
2502 7141 239/1000
2386 7141 -33887/10000
9785 7142 -1
9722 7142 -1
9677 7142 -1
8319 7142 1
8243 7142 959/1000
330 7142 1111/250
323 7142 611/1000
319 7142 239/1000
202 7142 -33887/10000
9786 7143 -1
9723 7143 -1
9678 7143 -1
8374 7143 1
8249 7143 959/1000
603 7143 1111/250
596 7143 611/1000
592 7143 239/1000
475 7143 -33887/10000
9787 7144 -1
9724 7144 -1
9679 7144 -1
8449 7144 1
8255 7144 959/1000
876 7144 1111/250
869 7144 611/1000
865 7144 239/1000
748 7144 -33887/10000
9787 7145 -1
9724 7145 -1
9679 7145 -1
8475 7145 1
8257 7145 959/1000
876 7145 1111/250
869 7145 611/1000
865 7145 239/1000
748 7145 -33887/10000
9787 7146 -1
9724 7146 -1
9679 7146 -1
8501 7146 1
8259 7146 959/1000
876 7146 1111/250
869 7146 611/1000
865 7146 239/1000
748 7146 -33887/10000
9788 7147 -1
9725 7147 -1
9680 7147 -1
8527 7147 1
8261 7147 959/1000
1149 7147 1111/250
1142 7147 611/1000
1138 7147 239/1000
1021 7147 -33887/10000
9788 7148 -1
9725 7148 -1
9680 7148 -1
8555 7148 1
8263 7148 959/1000
1149 7148 1111/250
1142 7148 611/1000
1138 7148 239/1000
1021 7148 -33887/10000
9788 7149 -1
9725 7149 -1
9680 7149 -1
8583 7149 1
8265 7149 959/1000
1149 7149 1111/250
1142 7149 611/1000
1138 7149 239/1000
1021 7149 -33887/10000
9789 7150 -1
9726 7150 -1
9681 7150 -1
8611 7150 1
8267 7150 959/1000
1422 7150 1111/250
1415 7150 611/1000
1411 7150 239/1000
1294 7150 -33887/10000
9789 7151 -1
9726 7151 -1
9681 7151 -1
8640 7151 1
8269 7151 959/1000
1422 7151 1111/250
1415 7151 611/1000
1411 7151 239/1000
1294 7151 -33887/10000
9789 7152 -1
9726 7152 -1
9681 7152 -1
8669 7152 1
8271 7152 959/1000
1422 7152 1111/250
1415 7152 611/1000
1411 7152 239/1000
1294 7152 -33887/10000
9790 7153 -1
9727 7153 -1
9682 7153 -1
8698 7153 1
8273 7153 959/1000
1695 7153 1111/250
1688 7153 611/1000
1684 7153 239/1000
1567 7153 -33887/10000
9790 7154 -1
9727 7154 -1
9682 7154 -1
8727 7154 1
8275 7154 959/1000
1695 7154 1111/250
1688 7154 611/1000
1684 7154 239/1000
1567 7154 -33887/10000
9790 7155 -1
9727 7155 -1
9682 7155 -1
8756 7155 1
8277 7155 959/1000
1695 7155 1111/250
1688 7155 611/1000
1684 7155 239/1000
1567 7155 -33887/10000
9791 7156 -1
9728 7156 -1
9683 7156 -1
8785 7156 1
8279 7156 959/1000
1968 7156 1111/250
1961 7156 611/1000
1957 7156 239/1000
1840 7156 -33887/10000
9791 7157 -1
9728 7157 -1
9683 7157 -1
8814 7157 1
8281 7157 959/1000
1968 7157 1111/250
1961 7157 611/1000
1957 7157 239/1000
1840 7157 -33887/10000
9791 7158 -1
9728 7158 -1
9683 7158 -1
8843 7158 1
8283 7158 959/1000
1968 7158 1111/250
1961 7158 611/1000
1957 7158 239/1000
1840 7158 -33887/10000
9792 7159 -1
9729 7159 -1
9684 7159 -1
8872 7159 1
8285 7159 959/1000
2241 7159 1111/250
2234 7159 611/1000
2230 7159 239/1000
2113 7159 -33887/10000
9792 7160 -1
9729 7160 -1
9684 7160 -1
8901 7160 1
8287 7160 959/1000
2241 7160 1111/250
2234 7160 611/1000
2230 7160 239/1000
2113 7160 -33887/10000
9792 7161 -1
9729 7161 -1
9684 7161 -1
8930 7161 1
8289 7161 959/1000
2241 7161 1111/250
2234 7161 611/1000
2230 7161 239/1000
2113 7161 -33887/10000
9793 7162 -1
9730 7162 -1
9685 7162 -1
8959 7162 1
8291 7162 959/1000
2514 7162 1111/250
2507 7162 611/1000
2503 7162 239/1000
2386 7162 -33887/10000
9793 7163 -1
9730 7163 -1
9685 7163 -1
9017 7163 1
8295 7163 959/1000
2514 7163 1111/250
2507 7163 611/1000
2503 7163 239/1000
2386 7163 -33887/10000
8320 7164 1
8243 7164 959/1000
195 7164 -16399/5000
36 7164 431/1000
18 7164 629/1000
0 7164 257/1000
8337 7165 1
8245 7165 959/1000
195 7165 -16399/5000
36 7165 431/1000
18 7165 629/1000
0 7165 257/1000
8354 7166 1
8247 7166 959/1000
195 7166 -16399/5000
36 7166 431/1000
18 7166 629/1000
0 7166 257/1000
8375 7167 1
8249 7167 959/1000
468 7167 -16399/5000
37 7167 431/1000
19 7167 629/1000
1 7167 257/1000
8400 7168 1
8251 7168 959/1000
468 7168 -16399/5000
37 7168 431/1000
19 7168 629/1000
1 7168 257/1000
8425 7169 1
8253 7169 959/1000
468 7169 -16399/5000
37 7169 431/1000
19 7169 629/1000
1 7169 257/1000
8450 7170 1
8255 7170 959/1000
741 7170 -16399/5000
38 7170 431/1000
20 7170 629/1000
2 7170 257/1000
8476 7171 1
8257 7171 959/1000
741 7171 -16399/5000
38 7171 431/1000
20 7171 629/1000
2 7171 257/1000
8502 7172 1
8259 7172 959/1000
741 7172 -16399/5000
38 7172 431/1000
20 7172 629/1000
2 7172 257/1000
8528 7173 1
8261 7173 959/1000
1014 7173 -16399/5000
39 7173 431/1000
21 7173 629/1000
3 7173 257/1000
8556 7174 1
8263 7174 959/1000
1014 7174 -16399/5000
39 7174 431/1000
21 7174 629/1000
3 7174 257/1000
8584 7175 1
8265 7175 959/1000
1014 7175 -16399/5000
39 7175 431/1000
21 7175 629/1000
3 7175 257/1000
8612 7176 1
8267 7176 959/1000
1287 7176 -16399/5000
40 7176 431/1000
22 7176 629/1000
4 7176 257/1000
8641 7177 1
8269 7177 959/1000
1287 7177 -16399/5000
40 7177 431/1000
22 7177 629/1000
4 7177 257/1000
8670 7178 1
8271 7178 959/1000
1287 7178 -16399/5000
40 7178 431/1000
22 7178 629/1000
4 7178 257/1000
8699 7179 1
8273 7179 959/1000
1560 7179 -16399/5000
41 7179 431/1000
23 7179 629/1000
5 7179 257/1000
8728 7180 1
8275 7180 959/1000
1560 7180 -16399/5000
41 7180 431/1000
23 7180 629/1000
5 7180 257/1000
8757 7181 1
8277 7181 959/1000
1560 7181 -16399/5000
41 7181 431/1000
23 7181 629/1000
5 7181 257/1000
8786 7182 1
8279 7182 959/1000
1833 7182 -16399/5000
42 7182 431/1000
24 7182 629/1000
6 7182 257/1000
8815 7183 1
8281 7183 959/1000
1833 7183 -16399/5000
42 7183 431/1000
24 7183 629/1000
6 7183 257/1000
8844 7184 1
8283 7184 959/1000
1833 7184 -16399/5000
42 7184 431/1000
24 7184 629/1000
6 7184 257/1000
8873 7185 1
8285 7185 959/1000
2106 7185 -16399/5000
43 7185 431/1000
25 7185 629/1000
7 7185 257/1000
8902 7186 1
8287 7186 959/1000
2106 7186 -16399/5000
43 7186 431/1000
25 7186 629/1000
7 7186 257/1000
8931 7187 1
8289 7187 959/1000
2106 7187 -16399/5000
43 7187 431/1000
25 7187 629/1000
7 7187 257/1000
8321 7188 1
8243 7188 959/1000
208 7188 -24619/10000
18 7188 69/1000
0 7188 119/1000
8338 7189 1
8245 7189 959/1000
208 7189 -24619/10000
18 7189 69/1000
0 7189 119/1000
8355 7190 1
8247 7190 959/1000
208 7190 -24619/10000
18 7190 69/1000
0 7190 119/1000
8376 7191 1
8249 7191 959/1000
481 7191 -24619/10000
19 7191 69/1000
1 7191 119/1000
8401 7192 1
8251 7192 959/1000
481 7192 -24619/10000
19 7192 69/1000
1 7192 119/1000
8426 7193 1
8253 7193 959/1000
481 7193 -24619/10000
19 7193 69/1000
1 7193 119/1000
8451 7194 1
8255 7194 959/1000
754 7194 -24619/10000
20 7194 69/1000
2 7194 119/1000
8477 7195 1
8257 7195 959/1000
754 7195 -24619/10000
20 7195 69/1000
2 7195 119/1000
8503 7196 1
8259 7196 959/1000
754 7196 -24619/10000
20 7196 69/1000
2 7196 119/1000
8529 7197 1
8261 7197 959/1000
1027 7197 -24619/10000
21 7197 69/1000
3 7197 119/1000
8557 7198 1
8263 7198 959/1000
1027 7198 -24619/10000
21 7198 69/1000
3 7198 119/1000
8585 7199 1
8265 7199 959/1000
1027 7199 -24619/10000
21 7199 69/1000
3 7199 119/1000
8613 7200 1
8267 7200 959/1000
1300 7200 -24619/10000
22 7200 69/1000
4 7200 119/1000
8642 7201 1
8269 7201 959/1000
1300 7201 -24619/10000
22 7201 69/1000
4 7201 119/1000
8671 7202 1
8271 7202 959/1000
1300 7202 -24619/10000
22 7202 69/1000
4 7202 119/1000
8700 7203 1
8273 7203 959/1000
1573 7203 -24619/10000
23 7203 69/1000
5 7203 119/1000
8729 7204 1
8275 7204 959/1000
1573 7204 -24619/10000
23 7204 69/1000
5 7204 119/1000
8758 7205 1
8277 7205 959/1000
1573 7205 -24619/10000
23 7205 69/1000
5 7205 119/1000
8787 7206 1
8279 7206 959/1000
1846 7206 -24619/10000
24 7206 69/1000
6 7206 119/1000
8816 7207 1
8281 7207 959/1000
1846 7207 -24619/10000
24 7207 69/1000
6 7207 119/1000
8845 7208 1
8283 7208 959/1000
1846 7208 -24619/10000
24 7208 69/1000
6 7208 119/1000
8874 7209 1
8285 7209 959/1000
2119 7209 -24619/10000
25 7209 69/1000
7 7209 119/1000
8903 7210 1
8287 7210 959/1000
2119 7210 -24619/10000
25 7210 69/1000
7 7210 119/1000
8932 7211 1
8289 7211 959/1000
2119 7211 -24619/10000
25 7211 69/1000
7 7211 119/1000
8961 7212 1
8291 7212 959/1000
2392 7212 -24619/10000
26 7212 69/1000
8 7212 119/1000
8990 7213 1
8293 7213 959/1000
2392 7213 -24619/10000
26 7213 69/1000
8 7213 119/1000
9019 7214 1
8295 7214 959/1000
2392 7214 -24619/10000
26 7214 69/1000
8 7214 119/1000
9759 7215 -1
9696 7215 -1
9651 7215 -1
8378 7215 1
8249 7215 959/1000
600 7215 1111/250
593 7215 611/1000
589 7215 239/1000
475 7215 -30303/10000
9759 7216 -1
9696 7216 -1
9651 7216 -1
8403 7216 1
8251 7216 959/1000
600 7216 1111/250
593 7216 611/1000
589 7216 239/1000
475 7216 -30303/10000
9759 7217 -1
9696 7217 -1
9651 7217 -1
8428 7217 1
8253 7217 959/1000
600 7217 1111/250
593 7217 611/1000
589 7217 239/1000
475 7217 -30303/10000
9761 7218 -1
9698 7218 -1
9653 7218 -1
8531 7218 1
8261 7218 959/1000
1146 7218 1111/250
1139 7218 611/1000
1135 7218 239/1000
1021 7218 -30303/10000
9761 7219 -1
9698 7219 -1
9653 7219 -1
8587 7219 1
8265 7219 959/1000
1146 7219 1111/250
1139 7219 611/1000
1135 7219 239/1000
1021 7219 -30303/10000
9762 7220 -1
9699 7220 -1
9654 7220 -1
8615 7220 1
8267 7220 959/1000
1419 7220 1111/250
1412 7220 611/1000
1408 7220 239/1000
1294 7220 -30303/10000
9762 7221 -1
9699 7221 -1
9654 7221 -1
8644 7221 1
8269 7221 959/1000
1419 7221 1111/250
1412 7221 611/1000
1408 7221 239/1000
1294 7221 -30303/10000
9763 7222 -1
9700 7222 -1
9655 7222 -1
8702 7222 1
8273 7222 959/1000
1692 7222 1111/250
1685 7222 611/1000
1681 7222 239/1000
1567 7222 -30303/10000
9763 7223 -1
9700 7223 -1
9655 7223 -1
8760 7223 1
8277 7223 959/1000
1692 7223 1111/250
1685 7223 611/1000
1681 7223 239/1000
1567 7223 -30303/10000
9764 7224 -1
9701 7224 -1
9656 7224 -1
8818 7224 1
8281 7224 959/1000
1965 7224 1111/250
1958 7224 611/1000
1954 7224 239/1000
1840 7224 -30303/10000
9764 7225 -1
9701 7225 -1
9656 7225 -1
8847 7225 1
8283 7225 959/1000
1965 7225 1111/250
1958 7225 611/1000
1954 7225 239/1000
1840 7225 -30303/10000
9765 7226 -1
9702 7226 -1
9657 7226 -1
8876 7226 1
8285 7226 959/1000
2238 7226 1111/250
2231 7226 611/1000
2227 7226 239/1000
2113 7226 -30303/10000
9765 7227 -1
9702 7227 -1
9657 7227 -1
8934 7227 1
8289 7227 959/1000
2238 7227 1111/250
2231 7227 611/1000
2227 7227 239/1000
2113 7227 -30303/10000
9766 7228 -1
9703 7228 -1
9658 7228 -1
8963 7228 1
8291 7228 959/1000
2511 7228 1111/250
2504 7228 611/1000
2500 7228 239/1000
2386 7228 -30303/10000
9766 7229 -1
9703 7229 -1
9658 7229 -1
9021 7229 1
8295 7229 959/1000
2511 7229 1111/250
2504 7229 611/1000
2500 7229 239/1000
2386 7229 -30303/10000
9770 7230 -1
9707 7230 -1
9662 7230 -1
8532 7230 1
8261 7230 959/1000
1147 7230 1111/250
1140 7230 611/1000
1136 7230 239/1000
1021 7230 -30303/10000
9770 7231 -1
9707 7231 -1
9662 7231 -1
8560 7231 1
8263 7231 959/1000
1147 7231 1111/250
1140 7231 611/1000
1136 7231 239/1000
1021 7231 -30303/10000
9770 7232 -1
9707 7232 -1
9662 7232 -1
8588 7232 1
8265 7232 959/1000
1147 7232 1111/250
1140 7232 611/1000
1136 7232 239/1000
1021 7232 -30303/10000
9771 7233 -1
9708 7233 -1
9663 7233 -1
8616 7233 1
8267 7233 959/1000
1420 7233 1111/250
1413 7233 611/1000
1409 7233 239/1000
1294 7233 -30303/10000
9771 7234 -1
9708 7234 -1
9663 7234 -1
8645 7234 1
8269 7234 959/1000
1420 7234 1111/250
1413 7234 611/1000
1409 7234 239/1000
1294 7234 -30303/10000
9771 7235 -1
9708 7235 -1
9663 7235 -1
8674 7235 1
8271 7235 959/1000
1420 7235 1111/250
1413 7235 611/1000
1409 7235 239/1000
1294 7235 -30303/10000
9772 7236 -1
9709 7236 -1
9664 7236 -1
8703 7236 1
8273 7236 959/1000
1693 7236 1111/250
1686 7236 611/1000
1682 7236 239/1000
1567 7236 -30303/10000
9772 7237 -1
9709 7237 -1
9664 7237 -1
8732 7237 1
8275 7237 959/1000
1693 7237 1111/250
1686 7237 611/1000
1682 7237 239/1000
1567 7237 -30303/10000
9772 7238 -1
9709 7238 -1
9664 7238 -1
8761 7238 1
8277 7238 959/1000
1693 7238 1111/250
1686 7238 611/1000
1682 7238 239/1000
1567 7238 -30303/10000
9773 7239 -1
9710 7239 -1
9665 7239 -1
8790 7239 1
8279 7239 959/1000
1966 7239 1111/250
1959 7239 611/1000
1955 7239 239/1000
1840 7239 -30303/10000
9773 7240 -1
9710 7240 -1
9665 7240 -1
8819 7240 1
8281 7240 959/1000
1966 7240 1111/250
1959 7240 611/1000
1955 7240 239/1000
1840 7240 -30303/10000
9773 7241 -1
9710 7241 -1
9665 7241 -1
8848 7241 1
8283 7241 959/1000
1966 7241 1111/250
1959 7241 611/1000
1955 7241 239/1000
1840 7241 -30303/10000
9774 7242 -1
9711 7242 -1
9666 7242 -1
8877 7242 1
8285 7242 959/1000
2239 7242 1111/250
2232 7242 611/1000
2228 7242 239/1000
2113 7242 -30303/10000
9774 7243 -1
9711 7243 -1
9666 7243 -1
8906 7243 1
8287 7243 959/1000
2239 7243 1111/250
2232 7243 611/1000
2228 7243 239/1000
2113 7243 -30303/10000
9774 7244 -1
9711 7244 -1
9666 7244 -1
8935 7244 1
8289 7244 959/1000
2239 7244 1111/250
2232 7244 611/1000
2228 7244 239/1000
2113 7244 -30303/10000
9775 7245 -1
9712 7245 -1
9667 7245 -1
8964 7245 1
8291 7245 959/1000
2512 7245 1111/250
2505 7245 611/1000
2501 7245 239/1000
2386 7245 -30303/10000
9775 7246 -1
9712 7246 -1
9667 7246 -1
9022 7246 1
8295 7246 959/1000
2512 7246 1111/250
2505 7246 611/1000
2501 7246 239/1000
2386 7246 -30303/10000
9780 7247 -1
9717 7247 -1
9672 7247 -1
8617 7247 1
8267 7247 959/1000
1421 7247 1111/250
1414 7247 403/1000
1410 7247 239/1000
1294 7247 -30303/10000
9780 7248 -1
9717 7248 -1
9672 7248 -1
8646 7248 1
8269 7248 959/1000
1421 7248 1111/250
1414 7248 403/1000
1410 7248 239/1000
1294 7248 -30303/10000
9780 7249 -1
9717 7249 -1
9672 7249 -1
8675 7249 1
8271 7249 959/1000
1421 7249 1111/250
1414 7249 403/1000
1410 7249 239/1000
1294 7249 -30303/10000
9781 7250 -1
9718 7250 -1
9673 7250 -1
8704 7250 1
8273 7250 959/1000
1694 7250 1111/250
1687 7250 403/1000
1683 7250 239/1000
1567 7250 -30303/10000
9781 7251 -1
9718 7251 -1
9673 7251 -1
8733 7251 1
8275 7251 959/1000
1694 7251 1111/250
1687 7251 403/1000
1683 7251 239/1000
1567 7251 -30303/10000
9781 7252 -1
9718 7252 -1
9673 7252 -1
8762 7252 1
8277 7252 959/1000
1694 7252 1111/250
1687 7252 403/1000
1683 7252 239/1000
1567 7252 -30303/10000
9782 7253 -1
9719 7253 -1
9674 7253 -1
8791 7253 1
8279 7253 959/1000
1967 7253 1111/250
1960 7253 403/1000
1956 7253 239/1000
1840 7253 -30303/10000
9782 7254 -1
9719 7254 -1
9674 7254 -1
8820 7254 1
8281 7254 959/1000
1967 7254 1111/250
1960 7254 403/1000
1956 7254 239/1000
1840 7254 -30303/10000
9782 7255 -1
9719 7255 -1
9674 7255 -1
8849 7255 1
8283 7255 959/1000
1967 7255 1111/250
1960 7255 403/1000
1956 7255 239/1000
1840 7255 -30303/10000
9783 7256 -1
9720 7256 -1
9675 7256 -1
8878 7256 1
8285 7256 959/1000
2240 7256 1111/250
2233 7256 403/1000
2229 7256 239/1000
2113 7256 -30303/10000
9783 7257 -1
9720 7257 -1
9675 7257 -1
8907 7257 1
8287 7257 959/1000
2240 7257 1111/250
2233 7257 403/1000
2229 7257 239/1000
2113 7257 -30303/10000
9783 7258 -1
9720 7258 -1
9675 7258 -1
8936 7258 1
8289 7258 959/1000
2240 7258 1111/250
2233 7258 403/1000
2229 7258 239/1000
2113 7258 -30303/10000
9784 7259 -1
9721 7259 -1
9676 7259 -1
8965 7259 1
8291 7259 959/1000
2513 7259 1111/250
2506 7259 403/1000
2502 7259 239/1000
2386 7259 -30303/10000
9790 7260 -1
9727 7260 -1
9682 7260 -1
8705 7260 1
8273 7260 959/1000
1695 7260 1111/250
1688 7260 611/1000
1684 7260 239/1000
1567 7260 -30303/10000
9790 7261 -1
9727 7261 -1
9682 7261 -1
8734 7261 1
8275 7261 959/1000
1695 7261 1111/250
1688 7261 611/1000
1684 7261 239/1000
1567 7261 -30303/10000
9790 7262 -1
9727 7262 -1
9682 7262 -1
8763 7262 1
8277 7262 959/1000
1695 7262 1111/250
1688 7262 611/1000
1684 7262 239/1000
1567 7262 -30303/10000
9791 7263 -1
9728 7263 -1
9683 7263 -1
8792 7263 1
8279 7263 959/1000
1968 7263 1111/250
1961 7263 611/1000
1957 7263 239/1000
1840 7263 -30303/10000
9791 7264 -1
9728 7264 -1
9683 7264 -1
8821 7264 1
8281 7264 959/1000
1968 7264 1111/250
1961 7264 611/1000
1957 7264 239/1000
1840 7264 -30303/10000
9791 7265 -1
9728 7265 -1
9683 7265 -1
8850 7265 1
8283 7265 959/1000
1968 7265 1111/250
1961 7265 611/1000
1957 7265 239/1000
1840 7265 -30303/10000
9792 7266 -1
9729 7266 -1
9684 7266 -1
8879 7266 1
8285 7266 959/1000
2241 7266 1111/250
2234 7266 611/1000
2230 7266 239/1000
2113 7266 -30303/10000
9792 7267 -1
9729 7267 -1
9684 7267 -1
8908 7267 1
8287 7267 959/1000
2241 7267 1111/250
2234 7267 611/1000
2230 7267 239/1000
2113 7267 -30303/10000
9792 7268 -1
9729 7268 -1
9684 7268 -1
8937 7268 1
8289 7268 959/1000
2241 7268 1111/250
2234 7268 611/1000
2230 7268 239/1000
2113 7268 -30303/10000
8322 7269 1
8243 7269 959/1000
202 7269 -28209/10000
36 7269 111/250
18 7269 69/1000
0 7269 247/1000
8339 7270 1
8245 7270 959/1000
202 7270 -28209/10000
36 7270 111/250
18 7270 69/1000
0 7270 247/1000
8356 7271 1
8247 7271 959/1000
202 7271 -28209/10000
36 7271 111/250
18 7271 69/1000
0 7271 247/1000
8379 7272 1
8249 7272 959/1000
475 7272 -28209/10000
37 7272 111/250
19 7272 69/1000
1 7272 247/1000
8404 7273 1
8251 7273 959/1000
475 7273 -28209/10000
37 7273 111/250
19 7273 69/1000
1 7273 247/1000
8429 7274 1
8253 7274 959/1000
475 7274 -28209/10000
37 7274 111/250
19 7274 69/1000
1 7274 247/1000
8455 7275 1
8255 7275 959/1000
748 7275 -28209/10000
38 7275 111/250
20 7275 69/1000
2 7275 247/1000
8481 7276 1
8257 7276 959/1000
748 7276 -28209/10000
38 7276 111/250
20 7276 69/1000
2 7276 247/1000
8507 7277 1
8259 7277 959/1000
748 7277 -28209/10000
38 7277 111/250
20 7277 69/1000
2 7277 247/1000
8534 7278 1
8261 7278 959/1000
1021 7278 -28209/10000
39 7278 111/250
21 7278 69/1000
3 7278 247/1000
8562 7279 1
8263 7279 959/1000
1021 7279 -28209/10000
39 7279 111/250
21 7279 69/1000
3 7279 247/1000
8590 7280 1
8265 7280 959/1000
1021 7280 -28209/10000
39 7280 111/250
21 7280 69/1000
3 7280 247/1000
8619 7281 1
8267 7281 959/1000
1294 7281 -28209/10000
40 7281 111/250
22 7281 69/1000
4 7281 247/1000
8648 7282 1
8269 7282 959/1000
1294 7282 -28209/10000
40 7282 111/250
22 7282 69/1000
4 7282 247/1000
8677 7283 1
8271 7283 959/1000
1294 7283 -28209/10000
40 7283 111/250
22 7283 69/1000
4 7283 247/1000
8706 7284 1
8273 7284 959/1000
1567 7284 -28209/10000
41 7284 111/250
23 7284 69/1000
5 7284 247/1000
8735 7285 1
8275 7285 959/1000
1567 7285 -28209/10000
41 7285 111/250
23 7285 69/1000
5 7285 247/1000
8764 7286 1
8277 7286 959/1000
1567 7286 -28209/10000
41 7286 111/250
23 7286 69/1000
5 7286 247/1000
8793 7287 1
8279 7287 959/1000
1840 7287 -28209/10000
42 7287 111/250
24 7287 69/1000
6 7287 247/1000
8822 7288 1
8281 7288 959/1000
1840 7288 -28209/10000
42 7288 111/250
24 7288 69/1000
6 7288 247/1000
8851 7289 1
8283 7289 959/1000
1840 7289 -28209/10000
42 7289 111/250
24 7289 69/1000
6 7289 247/1000
8880 7290 1
8285 7290 959/1000
2113 7290 -28209/10000
43 7290 111/250
25 7290 69/1000
7 7290 247/1000
8909 7291 1
8287 7291 959/1000
2113 7291 -28209/10000
43 7291 111/250
25 7291 69/1000
7 7291 247/1000
8938 7292 1
8289 7292 959/1000
2113 7292 -28209/10000
43 7292 111/250
25 7292 69/1000
7 7292 247/1000
8967 7293 1
8291 7293 959/1000
2386 7293 -28209/10000
44 7293 111/250
26 7293 69/1000
8 7293 247/1000
8996 7294 1
8293 7294 959/1000
2386 7294 -28209/10000
44 7294 111/250
26 7294 69/1000
8 7294 247/1000
9025 7295 1
8295 7295 959/1000
2386 7295 -28209/10000
44 7295 111/250
26 7295 69/1000
8 7295 247/1000
9623 7296 17983/1000000
8323 7296 1
8244 7296 359661/1000000
8243 7296 599339/1000000
270 7296 -197/25000
269 7296 -436757/100000
9624 7297 8989/500000
8340 7297 1
8246 7297 359553/1000000
8245 7297 599447/1000000
270 7297 -197/25000
269 7297 -436757/100000
9625 7298 17983/1000000
8357 7298 1
8248 7298 359661/1000000
8247 7298 599339/1000000
270 7298 -197/25000
269 7298 -436757/100000
9626 7299 17983/1000000
8380 7299 1
8250 7299 359661/1000000
8249 7299 599339/1000000
543 7299 -197/25000
542 7299 -436757/100000
9627 7300 8989/500000
8405 7300 1
8252 7300 359553/1000000
8251 7300 599447/1000000
543 7300 -197/25000
542 7300 -436757/100000
9628 7301 17983/1000000
8430 7301 1
8254 7301 359661/1000000
8253 7301 599339/1000000
543 7301 -197/25000
542 7301 -436757/100000
9629 7302 17983/1000000
8456 7302 1
8256 7302 359661/1000000
8255 7302 599339/1000000
816 7302 -197/25000
815 7302 -436757/100000
9630 7303 8989/500000
8482 7303 1
8258 7303 359553/1000000
8257 7303 599447/1000000
816 7303 -197/25000
815 7303 -436757/100000
9631 7304 17983/1000000
8508 7304 1
8260 7304 359661/1000000
8259 7304 599339/1000000
816 7304 -197/25000
815 7304 -436757/100000
9632 7305 17983/1000000
8535 7305 1
8262 7305 359661/1000000
8261 7305 599339/1000000
1089 7305 -197/25000
1088 7305 -436757/100000
9633 7306 8989/500000
8563 7306 1
8264 7306 359553/1000000
8263 7306 599447/1000000
1089 7306 -197/25000
1088 7306 -436757/100000
9634 7307 17983/1000000
8591 7307 1
8266 7307 359661/1000000
8265 7307 599339/1000000
1089 7307 -197/25000
1088 7307 -436757/100000
9635 7308 17983/1000000
8620 7308 1
8268 7308 359661/1000000
8267 7308 599339/1000000
1362 7308 -197/25000
1361 7308 -436757/100000
9636 7309 8989/500000
8649 7309 1
8270 7309 359553/1000000
8269 7309 599447/1000000
1362 7309 -197/25000
1361 7309 -436757/100000
9637 7310 17983/1000000
8678 7310 1
8272 7310 359661/1000000
8271 7310 599339/1000000
1362 7310 -197/25000
1361 7310 -436757/100000
9638 7311 17983/1000000
8707 7311 1
8274 7311 359661/1000000
8273 7311 599339/1000000
1635 7311 -197/25000
1634 7311 -436757/100000
9639 7312 8989/500000
8736 7312 1
8276 7312 359553/1000000
8275 7312 599447/1000000
1635 7312 -197/25000
1634 7312 -436757/100000
9640 7313 17983/1000000
8765 7313 1
8278 7313 359661/1000000
8277 7313 599339/1000000
1635 7313 -197/25000
1634 7313 -436757/100000
9641 7314 17983/1000000
8794 7314 1
8280 7314 359661/1000000
8279 7314 599339/1000000
1908 7314 -197/25000
1907 7314 -436757/100000
9642 7315 8989/500000
8823 7315 1
8282 7315 359553/1000000
8281 7315 599447/1000000
1908 7315 -197/25000
1907 7315 -436757/100000
9643 7316 17983/1000000
8852 7316 1
8284 7316 359661/1000000
8283 7316 599339/1000000
1908 7316 -197/25000
1907 7316 -436757/100000
9644 7317 17983/1000000
8881 7317 1
8286 7317 359661/1000000
8285 7317 599339/1000000
2181 7317 -197/25000
2180 7317 -436757/100000
9645 7318 8989/500000
8910 7318 1
8288 7318 359553/1000000
8287 7318 599447/1000000
2181 7318 -197/25000
2180 7318 -436757/100000
9646 7319 17983/1000000
8939 7319 1
8290 7319 359661/1000000
8289 7319 599339/1000000
2181 7319 -197/25000
2180 7319 -436757/100000
9647 7320 17983/1000000
8968 7320 1
8292 7320 359661/1000000
8291 7320 599339/1000000
2454 7320 -197/25000
2453 7320 -436757/100000
9648 7321 8989/500000
8997 7321 1
8294 7321 359553/1000000
8293 7321 599447/1000000
2454 7321 -197/25000
2453 7321 -436757/100000
9649 7322 17983/1000000
9026 7322 1
8296 7322 359661/1000000
8295 7322 599339/1000000
2454 7322 -197/25000
2453 7322 -436757/100000
9623 7323 17983/1000000
8324 7323 1
8244 7323 359661/1000000
8243 7323 599339/1000000
270 7323 -197/25000
269 7323 -436757/100000
9624 7324 8989/500000
8341 7324 1
8246 7324 359553/1000000
8245 7324 599447/1000000
270 7324 -197/25000
269 7324 -436757/100000
9625 7325 17983/1000000
8358 7325 1
8248 7325 359661/1000000
8247 7325 599339/1000000
270 7325 -197/25000
269 7325 -436757/100000
9626 7326 17983/1000000
8381 7326 1
8250 7326 359661/1000000
8249 7326 599339/1000000
543 7326 -197/25000
542 7326 -436757/100000
9627 7327 8989/500000
8406 7327 1
8252 7327 359553/1000000
8251 7327 599447/1000000
543 7327 -197/25000
542 7327 -436757/100000
9628 7328 17983/1000000
8431 7328 1
8254 7328 359661/1000000
8253 7328 599339/1000000
543 7328 -197/25000
542 7328 -436757/100000
9629 7329 17983/1000000
8457 7329 1
8256 7329 359661/1000000
8255 7329 599339/1000000
816 7329 -197/25000
815 7329 -436757/100000
9630 7330 8989/500000
8483 7330 1
8258 7330 359553/1000000
8257 7330 599447/1000000
816 7330 -197/25000
815 7330 -436757/100000
9631 7331 17983/1000000
8509 7331 1
8260 7331 359661/1000000
8259 7331 599339/1000000
816 7331 -197/25000
815 7331 -436757/100000
9632 7332 17983/1000000
8536 7332 1
8262 7332 359661/1000000
8261 7332 599339/1000000
1089 7332 -197/25000
1088 7332 -436757/100000
9633 7333 8989/500000
8564 7333 1
8264 7333 359553/1000000
8263 7333 599447/1000000
1089 7333 -197/25000
1088 7333 -436757/100000
9634 7334 17983/1000000
8592 7334 1
8266 7334 359661/1000000
8265 7334 599339/1000000
1089 7334 -197/25000
1088 7334 -436757/100000
9635 7335 17983/1000000
8621 7335 1
8268 7335 359661/1000000
8267 7335 599339/1000000
1362 7335 -197/25000
1361 7335 -436757/100000
9636 7336 8989/500000
8650 7336 1
8270 7336 359553/1000000
8269 7336 599447/1000000
1362 7336 -197/25000
1361 7336 -436757/100000
9637 7337 17983/1000000
8679 7337 1
8272 7337 359661/1000000
8271 7337 599339/1000000
1362 7337 -197/25000
1361 7337 -436757/100000
9638 7338 17983/1000000
8708 7338 1
8274 7338 359661/1000000
8273 7338 599339/1000000
1635 7338 -197/25000
1634 7338 -436757/100000
9639 7339 8989/500000
8737 7339 1
8276 7339 359553/1000000
8275 7339 599447/1000000
1635 7339 -197/25000
1634 7339 -436757/100000
9640 7340 17983/1000000
8766 7340 1
8278 7340 359661/1000000
8277 7340 599339/1000000
1635 7340 -197/25000
1634 7340 -436757/100000
9641 7341 17983/1000000
8795 7341 1
8280 7341 359661/1000000
8279 7341 599339/1000000
1908 7341 -197/25000
1907 7341 -436757/100000
9642 7342 8989/500000
8824 7342 1
8282 7342 359553/1000000
8281 7342 599447/1000000
1908 7342 -197/25000
1907 7342 -436757/100000
9643 7343 17983/1000000
8853 7343 1
8284 7343 359661/1000000
8283 7343 599339/1000000
1908 7343 -197/25000
1907 7343 -436757/100000
9644 7344 17983/1000000
8882 7344 1
8286 7344 359661/1000000
8285 7344 599339/1000000
2181 7344 -197/25000
2180 7344 -436757/100000
9645 7345 8989/500000
8911 7345 1
8288 7345 359553/1000000
8287 7345 599447/1000000
2181 7345 -197/25000
2180 7345 -436757/100000
9646 7346 17983/1000000
8940 7346 1
8290 7346 359661/1000000
8289 7346 599339/1000000
2181 7346 -197/25000
2180 7346 -436757/100000
9647 7347 17983/1000000
8969 7347 1
8292 7347 359661/1000000
8291 7347 599339/1000000
2454 7347 -197/25000
2453 7347 -436757/100000
9648 7348 8989/500000
8998 7348 1
8294 7348 359553/1000000
8293 7348 599447/1000000
2454 7348 -197/25000
2453 7348 -436757/100000
9649 7349 17983/1000000
9027 7349 1
8296 7349 359661/1000000
8295 7349 599339/1000000
2454 7349 -197/25000
2453 7349 -436757/100000
8325 7350 1
8243 7350 959/1000
8342 7351 1
8245 7351 959/1000
8359 7352 1
8247 7352 959/1000
8382 7353 1
8249 7353 959/1000
8407 7354 1
8251 7354 959/1000
8432 7355 1
8253 7355 959/1000
8458 7356 1
8255 7356 959/1000
8484 7357 1
8257 7357 959/1000
8510 7358 1
8259 7358 959/1000
8537 7359 1
8261 7359 959/1000
8565 7360 1
8263 7360 959/1000
8593 7361 1
8265 7361 959/1000
8622 7362 1
8267 7362 959/1000
8651 7363 1
8269 7363 959/1000
8680 7364 1
8271 7364 959/1000
8709 7365 1
8273 7365 959/1000
8738 7366 1
8275 7366 959/1000
8767 7367 1
8277 7367 959/1000
8796 7368 1
8279 7368 959/1000
8825 7369 1
8281 7369 959/1000
8854 7370 1
8283 7370 959/1000
8883 7371 1
8285 7371 959/1000
8912 7372 1
8287 7372 959/1000
8941 7373 1
8289 7373 959/1000
8970 7374 1
8291 7374 959/1000
8999 7375 1
8293 7375 959/1000
9028 7376 1
8295 7376 959/1000
9731 7377 3/400
8326 7377 1
8243 7377 959/1000
315 7377 3/400
9731 7378 3/400
8343 7378 1
8245 7378 959/1000
315 7378 3/400
9731 7379 3/400
8360 7379 1
8247 7379 959/1000
315 7379 3/400
9732 7380 3/400
8383 7380 1
8249 7380 959/1000
588 7380 3/400
9732 7381 3/400
8408 7381 1
8251 7381 959/1000
588 7381 3/400
9732 7382 3/400
8433 7382 1
8253 7382 959/1000
588 7382 3/400
9733 7383 3/400
8459 7383 1
8255 7383 959/1000
861 7383 3/400
9733 7384 3/400
8485 7384 1
8257 7384 959/1000
861 7384 3/400
9733 7385 3/400
8511 7385 1
8259 7385 959/1000
861 7385 3/400
9734 7386 3/400
8538 7386 1
8261 7386 959/1000
1134 7386 3/400
9734 7387 3/400
8566 7387 1
8263 7387 959/1000
1134 7387 3/400
9734 7388 3/400
8594 7388 1
8265 7388 959/1000
1134 7388 3/400
9735 7389 3/400
8623 7389 1
8267 7389 959/1000
1407 7389 3/400
9735 7390 3/400
8652 7390 1
8269 7390 959/1000
1407 7390 3/400
9735 7391 3/400
8681 7391 1
8271 7391 959/1000
1407 7391 3/400
9736 7392 3/400
8710 7392 1
8273 7392 959/1000
1680 7392 3/400
9736 7393 3/400
8739 7393 1
8275 7393 959/1000
1680 7393 3/400
9736 7394 3/400
8768 7394 1
8277 7394 959/1000
1680 7394 3/400
9737 7395 3/400
8797 7395 1
8279 7395 959/1000
1953 7395 3/400
9737 7396 3/400
8826 7396 1
8281 7396 959/1000
1953 7396 3/400
9737 7397 3/400
8855 7397 1
8283 7397 959/1000
1953 7397 3/400
9738 7398 3/400
8884 7398 1
8285 7398 959/1000
2226 7398 3/400
9738 7399 3/400
8913 7399 1
8287 7399 959/1000
2226 7399 3/400
9738 7400 3/400
8942 7400 1
8289 7400 959/1000
2226 7400 3/400
9739 7401 3/400
8971 7401 1
8291 7401 959/1000
2499 7401 3/400
9739 7402 3/400
9000 7402 1
8293 7402 959/1000
2499 7402 3/400
9739 7403 3/400
9029 7403 1
8295 7403 959/1000
2499 7403 3/400
9732 7404 3/400
8384 7404 1
8249 7404 959/1000
588 7404 3/400
9732 7405 3/400
8409 7405 1
8251 7405 959/1000
588 7405 3/400
9732 7406 3/400
8434 7406 1
8253 7406 959/1000
588 7406 3/400
9733 7407 3/400
8460 7407 1
8255 7407 959/1000
861 7407 3/400
9733 7408 3/400
8486 7408 1
8257 7408 959/1000
861 7408 3/400
9733 7409 3/400
8512 7409 1
8259 7409 959/1000
861 7409 3/400
9734 7410 3/400
8539 7410 1
8261 7410 959/1000
1134 7410 3/400
9734 7411 3/400
8567 7411 1
8263 7411 959/1000
1134 7411 3/400
9734 7412 3/400
8595 7412 1
8265 7412 959/1000
1134 7412 3/400
9735 7413 3/400
8624 7413 1
8267 7413 959/1000
1407 7413 3/400
9735 7414 3/400
8653 7414 1
8269 7414 959/1000
1407 7414 3/400
9735 7415 3/400
8682 7415 1
8271 7415 959/1000
1407 7415 3/400
9736 7416 3/400
8711 7416 1
8273 7416 959/1000
1680 7416 3/400
9736 7417 3/400
8740 7417 1
8275 7417 959/1000
1680 7417 3/400
9736 7418 3/400
8769 7418 1
8277 7418 959/1000
1680 7418 3/400
9737 7419 3/400
8798 7419 1
8279 7419 959/1000
1953 7419 3/400
9737 7420 3/400
8827 7420 1
8281 7420 959/1000
1953 7420 3/400
9737 7421 3/400
8856 7421 1
8283 7421 959/1000
1953 7421 3/400
9738 7422 3/400
8885 7422 1
8285 7422 959/1000
2226 7422 3/400
9738 7423 3/400
8914 7423 1
8287 7423 959/1000
2226 7423 3/400
9738 7424 3/400
8943 7424 1
8289 7424 959/1000
2226 7424 3/400
9739 7425 3/400
8972 7425 1
8291 7425 959/1000
2499 7425 3/400
9739 7426 3/400
9001 7426 1
8293 7426 959/1000
2499 7426 3/400
9739 7427 3/400
9030 7427 1
8295 7427 959/1000
2499 7427 3/400
9731 7428 3/400
8327 7428 1
8243 7428 959/1000
315 7428 3/400
9731 7429 3/400
8344 7429 1
8245 7429 959/1000
315 7429 3/400
9731 7430 3/400
8361 7430 1
8247 7430 959/1000
315 7430 3/400
9732 7431 3/400
8385 7431 1
8249 7431 959/1000
588 7431 3/400
9732 7432 3/400
8410 7432 1
8251 7432 959/1000
588 7432 3/400
9732 7433 3/400
8435 7433 1
8253 7433 959/1000
588 7433 3/400
9733 7434 3/400
8461 7434 1
8255 7434 959/1000
861 7434 3/400
9733 7435 3/400
8487 7435 1
8257 7435 959/1000
861 7435 3/400
9733 7436 3/400
8513 7436 1
8259 7436 959/1000
861 7436 3/400
9734 7437 3/400
8540 7437 1
8261 7437 959/1000
1134 7437 3/400
9734 7438 3/400
8568 7438 1
8263 7438 959/1000
1134 7438 3/400
9734 7439 3/400
8596 7439 1
8265 7439 959/1000
1134 7439 3/400
9735 7440 3/400
8625 7440 1
8267 7440 959/1000
1407 7440 3/400
9735 7441 3/400
8654 7441 1
8269 7441 959/1000
1407 7441 3/400
9735 7442 3/400
8683 7442 1
8271 7442 959/1000
1407 7442 3/400
9736 7443 3/400
8712 7443 1
8273 7443 959/1000
1680 7443 3/400
9736 7444 3/400
8741 7444 1
8275 7444 959/1000
1680 7444 3/400
9736 7445 3/400
8770 7445 1
8277 7445 959/1000
1680 7445 3/400
9737 7446 3/400
8799 7446 1
8279 7446 959/1000
1953 7446 3/400
9737 7447 3/400
8828 7447 1
8281 7447 959/1000
1953 7447 3/400
9737 7448 3/400
8857 7448 1
8283 7448 959/1000
1953 7448 3/400
9738 7449 3/400
8886 7449 1
8285 7449 959/1000
2226 7449 3/400
9738 7450 3/400
8915 7450 1
8287 7450 959/1000
2226 7450 3/400
9738 7451 3/400
8944 7451 1
8289 7451 959/1000
2226 7451 3/400
9739 7452 3/400
8973 7452 1
8291 7452 959/1000
2499 7452 3/400
9739 7453 3/400
9002 7453 1
8293 7453 959/1000
2499 7453 3/400
9739 7454 3/400
9031 7454 1
8295 7454 959/1000
2499 7454 3/400
9731 7455 3/400
8328 7455 1
8243 7455 959/1000
315 7455 3/400
9731 7456 3/400
8345 7456 1
8245 7456 959/1000
315 7456 3/400
9731 7457 3/400
8362 7457 1
8247 7457 959/1000
315 7457 3/400
9732 7458 3/400
8386 7458 1
8249 7458 959/1000
588 7458 3/400
9732 7459 3/400
8411 7459 1
8251 7459 959/1000
588 7459 3/400
9732 7460 3/400
8436 7460 1
8253 7460 959/1000
588 7460 3/400
9733 7461 3/400
8462 7461 1
8255 7461 959/1000
861 7461 3/400
9733 7462 3/400
8488 7462 1
8257 7462 959/1000
861 7462 3/400
9733 7463 3/400
8514 7463 1
8259 7463 959/1000
861 7463 3/400
9734 7464 3/400
8541 7464 1
8261 7464 959/1000
1134 7464 3/400
9734 7465 3/400
8569 7465 1
8263 7465 959/1000
1134 7465 3/400
9734 7466 3/400
8597 7466 1
8265 7466 959/1000
1134 7466 3/400
9735 7467 3/400
8626 7467 1
8267 7467 959/1000
1407 7467 3/400
9735 7468 3/400
8655 7468 1
8269 7468 959/1000
1407 7468 3/400
9735 7469 3/400
8684 7469 1
8271 7469 959/1000
1407 7469 3/400
9736 7470 3/400
8713 7470 1
8273 7470 959/1000
1680 7470 3/400
9736 7471 3/400
8742 7471 1
8275 7471 959/1000
1680 7471 3/400
9736 7472 3/400
8771 7472 1
8277 7472 959/1000
1680 7472 3/400
9737 7473 3/400
8800 7473 1
8279 7473 959/1000
1953 7473 3/400
9737 7474 3/400
8829 7474 1
8281 7474 959/1000
1953 7474 3/400
9737 7475 3/400
8858 7475 1
8283 7475 959/1000
1953 7475 3/400
9738 7476 3/400
8887 7476 1
8285 7476 959/1000
2226 7476 3/400
9738 7477 3/400
8916 7477 1
8287 7477 959/1000
2226 7477 3/400
9738 7478 3/400
8945 7478 1
8289 7478 959/1000
2226 7478 3/400
9739 7479 3/400
8974 7479 1
8291 7479 959/1000
2499 7479 3/400
9739 7480 3/400
9003 7480 1
8293 7480 959/1000
2499 7480 3/400
9739 7481 3/400
9032 7481 1
8295 7481 959/1000
2499 7481 3/400
9732 7482 3/400
8387 7482 1
8249 7482 959/1000
588 7482 3/400
9732 7483 3/400
8412 7483 1
8251 7483 959/1000
588 7483 3/400
9732 7484 3/400
8437 7484 1
8253 7484 959/1000
588 7484 3/400
9733 7485 3/400
8463 7485 1
8255 7485 959/1000
861 7485 3/400
9733 7486 3/400
8489 7486 1
8257 7486 959/1000
861 7486 3/400
9733 7487 3/400
8515 7487 1
8259 7487 959/1000
861 7487 3/400
9734 7488 3/400
8542 7488 1
8261 7488 959/1000
1134 7488 3/400
9734 7489 3/400
8570 7489 1
8263 7489 959/1000
1134 7489 3/400
9734 7490 3/400
8598 7490 1
8265 7490 959/1000
1134 7490 3/400
9735 7491 3/400
8627 7491 1
8267 7491 959/1000
1407 7491 3/400
9735 7492 3/400
8656 7492 1
8269 7492 959/1000
1407 7492 3/400
9735 7493 3/400
8685 7493 1
8271 7493 959/1000
1407 7493 3/400
9736 7494 3/400
8714 7494 1
8273 7494 959/1000
1680 7494 3/400
9736 7495 3/400
8743 7495 1
8275 7495 959/1000
1680 7495 3/400
9736 7496 3/400
8772 7496 1
8277 7496 959/1000
1680 7496 3/400
9737 7497 3/400
8801 7497 1
8279 7497 959/1000
1953 7497 3/400
9737 7498 3/400
8830 7498 1
8281 7498 959/1000
1953 7498 3/400
9737 7499 3/400
8859 7499 1
8283 7499 959/1000
1953 7499 3/400
9738 7500 3/400
8888 7500 1
8285 7500 959/1000
2226 7500 3/400
9738 7501 3/400
8917 7501 1
8287 7501 959/1000
2226 7501 3/400
9738 7502 3/400
8946 7502 1
8289 7502 959/1000
2226 7502 3/400
9739 7503 3/400
8975 7503 1
8291 7503 959/1000
2499 7503 3/400
9739 7504 3/400
9004 7504 1
8293 7504 959/1000
2499 7504 3/400
9739 7505 3/400
9033 7505 1
8295 7505 959/1000
2499 7505 3/400
9734 7506 3/400
8543 7506 1
8261 7506 959/1000
1134 7506 3/400
9734 7507 3/400
8571 7507 1
8263 7507 959/1000
1134 7507 3/400
9734 7508 3/400
8599 7508 1
8265 7508 959/1000
1134 7508 3/400
9735 7509 3/400
8628 7509 1
8267 7509 959/1000
1407 7509 3/400
9735 7510 3/400
8657 7510 1
8269 7510 959/1000
1407 7510 3/400
9735 7511 3/400
8686 7511 1
8271 7511 959/1000
1407 7511 3/400
9736 7512 3/400
8715 7512 1
8273 7512 959/1000
1680 7512 3/400
9736 7513 3/400
8744 7513 1
8275 7513 959/1000
1680 7513 3/400
9736 7514 3/400
8773 7514 1
8277 7514 959/1000
1680 7514 3/400
9737 7515 3/400
8802 7515 1
8279 7515 959/1000
1953 7515 3/400
9737 7516 3/400
8831 7516 1
8281 7516 959/1000
1953 7516 3/400
9737 7517 3/400
8860 7517 1
8283 7517 959/1000
1953 7517 3/400
9738 7518 3/400
8889 7518 1
8285 7518 959/1000
2226 7518 3/400
9738 7519 3/400
8918 7519 1
8287 7519 959/1000
2226 7519 3/400
9738 7520 3/400
8947 7520 1
8289 7520 959/1000
2226 7520 3/400
9739 7521 3/400
8976 7521 1
8291 7521 959/1000
2499 7521 3/400
9739 7522 3/400
9005 7522 1
8293 7522 959/1000
2499 7522 3/400
9739 7523 3/400
9034 7523 1
8295 7523 959/1000
2499 7523 3/400
8329 7524 1
8243 7524 1
8346 7525 1
8245 7525 1
8363 7526 1
8247 7526 1
8388 7527 1
8249 7527 1
8413 7528 1
8251 7528 1
8438 7529 1
8253 7529 1
8464 7530 1
8255 7530 1
8490 7531 1
8257 7531 1
8516 7532 1
8259 7532 1
8544 7533 1
8261 7533 1
8572 7534 1
8263 7534 1
8600 7535 1
8265 7535 1
8629 7536 1
8267 7536 1
8658 7537 1
8269 7537 1
8687 7538 1
8271 7538 1
8716 7539 1
8273 7539 1
8745 7540 1
8275 7540 1
8774 7541 1
8277 7541 1
8803 7542 1
8279 7542 1
8832 7543 1
8281 7543 1
8861 7544 1
8283 7544 1
8890 7545 1
8285 7545 1
8919 7546 1
8287 7546 1
8948 7547 1
8289 7547 1
8977 7548 1
8291 7548 1
9006 7549 1
8293 7549 1
9035 7550 1
8295 7550 1
8330 7551 1
8243 7551 1
251 7551 -5399/2500
8389 7552 1
8249 7552 1
524 7552 -2
8465 7553 1
8255 7553 1
797 7553 -2
8491 7554 1
8257 7554 1
797 7554 -2
8517 7555 1
8259 7555 1
797 7555 -2
8545 7556 1
8261 7556 1
1070 7556 -2
8573 7557 1
8263 7557 1
1070 7557 -2
8601 7558 1
8265 7558 1
1070 7558 -2
8659 7559 1
8269 7559 1
1343 7559 -2
8688 7560 1
8271 7560 1
1343 7560 -2
8717 7561 1
8273 7561 1
1616 7561 -2
8775 7562 1
8277 7562 1
1616 7562 -2
8804 7563 1
8279 7563 1
1889 7563 -2
8833 7564 1
8281 7564 1
1889 7564 -2
8862 7565 1
8283 7565 1
1889 7565 -2
8891 7566 1
8285 7566 1
2162 7566 -2
8920 7567 1
8287 7567 1
2162 7567 -2
8949 7568 1
8289 7568 1
2162 7568 -2
8978 7569 1
8291 7569 1
2435 7569 -2
9007 7570 1
8293 7570 1
2435 7570 -2
9036 7571 1
8295 7571 1
2435 7571 -2
9632 7572 -18221/20000
9199 7572 1
8262 7572 959/1000
1014 7572 -16399/5000
39 7572 431/1000
21 7572 629/1000
3 7572 257/1000
9623 7573 -18221/20000
9046 7573 1
8244 7573 959/1000
9624 7574 -18221/20000
9061 7574 1
8246 7574 959/1000
9625 7575 -18221/20000
9076 7575 1
8248 7575 959/1000
9626 7576 -18221/20000
9092 7576 1
8250 7576 959/1000
9627 7577 -18221/20000
9110 7577 1
8252 7577 959/1000
9628 7578 -18221/20000
9128 7578 1
8254 7578 959/1000
9629 7579 -18221/20000
9147 7579 1
8256 7579 959/1000
9630 7580 -18221/20000
9166 7580 1
8258 7580 959/1000
9631 7581 -18221/20000
9185 7581 1
8260 7581 959/1000
9632 7582 -18221/20000
9205 7582 1
8262 7582 959/1000
9633 7583 -18221/20000
9226 7583 1
8264 7583 959/1000
9634 7584 -18221/20000
9247 7584 1
8266 7584 959/1000
9635 7585 -18221/20000
9269 7585 1
8268 7585 959/1000
9636 7586 -18221/20000
9291 7586 1
8270 7586 959/1000
9637 7587 -18221/20000
9313 7587 1
8272 7587 959/1000
9638 7588 -18221/20000
9335 7588 1
8274 7588 959/1000
9639 7589 -18221/20000
9357 7589 1
8276 7589 959/1000
9640 7590 -18221/20000
9379 7590 1
8278 7590 959/1000
9641 7591 -18221/20000
9401 7591 1
8280 7591 959/1000
9642 7592 -18221/20000
9423 7592 1
8282 7592 959/1000
9643 7593 -18221/20000
9445 7593 1
8284 7593 959/1000
9644 7594 -18221/20000
9467 7594 1
8286 7594 959/1000
9645 7595 -18221/20000
9489 7595 1
8288 7595 959/1000
9646 7596 -18221/20000
9511 7596 1
8290 7596 959/1000
9647 7597 -18221/20000
9533 7597 1
8292 7597 959/1000
9648 7598 -18221/20000
9555 7598 1
8294 7598 959/1000
9649 7599 -18221/20000
9577 7599 1
8296 7599 959/1000
9731 7600 3/400
9623 7600 -18221/20000
9047 7600 1
8244 7600 959/1000
315 7600 3/400
9731 7601 3/400
9624 7601 -18221/20000
9062 7601 1
8246 7601 959/1000
315 7601 3/400
9731 7602 3/400
9625 7602 -18221/20000
9077 7602 1
8248 7602 959/1000
315 7602 3/400
9732 7603 3/400
9627 7603 -18221/20000
9111 7603 1
8252 7603 959/1000
588 7603 3/400
9732 7604 3/400
9628 7604 -18221/20000
9129 7604 1
8254 7604 959/1000
588 7604 3/400
9733 7605 3/400
9629 7605 -18221/20000
9148 7605 1
8256 7605 959/1000
861 7605 3/400
9733 7606 3/400
9630 7606 -18221/20000
9167 7606 1
8258 7606 959/1000
861 7606 3/400
9733 7607 3/400
9631 7607 -18221/20000
9186 7607 1
8260 7607 959/1000
861 7607 3/400
9734 7608 3/400
9632 7608 -18221/20000
9206 7608 1
8262 7608 959/1000
1134 7608 3/400
9735 7609 3/400
9635 7609 -18221/20000
9270 7609 1
8268 7609 959/1000
1407 7609 3/400
9735 7610 3/400
9637 7610 -18221/20000
9314 7610 1
8272 7610 959/1000
1407 7610 3/400
9736 7611 3/400
9638 7611 -18221/20000
9336 7611 1
8274 7611 959/1000
1680 7611 3/400
9737 7612 3/400
9641 7612 -18221/20000
9402 7612 1
8280 7612 959/1000
1953 7612 3/400
9739 7613 3/400
9647 7613 -18221/20000
9534 7613 1
8292 7613 959/1000
2499 7613 3/400
9739 7614 3/400
9648 7614 -18221/20000
9556 7614 1
8294 7614 959/1000
2499 7614 3/400
9739 7615 3/400
9649 7615 -18221/20000
9578 7615 1
8296 7615 959/1000
2499 7615 3/400
9732 7616 3/400
9627 7616 -18221/20000
9112 7616 1
8252 7616 959/1000
588 7616 3/400
9732 7617 3/400
9628 7617 -18221/20000
9130 7617 1
8254 7617 959/1000
588 7617 3/400
9733 7618 3/400
9629 7618 -18221/20000
9149 7618 1
8256 7618 959/1000
861 7618 3/400
9733 7619 3/400
9630 7619 -18221/20000
9168 7619 1
8258 7619 959/1000
861 7619 3/400
9733 7620 3/400
9631 7620 -18221/20000
9187 7620 1
8260 7620 959/1000
861 7620 3/400
9734 7621 3/400
9632 7621 -18221/20000
9207 7621 1
8262 7621 959/1000
1134 7621 3/400
9735 7622 3/400
9635 7622 -18221/20000
9271 7622 1
8268 7622 959/1000
1407 7622 3/400
9735 7623 3/400
9637 7623 -18221/20000
9315 7623 1
8272 7623 959/1000
1407 7623 3/400
9736 7624 3/400
9638 7624 -18221/20000
9337 7624 1
8274 7624 959/1000
1680 7624 3/400
9737 7625 3/400
9641 7625 -18221/20000
9403 7625 1
8280 7625 959/1000
1953 7625 3/400
9738 7626 3/400
9644 7626 -18221/20000
9469 7626 1
8286 7626 959/1000
2226 7626 3/400
9739 7627 3/400
9647 7627 -18221/20000
9535 7627 1
8292 7627 959/1000
2499 7627 3/400
9739 7628 3/400
9648 7628 -18221/20000
9557 7628 1
8294 7628 959/1000
2499 7628 3/400
9739 7629 3/400
9649 7629 -18221/20000
9579 7629 1
8296 7629 959/1000
2499 7629 3/400
9731 7630 3/400
9623 7630 -18221/20000
9048 7630 1
8244 7630 959/1000
315 7630 3/400
9731 7631 3/400
9624 7631 -18221/20000
9063 7631 1
8246 7631 959/1000
315 7631 3/400
9731 7632 3/400
9625 7632 -18221/20000
9078 7632 1
8248 7632 959/1000
315 7632 3/400
9732 7633 3/400
9627 7633 -18221/20000
9113 7633 1
8252 7633 959/1000
588 7633 3/400
9732 7634 3/400
9628 7634 -18221/20000
9131 7634 1
8254 7634 959/1000
588 7634 3/400
9733 7635 3/400
9629 7635 -18221/20000
9150 7635 1
8256 7635 959/1000
861 7635 3/400
9733 7636 3/400
9630 7636 -18221/20000
9169 7636 1
8258 7636 959/1000
861 7636 3/400
9733 7637 3/400
9631 7637 -18221/20000
9188 7637 1
8260 7637 959/1000
861 7637 3/400
9734 7638 3/400
9632 7638 -18221/20000
9208 7638 1
8262 7638 959/1000
1134 7638 3/400
9735 7639 3/400
9635 7639 -18221/20000
9272 7639 1
8268 7639 959/1000
1407 7639 3/400
9735 7640 3/400
9637 7640 -18221/20000
9316 7640 1
8272 7640 959/1000
1407 7640 3/400
9736 7641 3/400
9638 7641 -18221/20000
9338 7641 1
8274 7641 959/1000
1680 7641 3/400
9737 7642 3/400
9641 7642 -18221/20000
9404 7642 1
8280 7642 959/1000
1953 7642 3/400
9739 7643 3/400
9647 7643 -18221/20000
9536 7643 1
8292 7643 959/1000
2499 7643 3/400
9739 7644 3/400
9648 7644 -18221/20000
9558 7644 1
8294 7644 959/1000
2499 7644 3/400
9739 7645 3/400
9649 7645 -18221/20000
9580 7645 1
8296 7645 959/1000
2499 7645 3/400
9731 7646 3/400
9623 7646 -18221/20000
9049 7646 1
8244 7646 959/1000
315 7646 3/400
9731 7647 3/400
9624 7647 -18221/20000
9064 7647 1
8246 7647 959/1000
315 7647 3/400
9731 7648 3/400
9625 7648 -18221/20000
9079 7648 1
8248 7648 959/1000
315 7648 3/400
9732 7649 3/400
9627 7649 -18221/20000
9114 7649 1
8252 7649 959/1000
588 7649 3/400
9732 7650 3/400
9628 7650 -18221/20000
9132 7650 1
8254 7650 959/1000
588 7650 3/400
9733 7651 3/400
9629 7651 -18221/20000
9151 7651 1
8256 7651 959/1000
861 7651 3/400
9733 7652 3/400
9630 7652 -18221/20000
9170 7652 1
8258 7652 959/1000
861 7652 3/400
9733 7653 3/400
9631 7653 -18221/20000
9189 7653 1
8260 7653 959/1000
861 7653 3/400
9734 7654 3/400
9632 7654 -18221/20000
9209 7654 1
8262 7654 959/1000
1134 7654 3/400
9735 7655 3/400
9635 7655 -18221/20000
9273 7655 1
8268 7655 959/1000
1407 7655 3/400
9735 7656 3/400
9637 7656 -18221/20000
9317 7656 1
8272 7656 959/1000
1407 7656 3/400
9736 7657 3/400
9638 7657 -18221/20000
9339 7657 1
8274 7657 959/1000
1680 7657 3/400
9737 7658 3/400
9641 7658 -18221/20000
9405 7658 1
8280 7658 959/1000
1953 7658 3/400
9738 7659 3/400
9644 7659 -18221/20000
9471 7659 1
8286 7659 959/1000
2226 7659 3/400
9739 7660 3/400
9647 7660 -18221/20000
9537 7660 1
8292 7660 959/1000
2499 7660 3/400
9739 7661 3/400
9648 7661 -18221/20000
9559 7661 1
8294 7661 959/1000
2499 7661 3/400
9739 7662 3/400
9649 7662 -18221/20000
9581 7662 1
8296 7662 959/1000
2499 7662 3/400
9732 7663 3/400
9627 7663 -18221/20000
9115 7663 1
8252 7663 959/1000
588 7663 3/400
9732 7664 3/400
9628 7664 -18221/20000
9133 7664 1
8254 7664 959/1000
588 7664 3/400
9733 7665 3/400
9629 7665 -18221/20000
9152 7665 1
8256 7665 959/1000
861 7665 3/400
9733 7666 3/400
9630 7666 -18221/20000
9171 7666 1
8258 7666 959/1000
861 7666 3/400
9733 7667 3/400
9631 7667 -18221/20000
9190 7667 1
8260 7667 959/1000
861 7667 3/400
9734 7668 3/400
9632 7668 -18221/20000
9210 7668 1
8262 7668 959/1000
1134 7668 3/400
9735 7669 3/400
9635 7669 -18221/20000
9274 7669 1
8268 7669 959/1000
1407 7669 3/400
9735 7670 3/400
9637 7670 -18221/20000
9318 7670 1
8272 7670 959/1000
1407 7670 3/400
9736 7671 3/400
9638 7671 -18221/20000
9340 7671 1
8274 7671 959/1000
1680 7671 3/400
9737 7672 3/400
9641 7672 -18221/20000
9406 7672 1
8280 7672 959/1000
1953 7672 3/400
9738 7673 3/400
9644 7673 -18221/20000
9472 7673 1
8286 7673 959/1000
2226 7673 3/400
9739 7674 3/400
9647 7674 -18221/20000
9538 7674 1
8292 7674 959/1000
2499 7674 3/400
9739 7675 3/400
9649 7675 -18221/20000
9582 7675 1
8296 7675 959/1000
2499 7675 3/400
9734 7676 3/400
9632 7676 -18221/20000
9211 7676 1
8262 7676 959/1000
1134 7676 3/400
9735 7677 3/400
9635 7677 -18221/20000
9275 7677 1
8268 7677 959/1000
1407 7677 3/400
9735 7678 3/400
9637 7678 -18221/20000
9319 7678 1
8272 7678 959/1000
1407 7678 3/400
9736 7679 3/400
9638 7679 -18221/20000
9341 7679 1
8274 7679 959/1000
1680 7679 3/400
9737 7680 3/400
9641 7680 -18221/20000
9407 7680 1
8280 7680 959/1000
1953 7680 3/400
9738 7681 3/400
9644 7681 -18221/20000
9473 7681 1
8286 7681 959/1000
2226 7681 3/400
9739 7682 3/400
9647 7682 -18221/20000
9539 7682 1
8292 7682 959/1000
2499 7682 3/400
9739 7683 3/400
9648 7683 -18221/20000
9561 7683 1
8294 7683 959/1000
2499 7683 3/400
9739 7684 3/400
9649 7684 -18221/20000
9583 7684 1
8296 7684 959/1000
2499 7684 3/400
9623 7685 -19/20
9050 7685 1
8244 7685 1
9624 7686 -19/20
9065 7686 1
8246 7686 1
9625 7687 -19/20
9080 7687 1
8248 7687 1
9626 7688 -19/20
9098 7688 1
8250 7688 1
9627 7689 -19/20
9116 7689 1
8252 7689 1
9628 7690 -19/20
9134 7690 1
8254 7690 1
9629 7691 -19/20
9153 7691 1
8256 7691 1
9630 7692 -19/20
9172 7692 1
8258 7692 1
9631 7693 -19/20
9191 7693 1
8260 7693 1
9632 7694 -19/20
9212 7694 1
8262 7694 1
9633 7695 -19/20
9233 7695 1
8264 7695 1
9634 7696 -19/20
9254 7696 1
8266 7696 1
9635 7697 -19/20
9276 7697 1
8268 7697 1
9636 7698 -19/20
9298 7698 1
8270 7698 1
9637 7699 -19/20
9320 7699 1
8272 7699 1
9638 7700 -19/20
9342 7700 1
8274 7700 1
9639 7701 -19/20
9364 7701 1
8276 7701 1
9640 7702 -19/20
9386 7702 1
8278 7702 1
9641 7703 -19/20
9408 7703 1
8280 7703 1
9642 7704 -19/20
9430 7704 1
8282 7704 1
9643 7705 -19/20
9452 7705 1
8284 7705 1
9644 7706 -19/20
9474 7706 1
8286 7706 1
9645 7707 -19/20
9496 7707 1
8288 7707 1
9646 7708 -19/20
9518 7708 1
8290 7708 1
9647 7709 -19/20
9540 7709 1
8292 7709 1
9648 7710 -19/20
9562 7710 1
8294 7710 1
9649 7711 -19/20
9584 7711 1
8296 7711 1
10503 7712 -76857/250000
10726 7712 347/5000
10725 7712 -1700001/500000
10504 7712 97/2500
10502 7712 -125
2188 7712 -1497/100000
2019 7712 -1
2025 7712 802/125
10286 7713 -103983/250000
10565 7713 347/5000
10564 7713 -1700001/500000
10287 7713 97/2500
10285 7713 -125
277 7713 -1497/100000
109 7713 -1
114 7713 20069/3125
10317 7714 -103983/250000
10588 7714 347/5000
10587 7714 -1700001/500000
10318 7714 97/2500
10316 7714 -125
550 7714 -1497/100000
382 7714 -1
387 7714 20069/3125
10503 7715 -103983/250000
10726 7715 347/5000
10725 7715 -1700001/500000
10504 7715 97/2500
10502 7715 -125
2188 7715 -1497/100000
2020 7715 -1
2025 7715 20069/3125
10286 7716 -328887/1000000
10565 7716 17/2000
10564 7716 127/5
10287 7716 -221/10000
10285 7716 -154
277 7716 -1497/100000
110 7716 -1
114 7716 611143/100000
10317 7717 -328887/1000000
10588 7717 17/2000
10587 7717 127/5
10318 7717 -221/10000
10316 7717 -154
550 7717 -1497/100000
383 7717 -1
387 7717 611143/100000
10317 7718 -193959/500000
10588 7718 17/2000
10587 7718 127/5
10318 7718 -221/10000
10316 7718 -154
550 7718 -1497/100000
384 7718 -1
387 7718 611483/100000
10379 7719 -193959/500000
10634 7719 17/2000
10633 7719 127/5
10380 7719 -221/10000
10378 7719 -154
1096 7719 -1497/100000
930 7719 -1
933 7719 611483/100000
10286 7720 -185541/500000
10565 7720 -281/10000
10564 7720 79/5
10287 7720 -587/10000
10285 7720 55
277 7720 -1497/100000
121 7720 -1
114 7720 118349/20000
10503 7721 -185541/500000
10726 7721 -281/10000
10725 7721 79/5
10504 7721 -587/10000
10502 7721 55
2188 7721 -1497/100000
2032 7721 -1
2025 7721 118349/20000
10286 7722 -198329/500000
10565 7722 11/400
10564 7722 -3700001/1000000
10287 7722 -31/10000
10285 7722 55
277 7722 -1497/100000
122 7722 -1
114 7722 621359/100000
10410 7723 -198329/500000
10657 7723 11/400
10656 7723 -3700001/1000000
10411 7723 -31/10000
10409 7723 55
1369 7723 -1497/100000
1214 7723 -1
1206 7723 621359/100000
10441 7724 -198329/500000
10680 7724 11/400
10679 7724 -3700001/1000000
10442 7724 -31/10000
10440 7724 55
1642 7724 -1497/100000
1487 7724 -1
1479 7724 621359/100000
10472 7725 -198329/500000
10703 7725 11/400
10702 7725 -3700001/1000000
10473 7725 -31/10000
10471 7725 55
1915 7725 -1497/100000
1760 7725 -1
1752 7725 621359/100000
10503 7726 -198329/500000
10726 7726 11/400
10725 7726 -3700001/1000000
10504 7726 -31/10000
10502 7726 55
2188 7726 -1497/100000
2033 7726 -1
2025 7726 621359/100000
10348 7727 -59031/250000
10611 7727 17/2000
10610 7727 107/5
10349 7727 -221/10000
10347 7727 -154
823 7727 -1497/100000
670 7727 -1
660 7727 610609/100000
10410 7728 -59031/250000
10657 7728 17/2000
10656 7728 107/5
10411 7728 -221/10000
10409 7728 -154
1369 7728 -1497/100000
1216 7728 -1
1206 7728 610609/100000
10441 7729 -59031/250000
10680 7729 17/2000
10679 7729 107/5
10442 7729 -221/10000
10440 7729 -154
1642 7729 -1497/100000
1489 7729 -1
1479 7729 610609/100000
10472 7730 -59031/250000
10703 7730 17/2000
10702 7730 107/5
10473 7730 -221/10000
10471 7730 -154
1915 7730 -1497/100000
1762 7730 -1
1752 7730 610609/100000
10503 7731 -59031/250000
10726 7731 17/2000
10725 7731 107/5
10504 7731 -221/10000
10502 7731 -154
2188 7731 -1497/100000
2035 7731 -1
2025 7731 610609/100000
10534 7732 -59031/250000
10749 7732 17/2000
10748 7732 107/5
10535 7732 -221/10000
10533 7732 -154
2461 7732 -1497/100000
2308 7732 -1
2298 7732 610609/100000
10317 7733 -191541/500000
10588 7733 -53/1000
10587 7733 549999/500000
10318 7733 -209/2500
10316 7733 575
550 7733 -1497/100000
399 7733 -1
387 7733 115587/20000
10348 7734 -191541/500000
10611 7734 -53/1000
10610 7734 549999/500000
10349 7734 -209/2500
10347 7734 575
823 7734 -1497/100000
672 7734 -1
660 7734 115587/20000
10503 7735 -191541/500000
10726 7735 -53/1000
10725 7735 549999/500000
10504 7735 -209/2500
10502 7735 575
2188 7735 -1497/100000
2037 7735 -1
2025 7735 115587/20000
10534 7736 -191541/500000
10749 7736 -53/1000
10748 7736 549999/500000
10535 7736 -209/2500
10533 7736 575
2461 7736 -1497/100000
2310 7736 -1
2298 7736 115587/20000
10379 7737 -200263/500000
10634 7737 -87/5000
10633 7737 -81/10
10380 7737 -6/125
10378 7737 575
1096 7737 -1497/100000
946 7737 -1
933 7737 597753/100000
10410 7738 -200263/500000
10657 7738 -87/5000
10656 7738 -81/10
10411 7738 -6/125
10409 7738 575
1369 7738 -1497/100000
1219 7738 -1
1206 7738 597753/100000
10503 7739 -200263/500000
10726 7739 -87/5000
10725 7739 -81/10
10504 7739 -6/125
10502 7739 575
2188 7739 -1497/100000
2038 7739 -1
2025 7739 597753/100000
10534 7740 -200263/500000
10749 7740 -87/5000
10748 7740 -81/10
10535 7740 -6/125
10533 7740 575
2461 7740 -1497/100000
2311 7740 -1
2298 7740 597753/100000
10348 7741 -4199/10000
10611 7741 1/200
10610 7741 -5299999/1000000
10349 7741 -16/625
10347 7741 225
823 7741 -1497/100000
696 7741 -1
660 7741 609829/100000
10410 7742 -4199/10000
10657 7742 1/200
10656 7742 -5299999/1000000
10411 7742 -16/625
10409 7742 225
1369 7742 -1497/100000
1242 7742 -1
1206 7742 609829/100000
10503 7743 -4199/10000
10726 7743 1/200
10725 7743 -5299999/1000000
10504 7743 -16/625
10502 7743 225
2188 7743 -1497/100000
2061 7743 -1
2025 7743 609829/100000
10286 7744 -56469/200000
10565 7744 -281/10000
10564 7744 59/5
10287 7744 -587/10000
10285 7744 55
277 7744 -1497/100000
161 7744 -1
114 7744 591227/100000
10379 7745 -56469/200000
10634 7745 -281/10000
10633 7745 59/5
10380 7745 -587/10000
10378 7745 55
1096 7745 -1497/100000
980 7745 -1
933 7745 591227/100000
10410 7746 -56469/200000
10657 7746 -281/10000
10656 7746 59/5
10411 7746 -587/10000
10409 7746 55
1369 7746 -1497/100000
1253 7746 -1
1206 7746 591227/100000
10441 7747 -56469/200000
10680 7747 -281/10000
10679 7747 59/5
10442 7747 -587/10000
10440 7747 55
1642 7747 -1497/100000
1526 7747 -1
1479 7747 591227/100000
10472 7748 -56469/200000
10703 7748 -281/10000
10702 7748 59/5
10473 7748 -587/10000
10471 7748 55
1915 7748 -1497/100000
1799 7748 -1
1752 7748 591227/100000
10534 7749 -56469/200000
10749 7749 -281/10000
10748 7749 59/5
10535 7749 -587/10000
10533 7749 55
2461 7749 -1497/100000
2345 7749 -1
2298 7749 591227/100000
10286 7750 -60361/200000
10565 7750 11/400
10564 7750 -7700001/1000000
10287 7750 -31/10000
10285 7750 55
277 7750 -1497/100000
163 7750 -1
114 7750 620817/100000
10286 7751 100749/100000
10565 7751 811/10000
10564 7751 -151/10
10287 7751 101/2000
10285 7751 -125
277 7751 -1497/100000
165 7751 -1
114 7751 39989/6250
10317 7752 100749/100000
10588 7752 811/10000
10587 7752 -151/10
10318 7752 101/2000
10316 7752 -125
550 7752 -1497/100000
438 7752 -1
387 7752 39989/6250
10348 7753 100749/100000
10611 7753 811/10000
10610 7753 -151/10
10349 7753 101/2000
10347 7753 -125
823 7753 -1497/100000
711 7753 -1
660 7753 39989/6250
10410 7754 100749/100000
10657 7754 811/10000
10656 7754 -151/10
10411 7754 101/2000
10409 7754 -125
1369 7754 -1497/100000
1257 7754 -1
1206 7754 39989/6250
10441 7755 100749/100000
10680 7755 811/10000
10679 7755 -151/10
10442 7755 101/2000
10440 7755 -125
1642 7755 -1497/100000
1530 7755 -1
1479 7755 39989/6250
10534 7756 100749/100000
10749 7756 811/10000
10748 7756 -151/10
10535 7756 101/2000
10533 7756 -125
2461 7756 -1497/100000
2349 7756 -1
2298 7756 39989/6250
10317 7757 -9159/50000
10588 7757 811/10000
10587 7757 -151/10
10318 7757 101/2000
10316 7757 -125
550 7757 -1497/100000
439 7757 -1
387 7757 646467/100000
10441 7758 -9159/50000
10680 7758 811/10000
10679 7758 -151/10
10442 7758 101/2000
10440 7758 -125
1642 7758 -1497/100000
1531 7758 -1
1479 7758 646467/100000
10472 7759 -9159/50000
10703 7759 811/10000
10702 7759 -151/10
10473 7759 101/2000
10471 7759 -125
1915 7759 -1497/100000
1804 7759 -1
1752 7759 646467/100000
10534 7760 -9159/50000
10749 7760 811/10000
10748 7760 -151/10
10535 7760 101/2000
10533 7760 -125
2461 7760 -1497/100000
2350 7760 -1
2298 7760 646467/100000
10534 7761 82431/200000
10749 7761 811/10000
10748 7761 -151/10
10535 7761 101/2000
10533 7761 -125
2461 7761 -1497/100000
2351 7761 -1
2298 7761 321573/50000
10291 7762 -8017/25000
10567 7762 517/10000
10292 7762 7/10000
277 7762 -1497/100000
151 7762 -1
159 7762 117833/20000
10322 7763 -8017/25000
10590 7763 517/10000
10323 7763 7/10000
550 7763 -1497/100000
424 7763 -1
432 7763 117833/20000
10353 7764 -8017/25000
10613 7764 517/10000
10354 7764 7/10000
823 7764 -1497/100000
697 7764 -1
705 7764 117833/20000
10384 7765 -8017/25000
10636 7765 517/10000
10385 7765 7/10000
1096 7765 -1497/100000
970 7765 -1
978 7765 117833/20000
10415 7766 -8017/25000
10659 7766 517/10000
10416 7766 7/10000
1369 7766 -1497/100000
1243 7766 -1
1251 7766 117833/20000
10446 7767 -8017/25000
10682 7767 517/10000
10447 7767 7/10000
1642 7767 -1497/100000
1516 7767 -1
1524 7767 117833/20000
10477 7768 -8017/25000
10705 7768 517/10000
10478 7768 7/10000
1915 7768 -1497/100000
1789 7768 -1
1797 7768 117833/20000
10508 7769 -8017/25000
10728 7769 517/10000
10509 7769 7/10000
2188 7769 -1497/100000
2062 7769 -1
2070 7769 117833/20000
10539 7770 -8017/25000
10751 7770 517/10000
10540 7770 7/10000
2461 7770 -1497/100000
2335 7770 -1
2343 7770 117833/20000
10353 7771 -2847/12500
10613 7771 -1641/10000
10354 7771 -2151/10000
823 7771 -1497/100000
742 7771 -1
705 7771 453783/100000
10384 7772 -2847/12500
10636 7772 -1641/10000
10385 7772 -2151/10000
1096 7772 -1497/100000
1015 7772 -1
978 7772 453783/100000
10446 7773 -2847/12500
10682 7773 -1641/10000
10447 7773 -2151/10000
1642 7773 -1497/100000
1561 7773 -1
1524 7773 453783/100000
10291 7774 -125343/500000
10567 7774 -903/10000
10292 7774 -1413/10000
277 7774 -1497/100000
238 7774 -1
159 7774 62981/12500
10322 7775 -125343/500000
10590 7775 -903/10000
10323 7775 -1413/10000
550 7775 -1497/100000
511 7775 -1
432 7775 62981/12500
10415 7776 -125343/500000
10659 7776 -903/10000
10416 7776 -1413/10000
1369 7776 -1497/100000
1330 7776 -1
1251 7776 62981/12500
10477 7777 -125343/500000
10705 7777 -903/10000
10478 7777 -1413/10000
1915 7777 -1497/100000
1876 7777 -1
1797 7777 62981/12500
10508 7778 -125343/500000
10728 7778 -903/10000
10509 7778 -1413/10000
2188 7778 -1497/100000
2149 7778 -1
2070 7778 62981/12500
10539 7779 -125343/500000
10751 7779 -903/10000
10540 7779 -1413/10000
2461 7779 -1497/100000
2422 7779 -1
2343 7779 62981/12500
10356 7780 -103983/250000
10614 7780 347/5000
10357 7780 7/250
10355 7780 -125
823 7780 -1497/100000
655 7780 -1
717 7780 20069/3125
10418 7781 -103983/250000
10660 7781 347/5000
10419 7781 7/250
10417 7781 -125
1369 7781 -1497/100000
1201 7781 -1
1263 7781 20069/3125
10294 7782 -328887/1000000
10568 7782 17/2000
10295 7782 -329/10000
10293 7782 -154
277 7782 -1497/100000
110 7782 -1
171 7782 611143/100000
10325 7783 -328887/1000000
10591 7783 17/2000
10326 7783 -329/10000
10324 7783 -154
550 7783 -1497/100000
383 7783 -1
444 7783 611143/100000
10356 7784 -328887/1000000
10614 7784 17/2000
10357 7784 -329/10000
10355 7784 -154
823 7784 -1497/100000
656 7784 -1
717 7784 611143/100000
10387 7785 -328887/1000000
10637 7785 17/2000
10388 7785 -329/10000
10386 7785 -154
1096 7785 -1497/100000
929 7785 -1
990 7785 611143/100000
10418 7786 -328887/1000000
10660 7786 17/2000
10419 7786 -329/10000
10417 7786 -154
1369 7786 -1497/100000
1202 7786 -1
1263 7786 611143/100000
10449 7787 -328887/1000000
10683 7787 17/2000
10450 7787 -329/10000
10448 7787 -154
1642 7787 -1497/100000
1475 7787 -1
1536 7787 611143/100000
10480 7788 -328887/1000000
10706 7788 17/2000
10481 7788 -329/10000
10479 7788 -154
1915 7788 -1497/100000
1748 7788 -1
1809 7788 611143/100000
10511 7789 -328887/1000000
10729 7789 17/2000
10512 7789 -329/10000
10510 7789 -154
2188 7789 -1497/100000
2021 7789 -1
2082 7789 611143/100000
10542 7790 -328887/1000000
10752 7790 17/2000
10543 7790 -329/10000
10541 7790 -154
2461 7790 -1497/100000
2294 7790 -1
2355 7790 611143/100000
10294 7791 -193959/500000
10568 7791 17/2000
10295 7791 -329/10000
10293 7791 -154
277 7791 -1497/100000
111 7791 -1
171 7791 611483/100000
10356 7792 -193959/500000
10614 7792 17/2000
10357 7792 -329/10000
10355 7792 -154
823 7792 -1497/100000
657 7792 -1
717 7792 611483/100000
10387 7793 -193959/500000
10637 7793 17/2000
10388 7793 -329/10000
10386 7793 -154
1096 7793 -1497/100000
930 7793 -1
990 7793 611483/100000
10418 7794 -193959/500000
10660 7794 17/2000
10419 7794 -329/10000
10417 7794 -154
1369 7794 -1497/100000
1203 7794 -1
1263 7794 611483/100000
10449 7795 -193959/500000
10683 7795 17/2000
10450 7795 -329/10000
10448 7795 -154
1642 7795 -1497/100000
1476 7795 -1
1536 7795 611483/100000
10480 7796 -193959/500000
10706 7796 17/2000
10481 7796 -329/10000
10479 7796 -154
1915 7796 -1497/100000
1749 7796 -1
1809 7796 611483/100000
10511 7797 -193959/500000
10729 7797 17/2000
10512 7797 -329/10000
10510 7797 -154
2188 7797 -1497/100000
2022 7797 -1
2082 7797 611483/100000
10542 7798 -193959/500000
10752 7798 17/2000
10543 7798 -329/10000
10541 7798 -154
2461 7798 -1497/100000
2295 7798 -1
2355 7798 611483/100000
10325 7799 -185541/500000
10591 7799 -281/10000
10326 7799 -139/2000
10324 7799 55
550 7799 -1497/100000
394 7799 -1
444 7799 118349/20000
10356 7800 -185541/500000
10614 7800 -281/10000
10357 7800 -139/2000
10355 7800 55
823 7800 -1497/100000
667 7800 -1
717 7800 118349/20000
10387 7801 -185541/500000
10637 7801 -281/10000
10388 7801 -139/2000
10386 7801 55
1096 7801 -1497/100000
940 7801 -1
990 7801 118349/20000
10418 7802 -185541/500000
10660 7802 -281/10000
10419 7802 -139/2000
10417 7802 55
1369 7802 -1497/100000
1213 7802 -1
1263 7802 118349/20000
10449 7803 -185541/500000
10683 7803 -281/10000
10450 7803 -139/2000
10448 7803 55
1642 7803 -1497/100000
1486 7803 -1
1536 7803 118349/20000
10480 7804 -185541/500000
10706 7804 -281/10000
10481 7804 -139/2000
10479 7804 55
1915 7804 -1497/100000
1759 7804 -1
1809 7804 118349/20000
10511 7805 -185541/500000
10729 7805 -281/10000
10512 7805 -139/2000
10510 7805 55
2188 7805 -1497/100000
2032 7805 -1
2082 7805 118349/20000
10542 7806 -185541/500000
10752 7806 -281/10000
10543 7806 -139/2000
10541 7806 55
2461 7806 -1497/100000
2305 7806 -1
2355 7806 118349/20000
10325 7807 -198329/500000
10591 7807 11/400
10326 7807 -139/10000
10324 7807 55
550 7807 -1497/100000
395 7807 -1
444 7807 621359/100000
10356 7808 -198329/500000
10614 7808 11/400
10357 7808 -139/10000
10355 7808 55
823 7808 -1497/100000
668 7808 -1
717 7808 621359/100000
10387 7809 -198329/500000
10637 7809 11/400
10388 7809 -139/10000
10386 7809 55
1096 7809 -1497/100000
941 7809 -1
990 7809 621359/100000
10418 7810 -198329/500000
10660 7810 11/400
10419 7810 -139/10000
10417 7810 55
1369 7810 -1497/100000
1214 7810 -1
1263 7810 621359/100000
10480 7811 -198329/500000
10706 7811 11/400
10481 7811 -139/10000
10479 7811 55
1915 7811 -1497/100000
1760 7811 -1
1809 7811 621359/100000
10542 7812 -198329/500000
10752 7812 11/400
10543 7812 -139/10000
10541 7812 55
2461 7812 -1497/100000
2306 7812 -1
2355 7812 621359/100000
10294 7813 -59031/250000
10568 7813 17/2000
10295 7813 -329/10000
10293 7813 -154
277 7813 -1497/100000
124 7813 -1
171 7813 610609/100000
10325 7814 -59031/250000
10591 7814 17/2000
10326 7814 -329/10000
10324 7814 -154
550 7814 -1497/100000
397 7814 -1
444 7814 610609/100000
10356 7815 -59031/250000
10614 7815 17/2000
10357 7815 -329/10000
10355 7815 -154
823 7815 -1497/100000
670 7815 -1
717 7815 610609/100000
10387 7816 -59031/250000
10637 7816 17/2000
10388 7816 -329/10000
10386 7816 -154
1096 7816 -1497/100000
943 7816 -1
990 7816 610609/100000
10418 7817 -59031/250000
10660 7817 17/2000
10419 7817 -329/10000
10417 7817 -154
1369 7817 -1497/100000
1216 7817 -1
1263 7817 610609/100000
10449 7818 -59031/250000
10683 7818 17/2000
10450 7818 -329/10000
10448 7818 -154
1642 7818 -1497/100000
1489 7818 -1
1536 7818 610609/100000
10480 7819 -59031/250000
10706 7819 17/2000
10481 7819 -329/10000
10479 7819 -154
1915 7819 -1497/100000
1762 7819 -1
1809 7819 610609/100000
10511 7820 -59031/250000
10729 7820 17/2000
10512 7820 -329/10000
10510 7820 -154
2188 7820 -1497/100000
2035 7820 -1
2082 7820 610609/100000
10542 7821 -59031/250000
10752 7821 17/2000
10543 7821 -329/10000
10541 7821 -154
2461 7821 -1497/100000
2308 7821 -1
2355 7821 610609/100000
10294 7822 -191541/500000
10568 7822 -53/1000
10295 7822 -59/625
10293 7822 575
277 7822 -1497/100000
126 7822 -1
171 7822 115587/20000
10325 7823 -191541/500000
10591 7823 -53/1000
10326 7823 -59/625
10324 7823 575
550 7823 -1497/100000
399 7823 -1
444 7823 115587/20000
10356 7824 -191541/500000
10614 7824 -53/1000
10357 7824 -59/625
10355 7824 575
823 7824 -1497/100000
672 7824 -1
717 7824 115587/20000
10387 7825 -191541/500000
10637 7825 -53/1000
10388 7825 -59/625
10386 7825 575
1096 7825 -1497/100000
945 7825 -1
990 7825 115587/20000
10418 7826 -191541/500000
10660 7826 -53/1000
10419 7826 -59/625
10417 7826 575
1369 7826 -1497/100000
1218 7826 -1
1263 7826 115587/20000
10449 7827 -191541/500000
10683 7827 -53/1000
10450 7827 -59/625
10448 7827 575
1642 7827 -1497/100000
1491 7827 -1
1536 7827 115587/20000
10480 7828 -191541/500000
10706 7828 -53/1000
10481 7828 -59/625
10479 7828 575
1915 7828 -1497/100000
1764 7828 -1
1809 7828 115587/20000
10511 7829 -191541/500000
10729 7829 -53/1000
10512 7829 -59/625
10510 7829 575
2188 7829 -1497/100000
2037 7829 -1
2082 7829 115587/20000
10542 7830 -191541/500000
10752 7830 -53/1000
10543 7830 -59/625
10541 7830 575
2461 7830 -1497/100000
2310 7830 -1
2355 7830 115587/20000
10325 7831 -200263/500000
10591 7831 -87/5000
10326 7831 -147/2500
10324 7831 575
550 7831 -1497/100000
400 7831 -1
444 7831 597753/100000
10356 7832 -200263/500000
10614 7832 -87/5000
10357 7832 -147/2500
10355 7832 575
823 7832 -1497/100000
673 7832 -1
717 7832 597753/100000
10449 7833 -200263/500000
10683 7833 -87/5000
10450 7833 -147/2500
10448 7833 575
1642 7833 -1497/100000
1492 7833 -1
1536 7833 597753/100000
10480 7834 -200263/500000
10706 7834 -87/5000
10481 7834 -147/2500
10479 7834 575
1915 7834 -1497/100000
1765 7834 -1
1809 7834 597753/100000
10449 7835 -4199/10000
10683 7835 1/200
10450 7835 -91/2500
10448 7835 225
1642 7835 -1497/100000
1515 7835 -1
1536 7835 609829/100000
10542 7836 -4199/10000
10752 7836 1/200
10543 7836 -91/2500
10541 7836 225
2461 7836 -1497/100000
2334 7836 -1
2355 7836 609829/100000
10325 7837 -56469/200000
10591 7837 -281/10000
10326 7837 -139/2000
10324 7837 55
550 7837 -1497/100000
434 7837 -1
444 7837 591227/100000
10356 7838 -56469/200000
10614 7838 -281/10000
10357 7838 -139/2000
10355 7838 55
823 7838 -1497/100000
707 7838 -1
717 7838 591227/100000
10387 7839 -56469/200000
10637 7839 -281/10000
10388 7839 -139/2000
10386 7839 55
1096 7839 -1497/100000
980 7839 -1
990 7839 591227/100000
10418 7840 -56469/200000
10660 7840 -281/10000
10419 7840 -139/2000
10417 7840 55
1369 7840 -1497/100000
1253 7840 -1
1263 7840 591227/100000
10449 7841 -56469/200000
10683 7841 -281/10000
10450 7841 -139/2000
10448 7841 55
1642 7841 -1497/100000
1526 7841 -1
1536 7841 591227/100000
10480 7842 -56469/200000
10706 7842 -281/10000
10481 7842 -139/2000
10479 7842 55
1915 7842 -1497/100000
1799 7842 -1
1809 7842 591227/100000
10511 7843 -56469/200000
10729 7843 -281/10000
10512 7843 -139/2000
10510 7843 55
2188 7843 -1497/100000
2072 7843 -1
2082 7843 591227/100000
10325 7844 -60361/200000
10591 7844 11/400
10326 7844 -139/10000
10324 7844 55
550 7844 -1497/100000
436 7844 -1
444 7844 620817/100000
10356 7845 -60361/200000
10614 7845 11/400
10357 7845 -139/10000
10355 7845 55
823 7845 -1497/100000
709 7845 -1
717 7845 620817/100000
10387 7846 -60361/200000
10637 7846 11/400
10388 7846 -139/10000
10386 7846 55
1096 7846 -1497/100000
982 7846 -1
990 7846 620817/100000
10418 7847 -60361/200000
10660 7847 11/400
10419 7847 -139/10000
10417 7847 55
1369 7847 -1497/100000
1255 7847 -1
1263 7847 620817/100000
10449 7848 -60361/200000
10683 7848 11/400
10450 7848 -139/10000
10448 7848 55
1642 7848 -1497/100000
1528 7848 -1
1536 7848 620817/100000
10480 7849 -60361/200000
10706 7849 11/400
10481 7849 -139/10000
10479 7849 55
1915 7849 -1497/100000
1801 7849 -1
1809 7849 620817/100000
10511 7850 -60361/200000
10729 7850 11/400
10512 7850 -139/10000
10510 7850 55
2188 7850 -1497/100000
2074 7850 -1
2082 7850 620817/100000
10542 7851 -60361/200000
10752 7851 11/400
10543 7851 -139/10000
10541 7851 55
2461 7851 -1497/100000
2347 7851 -1
2355 7851 620817/100000
10325 7852 100749/100000
10591 7852 811/10000
10326 7852 397/10000
10324 7852 -125
550 7852 -1497/100000
438 7852 -1
444 7852 39989/6250
10356 7853 100749/100000
10614 7853 811/10000
10357 7853 397/10000
10355 7853 -125
823 7853 -1497/100000
711 7853 -1
717 7853 39989/6250
10387 7854 100749/100000
10637 7854 811/10000
10388 7854 397/10000
10386 7854 -125
1096 7854 -1497/100000
984 7854 -1
990 7854 39989/6250
10418 7855 100749/100000
10660 7855 811/10000
10419 7855 397/10000
10417 7855 -125
1369 7855 -1497/100000
1257 7855 -1
1263 7855 39989/6250
10449 7856 100749/100000
10683 7856 811/10000
10450 7856 397/10000
10448 7856 -125
1642 7856 -1497/100000
1530 7856 -1
1536 7856 39989/6250
10480 7857 100749/100000
10706 7857 811/10000
10481 7857 397/10000
10479 7857 -125
1915 7857 -1497/100000
1803 7857 -1
1809 7857 39989/6250
10511 7858 100749/100000
10729 7858 811/10000
10512 7858 397/10000
10510 7858 -125
2188 7858 -1497/100000
2076 7858 -1
2082 7858 39989/6250
10542 7859 100749/100000
10752 7859 811/10000
10543 7859 397/10000
10541 7859 -125
2461 7859 -1497/100000
2349 7859 -1
2355 7859 39989/6250
10294 7860 -9159/50000
10568 7860 811/10000
10295 7860 397/10000
10293 7860 -125
277 7860 -1497/100000
166 7860 -1
171 7860 646467/100000
10356 7861 -9159/50000
10614 7861 811/10000
10357 7861 397/10000
10355 7861 -125
823 7861 -1497/100000
712 7861 -1
717 7861 646467/100000
10387 7862 -9159/50000
10637 7862 811/10000
10388 7862 397/10000
10386 7862 -125
1096 7862 -1497/100000
985 7862 -1
990 7862 646467/100000
10418 7863 -9159/50000
10660 7863 811/10000
10419 7863 397/10000
10417 7863 -125
1369 7863 -1497/100000
1258 7863 -1
1263 7863 646467/100000
10511 7864 -9159/50000
10729 7864 811/10000
10512 7864 397/10000
10510 7864 -125
2188 7864 -1497/100000
2077 7864 -1
2082 7864 646467/100000
10294 7865 82431/200000
10568 7865 811/10000
10295 7865 397/10000
10293 7865 -125
277 7865 -1497/100000
167 7865 -1
171 7865 321573/50000
10325 7866 82431/200000
10591 7866 811/10000
10326 7866 397/10000
10324 7866 -125
550 7866 -1497/100000
440 7866 -1
444 7866 321573/50000
10480 7867 82431/200000
10706 7867 811/10000
10481 7867 397/10000
10479 7867 -125
1915 7867 -1497/100000
1805 7867 -1
1809 7867 321573/50000
10772 7868 -1/40
10771 7868 -1/20
10569 7868 1/10
8298 7868 -9/12500
8297 7868 -9/12500
8246 7868 -9/100000
8245 7868 -3/20000
8248 7868 -9/100000
8247 7868 -3/20000
8244 7868 -9/100000
8243 7868 -3/20000
94 7868 -1
183 7868 12602/3125
10774 7869 -1/40
10773 7869 -1/20
10592 7869 1/10
8300 7869 -9/12500
8299 7869 -9/12500
8252 7869 -9/100000
8251 7869 -3/20000
8254 7869 -9/100000
8253 7869 -3/20000
8250 7869 -9/100000
8249 7869 -3/20000
367 7869 -1
456 7869 12602/3125
10776 7870 -1/40
10775 7870 -1/20
10615 7870 1/10
8302 7870 -9/12500
8301 7870 -9/12500
8258 7870 -9/100000
8257 7870 -3/20000
8260 7870 -9/100000
8259 7870 -3/20000
8256 7870 -9/100000
8255 7870 -3/20000
640 7870 -1
729 7870 12602/3125
10778 7871 -1/40
10777 7871 -1/20
10638 7871 1/10
8304 7871 -9/12500
8303 7871 -9/12500
8264 7871 -9/100000
8263 7871 -3/20000
8266 7871 -9/100000
8265 7871 -3/20000
8262 7871 -9/100000
8261 7871 -3/20000
913 7871 -1
1002 7871 12602/3125
10780 7872 -1/40
10779 7872 -1/20
10661 7872 1/10
8306 7872 -9/12500
8305 7872 -9/12500
8270 7872 -9/100000
8269 7872 -3/20000
8272 7872 -9/100000
8271 7872 -3/20000
8268 7872 -9/100000
8267 7872 -3/20000
1186 7872 -1
1275 7872 12602/3125
10782 7873 -1/40
10781 7873 -1/20
10684 7873 1/10
8308 7873 -9/12500
8307 7873 -9/12500
8276 7873 -9/100000
8275 7873 -3/20000
8278 7873 -9/100000
8277 7873 -3/20000
8274 7873 -9/100000
8273 7873 -3/20000
1459 7873 -1
1548 7873 12602/3125
10784 7874 -1/40
10783 7874 -1/20
10707 7874 1/10
8310 7874 -9/12500
8309 7874 -9/12500
8282 7874 -9/100000
8281 7874 -3/20000
8284 7874 -9/100000
8283 7874 -3/20000
8280 7874 -9/100000
8279 7874 -3/20000
1732 7874 -1
1821 7874 12602/3125
10786 7875 -1/40
10785 7875 -1/20
10730 7875 1/10
8312 7875 -9/12500
8311 7875 -9/12500
8288 7875 -9/100000
8287 7875 -3/20000
8290 7875 -9/100000
8289 7875 -3/20000
8286 7875 -9/100000
8285 7875 -3/20000
2005 7875 -1
2094 7875 12602/3125
10788 7876 -1/40
10787 7876 -1/20
10753 7876 1/10
8314 7876 -9/12500
8313 7876 -9/12500
8294 7876 -9/100000
8293 7876 -3/20000
8296 7876 -9/100000
8295 7876 -3/20000
8292 7876 -9/100000
8291 7876 -3/20000
2278 7876 -1
2367 7876 12602/3125
10772 7877 -1/40
10771 7877 19/20
10569 7877 -9/10
8298 7877 -9/12500
8297 7877 -9/12500
8246 7877 -9/100000
8245 7877 -3/20000
8248 7877 -9/100000
8247 7877 -3/20000
8244 7877 -9/100000
8243 7877 -3/20000
267 7877 -1
183 7877 406037/100000
10774 7878 -1/40
10773 7878 19/20
10592 7878 -9/10
8300 7878 -9/12500
8299 7878 -9/12500
8252 7878 -9/100000
8251 7878 -3/20000
8254 7878 -9/100000
8253 7878 -3/20000
8250 7878 -9/100000
8249 7878 -3/20000
540 7878 -1
456 7878 406037/100000
10776 7879 -1/40
10775 7879 19/20
10615 7879 -9/10
8302 7879 -9/12500
8301 7879 -9/12500
8258 7879 -9/100000
8257 7879 -3/20000
8260 7879 -9/100000
8259 7879 -3/20000
8256 7879 -9/100000
8255 7879 -3/20000
813 7879 -1
729 7879 406037/100000
10778 7880 -1/40
10777 7880 19/20
10638 7880 -9/10
8304 7880 -9/12500
8303 7880 -9/12500
8264 7880 -9/100000
8263 7880 -3/20000
8266 7880 -9/100000
8265 7880 -3/20000
8262 7880 -9/100000
8261 7880 -3/20000
1086 7880 -1
1002 7880 406037/100000
10780 7881 -1/40
10779 7881 19/20
10661 7881 -9/10
8306 7881 -9/12500
8305 7881 -9/12500
8270 7881 -9/100000
8269 7881 -3/20000
8272 7881 -9/100000
8271 7881 -3/20000
8268 7881 -9/100000
8267 7881 -3/20000
1359 7881 -1
1275 7881 406037/100000
10782 7882 -1/40
10781 7882 19/20
10684 7882 -9/10
8308 7882 -9/12500
8307 7882 -9/12500
8276 7882 -9/100000
8275 7882 -3/20000
8278 7882 -9/100000
8277 7882 -3/20000
8274 7882 -9/100000
8273 7882 -3/20000
1632 7882 -1
1548 7882 406037/100000
10784 7883 -1/40
10783 7883 19/20
10707 7883 -9/10
8310 7883 -9/12500
8309 7883 -9/12500
8282 7883 -9/100000
8281 7883 -3/20000
8284 7883 -9/100000
8283 7883 -3/20000
8280 7883 -9/100000
8279 7883 -3/20000
1905 7883 -1
1821 7883 406037/100000
10786 7884 -1/40
10785 7884 19/20
10730 7884 -9/10
8312 7884 -9/12500
8311 7884 -9/12500
8288 7884 -9/100000
8287 7884 -3/20000
8290 7884 -9/100000
8289 7884 -3/20000
8286 7884 -9/100000
8285 7884 -3/20000
2178 7884 -1
2094 7884 406037/100000
10788 7885 -1/40
10787 7885 19/20
10753 7885 -9/10
8314 7885 -9/12500
8313 7885 -9/12500
8294 7885 -9/100000
8293 7885 -3/20000
8296 7885 -9/100000
8295 7885 -3/20000
8292 7885 -9/100000
8291 7885 -3/20000
2451 7885 -1
2367 7885 406037/100000
10772 7886 39/40
10771 7886 -1/20
10569 7886 -9/10
8298 7886 -9/12500
8297 7886 -9/12500
8246 7886 -9/100000
8245 7886 -3/20000
8248 7886 -9/100000
8247 7886 -3/20000
8244 7886 -9/100000
8243 7886 -3/20000
268 7886 -1
183 7886 232021/50000
10774 7887 39/40
10773 7887 -1/20
10592 7887 -9/10
8300 7887 -9/12500
8299 7887 -9/12500
8252 7887 -9/100000
8251 7887 -3/20000
8254 7887 -9/100000
8253 7887 -3/20000
8250 7887 -9/100000
8249 7887 -3/20000
541 7887 -1
456 7887 232021/50000
10776 7888 39/40
10775 7888 -1/20
10615 7888 -9/10
8302 7888 -9/12500
8301 7888 -9/12500
8258 7888 -9/100000
8257 7888 -3/20000
8260 7888 -9/100000
8259 7888 -3/20000
8256 7888 -9/100000
8255 7888 -3/20000
814 7888 -1
729 7888 232021/50000
10778 7889 39/40
10777 7889 -1/20
10638 7889 -9/10
8304 7889 -9/12500
8303 7889 -9/12500
8264 7889 -9/100000
8263 7889 -3/20000
8266 7889 -9/100000
8265 7889 -3/20000
8262 7889 -9/100000
8261 7889 -3/20000
1087 7889 -1
1002 7889 232021/50000
10780 7890 39/40
10779 7890 -1/20
10661 7890 -9/10
8306 7890 -9/12500
8305 7890 -9/12500
8270 7890 -9/100000
8269 7890 -3/20000
8272 7890 -9/100000
8271 7890 -3/20000
8268 7890 -9/100000
8267 7890 -3/20000
1360 7890 -1
1275 7890 232021/50000
10782 7891 39/40
10781 7891 -1/20
10684 7891 -9/10
8308 7891 -9/12500
8307 7891 -9/12500
8276 7891 -9/100000
8275 7891 -3/20000
8278 7891 -9/100000
8277 7891 -3/20000
8274 7891 -9/100000
8273 7891 -3/20000
1633 7891 -1
1548 7891 232021/50000
10784 7892 39/40
10783 7892 -1/20
10707 7892 -9/10
8310 7892 -9/12500
8309 7892 -9/12500
8282 7892 -9/100000
8281 7892 -3/20000
8284 7892 -9/100000
8283 7892 -3/20000
8280 7892 -9/100000
8279 7892 -3/20000
1906 7892 -1
1821 7892 232021/50000
10786 7893 39/40
10785 7893 -1/20
10730 7893 -9/10
8312 7893 -9/12500
8311 7893 -9/12500
8288 7893 -9/100000
8287 7893 -3/20000
8290 7893 -9/100000
8289 7893 -3/20000
8286 7893 -9/100000
8285 7893 -3/20000
2179 7893 -1
2094 7893 232021/50000
10788 7894 39/40
10787 7894 -1/20
10753 7894 -9/10
8314 7894 -9/12500
8313 7894 -9/12500
8294 7894 -9/100000
8293 7894 -3/20000
8296 7894 -9/100000
8295 7894 -3/20000
8292 7894 -9/100000
8291 7894 -3/20000
2452 7894 -1
2367 7894 232021/50000
8298 7895 -9/12500
8297 7895 -9/12500
8246 7895 -9/100000
8245 7895 -3/20000
8248 7895 -9/100000
8247 7895 -3/20000
8244 7895 -9/100000
8243 7895 -3/20000
196 7895 -1
184 7895 453783/100000
8300 7896 -9/12500
8299 7896 -9/12500
8252 7896 -9/100000
8251 7896 -3/20000
8254 7896 -9/100000
8253 7896 -3/20000
8250 7896 -9/100000
8249 7896 -3/20000
469 7896 -1
457 7896 453783/100000
8302 7897 -9/12500
8301 7897 -9/12500
8258 7897 -9/100000
8257 7897 -3/20000
8260 7897 -9/100000
8259 7897 -3/20000
8256 7897 -9/100000
8255 7897 -3/20000
742 7897 -1
730 7897 453783/100000
8304 7898 -9/12500
8303 7898 -9/12500
8264 7898 -9/100000
8263 7898 -3/20000
8266 7898 -9/100000
8265 7898 -3/20000
8262 7898 -9/100000
8261 7898 -3/20000
1015 7898 -1
1003 7898 453783/100000
8306 7899 -9/12500
8305 7899 -9/12500
8270 7899 -9/100000
8269 7899 -3/20000
8272 7899 -9/100000
8271 7899 -3/20000
8268 7899 -9/100000
8267 7899 -3/20000
1288 7899 -1
1276 7899 453783/100000
8308 7900 -9/12500
8307 7900 -9/12500
8276 7900 -9/100000
8275 7900 -3/20000
8278 7900 -9/100000
8277 7900 -3/20000
8274 7900 -9/100000
8273 7900 -3/20000
1561 7900 -1
1549 7900 453783/100000
8310 7901 -9/12500
8309 7901 -9/12500
8282 7901 -9/100000
8281 7901 -3/20000
8284 7901 -9/100000
8283 7901 -3/20000
8280 7901 -9/100000
8279 7901 -3/20000
1834 7901 -1
1822 7901 453783/100000
8312 7902 -9/12500
8311 7902 -9/12500
8288 7902 -9/100000
8287 7902 -3/20000
8290 7902 -9/100000
8289 7902 -3/20000
8286 7902 -9/100000
8285 7902 -3/20000
2107 7902 -1
2095 7902 453783/100000
8314 7903 -9/12500
8313 7903 -9/12500
8294 7903 -9/100000
8293 7903 -3/20000
8296 7903 -9/100000
8295 7903 -3/20000
8292 7903 -9/100000
8291 7903 -3/20000
2380 7903 -1
2368 7903 453783/100000
8298 7904 -9/12500
8297 7904 -9/12500
8246 7904 -9/100000
8245 7904 -3/20000
8248 7904 -9/100000
8247 7904 -3/20000
8244 7904 -9/100000
8243 7904 -3/20000
268 7904 -1
184 7904 232021/50000
8300 7905 -9/12500
8299 7905 -9/12500
8252 7905 -9/100000
8251 7905 -3/20000
8254 7905 -9/100000
8253 7905 -3/20000
8250 7905 -9/100000
8249 7905 -3/20000
541 7905 -1
457 7905 232021/50000
8302 7906 -9/12500
8301 7906 -9/12500
8258 7906 -9/100000
8257 7906 -3/20000
8260 7906 -9/100000
8259 7906 -3/20000
8256 7906 -9/100000
8255 7906 -3/20000
814 7906 -1
730 7906 232021/50000
8304 7907 -9/12500
8303 7907 -9/12500
8264 7907 -9/100000
8263 7907 -3/20000
8266 7907 -9/100000
8265 7907 -3/20000
8262 7907 -9/100000
8261 7907 -3/20000
1087 7907 -1
1003 7907 232021/50000
8306 7908 -9/12500
8305 7908 -9/12500
8270 7908 -9/100000
8269 7908 -3/20000
8272 7908 -9/100000
8271 7908 -3/20000
8268 7908 -9/100000
8267 7908 -3/20000
1360 7908 -1
1276 7908 232021/50000
8308 7909 -9/12500
8307 7909 -9/12500
8276 7909 -9/100000
8275 7909 -3/20000
8278 7909 -9/100000
8277 7909 -3/20000
8274 7909 -9/100000
8273 7909 -3/20000
1633 7909 -1
1549 7909 232021/50000
8310 7910 -9/12500
8309 7910 -9/12500
8282 7910 -9/100000
8281 7910 -3/20000
8284 7910 -9/100000
8283 7910 -3/20000
8280 7910 -9/100000
8279 7910 -3/20000
1906 7910 -1
1822 7910 232021/50000
8312 7911 -9/12500
8311 7911 -9/12500
8288 7911 -9/100000
8287 7911 -3/20000
8290 7911 -9/100000
8289 7911 -3/20000
8286 7911 -9/100000
8285 7911 -3/20000
2179 7911 -1
2095 7911 232021/50000
8314 7912 -9/12500
8313 7912 -9/12500
8294 7912 -9/100000
8293 7912 -3/20000
8296 7912 -9/100000
8295 7912 -3/20000
8292 7912 -9/100000
8291 7912 -3/20000
2452 7912 -1
2368 7912 232021/50000
8298 7913 -189/5000
8297 7913 -189/5000
8246 7913 -189/40000
8245 7913 -3939/500000
8248 7913 -189/40000
8247 7913 -3937/500000
8244 7913 -189/40000
8243 7913 -3937/500000
277 7913 -842/625
274 7913 -8621/10000
145 7913 -1
189 7913 637803/100000
8300 7914 -189/5000
8299 7914 -189/5000
8252 7914 -189/40000
8251 7914 -3939/500000
8254 7914 -189/40000
8253 7914 -3937/500000
8250 7914 -189/40000
8249 7914 -3937/500000
550 7914 -842/625
547 7914 -8621/10000
418 7914 -1
462 7914 637803/100000
8302 7915 -189/5000
8301 7915 -189/5000
8258 7915 -189/40000
8257 7915 -3939/500000
8260 7915 -189/40000
8259 7915 -3937/500000
8256 7915 -189/40000
8255 7915 -3937/500000
823 7915 -842/625
820 7915 -8621/10000
691 7915 -1
735 7915 637803/100000
8304 7916 -189/5000
8303 7916 -189/5000
8264 7916 -189/40000
8263 7916 -3939/500000
8266 7916 -189/40000
8265 7916 -3937/500000
8262 7916 -189/40000
8261 7916 -3937/500000
1096 7916 -842/625
1093 7916 -8621/10000
964 7916 -1
1008 7916 637803/100000
8306 7917 -189/5000
8305 7917 -189/5000
8270 7917 -189/40000
8269 7917 -3939/500000
8272 7917 -189/40000
8271 7917 -3937/500000
8268 7917 -189/40000
8267 7917 -3937/500000
1369 7917 -842/625
1366 7917 -8621/10000
1237 7917 -1
1281 7917 637803/100000
8308 7918 -189/5000
8307 7918 -189/5000
8276 7918 -189/40000
8275 7918 -3939/500000
8278 7918 -189/40000
8277 7918 -3937/500000
8274 7918 -189/40000
8273 7918 -3937/500000
1642 7918 -842/625
1639 7918 -8621/10000
1510 7918 -1
1554 7918 637803/100000
8310 7919 -189/5000
8309 7919 -189/5000
8282 7919 -189/40000
8281 7919 -3939/500000
8284 7919 -189/40000
8283 7919 -3937/500000
8280 7919 -189/40000
8279 7919 -3937/500000
1915 7919 -842/625
1912 7919 -8621/10000
1783 7919 -1
1827 7919 637803/100000
8312 7920 -189/5000
8311 7920 -189/5000
8288 7920 -189/40000
8287 7920 -3939/500000
8290 7920 -189/40000
8289 7920 -3937/500000
8286 7920 -189/40000
8285 7920 -3937/500000
2188 7920 -842/625
2185 7920 -8621/10000
2056 7920 -1
2100 7920 637803/100000
8314 7921 -189/5000
8313 7921 -189/5000
8294 7921 -189/40000
8293 7921 -3939/500000
8296 7921 -189/40000
8295 7921 -3937/500000
8292 7921 -189/40000
8291 7921 -3937/500000
2461 7921 -842/625
2458 7921 -8621/10000
2329 7921 -1
2373 7921 637803/100000
10297 7922 -24201/31250
10571 7922 -8/25
10570 7922 -139/2000
10299 7922 -11/25
10298 7922 -2693/10000
10296 7922 190
277 7922 -1497/100000
121 7922 -1
192 7922 118349/20000
10390 7923 -24201/31250
10640 7923 -8/25
10639 7923 -139/2000
10392 7923 -11/25
10391 7923 -2693/10000
10389 7923 190
1096 7923 -1497/100000
940 7923 -1
1011 7923 118349/20000
10452 7924 -24201/31250
10686 7924 -8/25
10685 7924 -139/2000
10454 7924 -11/25
10453 7924 -2693/10000
10451 7924 190
1642 7924 -1497/100000
1486 7924 -1
1557 7924 118349/20000
10483 7925 -24201/31250
10709 7925 -8/25
10708 7925 -139/2000
10485 7925 -11/25
10484 7925 -2693/10000
10482 7925 190
1915 7925 -1497/100000
1759 7925 -1
1830 7925 118349/20000
10514 7926 -24201/31250
10732 7926 -8/25
10731 7926 -139/2000
10516 7926 -11/25
10515 7926 -2693/10000
10513 7926 190
2188 7926 -1497/100000
2032 7926 -1
2103 7926 118349/20000
10545 7927 -24201/31250
10755 7927 -8/25
10754 7927 -139/2000
10547 7927 -11/25
10546 7927 -2693/10000
10544 7927 190
2461 7927 -1497/100000
2305 7927 -1
2376 7927 118349/20000
10328 7928 -25299/100000
10594 7928 -9/50
10593 7928 -329/10000
10330 7928 -3/10
10329 7928 -2327/10000
10327 7928 -19
550 7928 -1497/100000
398 7928 -1
465 7928 608279/100000
10514 7929 -25299/100000
10732 7929 -9/50
10731 7929 -329/10000
10516 7929 -3/10
10515 7929 -2327/10000
10513 7929 -19
2188 7929 -1497/100000
2036 7929 -1
2103 7929 608279/100000
10514 7930 -59031/100000
10732 7930 -9/50
10731 7930 -329/10000
10516 7930 -3/10
10515 7930 -2327/10000
10513 7930 -19
2188 7930 -1497/100000
2040 7930 -1
2103 7930 610221/100000
10571 7931 11/50
10570 7931 619/5000
10299 7931 1/10
10298 7931 -19/250
10296 7931 -35
277 7931 -1497/100000
130 7931 -1
192 7931 169911/25000
10617 7932 11/50
10616 7932 619/5000
10361 7932 1/10
10360 7932 -19/250
10358 7932 -35
823 7932 -1497/100000
676 7932 -1
738 7932 169911/25000
10640 7933 11/50
10639 7933 619/5000
10392 7933 1/10
10391 7933 -19/250
10389 7933 -35
1096 7933 -1497/100000
949 7933 -1
1011 7933 169911/25000
10663 7934 11/50
10662 7934 619/5000
10423 7934 1/10
10422 7934 -19/250
10420 7934 -35
1369 7934 -1497/100000
1222 7934 -1
1284 7934 169911/25000
10686 7935 11/50
10685 7935 619/5000
10454 7935 1/10
10453 7935 -19/250
10451 7935 -35
1642 7935 -1497/100000
1495 7935 -1
1557 7935 169911/25000
10709 7936 11/50
10708 7936 619/5000
10485 7936 1/10
10484 7936 -19/250
10482 7936 -35
1915 7936 -1497/100000
1768 7936 -1
1830 7936 169911/25000
10732 7937 11/50
10731 7937 619/5000
10516 7937 1/10
10515 7937 -19/250
10513 7937 -35
2188 7937 -1497/100000
2041 7937 -1
2103 7937 169911/25000
10755 7938 11/50
10754 7938 619/5000
10547 7938 1/10
10546 7938 -19/250
10544 7938 -35
2461 7938 -1497/100000
2314 7938 -1
2376 7938 169911/25000
10297 7939 -10143/20000
10571 7939 11/50
10570 7939 1381/10000
10299 7939 1/10
10298 7939 -617/10000
10296 7939 -35
277 7939 -1497/100000
131 7939 -1
192 7939 344009/50000
10390 7940 -10143/20000
10640 7940 11/50
10639 7940 1381/10000
10392 7940 1/10
10391 7940 -617/10000
10389 7940 -35
1096 7940 -1497/100000
950 7940 -1
1011 7940 344009/50000
10421 7941 -10143/20000
10663 7941 11/50
10662 7941 1381/10000
10423 7941 1/10
10422 7941 -617/10000
10420 7941 -35
1369 7941 -1497/100000
1223 7941 -1
1284 7941 344009/50000
10452 7942 -10143/20000
10686 7942 11/50
10685 7942 1381/10000
10454 7942 1/10
10453 7942 -617/10000
10451 7942 -35
1642 7942 -1497/100000
1496 7942 -1
1557 7942 344009/50000
10483 7943 -10143/20000
10709 7943 11/50
10708 7943 1381/10000
10485 7943 1/10
10484 7943 -617/10000
10482 7943 -35
1915 7943 -1497/100000
1769 7943 -1
1830 7943 344009/50000
10514 7944 -10143/20000
10732 7944 11/50
10731 7944 1381/10000
10516 7944 1/10
10515 7944 -617/10000
10513 7944 -35
2188 7944 -1497/100000
2042 7944 -1
2103 7944 344009/50000
10545 7945 -10143/20000
10755 7945 11/50
10754 7945 1381/10000
10547 7945 1/10
10546 7945 -617/10000
10544 7945 -35
2461 7945 -1497/100000
2315 7945 -1
2376 7945 344009/50000
10483 7946 705177/500000
10709 7946 7/100
10708 7946 57/1250
10485 7946 -1/20
10484 7946 -771/5000
10482 7946 -35
1915 7946 -1497/100000
1783 7946 -1
1830 7946 637803/100000
10514 7947 705177/500000
10732 7947 7/100
10731 7947 57/1250
10516 7947 -1/20
10515 7947 -771/5000
10513 7947 -35
2188 7947 -1497/100000
2056 7947 -1
2103 7947 637803/100000
10545 7948 705177/500000
10755 7948 7/100
10754 7948 57/1250
10547 7948 -1/20
10546 7948 -771/5000
10544 7948 -35
2461 7948 -1497/100000
2329 7948 -1
2376 7948 637803/100000
10297 7949 -373329/500000
10571 7949 7/100
10570 7949 57/1250
10299 7949 -1/20
10298 7949 -771/5000
10296 7949 -35
277 7949 -1497/100000
146 7949 -1
192 7949 162451/25000
10328 7950 -373329/500000
10594 7950 7/100
10593 7950 57/1250
10330 7950 -1/20
10329 7950 -771/5000
10327 7950 -35
550 7950 -1497/100000
419 7950 -1
465 7950 162451/25000
10359 7951 -373329/500000
10617 7951 7/100
10616 7951 57/1250
10361 7951 -1/20
10360 7951 -771/5000
10358 7951 -35
823 7951 -1497/100000
692 7951 -1
738 7951 162451/25000
10390 7952 -373329/500000
10640 7952 7/100
10639 7952 57/1250
10392 7952 -1/20
10391 7952 -771/5000
10389 7952 -35
1096 7952 -1497/100000
965 7952 -1
1011 7952 162451/25000
10421 7953 -373329/500000
10663 7953 7/100
10662 7953 57/1250
10423 7953 -1/20
10422 7953 -771/5000
10420 7953 -35
1369 7953 -1497/100000
1238 7953 -1
1284 7953 162451/25000
10452 7954 -373329/500000
10686 7954 7/100
10685 7954 57/1250
10454 7954 -1/20
10453 7954 -771/5000
10451 7954 -35
1642 7954 -1497/100000
1511 7954 -1
1557 7954 162451/25000
10483 7955 -373329/500000
10709 7955 7/100
10708 7955 57/1250
10485 7955 -1/20
10484 7955 -771/5000
10482 7955 -35
1915 7955 -1497/100000
1784 7955 -1
1830 7955 162451/25000
10514 7956 -373329/500000
10732 7956 7/100
10731 7956 57/1250
10516 7956 -1/20
10515 7956 -771/5000
10513 7956 -35
2188 7956 -1497/100000
2057 7956 -1
2103 7956 162451/25000
10545 7957 -373329/500000
10755 7957 7/100
10754 7957 57/1250
10547 7957 -1/20
10546 7957 -771/5000
10544 7957 -35
2461 7957 -1497/100000
2330 7957 -1
2376 7957 162451/25000
10359 7958 41481/125000
10617 7958 7/100
10616 7958 57/1250
10361 7958 -1/20
10360 7958 -771/5000
10358 7958 -35
823 7958 -1497/100000
693 7958 -1
738 7958 643803/100000
10390 7959 41481/125000
10640 7959 7/100
10639 7959 57/1250
10392 7959 -1/20
10391 7959 -771/5000
10389 7959 -35
1096 7959 -1497/100000
966 7959 -1
1011 7959 643803/100000
10421 7960 41481/125000
10663 7960 7/100
10662 7960 57/1250
10423 7960 -1/20
10422 7960 -771/5000
10420 7960 -35
1369 7960 -1497/100000
1239 7960 -1
1284 7960 643803/100000
10452 7961 41481/125000
10686 7961 7/100
10685 7961 57/1250
10454 7961 -1/20
10453 7961 -771/5000
10451 7961 -35
1642 7961 -1497/100000
1512 7961 -1
1557 7961 643803/100000
10483 7962 41481/125000
10709 7962 7/100
10708 7962 57/1250
10485 7962 -1/20
10484 7962 -771/5000
10482 7962 -35
1915 7962 -1497/100000
1785 7962 -1
1830 7962 643803/100000
10514 7963 41481/125000
10732 7963 7/100
10731 7963 57/1250
10516 7963 -1/20
10515 7963 -771/5000
10513 7963 -35
2188 7963 -1497/100000
2058 7963 -1
2103 7963 643803/100000
10545 7964 41481/125000
10755 7964 7/100
10754 7964 57/1250
10547 7964 -1/20
10546 7964 -771/5000
10544 7964 -35
2461 7964 -1497/100000
2331 7964 -1
2376 7964 643803/100000
10328 7965 -2204/3125
10594 7965 3/50
10593 7965 27/5000
10330 7965 -3/50
10329 7965 -243/1250
10327 7965 -35
550 7965 -1497/100000
421 7965 -1
465 7965 25213/4000
10359 7966 -2204/3125
10617 7966 3/50
10616 7966 27/5000
10361 7966 -3/50
10360 7966 -243/1250
10358 7966 -35
823 7966 -1497/100000
694 7966 -1
738 7966 25213/4000
10390 7967 -2204/3125
10640 7967 3/50
10639 7967 27/5000
10392 7967 -3/50
10391 7967 -243/1250
10389 7967 -35
1096 7967 -1497/100000
967 7967 -1
1011 7967 25213/4000
10421 7968 -2204/3125
10663 7968 3/50
10662 7968 27/5000
10423 7968 -3/50
10422 7968 -243/1250
10420 7968 -35
1369 7968 -1497/100000
1240 7968 -1
1284 7968 25213/4000
10483 7969 -2204/3125
10709 7969 3/50
10708 7969 27/5000
10485 7969 -3/50
10484 7969 -243/1250
10482 7969 -35
1915 7969 -1497/100000
1786 7969 -1
1830 7969 25213/4000
10545 7970 -2204/3125
10755 7970 3/50
10754 7970 27/5000
10547 7970 -3/50
10546 7970 -243/1250
10544 7970 -35
2461 7970 -1497/100000
2332 7970 -1
2376 7970 25213/4000
10390 7971 57013/50000
10640 7971 13/50
10639 7971 401/2500
10392 7971 7/50
10391 7971 -197/5000
10389 7971 -35
1096 7971 -1497/100000
1051 7971 -1
1011 7971 13757/2000
10452 7972 57013/50000
10686 7972 13/50
10685 7972 401/2500
10454 7972 7/50
10453 7972 -197/5000
10451 7972 -35
1642 7972 -1497/100000
1597 7972 -1
1557 7972 13757/2000
10297 7973 -69027/100000
10571 7973 13/50
10570 7973 1099/10000
10299 7973 7/50
10298 7973 -899/10000
10296 7973 -35
277 7973 -1497/100000
233 7973 -1
192 7973 677683/100000
10328 7974 -69027/100000
10594 7974 13/50
10593 7974 1099/10000
10330 7974 7/50
10329 7974 -899/10000
10327 7974 -35
550 7974 -1497/100000
506 7974 -1
465 7974 677683/100000
10359 7975 -69027/100000
10617 7975 13/50
10616 7975 1099/10000
10361 7975 7/50
10360 7975 -899/10000
10358 7975 -35
823 7975 -1497/100000
779 7975 -1
738 7975 677683/100000
10390 7976 -69027/100000
10640 7976 13/50
10639 7976 1099/10000
10392 7976 7/50
10391 7976 -899/10000
10389 7976 -35
1096 7976 -1497/100000
1052 7976 -1
1011 7976 677683/100000
10421 7977 -69027/100000
10663 7977 13/50
10662 7977 1099/10000
10423 7977 7/50
10422 7977 -899/10000
10420 7977 -35
1369 7977 -1497/100000
1325 7977 -1
1284 7977 677683/100000
10452 7978 -69027/100000
10686 7978 13/50
10685 7978 1099/10000
10454 7978 7/50
10453 7978 -899/10000
10451 7978 -35
1642 7978 -1497/100000
1598 7978 -1
1557 7978 677683/100000
10483 7979 -69027/100000
10709 7979 13/50
10708 7979 1099/10000
10485 7979 7/50
10484 7979 -899/10000
10482 7979 -35
1915 7979 -1497/100000
1871 7979 -1
1830 7979 677683/100000
10514 7980 -69027/100000
10732 7980 13/50
10731 7980 1099/10000
10516 7980 7/50
10515 7980 -899/10000
10513 7980 -35
2188 7980 -1497/100000
2144 7980 -1
2103 7980 677683/100000
10545 7981 -69027/100000
10755 7981 13/50
10754 7981 1099/10000
10547 7981 7/50
10546 7981 -899/10000
10544 7981 -35
2461 7981 -1497/100000
2417 7981 -1
2376 7981 677683/100000
10297 7982 56683/25000
10571 7982 27/100
10570 7982 193/1250
10299 7982 3/20
10298 7982 -227/5000
10296 7982 -35
277 7982 -1497/100000
235 7982 -1
192 7982 135929/20000
10328 7983 56683/25000
10594 7983 27/100
10593 7983 193/1250
10330 7983 3/20
10329 7983 -227/5000
10327 7983 -35
550 7983 -1497/100000
508 7983 -1
465 7983 135929/20000
10359 7984 56683/25000
10617 7984 27/100
10616 7984 193/1250
10361 7984 3/20
10360 7984 -227/5000
10358 7984 -35
823 7984 -1497/100000
781 7984 -1
738 7984 135929/20000
10390 7985 56683/25000
10640 7985 27/100
10639 7985 193/1250
10392 7985 3/20
10391 7985 -227/5000
10389 7985 -35
1096 7985 -1497/100000
1054 7985 -1
1011 7985 135929/20000
10421 7986 56683/25000
10663 7986 27/100
10662 7986 193/1250
10423 7986 3/20
10422 7986 -227/5000
10420 7986 -35
1369 7986 -1497/100000
1327 7986 -1
1284 7986 135929/20000
10452 7987 56683/25000
10686 7987 27/100
10685 7987 193/1250
10454 7987 3/20
10453 7987 -227/5000
10451 7987 -35
1642 7987 -1497/100000
1600 7987 -1
1557 7987 135929/20000
10483 7988 56683/25000
10709 7988 27/100
10708 7988 193/1250
10485 7988 3/20
10484 7988 -227/5000
10482 7988 -35
1915 7988 -1497/100000
1873 7988 -1
1830 7988 135929/20000
10514 7989 56683/25000
10732 7989 27/100
10731 7989 193/1250
10516 7989 3/20
10515 7989 -227/5000
10513 7989 -35
2188 7989 -1497/100000
2146 7989 -1
2103 7989 135929/20000
10297 7990 -2723/4000
10571 7990 21/100
10570 7990 963/10000
10299 7990 9/100
10298 7990 -207/2000
10296 7990 -35
277 7990 -1497/100000
245 7990 -1
192 7990 659621/100000
10390 7991 -2723/4000
10640 7991 21/100
10639 7991 963/10000
10392 7991 9/100
10391 7991 -207/2000
10389 7991 -35
1096 7991 -1497/100000
1064 7991 -1
1011 7991 659621/100000
10456 7992 18207/5000
10688 7992 1/50
10687 7992 821/5000
10458 7992 -1/10
10457 7992 -89/2500
10455 7992 -35
1642 7992 -1497/100000
1469 7992 -1
1558 7992 661023/100000
10518 7993 18207/5000
10734 7993 1/50
10733 7993 821/5000
10520 7993 -1/10
10519 7993 -89/2500
10517 7993 -35
2188 7993 -1497/100000
2015 7993 -1
2104 7993 661023/100000
10549 7994 18207/5000
10757 7994 1/50
10756 7994 821/5000
10551 7994 -1/10
10550 7994 -89/2500
10548 7994 -35
2461 7994 -1497/100000
2288 7994 -1
2377 7994 661023/100000
10301 7995 -588891/500000
10573 7995 -8/25
10572 7995 -139/2000
10303 7995 -11/25
10302 7995 -2693/10000
10300 7995 190
277 7995 -1497/100000
121 7995 -1
193 7995 118349/20000
10487 7996 -588891/500000
10711 7996 -8/25
10710 7996 -139/2000
10489 7996 -11/25
10488 7996 -2693/10000
10486 7996 190
1915 7996 -1497/100000
1759 7996 -1
1831 7996 118349/20000
10425 7997 -10143/10000
10665 7997 11/50
10664 7997 1381/10000
10427 7997 1/10
10426 7997 -617/10000
10424 7997 -35
1369 7997 -1497/100000
1223 7997 -1
1285 7997 344009/50000
10549 7998 474727/500000
10757 7998 7/100
10756 7998 57/1250
10551 7998 -1/20
10550 7998 -771/5000
10548 7998 -35
2461 7998 -1497/100000
2329 7998 -1
2377 7998 637803/100000
10301 7999 -603779/500000
10573 7999 7/100
10572 7999 57/1250
10303 7999 -1/20
10302 7999 -771/5000
10300 7999 -35
277 7999 -1497/100000
146 7999 -1
193 7999 162451/25000
10332 8000 -603779/500000
10596 8000 7/100
10595 8000 57/1250
10334 8000 -1/20
10333 8000 -771/5000
10331 8000 -35
550 8000 -1497/100000
419 8000 -1
466 8000 162451/25000
10487 8001 -603779/500000
10711 8001 7/100
10710 8001 57/1250
10489 8001 -1/20
10488 8001 -771/5000
10486 8001 -35
1915 8001 -1497/100000
1784 8001 -1
1831 8001 162451/25000
10363 8002 -32263/250000
10619 8002 7/100
10618 8002 57/1250
10365 8002 -1/20
10364 8002 -771/5000
10362 8002 -35
823 8002 -1497/100000
693 8002 -1
739 8002 643803/100000
10394 8003 -32263/250000
10642 8003 7/100
10641 8003 57/1250
10396 8003 -1/20
10395 8003 -771/5000
10393 8003 -35
1096 8003 -1497/100000
966 8003 -1
1012 8003 643803/100000
10425 8004 -32263/250000
10665 8004 7/100
10664 8004 57/1250
10427 8004 -1/20
10426 8004 -771/5000
10424 8004 -35
1369 8004 -1497/100000
1239 8004 -1
1285 8004 643803/100000
10456 8005 -32263/250000
10688 8005 7/100
10687 8005 57/1250
10458 8005 -1/20
10457 8005 -771/5000
10455 8005 -35
1642 8005 -1497/100000
1512 8005 -1
1558 8005 643803/100000
10332 8006 -29583/25000
10596 8006 13/50
10595 8006 1099/10000
10334 8006 7/50
10333 8006 -899/10000
10331 8006 -35
550 8006 -1497/100000
506 8006 -1
466 8006 677683/100000
10301 8007 87601/50000
10573 8007 27/100
10572 8007 193/1250
10303 8007 3/20
10302 8007 -227/5000
10300 8007 -35
277 8007 -1497/100000
235 8007 -1
193 8007 135929/20000
10332 8008 87601/50000
10596 8008 27/100
10595 8008 193/1250
10334 8008 3/20
10333 8008 -227/5000
10331 8008 -35
550 8008 -1497/100000
508 8008 -1
466 8008 135929/20000
10363 8009 87601/50000
10619 8009 27/100
10618 8009 193/1250
10365 8009 3/20
10364 8009 -227/5000
10362 8009 -35
823 8009 -1497/100000
781 8009 -1
739 8009 135929/20000
10394 8010 87601/50000
10642 8010 27/100
10641 8010 193/1250
10396 8010 3/20
10395 8010 -227/5000
10393 8010 -35
1096 8010 -1497/100000
1054 8010 -1
1012 8010 135929/20000
10425 8011 87601/50000
10665 8011 27/100
10664 8011 193/1250
10427 8011 3/20
10426 8011 -227/5000
10424 8011 -35
1369 8011 -1497/100000
1327 8011 -1
1285 8011 135929/20000
10456 8012 87601/50000
10688 8012 27/100
10687 8012 193/1250
10458 8012 3/20
10457 8012 -227/5000
10455 8012 -35
1642 8012 -1497/100000
1600 8012 -1
1558 8012 135929/20000
10301 8013 -1167/1000
10573 8013 21/100
10572 8013 963/10000
10303 8013 9/100
10302 8013 -207/2000
10300 8013 -35
277 8013 -1497/100000
245 8013 -1
193 8013 659621/100000
10394 8014 -1167/1000
10642 8014 21/100
10641 8014 963/10000
10396 8014 9/100
10395 8014 -207/2000
10393 8014 -35
1096 8014 -1497/100000
1064 8014 -1
1012 8014 659621/100000
10398 8015 7803/2500
10644 8015 1/50
10643 8015 821/5000
10400 8015 -1/10
10399 8015 -89/2500
10397 8015 -35
1096 8015 -1497/100000
923 8015 -1
1013 8015 661023/100000
10491 8016 7803/2500
10713 8016 1/50
10712 8016 821/5000
10493 8016 -1/10
10492 8016 -89/2500
10490 8016 -35
1915 8016 -1497/100000
1742 8016 -1
1832 8016 661023/100000
10522 8017 7803/2500
10736 8017 1/50
10735 8017 821/5000
10524 8017 -1/10
10523 8017 -89/2500
10521 8017 -35
2188 8017 -1497/100000
2015 8017 -1
2105 8017 661023/100000
10553 8018 7803/2500
10759 8018 1/50
10758 8018 821/5000
10555 8018 -1/10
10554 8018 -89/2500
10552 8018 -35
2461 8018 -1497/100000
2288 8018 -1
2378 8018 661023/100000
10398 8019 33813/25000
10644 8019 1/50
10643 8019 821/5000
10400 8019 -1/10
10399 8019 -89/2500
10397 8019 -35
1096 8019 -1497/100000
925 8019 -1
1013 8019 335033/50000
10305 8020 -395283/250000
10575 8020 -8/25
10574 8020 -139/2000
10307 8020 -11/25
10306 8020 -2693/10000
10304 8020 190
277 8020 -1497/100000
121 8020 -1
194 8020 118349/20000
10367 8021 -395283/250000
10621 8021 -8/25
10620 8021 -139/2000
10369 8021 -11/25
10368 8021 -2693/10000
10366 8021 190
823 8021 -1497/100000
667 8021 -1
740 8021 118349/20000
10398 8022 -395283/250000
10644 8022 -8/25
10643 8022 -139/2000
10400 8022 -11/25
10399 8022 -2693/10000
10397 8022 190
1096 8022 -1497/100000
940 8022 -1
1013 8022 118349/20000
10491 8023 -395283/250000
10713 8023 -8/25
10712 8023 -139/2000
10493 8023 -11/25
10492 8023 -2693/10000
10490 8023 190
1915 8023 -1497/100000
1759 8023 -1
1832 8023 118349/20000
10305 8024 -109629/100000
10575 8024 -9/50
10574 8024 -329/10000
10307 8024 -3/10
10306 8024 -2327/10000
10304 8024 -19
277 8024 -1497/100000
125 8024 -1
194 8024 608279/100000
10336 8025 -109629/100000
10598 8025 -9/50
10597 8025 -329/10000
10338 8025 -3/10
10337 8025 -2327/10000
10335 8025 -19
550 8025 -1497/100000
398 8025 -1
467 8025 608279/100000
10491 8026 -109629/100000
10713 8026 -9/50
10712 8026 -329/10000
10493 8026 -3/10
10492 8026 -2327/10000
10490 8026 -19
1915 8026 -1497/100000
1763 8026 -1
1832 8026 608279/100000
10398 8027 -143361/100000
10644 8027 -9/50
10643 8027 -329/10000
10400 8027 -3/10
10399 8027 -2327/10000
10397 8027 -19
1096 8027 -1497/100000
948 8027 -1
1013 8027 610221/100000
10398 8028 -30429/20000
10644 8028 11/50
10643 8028 1381/10000
10400 8028 1/10
10399 8028 -617/10000
10397 8028 -35
1096 8028 -1497/100000
950 8028 -1
1013 8028 344009/50000
10429 8029 -30429/20000
10667 8029 11/50
10666 8029 1381/10000
10431 8029 1/10
10430 8029 -617/10000
10428 8029 -35
1369 8029 -1497/100000
1223 8029 -1
1286 8029 344009/50000
10522 8030 244277/500000
10736 8030 7/100
10735 8030 57/1250
10524 8030 -1/20
10523 8030 -771/5000
10521 8030 -35
2188 8030 -1497/100000
2056 8030 -1
2105 8030 637803/100000
10305 8031 -834229/500000
10575 8031 7/100
10574 8031 57/1250
10307 8031 -1/20
10306 8031 -771/5000
10304 8031 -35
277 8031 -1497/100000
146 8031 -1
194 8031 162451/25000
10367 8032 -834229/500000
10621 8032 7/100
10620 8032 57/1250
10369 8032 -1/20
10368 8032 -771/5000
10366 8032 -35
823 8032 -1497/100000
692 8032 -1
740 8032 162451/25000
10429 8033 -834229/500000
10667 8033 7/100
10666 8033 57/1250
10431 8033 -1/20
10430 8033 -771/5000
10428 8033 -35
1369 8033 -1497/100000
1238 8033 -1
1286 8033 162451/25000
10367 8034 -9218/15625
10621 8034 7/100
10620 8034 57/1250
10369 8034 -1/20
10368 8034 -771/5000
10366 8034 -35
823 8034 -1497/100000
693 8034 -1
740 8034 643803/100000
10460 8035 5183/50000
10690 8035 13/50
10689 8035 401/2500
10462 8035 7/50
10461 8035 -197/5000
10459 8035 -35
1642 8035 -1497/100000
1597 8035 -1
1559 8035 13757/2000
10336 8036 -167637/100000
10598 8036 13/50
10597 8036 1099/10000
10338 8036 7/50
10337 8036 -899/10000
10335 8036 -35
550 8036 -1497/100000
506 8036 -1
467 8036 677683/100000
10460 8037 -167637/100000
10690 8037 13/50
10689 8037 1099/10000
10462 8037 7/50
10461 8037 -899/10000
10459 8037 -35
1642 8037 -1497/100000
1598 8037 -1
1559 8037 677683/100000
10305 8038 15459/12500
10575 8038 27/100
10574 8038 193/1250
10307 8038 3/20
10306 8038 -227/5000
10304 8038 -35
277 8038 -1497/100000
235 8038 -1
194 8038 135929/20000
10336 8039 15459/12500
10598 8039 27/100
10597 8039 193/1250
10338 8039 3/20
10337 8039 -227/5000
10335 8039 -35
550 8039 -1497/100000
508 8039 -1
467 8039 135929/20000
10367 8040 15459/12500
10621 8040 27/100
10620 8040 193/1250
10369 8040 3/20
10368 8040 -227/5000
10366 8040 -35
823 8040 -1497/100000
781 8040 -1
740 8040 135929/20000
10367 8041 10217/100000
10621 8041 21/100
10620 8041 291/2000
10369 8041 9/100
10368 8041 -543/10000
10366 8041 -35
823 8041 -1497/100000
790 8041 -1
740 8041 334629/50000
10367 8042 -6613/4000
10621 8042 21/100
10620 8042 963/10000
10369 8042 9/100
10368 8042 -207/2000
10366 8042 -35
823 8042 -1497/100000
791 8042 -1
740 8042 659621/100000
10309 8043 2601/1000
10577 8043 1/50
10576 8043 821/5000
10311 8043 -1/10
10310 8043 -89/2500
10308 8043 -35
277 8043 -1497/100000
104 8043 -1
195 8043 661023/100000
10340 8044 2601/1000
10600 8044 1/50
10599 8044 821/5000
10342 8044 -1/10
10341 8044 -89/2500
10339 8044 -35
550 8044 -1497/100000
377 8044 -1
468 8044 661023/100000
10371 8045 2601/1000
10623 8045 1/50
10622 8045 821/5000
10373 8045 -1/10
10372 8045 -89/2500
10370 8045 -35
823 8045 -1497/100000
650 8045 -1
741 8045 661023/100000
10402 8046 2601/1000
10646 8046 1/50
10645 8046 821/5000
10404 8046 -1/10
10403 8046 -89/2500
10401 8046 -35
1096 8046 -1497/100000
923 8046 -1
1014 8046 661023/100000
10433 8047 2601/1000
10669 8047 1/50
10668 8047 821/5000
10435 8047 -1/10
10434 8047 -89/2500
10432 8047 -35
1369 8047 -1497/100000
1196 8047 -1
1287 8047 661023/100000
10464 8048 2601/1000
10692 8048 1/50
10691 8048 821/5000
10466 8048 -1/10
10465 8048 -89/2500
10463 8048 -35
1642 8048 -1497/100000
1469 8048 -1
1560 8048 661023/100000
10495 8049 2601/1000
10715 8049 1/50
10714 8049 821/5000
10497 8049 -1/10
10496 8049 -89/2500
10494 8049 -35
1915 8049 -1497/100000
1742 8049 -1
1833 8049 661023/100000
10526 8050 2601/1000
10738 8050 1/50
10737 8050 821/5000
10528 8050 -1/10
10527 8050 -89/2500
10525 8050 -35
2188 8050 -1497/100000
2015 8050 -1
2106 8050 661023/100000
10557 8051 2601/1000
10761 8051 1/50
10760 8051 821/5000
10559 8051 -1/10
10558 8051 -89/2500
10556 8051 -35
2461 8051 -1497/100000
2288 8051 -1
2379 8051 661023/100000
10309 8052 -23409/25000
10577 8052 1/50
10576 8052 821/5000
10311 8052 -1/10
10310 8052 -89/2500
10308 8052 -35
277 8052 -1497/100000
105 8052 -1
195 8052 679109/100000
10340 8053 -23409/25000
10600 8053 1/50
10599 8053 821/5000
10342 8053 -1/10
10341 8053 -89/2500
10339 8053 -35
550 8053 -1497/100000
378 8053 -1
468 8053 679109/100000
10433 8054 -23409/25000
10669 8054 1/50
10668 8054 821/5000
10435 8054 -1/10
10434 8054 -89/2500
10432 8054 -35
1369 8054 -1497/100000
1197 8054 -1
1287 8054 679109/100000
10495 8055 -23409/25000
10715 8055 1/50
10714 8055 821/5000
10497 8055 -1/10
10496 8055 -89/2500
10494 8055 -35
1915 8055 -1497/100000
1743 8055 -1
1833 8055 679109/100000
10557 8056 -23409/25000
10761 8056 1/50
10760 8056 821/5000
10559 8056 -1/10
10558 8056 -89/2500
10556 8056 -35
2461 8056 -1497/100000
2289 8056 -1
2379 8056 679109/100000
10309 8057 2601/3125
10577 8057 1/50
10576 8057 821/5000
10311 8057 -1/10
10310 8057 -89/2500
10308 8057 -35
277 8057 -1497/100000
106 8057 -1
195 8057 335033/50000
10340 8058 2601/3125
10600 8058 1/50
10599 8058 821/5000
10342 8058 -1/10
10341 8058 -89/2500
10339 8058 -35
550 8058 -1497/100000
379 8058 -1
468 8058 335033/50000
10371 8059 2601/3125
10623 8059 1/50
10622 8059 821/5000
10373 8059 -1/10
10372 8059 -89/2500
10370 8059 -35
823 8059 -1497/100000
652 8059 -1
741 8059 335033/50000
10464 8060 2601/3125
10692 8060 1/50
10691 8060 821/5000
10466 8060 -1/10
10465 8060 -89/2500
10463 8060 -35
1642 8060 -1497/100000
1471 8060 -1
1560 8060 335033/50000
10495 8061 2601/3125
10715 8061 1/50
10714 8061 821/5000
10497 8061 -1/10
10496 8061 -89/2500
10494 8061 -35
1915 8061 -1497/100000
1744 8061 -1
1833 8061 335033/50000
10526 8062 2601/3125
10738 8062 1/50
10737 8062 821/5000
10528 8062 -1/10
10527 8062 -89/2500
10525 8062 -35
2188 8062 -1497/100000
2017 8062 -1
2106 8062 335033/50000
10309 8063 -992241/500000
10577 8063 -8/25
10576 8063 -139/2000
10311 8063 -11/25
10310 8063 -2693/10000
10308 8063 190
277 8063 -1497/100000
121 8063 -1
195 8063 118349/20000
10340 8064 -992241/500000
10600 8064 -8/25
10599 8064 -139/2000
10342 8064 -11/25
10341 8064 -2693/10000
10339 8064 190
550 8064 -1497/100000
394 8064 -1
468 8064 118349/20000
10371 8065 -992241/500000
10623 8065 -8/25
10622 8065 -139/2000
10373 8065 -11/25
10372 8065 -2693/10000
10370 8065 190
823 8065 -1497/100000
667 8065 -1
741 8065 118349/20000
10402 8066 -992241/500000
10646 8066 -8/25
10645 8066 -139/2000
10404 8066 -11/25
10403 8066 -2693/10000
10401 8066 190
1096 8066 -1497/100000
940 8066 -1
1014 8066 118349/20000
10464 8067 -992241/500000
10692 8067 -8/25
10691 8067 -139/2000
10466 8067 -11/25
10465 8067 -2693/10000
10463 8067 190
1642 8067 -1497/100000
1486 8067 -1
1560 8067 118349/20000
10495 8068 -992241/500000
10715 8068 -8/25
10714 8068 -139/2000
10497 8068 -11/25
10496 8068 -2693/10000
10494 8068 190
1915 8068 -1497/100000
1759 8068 -1
1833 8068 118349/20000
10526 8069 -992241/500000
10738 8069 -8/25
10737 8069 -139/2000
10528 8069 -11/25
10527 8069 -2693/10000
10525 8069 190
2188 8069 -1497/100000
2032 8069 -1
2106 8069 118349/20000
10557 8070 -992241/500000
10761 8070 -8/25
10760 8070 -139/2000
10559 8070 -11/25
10558 8070 -2693/10000
10556 8070 190
2461 8070 -1497/100000
2305 8070 -1
2379 8070 118349/20000
10340 8071 -1060629/500000
10600 8071 -8/25
10599 8071 -139/10000
10342 8071 -11/25
10341 8071 -2137/10000
10339 8071 190
550 8071 -1497/100000
395 8071 -1
468 8071 621359/100000
10309 8072 -75897/50000
10577 8072 -9/50
10576 8072 -329/10000
10311 8072 -3/10
10310 8072 -2327/10000
10308 8072 -19
277 8072 -1497/100000
125 8072 -1
195 8072 608279/100000
10340 8073 -75897/50000
10600 8073 -9/50
10599 8073 -329/10000
10342 8073 -3/10
10341 8073 -2327/10000
10339 8073 -19
550 8073 -1497/100000
398 8073 -1
468 8073 608279/100000
10433 8074 -75897/50000
10669 8074 -9/50
10668 8074 -329/10000
10435 8074 -3/10
10434 8074 -2327/10000
10432 8074 -19
1369 8074 -1497/100000
1217 8074 -1
1287 8074 608279/100000
10495 8075 -75897/50000
10715 8075 -9/50
10714 8075 -329/10000
10497 8075 -3/10
10496 8075 -2327/10000
10494 8075 -19
1915 8075 -1497/100000
1763 8075 -1
1833 8075 608279/100000
10526 8076 -75897/50000
10738 8076 -9/50
10737 8076 -329/10000
10528 8076 -3/10
10527 8076 -2327/10000
10525 8076 -19
2188 8076 -1497/100000
2036 8076 -1
2106 8076 608279/100000
10309 8077 -92763/50000
10577 8077 -9/50
10576 8077 -329/10000
10311 8077 -3/10
10310 8077 -2327/10000
10308 8077 -19
277 8077 -1497/100000
129 8077 -1
195 8077 610221/100000
10340 8078 -92763/50000
10600 8078 -9/50
10599 8078 -329/10000
10342 8078 -3/10
10341 8078 -2327/10000
10339 8078 -19
550 8078 -1497/100000
402 8078 -1
468 8078 610221/100000
10402 8079 -92763/50000
10646 8079 -9/50
10645 8079 -329/10000
10404 8079 -3/10
10403 8079 -2327/10000
10401 8079 -19
1096 8079 -1497/100000
948 8079 -1
1014 8079 610221/100000
10433 8080 -92763/50000
10669 8080 -9/50
10668 8080 -329/10000
10435 8080 -3/10
10434 8080 -2327/10000
10432 8080 -19
1369 8080 -1497/100000
1221 8080 -1
1287 8080 610221/100000
10464 8081 -92763/50000
10692 8081 -9/50
10691 8081 -329/10000
10466 8081 -3/10
10465 8081 -2327/10000
10463 8081 -19
1642 8081 -1497/100000
1494 8081 -1
1560 8081 610221/100000
10495 8082 -92763/50000
10715 8082 -9/50
10714 8082 -329/10000
10497 8082 -3/10
10496 8082 -2327/10000
10494 8082 -19
1915 8082 -1497/100000
1767 8082 -1
1833 8082 610221/100000
10340 8083 -10143/5000
10600 8083 11/50
10599 8083 1381/10000
10342 8083 1/10
10341 8083 -617/10000
10339 8083 -35
550 8083 -1497/100000
404 8083 -1
468 8083 344009/50000
10433 8084 -10143/5000
10669 8084 11/50
10668 8084 1381/10000
10435 8084 1/10
10434 8084 -617/10000
10432 8084 -35
1369 8084 -1497/100000
1223 8084 -1
1287 8084 344009/50000
10495 8085 -10143/5000
10715 8085 11/50
10714 8085 1381/10000
10497 8085 1/10
10496 8085 -617/10000
10494 8085 -35
1915 8085 -1497/100000
1769 8085 -1
1833 8085 344009/50000
10526 8086 -10143/5000
10738 8086 11/50
10737 8086 1381/10000
10528 8086 1/10
10527 8086 -617/10000
10525 8086 -35
2188 8086 -1497/100000
2042 8086 -1
2106 8086 344009/50000
10557 8087 -10143/5000
10761 8087 11/50
10760 8087 1381/10000
10559 8087 1/10
10558 8087 -617/10000
10556 8087 -35
2461 8087 -1497/100000
2315 8087 -1
2379 8087 344009/50000
10433 8088 13827/500000
10669 8088 7/100
10668 8088 57/1250
10435 8088 -1/20
10434 8088 -771/5000
10432 8088 -35
1369 8088 -1497/100000
1237 8088 -1
1287 8088 637803/100000
10557 8089 13827/500000
10761 8089 7/100
10760 8089 57/1250
10559 8089 -1/20
10558 8089 -771/5000
10556 8089 -35
2461 8089 -1497/100000
2329 8089 -1
2379 8089 637803/100000
10309 8090 -1064679/500000
10577 8090 7/100
10576 8090 57/1250
10311 8090 -1/20
10310 8090 -771/5000
10308 8090 -35
277 8090 -1497/100000
146 8090 -1
195 8090 162451/25000
10371 8091 -262713/250000
10623 8091 7/100
10622 8091 57/1250
10373 8091 -1/20
10372 8091 -771/5000
10370 8091 -35
823 8091 -1497/100000
693 8091 -1
741 8091 643803/100000
10402 8092 -262713/250000
10646 8092 7/100
10645 8092 57/1250
10404 8092 -1/20
10403 8092 -771/5000
10401 8092 -35
1096 8092 -1497/100000
966 8092 -1
1014 8092 643803/100000
10433 8093 -262713/250000
10669 8093 7/100
10668 8093 57/1250
10435 8093 -1/20
10434 8093 -771/5000
10432 8093 -35
1369 8093 -1497/100000
1239 8093 -1
1287 8093 643803/100000
10464 8094 -262713/250000
10692 8094 7/100
10691 8094 57/1250
10466 8094 -1/20
10465 8094 -771/5000
10463 8094 -35
1642 8094 -1497/100000
1512 8094 -1
1560 8094 643803/100000
10340 8095 -5183/12500
10600 8095 13/50
10599 8095 401/2500
10342 8095 7/50
10341 8095 -197/5000
10339 8095 -35
550 8095 -1497/100000
505 8095 -1
468 8095 13757/2000
10402 8096 -5183/12500
10646 8096 13/50
10645 8096 401/2500
10404 8096 7/50
10403 8096 -197/5000
10401 8096 -35
1096 8096 -1497/100000
1051 8096 -1
1014 8096 13757/2000
10433 8097 -5183/12500
10669 8097 13/50
10668 8097 401/2500
10435 8097 7/50
10434 8097 -197/5000
10432 8097 -35
1369 8097 -1497/100000
1324 8097 -1
1287 8097 13757/2000
10464 8098 -5183/12500
10692 8098 13/50
10691 8098 401/2500
10466 8098 7/50
10465 8098 -197/5000
10463 8098 -35
1642 8098 -1497/100000
1597 8098 -1
1560 8098 13757/2000
10495 8099 -5183/12500
10715 8099 13/50
10714 8099 401/2500
10497 8099 7/50
10496 8099 -197/5000
10494 8099 -35
1915 8099 -1497/100000
1870 8099 -1
1833 8099 13757/2000
10526 8100 -5183/12500
10738 8100 13/50
10737 8100 401/2500
10528 8100 7/50
10527 8100 -197/5000
10525 8100 -35
2188 8100 -1497/100000
2143 8100 -1
2106 8100 13757/2000
10557 8101 -5183/12500
10761 8101 13/50
10760 8101 401/2500
10559 8101 7/50
10558 8101 -197/5000
10556 8101 -35
2461 8101 -1497/100000
2416 8101 -1
2379 8101 13757/2000
10340 8102 -108471/50000
10600 8102 13/50
10599 8102 1099/10000
10342 8102 7/50
10341 8102 -899/10000
10339 8102 -35
550 8102 -1497/100000
506 8102 -1
468 8102 677683/100000
10309 8103 36071/50000
10577 8103 27/100
10576 8103 193/1250
10311 8103 3/20
10310 8103 -227/5000
10308 8103 -35
277 8103 -1497/100000
235 8103 -1
195 8103 135929/20000
10340 8104 36071/50000
10600 8104 27/100
10599 8104 193/1250
10342 8104 3/20
10341 8104 -227/5000
10339 8104 -35
550 8104 -1497/100000
508 8104 -1
468 8104 135929/20000
10371 8105 36071/50000
10623 8105 27/100
10622 8105 193/1250
10373 8105 3/20
10372 8105 -227/5000
10370 8105 -35
823 8105 -1497/100000
781 8105 -1
741 8105 135929/20000
10402 8106 36071/50000
10646 8106 27/100
10645 8106 193/1250
10404 8106 3/20
10403 8106 -227/5000
10401 8106 -35
1096 8106 -1497/100000
1054 8106 -1
1014 8106 135929/20000
10433 8107 36071/50000
10669 8107 27/100
10668 8107 193/1250
10435 8107 3/20
10434 8107 -227/5000
10432 8107 -35
1369 8107 -1497/100000
1327 8107 -1
1287 8107 135929/20000
10464 8108 36071/50000
10692 8108 27/100
10691 8108 193/1250
10466 8108 3/20
10465 8108 -227/5000
10463 8108 -35
1642 8108 -1497/100000
1600 8108 -1
1560 8108 135929/20000
10495 8109 36071/50000
10715 8109 27/100
10714 8109 193/1250
10497 8109 3/20
10496 8109 -227/5000
10494 8109 -35
1915 8109 -1497/100000
1873 8109 -1
1833 8109 135929/20000
10526 8110 36071/50000
10738 8110 27/100
10737 8110 193/1250
10528 8110 3/20
10527 8110 -227/5000
10525 8110 -35
2188 8110 -1497/100000
2146 8110 -1
2106 8110 135929/20000
10557 8111 36071/50000
10761 8111 27/100
10760 8111 193/1250
10559 8111 3/20
10558 8111 -227/5000
10556 8111 -35
2461 8111 -1497/100000
2419 8111 -1
2379 8111 135929/20000
10309 8112 -10217/25000
10577 8112 21/100
10576 8112 291/2000
10311 8112 9/100
10310 8112 -543/10000
10308 8112 -35
277 8112 -1497/100000
244 8112 -1
195 8112 334629/50000
10433 8113 -10217/25000
10669 8113 21/100
10668 8113 291/2000
10435 8113 9/100
10434 8113 -543/10000
10432 8113 -35
1369 8113 -1497/100000
1336 8113 -1
1287 8113 334629/50000
10464 8114 -10217/25000
10692 8114 21/100
10691 8114 291/2000
10466 8114 9/100
10465 8114 -543/10000
10463 8114 -35
1642 8114 -1497/100000
1609 8114 -1
1560 8114 334629/50000
10526 8115 -10217/25000
10738 8115 21/100
10737 8115 291/2000
10528 8115 9/100
10527 8115 -543/10000
10525 8115 -35
2188 8115 -1497/100000
2155 8115 -1
2106 8115 334629/50000
10557 8116 -10217/25000
10761 8116 21/100
10760 8116 291/2000
10559 8116 9/100
10558 8116 -543/10000
10556 8116 -35
2461 8116 -1497/100000
2428 8116 -1
2379 8116 334629/50000
10604 8117 -8949997/1000000
10603 8117 -71/10
10602 8117 -15
10601 8117 -40
10344 8117 -121/10
10343 8117 -60
8300 8117 -9/12500
8299 8117 -9/12500
8252 8117 -9/100000
8251 8117 -3/20000
8254 8117 -9/100000
8253 8117 -3/20000
8250 8117 -9/100000
8249 8117 -3/20000
413 8117 -1
489 8117 146077/25000
10581 8118 68/5
10580 8118 63
10579 8118 10
10578 8118 40
10313 8118 58
10312 8118 40
8298 8118 -9/12500
8297 8118 -9/12500
8246 8118 -9/100000
8245 8118 -3/20000
8248 8118 -9/100000
8247 8118 -3/20000
8244 8118 -9/100000
8243 8118 -3/20000
155 8118 -1
216 8118 439359/100000
10604 8119 68/5
10603 8119 63
10602 8119 10
10601 8119 40
10344 8119 58
10343 8119 40
8300 8119 -9/12500
8299 8119 -9/12500
8252 8119 -9/100000
8251 8119 -3/20000
8254 8119 -9/100000
8253 8119 -3/20000
8250 8119 -9/100000
8249 8119 -3/20000
428 8119 -1
489 8119 439359/100000
10627 8120 68/5
10626 8120 63
10625 8120 10
10624 8120 40
10375 8120 58
10374 8120 40
8302 8120 -9/12500
8301 8120 -9/12500
8258 8120 -9/100000
8257 8120 -3/20000
8260 8120 -9/100000
8259 8120 -3/20000
8256 8120 -9/100000
8255 8120 -3/20000
701 8120 -1
762 8120 439359/100000
10673 8121 68/5
10672 8121 63
10671 8121 10
10670 8121 40
10437 8121 58
10436 8121 40
8306 8121 -9/12500
8305 8121 -9/12500
8270 8121 -9/100000
8269 8121 -3/20000
8272 8121 -9/100000
8271 8121 -3/20000
8268 8121 -9/100000
8267 8121 -3/20000
1247 8121 -1
1308 8121 439359/100000
10719 8122 68/5
10718 8122 63
10717 8122 10
10716 8122 40
10499 8122 58
10498 8122 40
8310 8122 -9/12500
8309 8122 -9/12500
8282 8122 -9/100000
8281 8122 -3/20000
8284 8122 -9/100000
8283 8122 -3/20000
8280 8122 -9/100000
8279 8122 -3/20000
1793 8122 -1
1854 8122 439359/100000
10742 8123 68/5
10741 8123 63
10740 8123 10
10739 8123 40
10530 8123 58
10529 8123 40
8312 8123 -9/12500
8311 8123 -9/12500
8288 8123 -9/100000
8287 8123 -3/20000
8290 8123 -9/100000
8289 8123 -3/20000
8286 8123 -9/100000
8285 8123 -3/20000
2066 8123 -1
2127 8123 439359/100000
10765 8124 68/5
10764 8124 63
10763 8124 10
10762 8124 40
10561 8124 58
10560 8124 40
8314 8124 -9/12500
8313 8124 -9/12500
8294 8124 -9/100000
8293 8124 -3/20000
8296 8124 -9/100000
8295 8124 -3/20000
8292 8124 -9/100000
8291 8124 -3/20000
2339 8124 -1
2400 8124 439359/100000
10581 8125 -9/2
10580 8125 21/5
10579 8125 10
10578 8125 40
10313 8125 -4/5
10312 8125 35
8298 8125 -9/12500
8297 8125 -9/12500
8246 8125 -9/100000
8245 8125 -3/20000
8248 8125 -9/100000
8247 8125 -3/20000
8244 8125 -9/100000
8243 8125 -3/20000
168 8125 -1
216 8125 266223/50000
10604 8126 -9/2
10603 8126 21/5
10602 8126 10
10601 8126 40
10344 8126 -4/5
10343 8126 35
8300 8126 -9/12500
8299 8126 -9/12500
8252 8126 -9/100000
8251 8126 -3/20000
8254 8126 -9/100000
8253 8126 -3/20000
8250 8126 -9/100000
8249 8126 -3/20000
441 8126 -1
489 8126 266223/50000
10627 8127 -9/2
10626 8127 21/5
10625 8127 10
10624 8127 40
10375 8127 -4/5
10374 8127 35
8302 8127 -9/12500
8301 8127 -9/12500
8258 8127 -9/100000
8257 8127 -3/20000
8260 8127 -9/100000
8259 8127 -3/20000
8256 8127 -9/100000
8255 8127 -3/20000
714 8127 -1
762 8127 266223/50000
10650 8128 -9/2
10649 8128 21/5
10648 8128 10
10647 8128 40
10406 8128 -4/5
10405 8128 35
8304 8128 -9/12500
8303 8128 -9/12500
8264 8128 -9/100000
8263 8128 -3/20000
8266 8128 -9/100000
8265 8128 -3/20000
8262 8128 -9/100000
8261 8128 -3/20000
987 8128 -1
1035 8128 266223/50000
10673 8129 -9/2
10672 8129 21/5
10671 8129 10
10670 8129 40
10437 8129 -4/5
10436 8129 35
8306 8129 -9/12500
8305 8129 -9/12500
8270 8129 -9/100000
8269 8129 -3/20000
8272 8129 -9/100000
8271 8129 -3/20000
8268 8129 -9/100000
8267 8129 -3/20000
1260 8129 -1
1308 8129 266223/50000
10696 8130 -9/2
10695 8130 21/5
10694 8130 10
10693 8130 40
10468 8130 -4/5
10467 8130 35
8308 8130 -9/12500
8307 8130 -9/12500
8276 8130 -9/100000
8275 8130 -3/20000
8278 8130 -9/100000
8277 8130 -3/20000
8274 8130 -9/100000
8273 8130 -3/20000
1533 8130 -1
1581 8130 266223/50000
10719 8131 -9/2
10718 8131 21/5
10717 8131 10
10716 8131 40
10499 8131 -4/5
10498 8131 35
8310 8131 -9/12500
8309 8131 -9/12500
8282 8131 -9/100000
8281 8131 -3/20000
8284 8131 -9/100000
8283 8131 -3/20000
8280 8131 -9/100000
8279 8131 -3/20000
1806 8131 -1
1854 8131 266223/50000
10742 8132 -9/2
10741 8132 21/5
10740 8132 10
10739 8132 40
10530 8132 -4/5
10529 8132 35
8312 8132 -9/12500
8311 8132 -9/12500
8288 8132 -9/100000
8287 8132 -3/20000
8290 8132 -9/100000
8289 8132 -3/20000
8286 8132 -9/100000
8285 8132 -3/20000
2079 8132 -1
2127 8132 266223/50000
10765 8133 -9/2
10764 8133 21/5
10763 8133 10
10762 8133 40
10561 8133 -4/5
10560 8133 35
8314 8133 -9/12500
8313 8133 -9/12500
8294 8133 -9/100000
8293 8133 -3/20000
8296 8133 -9/100000
8295 8133 -3/20000
8292 8133 -9/100000
8291 8133 -3/20000
2352 8133 -1
2400 8133 266223/50000
10581 8134 -4
10580 8134 21/5
10579 8134 10
10578 8134 40
10313 8134 -4/5
10312 8134 35
8298 8134 -9/12500
8297 8134 -9/12500
8246 8134 -9/100000
8245 8134 -3/20000
8248 8134 -9/100000
8247 8134 -3/20000
8244 8134 -9/100000
8243 8134 -3/20000
169 8134 -1
216 8134 266223/50000
10696 8135 -983/20
10695 8135 -61/10
10694 8135 10
10693 8135 40
10468 8135 -111/10
10467 8135 -13/2
8308 8135 -9/12500
8307 8135 -9/12500
8276 8135 -9/100000
8275 8135 -3/20000
8278 8135 -9/100000
8277 8135 -3/20000
8274 8135 -9/100000
8273 8135 -3/20000
1545 8135 -1
1581 8135 108299/20000
10627 8136 7
10626 8136 57
10625 8136 10
10624 8136 40
10375 8136 52
10374 8136 40
8302 8136 -9/12500
8301 8136 -9/12500
8258 8136 -9/100000
8257 8136 -3/20000
8260 8136 -9/100000
8259 8136 -3/20000
8256 8136 -9/100000
8255 8136 -3/20000
742 8136 -1
762 8136 453783/100000
10650 8137 7
10649 8137 57
10648 8137 10
10647 8137 40
10406 8137 52
10405 8137 40
8304 8137 -9/12500
8303 8137 -9/12500
8264 8137 -9/100000
8263 8137 -3/20000
8266 8137 -9/100000
8265 8137 -3/20000
8262 8137 -9/100000
8261 8137 -3/20000
1015 8137 -1
1035 8137 453783/100000
10696 8138 7
10695 8138 57
10694 8138 10
10693 8138 40
10468 8138 52
10467 8138 40
8308 8138 -9/12500
8307 8138 -9/12500
8276 8138 -9/100000
8275 8138 -3/20000
8278 8138 -9/100000
8277 8138 -3/20000
8274 8138 -9/100000
8273 8138 -3/20000
1561 8138 -1
1581 8138 453783/100000
10581 8139 9/2
10580 8139 -49/10
10579 8139 10
10578 8139 -17
10313 8139 -99/10
10312 8139 -199/5
8298 8139 -9/12500
8297 8139 -9/12500
8246 8139 -9/100000
8245 8139 -3/20000
8248 8139 -9/100000
8247 8139 -3/20000
8244 8139 -9/100000
8243 8139 -3/20000
217 8139 -1
216 8139 593751/100000
10604 8140 9/2
10603 8140 -49/10
10602 8140 10
10601 8140 -17
10344 8140 -99/10
10343 8140 -199/5
8300 8140 -9/12500
8299 8140 -9/12500
8252 8140 -9/100000
8251 8140 -3/20000
8254 8140 -9/100000
8253 8140 -3/20000
8250 8140 -9/100000
8249 8140 -3/20000
490 8140 -1
489 8140 593751/100000
10627 8141 9/2
10626 8141 -49/10
10625 8141 10
10624 8141 -17
10375 8141 -99/10
10374 8141 -199/5
8302 8141 -9/12500
8301 8141 -9/12500
8258 8141 -9/100000
8257 8141 -3/20000
8260 8141 -9/100000
8259 8141 -3/20000
8256 8141 -9/100000
8255 8141 -3/20000
763 8141 -1
762 8141 593751/100000
10650 8142 9/2
10649 8142 -49/10
10648 8142 10
10647 8142 -17
10406 8142 -99/10
10405 8142 -199/5
8304 8142 -9/12500
8303 8142 -9/12500
8264 8142 -9/100000
8263 8142 -3/20000
8266 8142 -9/100000
8265 8142 -3/20000
8262 8142 -9/100000
8261 8142 -3/20000
1036 8142 -1
1035 8142 593751/100000
10673 8143 9/2
10672 8143 -49/10
10671 8143 10
10670 8143 -17
10437 8143 -99/10
10436 8143 -199/5
8306 8143 -9/12500
8305 8143 -9/12500
8270 8143 -9/100000
8269 8143 -3/20000
8272 8143 -9/100000
8271 8143 -3/20000
8268 8143 -9/100000
8267 8143 -3/20000
1309 8143 -1
1308 8143 593751/100000
10696 8144 9/2
10695 8144 -49/10
10694 8144 10
10693 8144 -17
10468 8144 -99/10
10467 8144 -199/5
8308 8144 -9/12500
8307 8144 -9/12500
8276 8144 -9/100000
8275 8144 -3/20000
8278 8144 -9/100000
8277 8144 -3/20000
8274 8144 -9/100000
8273 8144 -3/20000
1582 8144 -1
1581 8144 593751/100000
10719 8145 9/2
10718 8145 -49/10
10717 8145 10
10716 8145 -17
10499 8145 -99/10
10498 8145 -199/5
8310 8145 -9/12500
8309 8145 -9/12500
8282 8145 -9/100000
8281 8145 -3/20000
8284 8145 -9/100000
8283 8145 -3/20000
8280 8145 -9/100000
8279 8145 -3/20000
1855 8145 -1
1854 8145 593751/100000
10742 8146 9/2
10741 8146 -49/10
10740 8146 10
10739 8146 -17
10530 8146 -99/10
10529 8146 -199/5
8312 8146 -9/12500
8311 8146 -9/12500
8288 8146 -9/100000
8287 8146 -3/20000
8290 8146 -9/100000
8289 8146 -3/20000
8286 8146 -9/100000
8285 8146 -3/20000
2128 8146 -1
2127 8146 593751/100000
10765 8147 9/2
10764 8147 -49/10
10763 8147 10
10762 8147 -17
10561 8147 -99/10
10560 8147 -199/5
8314 8147 -9/12500
8313 8147 -9/12500
8294 8147 -9/100000
8293 8147 -3/20000
8296 8147 -9/100000
8295 8147 -3/20000
8292 8147 -9/100000
8291 8147 -3/20000
2401 8147 -1
2400 8147 593751/100000
10673 8148 -63/5
10672 8148 -33/5
10671 8148 10
10670 8148 -17
10437 8148 -58/5
10436 8148 -87/2
8306 8148 -9/12500
8305 8148 -9/12500
8270 8148 -9/100000
8269 8148 -3/20000
8272 8148 -9/100000
8271 8148 -3/20000
8268 8148 -9/100000
8267 8148 -3/20000
1310 8148 -1
1308 8148 144239/25000
10719 8149 -63/5
10718 8149 -33/5
10717 8149 10
10716 8149 -17
10499 8149 -58/5
10498 8149 -87/2
8310 8149 -9/12500
8309 8149 -9/12500
8282 8149 -9/100000
8281 8149 -3/20000
8284 8149 -9/100000
8283 8149 -3/20000
8280 8149 -9/100000
8279 8149 -3/20000
1856 8149 -1
1854 8149 144239/25000
10581 8150 -1/4
10580 8150 -27/5
10579 8150 10
10578 8150 -17
10313 8150 -52/5
10312 8150 -83/2
8298 8150 -9/12500
8297 8150 -9/12500
8246 8150 -9/100000
8245 8150 -3/20000
8248 8150 -9/100000
8247 8150 -3/20000
8244 8150 -9/100000
8243 8150 -3/20000
220 8150 -1
216 8150 588219/100000
10604 8151 -1/4
10603 8151 -27/5
10602 8151 10
10601 8151 -17
10344 8151 -52/5
10343 8151 -83/2
8300 8151 -9/12500
8299 8151 -9/12500
8252 8151 -9/100000
8251 8151 -3/20000
8254 8151 -9/100000
8253 8151 -3/20000
8250 8151 -9/100000
8249 8151 -3/20000
493 8151 -1
489 8151 588219/100000
10627 8152 -1/4
10626 8152 -27/5
10625 8152 10
10624 8152 -17
10375 8152 -52/5
10374 8152 -83/2
8302 8152 -9/12500
8301 8152 -9/12500
8258 8152 -9/100000
8257 8152 -3/20000
8260 8152 -9/100000
8259 8152 -3/20000
8256 8152 -9/100000
8255 8152 -3/20000
766 8152 -1
762 8152 588219/100000
10673 8153 -1/4
10672 8153 -27/5
10671 8153 10
10670 8153 -17
10437 8153 -52/5
10436 8153 -83/2
8306 8153 -9/12500
8305 8153 -9/12500
8270 8153 -9/100000
8269 8153 -3/20000
8272 8153 -9/100000
8271 8153 -3/20000
8268 8153 -9/100000
8267 8153 -3/20000
1312 8153 -1
1308 8153 588219/100000
10719 8154 -1/4
10718 8154 -27/5
10717 8154 10
10716 8154 -17
10499 8154 -52/5
10498 8154 -83/2
8310 8154 -9/12500
8309 8154 -9/12500
8282 8154 -9/100000
8281 8154 -3/20000
8284 8154 -9/100000
8283 8154 -3/20000
8280 8154 -9/100000
8279 8154 -3/20000
1858 8154 -1
1854 8154 588219/100000
10742 8155 -1/4
10741 8155 -27/5
10740 8155 10
10739 8155 -17
10530 8155 -52/5
10529 8155 -83/2
8312 8155 -9/12500
8311 8155 -9/12500
8288 8155 -9/100000
8287 8155 -3/20000
8290 8155 -9/100000
8289 8155 -3/20000
8286 8155 -9/100000
8285 8155 -3/20000
2131 8155 -1
2127 8155 588219/100000
10765 8156 -1/4
10764 8156 -27/5
10763 8156 10
10762 8156 -17
10561 8156 -52/5
10560 8156 -83/2
8314 8156 -9/12500
8313 8156 -9/12500
8294 8156 -9/100000
8293 8156 -3/20000
8296 8156 -9/100000
8295 8156 -3/20000
8292 8156 -9/100000
8291 8156 -3/20000
2404 8156 -1
2400 8156 588219/100000
10627 8157 -63/2
10626 8157 2
10625 8157 10
10624 8157 40
10375 8157 -3
10374 8157 40
8302 8157 -9/12500
8301 8157 -9/12500
8258 8157 -9/100000
8257 8157 -3/20000
8260 8157 -9/100000
8259 8157 -3/20000
8256 8157 -9/100000
8255 8157 -3/20000
785 8157 -1
762 8157 62981/12500
10650 8158 -63/2
10649 8158 2
10648 8158 10
10647 8158 40
10406 8158 -3
10405 8158 40
8304 8158 -9/12500
8303 8158 -9/12500
8264 8158 -9/100000
8263 8158 -3/20000
8266 8158 -9/100000
8265 8158 -3/20000
8262 8158 -9/100000
8261 8158 -3/20000
1058 8158 -1
1035 8158 62981/12500
10586 8159 5949997/1000000
10585 8159 -14/5
10584 8159 10
10583 8159 3
10582 8159 9800003/1000000
10315 8159 -91/10
10314 8159 -17
8298 8159 -9/12500
8297 8159 -9/12500
8246 8159 -9/100000
8245 8159 -3/20000
8248 8159 -9/100000
8247 8159 -3/20000
8244 8159 -9/100000
8243 8159 -3/20000
85 8159 -1
234 8159 530593/100000
10632 8160 5949997/1000000
10631 8160 -14/5
10630 8160 10
10629 8160 3
10628 8160 9800003/1000000
10377 8160 -91/10
10376 8160 -17
8302 8160 -9/12500
8301 8160 -9/12500
8258 8160 -9/100000
8257 8160 -3/20000
8260 8160 -9/100000
8259 8160 -3/20000
8256 8160 -9/100000
8255 8160 -3/20000
631 8160 -1
780 8160 530593/100000
10678 8161 7/2
10677 8161 -19/10
10676 8161 10
10675 8161 3
10674 8161 15/2
10439 8161 -41/5
10438 8161 -17
8306 8161 -9/12500
8305 8161 -9/12500
8270 8161 -9/100000
8269 8161 -3/20000
8272 8161 -9/100000
8271 8161 -3/20000
8268 8161 -9/100000
8267 8161 -3/20000
1179 8161 -1
1326 8161 105623/20000
10724 8162 7/2
10723 8162 -19/10
10722 8162 10
10721 8162 3
10720 8162 15/2
10501 8162 -41/5
10500 8162 -17
8310 8162 -9/12500
8309 8162 -9/12500
8282 8162 -9/100000
8281 8162 -3/20000
8284 8162 -9/100000
8283 8162 -3/20000
8280 8162 -9/100000
8279 8162 -3/20000
1725 8162 -1
1872 8162 105623/20000
10586 8163 5/2
10585 8163 -37/10
10584 8163 10
10583 8163 20
10582 8163 1
10315 8163 -10
10314 8163 -10
8298 8163 -9/12500
8297 8163 -9/12500
8246 8163 -9/100000
8245 8163 -3/20000
8248 8163 -9/100000
8247 8163 -3/20000
8244 8163 -9/100000
8243 8163 -3/20000
107 8163 -1
234 8163 279787/50000
10586 8164 -4
10585 8164 -31/5
10584 8164 -50
10583 8164 -49
10582 8164 1
10315 8164 -25/2
10314 8164 -60
8298 8164 -9/12500
8297 8164 -9/12500
8246 8164 -9/100000
8245 8164 -3/20000
8248 8164 -9/100000
8247 8164 -3/20000
8244 8164 -9/100000
8243 8164 -3/20000
138 8164 -1
234 8164 535519/100000
10609 8165 -4
10608 8165 -31/5
10607 8165 -50
10606 8165 -49
10605 8165 1
10346 8165 -25/2
10345 8165 -60
8300 8165 -9/12500
8299 8165 -9/12500
8252 8165 -9/100000
8251 8165 -3/20000
8254 8165 -9/100000
8253 8165 -3/20000
8250 8165 -9/100000
8249 8165 -3/20000
411 8165 -1
507 8165 535519/100000
10632 8166 -4
10631 8166 -31/5
10630 8166 -50
10629 8166 -49
10628 8166 1
10377 8166 -25/2
10376 8166 -60
8302 8166 -9/12500
8301 8166 -9/12500
8258 8166 -9/100000
8257 8166 -3/20000
8260 8166 -9/100000
8259 8166 -3/20000
8256 8166 -9/100000
8255 8166 -3/20000
684 8166 -1
780 8166 535519/100000
10655 8167 -4
10654 8167 -31/5
10653 8167 -50
10652 8167 -49
10651 8167 1
10408 8167 -25/2
10407 8167 -60
8304 8167 -9/12500
8303 8167 -9/12500
8264 8167 -9/100000
8263 8167 -3/20000
8266 8167 -9/100000
8265 8167 -3/20000
8262 8167 -9/100000
8261 8167 -3/20000
957 8167 -1
1053 8167 535519/100000
10678 8168 -4
10677 8168 -31/5
10676 8168 -50
10675 8168 -49
10674 8168 1
10439 8168 -25/2
10438 8168 -60
8306 8168 -9/12500
8305 8168 -9/12500
8270 8168 -9/100000
8269 8168 -3/20000
8272 8168 -9/100000
8271 8168 -3/20000
8268 8168 -9/100000
8267 8168 -3/20000
1230 8168 -1
1326 8168 535519/100000
10701 8169 -4
10700 8169 -31/5
10699 8169 -50
10698 8169 -49
10697 8169 1
10470 8169 -25/2
10469 8169 -60
8308 8169 -9/12500
8307 8169 -9/12500
8276 8169 -9/100000
8275 8169 -3/20000
8278 8169 -9/100000
8277 8169 -3/20000
8274 8169 -9/100000
8273 8169 -3/20000
1503 8169 -1
1599 8169 535519/100000
10724 8170 -4
10723 8170 -31/5
10722 8170 -50
10721 8170 -49
10720 8170 1
10501 8170 -25/2
10500 8170 -60
8310 8170 -9/12500
8309 8170 -9/12500
8282 8170 -9/100000
8281 8170 -3/20000
8284 8170 -9/100000
8283 8170 -3/20000
8280 8170 -9/100000
8279 8170 -3/20000
1776 8170 -1
1872 8170 535519/100000
10747 8171 -4
10746 8171 -31/5
10745 8171 -50
10744 8171 -49
10743 8171 1
10532 8171 -25/2
10531 8171 -60
8312 8171 -9/12500
8311 8171 -9/12500
8288 8171 -9/100000
8287 8171 -3/20000
8290 8171 -9/100000
8289 8171 -3/20000
8286 8171 -9/100000
8285 8171 -3/20000
2049 8171 -1
2145 8171 535519/100000
10770 8172 -4
10769 8172 -31/5
10768 8172 -50
10767 8172 -49
10766 8172 1
10563 8172 -25/2
10562 8172 -60
8314 8172 -9/12500
8313 8172 -9/12500
8294 8172 -9/100000
8293 8172 -3/20000
8296 8172 -9/100000
8295 8172 -3/20000
8292 8172 -9/100000
8291 8172 -3/20000
2322 8172 -1
2418 8172 535519/100000
10609 8173 -5949997/1000000
10608 8173 -29/5
10607 8173 -15
10606 8173 -40
10605 8173 -2700001/500000
10346 8173 -121/10
10345 8173 -60
8300 8173 -9/12500
8299 8173 -9/12500
8252 8173 -9/100000
8251 8173 -3/20000
8254 8173 -9/100000
8253 8173 -3/20000
8250 8173 -9/100000
8249 8173 -3/20000
413 8173 -1
507 8173 146077/25000
10632 8174 -5949997/1000000
10631 8174 -29/5
10630 8174 -15
10629 8174 -40
10628 8174 -2700001/500000
10377 8174 -121/10
10376 8174 -60
8302 8174 -9/12500
8301 8174 -9/12500
8258 8174 -9/100000
8257 8174 -3/20000
8260 8174 -9/100000
8259 8174 -3/20000
8256 8174 -9/100000
8255 8174 -3/20000
686 8174 -1
780 8174 146077/25000
10655 8175 -5949997/1000000
10654 8175 -29/5
10653 8175 -15
10652 8175 -40
10651 8175 -2700001/500000
10408 8175 -121/10
10407 8175 -60
8304 8175 -9/12500
8303 8175 -9/12500
8264 8175 -9/100000
8263 8175 -3/20000
8266 8175 -9/100000
8265 8175 -3/20000
8262 8175 -9/100000
8261 8175 -3/20000
959 8175 -1
1053 8175 146077/25000
10678 8176 -5949997/1000000
10677 8176 -29/5
10676 8176 -15
10675 8176 -40
10674 8176 -2700001/500000
10439 8176 -121/10
10438 8176 -60
8306 8176 -9/12500
8305 8176 -9/12500
8270 8176 -9/100000
8269 8176 -3/20000
8272 8176 -9/100000
8271 8176 -3/20000
8268 8176 -9/100000
8267 8176 -3/20000
1232 8176 -1
1326 8176 146077/25000
10701 8177 -5949997/1000000
10700 8177 -29/5
10699 8177 -15
10698 8177 -40
10697 8177 -2700001/500000
10470 8177 -121/10
10469 8177 -60
8308 8177 -9/12500
8307 8177 -9/12500
8276 8177 -9/100000
8275 8177 -3/20000
8278 8177 -9/100000
8277 8177 -3/20000
8274 8177 -9/100000
8273 8177 -3/20000
1505 8177 -1
1599 8177 146077/25000
10724 8178 -5949997/1000000
10723 8178 -29/5
10722 8178 -15
10721 8178 -40
10720 8178 -2700001/500000
10501 8178 -121/10
10500 8178 -60
8310 8178 -9/12500
8309 8178 -9/12500
8282 8178 -9/100000
8281 8178 -3/20000
8284 8178 -9/100000
8283 8178 -3/20000
8280 8178 -9/100000
8279 8178 -3/20000
1778 8178 -1
1872 8178 146077/25000
10747 8179 -5949997/1000000
10746 8179 -29/5
10745 8179 -15
10744 8179 -40
10743 8179 -2700001/500000
10532 8179 -121/10
10531 8179 -60
8312 8179 -9/12500
8311 8179 -9/12500
8288 8179 -9/100000
8287 8179 -3/20000
8290 8179 -9/100000
8289 8179 -3/20000
8286 8179 -9/100000
8285 8179 -3/20000
2051 8179 -1
2145 8179 146077/25000
10770 8180 -5949997/1000000
10769 8180 -29/5
10768 8180 -15
10767 8180 -40
10766 8180 -2700001/500000
10563 8180 -121/10
10562 8180 -60
8314 8180 -9/12500
8313 8180 -9/12500
8294 8180 -9/100000
8293 8180 -3/20000
8296 8180 -9/100000
8295 8180 -3/20000
8292 8180 -9/100000
8291 8180 -3/20000
2324 8180 -1
2418 8180 146077/25000
10586 8181 -5449997/1000000
10585 8181 -29/5
10584 8181 -15
10583 8181 -40
10582 8181 -2450001/500000
10315 8181 -121/10
10314 8181 -60
8298 8181 -9/12500
8297 8181 -9/12500
8246 8181 -9/100000
8245 8181 -3/20000
8248 8181 -9/100000
8247 8181 -3/20000
8244 8181 -9/100000
8243 8181 -3/20000
141 8181 -1
234 8181 146077/25000
10609 8182 -5449997/1000000
10608 8182 -29/5
10607 8182 -15
10606 8182 -40
10605 8182 -2450001/500000
10346 8182 -121/10
10345 8182 -60
8300 8182 -9/12500
8299 8182 -9/12500
8252 8182 -9/100000
8251 8182 -3/20000
8254 8182 -9/100000
8253 8182 -3/20000
8250 8182 -9/100000
8249 8182 -3/20000
414 8182 -1
507 8182 146077/25000
10678 8183 -5449997/1000000
10677 8183 -29/5
10676 8183 -15
10675 8183 -40
10674 8183 -2450001/500000
10439 8183 -121/10
10438 8183 -60
8306 8183 -9/12500
8305 8183 -9/12500
8270 8183 -9/100000
8269 8183 -3/20000
8272 8183 -9/100000
8271 8183 -3/20000
8268 8183 -9/100000
8267 8183 -3/20000
1233 8183 -1
1326 8183 146077/25000
10701 8184 -5449997/1000000
10700 8184 -29/5
10699 8184 -15
10698 8184 -40
10697 8184 -2450001/500000
10470 8184 -121/10
10469 8184 -60
8308 8184 -9/12500
8307 8184 -9/12500
8276 8184 -9/100000
8275 8184 -3/20000
8278 8184 -9/100000
8277 8184 -3/20000
8274 8184 -9/100000
8273 8184 -3/20000
1506 8184 -1
1599 8184 146077/25000
10724 8185 -5449997/1000000
10723 8185 -29/5
10722 8185 -15
10721 8185 -40
10720 8185 -2450001/500000
10501 8185 -121/10
10500 8185 -60
8310 8185 -9/12500
8309 8185 -9/12500
8282 8185 -9/100000
8281 8185 -3/20000
8284 8185 -9/100000
8283 8185 -3/20000
8280 8185 -9/100000
8279 8185 -3/20000
1779 8185 -1
1872 8185 146077/25000
10747 8186 -5449997/1000000
10746 8186 -29/5
10745 8186 -15
10744 8186 -40
10743 8186 -2450001/500000
10532 8186 -121/10
10531 8186 -60
8312 8186 -9/12500
8311 8186 -9/12500
8288 8186 -9/100000
8287 8186 -3/20000
8290 8186 -9/100000
8289 8186 -3/20000
8286 8186 -9/100000
8285 8186 -3/20000
2052 8186 -1
2145 8186 146077/25000
10770 8187 -5449997/1000000
10769 8187 -29/5
10768 8187 -15
10767 8187 -40
10766 8187 -2450001/500000
10563 8187 -121/10
10562 8187 -60
8314 8187 -9/12500
8313 8187 -9/12500
8294 8187 -9/100000
8293 8187 -3/20000
8296 8187 -9/100000
8295 8187 -3/20000
8292 8187 -9/100000
8291 8187 -3/20000
2325 8187 -1
2418 8187 146077/25000
10655 8188 -4449997/1000000
10654 8188 -29/5
10653 8188 -15
10652 8188 -40
10651 8188 -1950001/500000
10408 8188 -121/10
10407 8188 -60
8304 8188 -9/12500
8303 8188 -9/12500
8264 8188 -9/100000
8263 8188 -3/20000
8266 8188 -9/100000
8265 8188 -3/20000
8262 8188 -9/100000
8261 8188 -3/20000
961 8188 -1
1053 8188 146077/25000
10747 8189 -4449997/1000000
10746 8189 -29/5
10745 8189 -15
10744 8189 -40
10743 8189 -1950001/500000
10532 8189 -121/10
10531 8189 -60
8312 8189 -9/12500
8311 8189 -9/12500
8288 8189 -9/100000
8287 8189 -3/20000
8290 8189 -9/100000
8289 8189 -3/20000
8286 8189 -9/100000
8285 8189 -3/20000
2053 8189 -1
2145 8189 146077/25000
10770 8190 -4449997/1000000
10769 8190 -29/5
10768 8190 -15
10767 8190 -40
10766 8190 -1950001/500000
10563 8190 -121/10
10562 8190 -60
8314 8190 -9/12500
8313 8190 -9/12500
8294 8190 -9/100000
8293 8190 -3/20000
8296 8190 -9/100000
8295 8190 -3/20000
8292 8190 -9/100000
8291 8190 -3/20000
2326 8190 -1
2418 8190 146077/25000
10586 8191 83/5
10585 8191 643/10
10584 8191 10
10583 8191 40
10582 8191 22
10315 8191 58
10314 8191 40
8298 8191 -9/12500
8297 8191 -9/12500
8246 8191 -9/100000
8245 8191 -3/20000
8248 8191 -9/100000
8247 8191 -3/20000
8244 8191 -9/100000
8243 8191 -3/20000
155 8191 -1
234 8191 439359/100000
10609 8192 83/5
10608 8192 643/10
10607 8192 10
10606 8192 40
10605 8192 22
10346 8192 58
10345 8192 40
8300 8192 -9/12500
8299 8192 -9/12500
8252 8192 -9/100000
8251 8192 -3/20000
8254 8192 -9/100000
8253 8192 -3/20000
8250 8192 -9/100000
8249 8192 -3/20000
428 8192 -1
507 8192 439359/100000
10632 8193 83/5
10631 8193 643/10
10630 8193 10
10629 8193 40
10628 8193 22
10377 8193 58
10376 8193 40
8302 8193 -9/12500
8301 8193 -9/12500
8258 8193 -9/100000
8257 8193 -3/20000
8260 8193 -9/100000
8259 8193 -3/20000
8256 8193 -9/100000
8255 8193 -3/20000
701 8193 -1
780 8193 439359/100000
10655 8194 83/5
10654 8194 643/10
10653 8194 10
10652 8194 40
10651 8194 22
10408 8194 58
10407 8194 40
8304 8194 -9/12500
8303 8194 -9/12500
8264 8194 -9/100000
8263 8194 -3/20000
8266 8194 -9/100000
8265 8194 -3/20000
8262 8194 -9/100000
8261 8194 -3/20000
974 8194 -1
1053 8194 439359/100000
10678 8195 83/5
10677 8195 643/10
10676 8195 10
10675 8195 40
10674 8195 22
10439 8195 58
10438 8195 40
8306 8195 -9/12500
8305 8195 -9/12500
8270 8195 -9/100000
8269 8195 -3/20000
8272 8195 -9/100000
8271 8195 -3/20000
8268 8195 -9/100000
8267 8195 -3/20000
1247 8195 -1
1326 8195 439359/100000
10701 8196 83/5
10700 8196 643/10
10699 8196 10
10698 8196 40
10697 8196 22
10470 8196 58
10469 8196 40
8308 8196 -9/12500
8307 8196 -9/12500
8276 8196 -9/100000
8275 8196 -3/20000
8278 8196 -9/100000
8277 8196 -3/20000
8274 8196 -9/100000
8273 8196 -3/20000
1520 8196 -1
1599 8196 439359/100000
10724 8197 83/5
10723 8197 643/10
10722 8197 10
10721 8197 40
10720 8197 22
10501 8197 58
10500 8197 40
8310 8197 -9/12500
8309 8197 -9/12500
8282 8197 -9/100000
8281 8197 -3/20000
8284 8197 -9/100000
8283 8197 -3/20000
8280 8197 -9/100000
8279 8197 -3/20000
1793 8197 -1
1872 8197 439359/100000
10747 8198 83/5
10746 8198 643/10
10745 8198 10
10744 8198 40
10743 8198 22
10532 8198 58
10531 8198 40
8312 8198 -9/12500
8311 8198 -9/12500
8288 8198 -9/100000
8287 8198 -3/20000
8290 8198 -9/100000
8289 8198 -3/20000
8286 8198 -9/100000
8285 8198 -3/20000
2066 8198 -1
2145 8198 439359/100000
10770 8199 83/5
10769 8199 643/10
10768 8199 10
10767 8199 40
10766 8199 22
10563 8199 58
10562 8199 40
8314 8199 -9/12500
8313 8199 -9/12500
8294 8199 -9/100000
8293 8199 -3/20000
8296 8199 -9/100000
8295 8199 -3/20000
8292 8199 -9/100000
8291 8199 -3/20000
2339 8199 -1
2418 8199 439359/100000
10586 8200 2199997/1000000
10585 8200 137/10
10584 8200 10
10583 8200 40
10582 8200 5300003/1000000
10315 8200 37/5
10314 8200 40
8298 8200 -9/12500
8297 8200 -9/12500
8246 8200 -9/100000
8245 8200 -3/20000
8248 8200 -9/100000
8247 8200 -3/20000
8244 8200 -9/100000
8243 8200 -3/20000
156 8200 -1
234 8200 120279/25000
10609 8201 2199997/1000000
10608 8201 137/10
10607 8201 10
10606 8201 40
10605 8201 5300003/1000000
10346 8201 37/5
10345 8201 40
8300 8201 -9/12500
8299 8201 -9/12500
8252 8201 -9/100000
8251 8201 -3/20000
8254 8201 -9/100000
8253 8201 -3/20000
8250 8201 -9/100000
8249 8201 -3/20000
429 8201 -1
507 8201 120279/25000
10632 8202 2199997/1000000
10631 8202 137/10
10630 8202 10
10629 8202 40
10628 8202 5300003/1000000
10377 8202 37/5
10376 8202 40
8302 8202 -9/12500
8301 8202 -9/12500
8258 8202 -9/100000
8257 8202 -3/20000
8260 8202 -9/100000
8259 8202 -3/20000
8256 8202 -9/100000
8255 8202 -3/20000
702 8202 -1
780 8202 120279/25000
10655 8203 2199997/1000000
10654 8203 137/10
10653 8203 10
10652 8203 40
10651 8203 5300003/1000000
10408 8203 37/5
10407 8203 40
8304 8203 -9/12500
8303 8203 -9/12500
8264 8203 -9/100000
8263 8203 -3/20000
8266 8203 -9/100000
8265 8203 -3/20000
8262 8203 -9/100000
8261 8203 -3/20000
975 8203 -1
1053 8203 120279/25000
10678 8204 2199997/1000000
10677 8204 137/10
10676 8204 10
10675 8204 40
10674 8204 5300003/1000000
10439 8204 37/5
10438 8204 40
8306 8204 -9/12500
8305 8204 -9/12500
8270 8204 -9/100000
8269 8204 -3/20000
8272 8204 -9/100000
8271 8204 -3/20000
8268 8204 -9/100000
8267 8204 -3/20000
1248 8204 -1
1326 8204 120279/25000
10701 8205 2199997/1000000
10700 8205 137/10
10699 8205 10
10698 8205 40
10697 8205 5300003/1000000
10470 8205 37/5
10469 8205 40
8308 8205 -9/12500
8307 8205 -9/12500
8276 8205 -9/100000
8275 8205 -3/20000
8278 8205 -9/100000
8277 8205 -3/20000
8274 8205 -9/100000
8273 8205 -3/20000
1521 8205 -1
1599 8205 120279/25000
10724 8206 2199997/1000000
10723 8206 137/10
10722 8206 10
10721 8206 40
10720 8206 5300003/1000000
10501 8206 37/5
10500 8206 40
8310 8206 -9/12500
8309 8206 -9/12500
8282 8206 -9/100000
8281 8206 -3/20000
8284 8206 -9/100000
8283 8206 -3/20000
8280 8206 -9/100000
8279 8206 -3/20000
1794 8206 -1
1872 8206 120279/25000
10747 8207 2199997/1000000
10746 8207 137/10
10745 8207 10
10744 8207 40
10743 8207 5300003/1000000
10532 8207 37/5
10531 8207 40
8312 8207 -9/12500
8311 8207 -9/12500
8288 8207 -9/100000
8287 8207 -3/20000
8290 8207 -9/100000
8289 8207 -3/20000
8286 8207 -9/100000
8285 8207 -3/20000
2067 8207 -1
2145 8207 120279/25000
10770 8208 2199997/1000000
10769 8208 137/10
10768 8208 10
10767 8208 40
10766 8208 5300003/1000000
10563 8208 37/5
10562 8208 40
8314 8208 -9/12500
8313 8208 -9/12500
8294 8208 -9/100000
8293 8208 -3/20000
8296 8208 -9/100000
8295 8208 -3/20000
8292 8208 -9/100000
8291 8208 -3/20000
2340 8208 -1
2418 8208 120279/25000
10586 8209 -9800003/1000000
10585 8209 4/5
10584 8209 10
10583 8209 40
10582 8209 -3450001/500000
10315 8209 -11/2
10314 8209 40
8298 8209 -9/12500
8297 8209 -9/12500
8246 8209 -9/100000
8245 8209 -3/20000
8248 8209 -9/100000
8247 8209 -3/20000
8244 8209 -9/100000
8243 8209 -3/20000
157 8209 -1
234 8209 517043/100000
10632 8210 -9800003/1000000
10631 8210 4/5
10630 8210 10
10629 8210 40
10628 8210 -3450001/500000
10377 8210 -11/2
10376 8210 40
8302 8210 -9/12500
8301 8210 -9/12500
8258 8210 -9/100000
8257 8210 -3/20000
8260 8210 -9/100000
8259 8210 -3/20000
8256 8210 -9/100000
8255 8210 -3/20000
703 8210 -1
780 8210 517043/100000
10678 8211 -9800003/1000000
10677 8211 4/5
10676 8211 10
10675 8211 40
10674 8211 -3450001/500000
10439 8211 -11/2
10438 8211 40
8306 8211 -9/12500
8305 8211 -9/12500
8270 8211 -9/100000
8269 8211 -3/20000
8272 8211 -9/100000
8271 8211 -3/20000
8268 8211 -9/100000
8267 8211 -3/20000
1249 8211 -1
1326 8211 517043/100000
10747 8212 -9800003/1000000
10746 8212 4/5
10745 8212 10
10744 8212 40
10743 8212 -3450001/500000
10532 8212 -11/2
10531 8212 40
8312 8212 -9/12500
8311 8212 -9/12500
8288 8212 -9/100000
8287 8212 -3/20000
8290 8212 -9/100000
8289 8212 -3/20000
8286 8212 -9/100000
8285 8212 -3/20000
2068 8212 -1
2145 8212 517043/100000
10609 8213 -3/2
10608 8213 11/2
10607 8213 10
10606 8213 40
10605 8213 -3300003/1000000
10346 8213 -4/5
10345 8213 35
8300 8213 -9/12500
8299 8213 -9/12500
8252 8213 -9/100000
8251 8213 -3/20000
8254 8213 -9/100000
8253 8213 -3/20000
8250 8213 -9/100000
8249 8213 -3/20000
441 8213 -1
507 8213 266223/50000
10632 8214 -3/2
10631 8214 11/2
10630 8214 10
10629 8214 40
10628 8214 -3300003/1000000
10377 8214 -4/5
10376 8214 35
8302 8214 -9/12500
8301 8214 -9/12500
8258 8214 -9/100000
8257 8214 -3/20000
8260 8214 -9/100000
8259 8214 -3/20000
8256 8214 -9/100000
8255 8214 -3/20000
714 8214 -1
780 8214 266223/50000
10655 8215 -3/2
10654 8215 11/2
10653 8215 10
10652 8215 40
10651 8215 -3300003/1000000
10408 8215 -4/5
10407 8215 35
8304 8215 -9/12500
8303 8215 -9/12500
8264 8215 -9/100000
8263 8215 -3/20000
8266 8215 -9/100000
8265 8215 -3/20000
8262 8215 -9/100000
8261 8215 -3/20000
987 8215 -1
1053 8215 266223/50000
10678 8216 -3/2
10677 8216 11/2
10676 8216 10
10675 8216 40
10674 8216 -3300003/1000000
10439 8216 -4/5
10438 8216 35
8306 8216 -9/12500
8305 8216 -9/12500
8270 8216 -9/100000
8269 8216 -3/20000
8272 8216 -9/100000
8271 8216 -3/20000
8268 8216 -9/100000
8267 8216 -3/20000
1260 8216 -1
1326 8216 266223/50000
10701 8217 -3/2
10700 8217 11/2
10699 8217 10
10698 8217 40
10697 8217 -3300003/1000000
10470 8217 -4/5
10469 8217 35
8308 8217 -9/12500
8307 8217 -9/12500
8276 8217 -9/100000
8275 8217 -3/20000
8278 8217 -9/100000
8277 8217 -3/20000
8274 8217 -9/100000
8273 8217 -3/20000
1533 8217 -1
1599 8217 266223/50000
10724 8218 -3/2
10723 8218 11/2
10722 8218 10
10721 8218 40
10720 8218 -3300003/1000000
10501 8218 -4/5
10500 8218 35
8310 8218 -9/12500
8309 8218 -9/12500
8282 8218 -9/100000
8281 8218 -3/20000
8284 8218 -9/100000
8283 8218 -3/20000
8280 8218 -9/100000
8279 8218 -3/20000
1806 8218 -1
1872 8218 266223/50000
10747 8219 -3/2
10746 8219 11/2
10745 8219 10
10744 8219 40
10743 8219 -3300003/1000000
10532 8219 -4/5
10531 8219 35
8312 8219 -9/12500
8311 8219 -9/12500
8288 8219 -9/100000
8287 8219 -3/20000
8290 8219 -9/100000
8289 8219 -3/20000
8286 8219 -9/100000
8285 8219 -3/20000
2079 8219 -1
2145 8219 266223/50000
10770 8220 -3/2
10769 8220 11/2
10768 8220 10
10767 8220 40
10766 8220 -3300003/1000000
10563 8220 -4/5
10562 8220 35
8314 8220 -9/12500
8313 8220 -9/12500
8294 8220 -9/100000
8293 8220 -3/20000
8296 8220 -9/100000
8295 8220 -3/20000
8292 8220 -9/100000
8291 8220 -3/20000
2352 8220 -1
2418 8220 266223/50000
10586 8221 -1
10585 8221 11/2
10584 8221 10
10583 8221 40
10582 8221 -2800003/1000000
10315 8221 -4/5
10314 8221 35
8298 8221 -9/12500
8297 8221 -9/12500
8246 8221 -9/100000
8245 8221 -3/20000
8248 8221 -9/100000
8247 8221 -3/20000
8244 8221 -9/100000
8243 8221 -3/20000
169 8221 -1
234 8221 266223/50000
10609 8222 -1
10608 8222 11/2
10607 8222 10
10606 8222 40
10605 8222 -2800003/1000000
10346 8222 -4/5
10345 8222 35
8300 8222 -9/12500
8299 8222 -9/12500
8252 8222 -9/100000
8251 8222 -3/20000
8254 8222 -9/100000
8253 8222 -3/20000
8250 8222 -9/100000
8249 8222 -3/20000
442 8222 -1
507 8222 266223/50000
10632 8223 -1
10631 8223 11/2
10630 8223 10
10629 8223 40
10628 8223 -2800003/1000000
10377 8223 -4/5
10376 8223 35
8302 8223 -9/12500
8301 8223 -9/12500
8258 8223 -9/100000
8257 8223 -3/20000
8260 8223 -9/100000
8259 8223 -3/20000
8256 8223 -9/100000
8255 8223 -3/20000
715 8223 -1
780 8223 266223/50000
10655 8224 -1
10654 8224 11/2
10653 8224 10
10652 8224 40
10651 8224 -2800003/1000000
10408 8224 -4/5
10407 8224 35
8304 8224 -9/12500
8303 8224 -9/12500
8264 8224 -9/100000
8263 8224 -3/20000
8266 8224 -9/100000
8265 8224 -3/20000
8262 8224 -9/100000
8261 8224 -3/20000
988 8224 -1
1053 8224 266223/50000
10678 8225 -1
10677 8225 11/2
10676 8225 10
10675 8225 40
10674 8225 -2800003/1000000
10439 8225 -4/5
10438 8225 35
8306 8225 -9/12500
8305 8225 -9/12500
8270 8225 -9/100000
8269 8225 -3/20000
8272 8225 -9/100000
8271 8225 -3/20000
8268 8225 -9/100000
8267 8225 -3/20000
1261 8225 -1
1326 8225 266223/50000
10701 8226 -1
10700 8226 11/2
10699 8226 10
10698 8226 40
10697 8226 -2800003/1000000
10470 8226 -4/5
10469 8226 35
8308 8226 -9/12500
8307 8226 -9/12500
8276 8226 -9/100000
8275 8226 -3/20000
8278 8226 -9/100000
8277 8226 -3/20000
8274 8226 -9/100000
8273 8226 -3/20000
1534 8226 -1
1599 8226 266223/50000
10724 8227 -1
10723 8227 11/2
10722 8227 10
10721 8227 40
10720 8227 -2800003/1000000
10501 8227 -4/5
10500 8227 35
8310 8227 -9/12500
8309 8227 -9/12500
8282 8227 -9/100000
8281 8227 -3/20000
8284 8227 -9/100000
8283 8227 -3/20000
8280 8227 -9/100000
8279 8227 -3/20000
1807 8227 -1
1872 8227 266223/50000
10747 8228 -1
10746 8228 11/2
10745 8228 10
10744 8228 40
10743 8228 -2800003/1000000
10532 8228 -4/5
10531 8228 35
8312 8228 -9/12500
8311 8228 -9/12500
8288 8228 -9/100000
8287 8228 -3/20000
8290 8228 -9/100000
8289 8228 -3/20000
8286 8228 -9/100000
8285 8228 -3/20000
2080 8228 -1
2145 8228 266223/50000
10770 8229 -1
10769 8229 11/2
10768 8229 10
10767 8229 40
10766 8229 -2800003/1000000
10563 8229 -4/5
10562 8229 35
8314 8229 -9/12500
8313 8229 -9/12500
8294 8229 -9/100000
8293 8229 -3/20000
8296 8229 -9/100000
8295 8229 -3/20000
8292 8229 -9/100000
8291 8229 -3/20000
2353 8229 -1
2418 8229 266223/50000
10585 8230 11/2
10584 8230 10
10583 8230 40
10582 8230 -1800003/1000000
10315 8230 -4/5
10314 8230 35
8298 8230 -9/12500
8297 8230 -9/12500
8246 8230 -9/100000
8245 8230 -3/20000
8248 8230 -9/100000
8247 8230 -3/20000
8244 8230 -9/100000
8243 8230 -3/20000
170 8230 -1
234 8230 266223/50000
10608 8231 11/2
10607 8231 10
10606 8231 40
10605 8231 -1800003/1000000
10346 8231 -4/5
10345 8231 35
8300 8231 -9/12500
8299 8231 -9/12500
8252 8231 -9/100000
8251 8231 -3/20000
8254 8231 -9/100000
8253 8231 -3/20000
8250 8231 -9/100000
8249 8231 -3/20000
443 8231 -1
507 8231 266223/50000
10631 8232 11/2
10630 8232 10
10629 8232 40
10628 8232 -1800003/1000000
10377 8232 -4/5
10376 8232 35
8302 8232 -9/12500
8301 8232 -9/12500
8258 8232 -9/100000
8257 8232 -3/20000
8260 8232 -9/100000
8259 8232 -3/20000
8256 8232 -9/100000
8255 8232 -3/20000
716 8232 -1
780 8232 266223/50000
10677 8233 11/2
10676 8233 10
10675 8233 40
10674 8233 -1800003/1000000
10439 8233 -4/5
10438 8233 35
8306 8233 -9/12500
8305 8233 -9/12500
8270 8233 -9/100000
8269 8233 -3/20000
8272 8233 -9/100000
8271 8233 -3/20000
8268 8233 -9/100000
8267 8233 -3/20000
1262 8233 -1
1326 8233 266223/50000
10700 8234 11/2
10699 8234 10
10698 8234 40
10697 8234 -1800003/1000000
10470 8234 -4/5
10469 8234 35
8308 8234 -9/12500
8307 8234 -9/12500
8276 8234 -9/100000
8275 8234 -3/20000
8278 8234 -9/100000
8277 8234 -3/20000
8274 8234 -9/100000
8273 8234 -3/20000
1535 8234 -1
1599 8234 266223/50000
10723 8235 11/2
10722 8235 10
10721 8235 40
10720 8235 -1800003/1000000
10501 8235 -4/5
10500 8235 35
8310 8235 -9/12500
8309 8235 -9/12500
8282 8235 -9/100000
8281 8235 -3/20000
8284 8235 -9/100000
8283 8235 -3/20000
8280 8235 -9/100000
8279 8235 -3/20000
1808 8235 -1
1872 8235 266223/50000
10586 8236 -2300003/1000000
10585 8236 73/10
10584 8236 10
10583 8236 40
10582 8236 1300003/1000000
10315 8236 1
10314 8236 40
8298 8236 -9/12500
8297 8236 -9/12500
8246 8236 -9/100000
8245 8236 -3/20000
8248 8236 -9/100000
8247 8236 -3/20000
8244 8236 -9/100000
8243 8236 -3/20000
176 8236 -1
234 8236 252061/50000
10609 8237 -2300003/1000000
10608 8237 73/10
10607 8237 10
10606 8237 40
10605 8237 1300003/1000000
10346 8237 1
10345 8237 40
8300 8237 -9/12500
8299 8237 -9/12500
8252 8237 -9/100000
8251 8237 -3/20000
8254 8237 -9/100000
8253 8237 -3/20000
8250 8237 -9/100000
8249 8237 -3/20000
449 8237 -1
507 8237 252061/50000
10632 8238 -2300003/1000000
10631 8238 73/10
10630 8238 10
10629 8238 40
10628 8238 1300003/1000000
10377 8238 1
10376 8238 40
8302 8238 -9/12500
8301 8238 -9/12500
8258 8238 -9/100000
8257 8238 -3/20000
8260 8238 -9/100000
8259 8238 -3/20000
8256 8238 -9/100000
8255 8238 -3/20000
722 8238 -1
780 8238 252061/50000
10655 8239 -2300003/1000000
10654 8239 73/10
10653 8239 10
10652 8239 40
10651 8239 1300003/1000000
10408 8239 1
10407 8239 40
8304 8239 -9/12500
8303 8239 -9/12500
8264 8239 -9/100000
8263 8239 -3/20000
8266 8239 -9/100000
8265 8239 -3/20000
8262 8239 -9/100000
8261 8239 -3/20000
995 8239 -1
1053 8239 252061/50000
10678 8240 -2300003/1000000
10677 8240 73/10
10676 8240 10
10675 8240 40
10674 8240 1300003/1000000
10439 8240 1
10438 8240 40
8306 8240 -9/12500
8305 8240 -9/12500
8270 8240 -9/100000
8269 8240 -3/20000
8272 8240 -9/100000
8271 8240 -3/20000
8268 8240 -9/100000
8267 8240 -3/20000
1268 8240 -1
1326 8240 252061/50000
10701 8241 -2300003/1000000
10700 8241 73/10
10699 8241 10
10698 8241 40
10697 8241 1300003/1000000
10470 8241 1
10469 8241 40
8308 8241 -9/12500
8307 8241 -9/12500
8276 8241 -9/100000
8275 8241 -3/20000
8278 8241 -9/100000
8277 8241 -3/20000
8274 8241 -9/100000
8273 8241 -3/20000
1541 8241 -1
1599 8241 252061/50000
10724 8242 -2300003/1000000
10723 8242 73/10
10722 8242 10
10721 8242 40
10720 8242 1300003/1000000
10501 8242 1
10500 8242 40
8310 8242 -9/12500
8309 8242 -9/12500
8282 8242 -9/100000
8281 8242 -3/20000
8284 8242 -9/100000
8283 8242 -3/20000
8280 8242 -9/100000
8279 8242 -3/20000
1814 8242 -1
1872 8242 252061/50000
10747 8243 -2300003/1000000
10746 8243 73/10
10745 8243 10
10744 8243 40
10743 8243 1300003/1000000
10532 8243 1
10531 8243 40
8312 8243 -9/12500
8311 8243 -9/12500
8288 8243 -9/100000
8287 8243 -3/20000
8290 8243 -9/100000
8289 8243 -3/20000
8286 8243 -9/100000
8285 8243 -3/20000
2087 8243 -1
2145 8243 252061/50000
10770 8244 -2300003/1000000
10769 8244 73/10
10768 8244 10
10767 8244 40
10766 8244 1300003/1000000
10563 8244 1
10562 8244 40
8314 8244 -9/12500
8313 8244 -9/12500
8294 8244 -9/100000
8293 8244 -3/20000
8296 8244 -9/100000
8295 8244 -3/20000
8292 8244 -9/100000
8291 8244 -3/20000
2360 8244 -1
2418 8244 252061/50000
10701 8245 -177/10
10700 8245 -51/10
10699 8245 10
10698 8245 40
10697 8245 -137/10
10470 8245 -57/5
10469 8245 -13/2
8308 8245 -9/12500
8307 8245 -9/12500
8276 8245 -9/100000
8275 8245 -3/20000
8278 8245 -9/100000
8277 8245 -3/20000
8274 8245 -9/100000
8273 8245 -3/20000
1544 8245 -1
1599 8245 108299/20000
10701 8246 -923/20
10700 8246 -24/5
10699 8246 10
10698 8246 40
10697 8246 -207/5
10470 8246 -111/10
10469 8246 -13/2
8308 8246 -9/12500
8307 8246 -9/12500
8276 8246 -9/100000
8275 8246 -3/20000
8278 8246 -9/100000
8277 8246 -3/20000
8274 8246 -9/100000
8273 8246 -3/20000
1545 8246 -1
1599 8246 108299/20000
10609 8247 -267/20
10608 8247 -49/10
10607 8247 10
10606 8247 9
10605 8247 -107/10
10346 8247 -56/5
10345 8247 -13/2
8300 8247 -9/12500
8299 8247 -9/12500
8252 8247 -9/100000
8251 8247 -3/20000
8254 8247 -9/100000
8253 8247 -3/20000
8250 8247 -9/100000
8249 8247 -3/20000
463 8247 -1
507 8247 129843/25000
10632 8248 -267/20
10631 8248 -49/10
10630 8248 10
10629 8248 9
10628 8248 -107/10
10377 8248 -56/5
10376 8248 -13/2
8302 8248 -9/12500
8301 8248 -9/12500
8258 8248 -9/100000
8257 8248 -3/20000
8260 8248 -9/100000
8259 8248 -3/20000
8256 8248 -9/100000
8255 8248 -3/20000
736 8248 -1
780 8248 129843/25000
10655 8249 -267/20
10654 8249 -49/10
10653 8249 10
10652 8249 9
10651 8249 -107/10
10408 8249 -56/5
10407 8249 -13/2
8304 8249 -9/12500
8303 8249 -9/12500
8264 8249 -9/100000
8263 8249 -3/20000
8266 8249 -9/100000
8265 8249 -3/20000
8262 8249 -9/100000
8261 8249 -3/20000
1009 8249 -1
1053 8249 129843/25000
10701 8250 -267/20
10700 8250 -49/10
10699 8250 10
10698 8250 9
10697 8250 -107/10
10470 8250 -56/5
10469 8250 -13/2
8308 8250 -9/12500
8307 8250 -9/12500
8276 8250 -9/100000
8275 8250 -3/20000
8278 8250 -9/100000
8277 8250 -3/20000
8274 8250 -9/100000
8273 8250 -3/20000
1555 8250 -1
1599 8250 129843/25000
10724 8251 -267/20
10723 8251 -49/10
10722 8251 10
10721 8251 9
10720 8251 -107/10
10501 8251 -56/5
10500 8251 -13/2
8310 8251 -9/12500
8309 8251 -9/12500
8282 8251 -9/100000
8281 8251 -3/20000
8284 8251 -9/100000
8283 8251 -3/20000
8280 8251 -9/100000
8279 8251 -3/20000
1828 8251 -1
1872 8251 129843/25000
10747 8252 -267/20
10746 8252 -49/10
10745 8252 10
10744 8252 9
10743 8252 -107/10
10532 8252 -56/5
10531 8252 -13/2
8312 8252 -9/12500
8311 8252 -9/12500
8288 8252 -9/100000
8287 8252 -3/20000
8290 8252 -9/100000
8289 8252 -3/20000
8286 8252 -9/100000
8285 8252 -3/20000
2101 8252 -1
2145 8252 129843/25000
10770 8253 -267/20
10769 8253 -49/10
10768 8253 10
10767 8253 9
10766 8253 -107/10
10563 8253 -56/5
10562 8253 -13/2
8314 8253 -9/12500
8313 8253 -9/12500
8294 8253 -9/100000
8293 8253 -3/20000
8296 8253 -9/100000
8295 8253 -3/20000
8292 8253 -9/100000
8291 8253 -3/20000
2374 8253 -1
2418 8253 129843/25000
10586 8254 -14
10585 8254 -49/10
10584 8254 10
10583 8254 9
10582 8254 -17/2
10315 8254 -56/5
10314 8254 -13/2
8298 8254 -9/12500
8297 8254 -9/12500
8246 8254 -9/100000
8245 8254 -3/20000
8248 8254 -9/100000
8247 8254 -3/20000
8244 8254 -9/100000
8243 8254 -3/20000
191 8254 -1
234 8254 129843/25000
10609 8255 -14
10608 8255 -49/10
10607 8255 10
10606 8255 9
10605 8255 -17/2
10346 8255 -56/5
10345 8255 -13/2
8300 8255 -9/12500
8299 8255 -9/12500
8252 8255 -9/100000
8251 8255 -3/20000
8254 8255 -9/100000
8253 8255 -3/20000
8250 8255 -9/100000
8249 8255 -3/20000
464 8255 -1
507 8255 129843/25000
10632 8256 -14
10631 8256 -49/10
10630 8256 10
10629 8256 9
10628 8256 -17/2
10377 8256 -56/5
10376 8256 -13/2
8302 8256 -9/12500
8301 8256 -9/12500
8258 8256 -9/100000
8257 8256 -3/20000
8260 8256 -9/100000
8259 8256 -3/20000
8256 8256 -9/100000
8255 8256 -3/20000
737 8256 -1
780 8256 129843/25000
10655 8257 -14
10654 8257 -49/10
10653 8257 10
10652 8257 9
10651 8257 -17/2
10408 8257 -56/5
10407 8257 -13/2
8304 8257 -9/12500
8303 8257 -9/12500
8264 8257 -9/100000
8263 8257 -3/20000
8266 8257 -9/100000
8265 8257 -3/20000
8262 8257 -9/100000
8261 8257 -3/20000
1010 8257 -1
1053 8257 129843/25000
10678 8258 -14
10677 8258 -49/10
10676 8258 10
10675 8258 9
10674 8258 -17/2
10439 8258 -56/5
10438 8258 -13/2
8306 8258 -9/12500
8305 8258 -9/12500
8270 8258 -9/100000
8269 8258 -3/20000
8272 8258 -9/100000
8271 8258 -3/20000
8268 8258 -9/100000
8267 8258 -3/20000
1283 8258 -1
1326 8258 129843/25000
10701 8259 -14
10700 8259 -49/10
10699 8259 10
10698 8259 9
10697 8259 -17/2
10470 8259 -56/5
10469 8259 -13/2
8308 8259 -9/12500
8307 8259 -9/12500
8276 8259 -9/100000
8275 8259 -3/20000
8278 8259 -9/100000
8277 8259 -3/20000
8274 8259 -9/100000
8273 8259 -3/20000
1556 8259 -1
1599 8259 129843/25000
10724 8260 -14
10723 8260 -49/10
10722 8260 10
10721 8260 9
10720 8260 -17/2
10501 8260 -56/5
10500 8260 -13/2
8310 8260 -9/12500
8309 8260 -9/12500
8282 8260 -9/100000
8281 8260 -3/20000
8284 8260 -9/100000
8283 8260 -3/20000
8280 8260 -9/100000
8279 8260 -3/20000
1829 8260 -1
1872 8260 129843/25000
10747 8261 -14
10746 8261 -49/10
10745 8261 10
10744 8261 9
10743 8261 -17/2
10532 8261 -56/5
10531 8261 -13/2
8312 8261 -9/12500
8311 8261 -9/12500
8288 8261 -9/100000
8287 8261 -3/20000
8290 8261 -9/100000
8289 8261 -3/20000
8286 8261 -9/100000
8285 8261 -3/20000
2102 8261 -1
2145 8261 129843/25000
10770 8262 -14
10769 8262 -49/10
10768 8262 10
10767 8262 9
10766 8262 -17/2
10563 8262 -56/5
10562 8262 -13/2
8314 8262 -9/12500
8313 8262 -9/12500
8294 8262 -9/100000
8293 8262 -3/20000
8296 8262 -9/100000
8295 8262 -3/20000
8292 8262 -9/100000
8291 8262 -3/20000
2375 8262 -1
2418 8262 129843/25000
10655 8263 10
10654 8263 583/10
10653 8263 10
10652 8263 40
10651 8263 16
10408 8263 52
10407 8263 40
8304 8263 -9/12500
8303 8263 -9/12500
8264 8263 -9/100000
8263 8263 -3/20000
8266 8263 -9/100000
8265 8263 -3/20000
8262 8263 -9/100000
8261 8263 -3/20000
1015 8263 -1
1053 8263 453783/100000
10701 8264 10
10700 8264 583/10
10699 8264 10
10698 8264 40
10697 8264 16
10470 8264 52
10469 8264 40
8308 8264 -9/12500
8307 8264 -9/12500
8276 8264 -9/100000
8275 8264 -3/20000
8278 8264 -9/100000
8277 8264 -3/20000
8274 8264 -9/100000
8273 8264 -3/20000
1561 8264 -1
1599 8264 453783/100000
10586 8265 15/2
10585 8265 -18/5
10584 8265 10
10583 8265 -17
10582 8265 7
10315 8265 -99/10
10314 8265 -199/5
8298 8265 -9/12500
8297 8265 -9/12500
8246 8265 -9/100000
8245 8265 -3/20000
8248 8265 -9/100000
8247 8265 -3/20000
8244 8265 -9/100000
8243 8265 -3/20000
217 8265 -1
234 8265 593751/100000
10609 8266 15/2
10608 8266 -18/5
10607 8266 10
10606 8266 -17
10605 8266 7
10346 8266 -99/10
10345 8266 -199/5
8300 8266 -9/12500
8299 8266 -9/12500
8252 8266 -9/100000
8251 8266 -3/20000
8254 8266 -9/100000
8253 8266 -3/20000
8250 8266 -9/100000
8249 8266 -3/20000
490 8266 -1
507 8266 593751/100000
10632 8267 15/2
10631 8267 -18/5
10630 8267 10
10629 8267 -17
10628 8267 7
10377 8267 -99/10
10376 8267 -199/5
8302 8267 -9/12500
8301 8267 -9/12500
8258 8267 -9/100000
8257 8267 -3/20000
8260 8267 -9/100000
8259 8267 -3/20000
8256 8267 -9/100000
8255 8267 -3/20000
763 8267 -1
780 8267 593751/100000
10655 8268 15/2
10654 8268 -18/5
10653 8268 10
10652 8268 -17
10651 8268 7
10408 8268 -99/10
10407 8268 -199/5
8304 8268 -9/12500
8303 8268 -9/12500
8264 8268 -9/100000
8263 8268 -3/20000
8266 8268 -9/100000
8265 8268 -3/20000
8262 8268 -9/100000
8261 8268 -3/20000
1036 8268 -1
1053 8268 593751/100000
10678 8269 15/2
10677 8269 -18/5
10676 8269 10
10675 8269 -17
10674 8269 7
10439 8269 -99/10
10438 8269 -199/5
8306 8269 -9/12500
8305 8269 -9/12500
8270 8269 -9/100000
8269 8269 -3/20000
8272 8269 -9/100000
8271 8269 -3/20000
8268 8269 -9/100000
8267 8269 -3/20000
1309 8269 -1
1326 8269 593751/100000
10701 8270 15/2
10700 8270 -18/5
10699 8270 10
10698 8270 -17
10697 8270 7
10470 8270 -99/10
10469 8270 -199/5
8308 8270 -9/12500
8307 8270 -9/12500
8276 8270 -9/100000
8275 8270 -3/20000
8278 8270 -9/100000
8277 8270 -3/20000
8274 8270 -9/100000
8273 8270 -3/20000
1582 8270 -1
1599 8270 593751/100000
10724 8271 15/2
10723 8271 -18/5
10722 8271 10
10721 8271 -17
10720 8271 7
10501 8271 -99/10
10500 8271 -199/5
8310 8271 -9/12500
8309 8271 -9/12500
8282 8271 -9/100000
8281 8271 -3/20000
8284 8271 -9/100000
8283 8271 -3/20000
8280 8271 -9/100000
8279 8271 -3/20000
1855 8271 -1
1872 8271 593751/100000
10747 8272 15/2
10746 8272 -18/5
10745 8272 10
10744 8272 -17
10743 8272 7
10532 8272 -99/10
10531 8272 -199/5
8312 8272 -9/12500
8311 8272 -9/12500
8288 8272 -9/100000
8287 8272 -3/20000
8290 8272 -9/100000
8289 8272 -3/20000
8286 8272 -9/100000
8285 8272 -3/20000
2128 8272 -1
2145 8272 593751/100000
10770 8273 15/2
10769 8273 -18/5
10768 8273 10
10767 8273 -17
10766 8273 7
10563 8273 -99/10
10562 8273 -199/5
8314 8273 -9/12500
8313 8273 -9/12500
8294 8273 -9/100000
8293 8273 -3/20000
8296 8273 -9/100000
8295 8273 -3/20000
8292 8273 -9/100000
8291 8273 -3/20000
2401 8273 -1
2418 8273 593751/100000
10586 8274 11/4
10585 8274 -41/10
10584 8274 10
10583 8274 -17
10582 8274 5/2
10315 8274 -52/5
10314 8274 -83/2
8298 8274 -9/12500
8297 8274 -9/12500
8246 8274 -9/100000
8245 8274 -3/20000
8248 8274 -9/100000
8247 8274 -3/20000
8244 8274 -9/100000
8243 8274 -3/20000
220 8274 -1
234 8274 588219/100000
10632 8275 11/4
10631 8275 -41/10
10630 8275 10
10629 8275 -17
10628 8275 5/2
10377 8275 -52/5
10376 8275 -83/2
8302 8275 -9/12500
8301 8275 -9/12500
8258 8275 -9/100000
8257 8275 -3/20000
8260 8275 -9/100000
8259 8275 -3/20000
8256 8275 -9/100000
8255 8275 -3/20000
766 8275 -1
780 8275 588219/100000
10655 8276 11/4
10654 8276 -41/10
10653 8276 10
10652 8276 -17
10651 8276 5/2
10408 8276 -52/5
10407 8276 -83/2
8304 8276 -9/12500
8303 8276 -9/12500
8264 8276 -9/100000
8263 8276 -3/20000
8266 8276 -9/100000
8265 8276 -3/20000
8262 8276 -9/100000
8261 8276 -3/20000
1039 8276 -1
1053 8276 588219/100000
10678 8277 11/4
10677 8277 -41/10
10676 8277 10
10675 8277 -17
10674 8277 5/2
10439 8277 -52/5
10438 8277 -83/2
8306 8277 -9/12500
8305 8277 -9/12500
8270 8277 -9/100000
8269 8277 -3/20000
8272 8277 -9/100000
8271 8277 -3/20000
8268 8277 -9/100000
8267 8277 -3/20000
1312 8277 -1
1326 8277 588219/100000
10701 8278 11/4
10700 8278 -41/10
10699 8278 10
10698 8278 -17
10697 8278 5/2
10470 8278 -52/5
10469 8278 -83/2
8308 8278 -9/12500
8307 8278 -9/12500
8276 8278 -9/100000
8275 8278 -3/20000
8278 8278 -9/100000
8277 8278 -3/20000
8274 8278 -9/100000
8273 8278 -3/20000
1585 8278 -1
1599 8278 588219/100000
10724 8279 11/4
10723 8279 -41/10
10722 8279 10
10721 8279 -17
10720 8279 5/2
10501 8279 -52/5
10500 8279 -83/2
8310 8279 -9/12500
8309 8279 -9/12500
8282 8279 -9/100000
8281 8279 -3/20000
8284 8279 -9/100000
8283 8279 -3/20000
8280 8279 -9/100000
8279 8279 -3/20000
1858 8279 -1
1872 8279 588219/100000
10747 8280 11/4
10746 8280 -41/10
10745 8280 10
10744 8280 -17
10743 8280 5/2
10532 8280 -52/5
10531 8280 -83/2
8312 8280 -9/12500
8311 8280 -9/12500
8288 8280 -9/100000
8287 8280 -3/20000
8290 8280 -9/100000
8289 8280 -3/20000
8286 8280 -9/100000
8285 8280 -3/20000
2131 8280 -1
2145 8280 588219/100000
10770 8281 11/4
10769 8281 -41/10
10768 8281 10
10767 8281 -17
10766 8281 5/2
10563 8281 -52/5
10562 8281 -83/2
8314 8281 -9/12500
8313 8281 -9/12500
8294 8281 -9/100000
8293 8281 -3/20000
8296 8281 -9/100000
8295 8281 -3/20000
8292 8281 -9/100000
8291 8281 -3/20000
2404 8281 -1
2418 8281 588219/100000
10586 8282 -3450001/500000
10585 8282 33/10
10584 8282 10
10583 8282 40
10582 8282 -950001/500000
10315 8282 -3
10314 8282 40
8298 8282 -9/12500
8297 8282 -9/12500
8246 8282 -9/100000
8245 8282 -3/20000
8248 8282 -9/100000
8247 8282 -3/20000
8244 8282 -9/100000
8243 8282 -3/20000
237 8282 -1
234 8282 62981/12500
10609 8283 -3450001/500000
10608 8283 33/10
10607 8283 10
10606 8283 40
10605 8283 -950001/500000
10346 8283 -3
10345 8283 40
8300 8283 -9/12500
8299 8283 -9/12500
8252 8283 -9/100000
8251 8283 -3/20000
8254 8283 -9/100000
8253 8283 -3/20000
8250 8283 -9/100000
8249 8283 -3/20000
510 8283 -1
507 8283 62981/12500
10632 8284 -3450001/500000
10631 8284 33/10
10630 8284 10
10629 8284 40
10628 8284 -950001/500000
10377 8284 -3
10376 8284 40
8302 8284 -9/12500
8301 8284 -9/12500
8258 8284 -9/100000
8257 8284 -3/20000
8260 8284 -9/100000
8259 8284 -3/20000
8256 8284 -9/100000
8255 8284 -3/20000
783 8284 -1
780 8284 62981/12500
10655 8285 -3450001/500000
10654 8285 33/10
10653 8285 10
10652 8285 40
10651 8285 -950001/500000
10408 8285 -3
10407 8285 40
8304 8285 -9/12500
8303 8285 -9/12500
8264 8285 -9/100000
8263 8285 -3/20000
8266 8285 -9/100000
8265 8285 -3/20000
8262 8285 -9/100000
8261 8285 -3/20000
1056 8285 -1
1053 8285 62981/12500
10678 8286 -3450001/500000
10677 8286 33/10
10676 8286 10
10675 8286 40
10674 8286 -950001/500000
10439 8286 -3
10438 8286 40
8306 8286 -9/12500
8305 8286 -9/12500
8270 8286 -9/100000
8269 8286 -3/20000
8272 8286 -9/100000
8271 8286 -3/20000
8268 8286 -9/100000
8267 8286 -3/20000
1329 8286 -1
1326 8286 62981/12500
10701 8287 -3450001/500000
10700 8287 33/10
10699 8287 10
10698 8287 40
10697 8287 -950001/500000
10470 8287 -3
10469 8287 40
8308 8287 -9/12500
8307 8287 -9/12500
8276 8287 -9/100000
8275 8287 -3/20000
8278 8287 -9/100000
8277 8287 -3/20000
8274 8287 -9/100000
8273 8287 -3/20000
1602 8287 -1
1599 8287 62981/12500
10724 8288 -3450001/500000
10723 8288 33/10
10722 8288 10
10721 8288 40
10720 8288 -950001/500000
10501 8288 -3
10500 8288 40
8310 8288 -9/12500
8309 8288 -9/12500
8282 8288 -9/100000
8281 8288 -3/20000
8284 8288 -9/100000
8283 8288 -3/20000
8280 8288 -9/100000
8279 8288 -3/20000
1875 8288 -1
1872 8288 62981/12500
10747 8289 -3450001/500000
10746 8289 33/10
10745 8289 10
10744 8289 40
10743 8289 -950001/500000
10532 8289 -3
10531 8289 40
8312 8289 -9/12500
8311 8289 -9/12500
8288 8289 -9/100000
8287 8289 -3/20000
8290 8289 -9/100000
8289 8289 -3/20000
8286 8289 -9/100000
8285 8289 -3/20000
2148 8289 -1
2145 8289 62981/12500
10770 8290 -3450001/500000
10769 8290 33/10
10768 8290 10
10767 8290 40
10766 8290 -950001/500000
10563 8290 -3
10562 8290 40
8314 8290 -9/12500
8313 8290 -9/12500
8294 8290 -9/100000
8293 8290 -3/20000
8296 8290 -9/100000
8295 8290 -3/20000
8292 8290 -9/100000
8291 8290 -3/20000
2421 8290 -1
2418 8290 62981/12500
10586 8291 -177/10
10585 8291 33/10
10584 8291 10
10583 8291 40
10582 8291 -127/10
10315 8291 -3
10314 8291 40
8298 8291 -9/12500
8297 8291 -9/12500
8246 8291 -9/100000
8245 8291 -3/20000
8248 8291 -9/100000
8247 8291 -3/20000
8244 8291 -9/100000
8243 8291 -3/20000
238 8291 -1
234 8291 62981/12500
10609 8292 -177/10
10608 8292 33/10
10607 8292 10
10606 8292 40
10605 8292 -127/10
10346 8292 -3
10345 8292 40
8300 8292 -9/12500
8299 8292 -9/12500
8252 8292 -9/100000
8251 8292 -3/20000
8254 8292 -9/100000
8253 8292 -3/20000
8250 8292 -9/100000
8249 8292 -3/20000
511 8292 -1
507 8292 62981/12500
10632 8293 -177/10
10631 8293 33/10
10630 8293 10
10629 8293 40
10628 8293 -127/10
10377 8293 -3
10376 8293 40
8302 8293 -9/12500
8301 8293 -9/12500
8258 8293 -9/100000
8257 8293 -3/20000
8260 8293 -9/100000
8259 8293 -3/20000
8256 8293 -9/100000
8255 8293 -3/20000
784 8293 -1
780 8293 62981/12500
10655 8294 -177/10
10654 8294 33/10
10653 8294 10
10652 8294 40
10651 8294 -127/10
10408 8294 -3
10407 8294 40
8304 8294 -9/12500
8303 8294 -9/12500
8264 8294 -9/100000
8263 8294 -3/20000
8266 8294 -9/100000
8265 8294 -3/20000
8262 8294 -9/100000
8261 8294 -3/20000
1057 8294 -1
1053 8294 62981/12500
10678 8295 -177/10
10677 8295 33/10
10676 8295 10
10675 8295 40
10674 8295 -127/10
10439 8295 -3
10438 8295 40
8306 8295 -9/12500
8305 8295 -9/12500
8270 8295 -9/100000
8269 8295 -3/20000
8272 8295 -9/100000
8271 8295 -3/20000
8268 8295 -9/100000
8267 8295 -3/20000
1330 8295 -1
1326 8295 62981/12500
10701 8296 -177/10
10700 8296 33/10
10699 8296 10
10698 8296 40
10697 8296 -127/10
10470 8296 -3
10469 8296 40
8308 8296 -9/12500
8307 8296 -9/12500
8276 8296 -9/100000
8275 8296 -3/20000
8278 8296 -9/100000
8277 8296 -3/20000
8274 8296 -9/100000
8273 8296 -3/20000
1603 8296 -1
1599 8296 62981/12500
10724 8297 -177/10
10723 8297 33/10
10722 8297 10
10721 8297 40
10720 8297 -127/10
10501 8297 -3
10500 8297 40
8310 8297 -9/12500
8309 8297 -9/12500
8282 8297 -9/100000
8281 8297 -3/20000
8284 8297 -9/100000
8283 8297 -3/20000
8280 8297 -9/100000
8279 8297 -3/20000
1876 8297 -1
1872 8297 62981/12500
10747 8298 -177/10
10746 8298 33/10
10745 8298 10
10744 8298 40
10743 8298 -127/10
10532 8298 -3
10531 8298 40
8312 8298 -9/12500
8311 8298 -9/12500
8288 8298 -9/100000
8287 8298 -3/20000
8290 8298 -9/100000
8289 8298 -3/20000
8286 8298 -9/100000
8285 8298 -3/20000
2149 8298 -1
2145 8298 62981/12500
10770 8299 -177/10
10769 8299 33/10
10768 8299 10
10767 8299 40
10766 8299 -127/10
10563 8299 -3
10562 8299 40
8314 8299 -9/12500
8313 8299 -9/12500
8294 8299 -9/100000
8293 8299 -3/20000
8296 8299 -9/100000
8295 8299 -3/20000
8292 8299 -9/100000
8291 8299 -3/20000
2422 8299 -1
2418 8299 62981/12500
10655 8300 -57/2
10654 8300 33/10
10653 8300 10
10652 8300 40
10651 8300 -47/2
10408 8300 -3
10407 8300 40
8304 8300 -9/12500
8303 8300 -9/12500
8264 8300 -9/100000
8263 8300 -3/20000
8266 8300 -9/100000
8265 8300 -3/20000
8262 8300 -9/100000
8261 8300 -3/20000
1058 8300 -1
1053 8300 62981/12500
10701 8301 -57/2
10700 8301 33/10
10699 8301 10
10698 8301 40
10697 8301 -47/2
10470 8301 -3
10469 8301 40
8308 8301 -9/12500
8307 8301 -9/12500
8276 8301 -9/100000
8275 8301 -3/20000
8278 8301 -9/100000
8277 8301 -3/20000
8274 8301 -9/100000
8273 8301 -3/20000
1604 8301 -1
1599 8301 62981/12500
94 8302 -1
274 8302 12602/3125
367 8303 -1
547 8303 12602/3125
640 8304 -1
820 8304 12602/3125
913 8305 -1
1093 8305 12602/3125
1186 8306 -1
1366 8306 12602/3125
1459 8307 -1
1639 8307 12602/3125
1732 8308 -1
1912 8308 12602/3125
2005 8309 -1
2185 8309 12602/3125
252 8310 -1
274 8310 663131/100000
525 8311 -1
547 8311 663131/100000
798 8312 -1
820 8312 663131/100000
1071 8313 -1
1093 8313 663131/100000
1344 8314 -1
1366 8314 663131/100000
1617 8315 -1
1639 8315 663131/100000
1890 8316 -1
1912 8316 663131/100000
2163 8317 -1
2185 8317 663131/100000
2436 8318 -1
2458 8318 663131/100000
428 8319 -1
547 8319 439359/100000
1247 8320 -1
1366 8320 439359/100000
1793 8321 -1
1912 8321 439359/100000
2066 8322 -1
2185 8322 439359/100000
2339 8323 -1
2458 8323 439359/100000
196 8324 -1
274 8324 453783/100000
469 8325 -1
547 8325 453783/100000
742 8326 -1
820 8326 453783/100000
1015 8327 -1
1093 8327 453783/100000
1288 8328 -1
1366 8328 453783/100000
1561 8329 -1
1639 8329 453783/100000
1834 8330 -1
1912 8330 453783/100000
2107 8331 -1
2185 8331 453783/100000
2380 8332 -1
2458 8332 453783/100000
212 8333 -1
274 8333 663131/100000
485 8334 -1
547 8334 663131/100000
758 8335 -1
820 8335 663131/100000
1031 8336 -1
1093 8336 663131/100000
1304 8337 -1
1366 8337 663131/100000
1577 8338 -1
1639 8338 663131/100000
1850 8339 -1
1912 8339 663131/100000
2123 8340 -1
2185 8340 663131/100000
2396 8341 -1
2458 8341 663131/100000
267 8342 -1
274 8342 406037/100000
540 8343 -1
547 8343 406037/100000
813 8344 -1
820 8344 406037/100000
1086 8345 -1
1093 8345 406037/100000
1359 8346 -1
1366 8346 406037/100000
1632 8347 -1
1639 8347 406037/100000
1905 8348 -1
1912 8348 406037/100000
2178 8349 -1
2185 8349 406037/100000
2451 8350 -1
2458 8350 406037/100000
0 8351 -1
1 8352 -1
2 8353 -1
3 8354 -1
4 8355 -1
5 8356 -1
6 8357 -1
7 8358 -1
8 8359 -1
18 8360 -1
9 8361 1
10 8362 1
11 8363 1
12 8364 1
13 8365 1
14 8366 1
15 8367 1
16 8368 1
17 8369 1
27 8370 1
28 8371 1
29 8372 1
30 8373 1
31 8374 1
32 8375 1
33 8376 1
34 8377 1
35 8378 1
45 8379 1
46 8380 1
47 8381 1
48 8382 1
49 8383 1
50 8384 1
51 8385 1
52 8386 1
53 8387 1
89 8388 -1
92 8389 -1
100 8390 -1
143 8391 -1
158 8392 -1
164 8393 -1
177 8394 -1
181 8395 -1
182 8396 -1
188 8397 -1
210 8398 -1
213 8399 -1
221 8400 -1
248 8401 -1
254 8402 -1
255 8403 -1
256 8404 -1
257 8405 -1
258 8406 -1
259 8407 -1
260 8408 -1
261 8409 -1
262 8410 -1
263 8411 -1
264 8412 -1
265 8413 -1
288 8414 -1
297 8415 -1
300 8416 -1
302 8417 -1
307 8418 -1
314 8419 -1
315 8420 -1
316 8421 -1
317 8422 -1
318 8423 -1
319 8424 -1
320 8425 -1
321 8426 -1
322 8427 -1
323 8428 -1
324 8429 -1
325 8430 -1
327 8431 -1
328 8432 -1
329 8433 -1
330 8434 -1
339 8435 -1
341 8436 -1
343 8437 -1
344 8438 -1
347 8439 -1
365 8440 -1
373 8441 -1
416 8442 -1
424 8443 -1
431 8444 -1
437 8445 -1
450 8446 -1
454 8447 -1
455 8448 -1
461 8449 -1
515 8450 -1
521 8451 -1
527 8452 -1
531 8453 -1
532 8454 -1
533 8455 -1
535 8456 -1
561 8457 -1
570 8458 -1
573 8459 -1
575 8460 -1
580 8461 -1
587 8462 -1
588 8463 -1
589 8464 -1
590 8465 -1
591 8466 -1
592 8467 -1
593 8468 -1
594 8469 -1
595 8470 -1
596 8471 -1
597 8472 -1
598 8473 -1
600 8474 -1
601 8475 -1
602 8476 -1
603 8477 -1
612 8478 -1
614 8479 -1
616 8480 -1
617 8481 -1
620 8482 -1
638 8483 -1
646 8484 -1
697 8485 -1
704 8486 -1
710 8487 -1
723 8488 -1
727 8489 -1
728 8490 -1
734 8491 -1
800 8492 -1
834 8493 -1
843 8494 -1
846 8495 -1
848 8496 -1
853 8497 -1
855 8498 -1
860 8499 -1
861 8500 -1
862 8501 -1
863 8502 -1
864 8503 -1
865 8504 -1
866 8505 -1
867 8506 -1
868 8507 -1
869 8508 -1
870 8509 -1
871 8510 -1
873 8511 -1
874 8512 -1
875 8513 -1
876 8514 -1
885 8515 -1
887 8516 -1
889 8517 -1
890 8518 -1
893 8519 -1
895 8520 -1
911 8521 -1
919 8522 -1
970 8523 -1
977 8524 -1
983 8525 -1
996 8526 -1
1000 8527 -1
1001 8528 -1
1067 8529 -1
1107 8530 -1
1116 8531 -1
1119 8532 -1
1121 8533 -1
1133 8534 -1
1134 8535 -1
1135 8536 -1
1136 8537 -1
1137 8538 -1
1138 8539 -1
1139 8540 -1
1140 8541 -1
1141 8542 -1
1142 8543 -1
1143 8544 -1
1144 8545 -1
1146 8546 -1
1147 8547 -1
1148 8548 -1
1149 8549 -1
1158 8550 -1
1160 8551 -1
1162 8552 -1
1163 8553 -1
1166 8554 -1
1184 8555 -1
1192 8556 -1
1243 8557 -1
1250 8558 -1
1256 8559 -1
1269 8560 -1
1273 8561 -1
1274 8562 -1
1368 8563 -1
1380 8564 -1
1389 8565 -1
1392 8566 -1
1394 8567 -1
1401 8568 -1
1406 8569 -1
1407 8570 -1
1408 8571 -1
1409 8572 -1
1410 8573 -1
1411 8574 -1
1412 8575 -1
1413 8576 -1
1414 8577 -1
1415 8578 -1
1416 8579 -1
1417 8580 -1
1419 8581 -1
1420 8582 -1
1421 8583 -1
1422 8584 -1
1431 8585 -1
1433 8586 -1
1435 8587 -1
1436 8588 -1
1439 8589 -1
1457 8590 -1
1465 8591 -1
1516 8592 -1
1523 8593 -1
1529 8594 -1
1542 8595 -1
1546 8596 -1
1547 8597 -1
1653 8598 -1
1662 8599 -1
1665 8600 -1
1667 8601 -1
1672 8602 -1
1679 8603 -1
1680 8604 -1
1681 8605 -1
1682 8606 -1
1683 8607 -1
1684 8608 -1
1685 8609 -1
1686 8610 -1
1687 8611 -1
1688 8612 -1
1689 8613 -1
1690 8614 -1
1692 8615 -1
1693 8616 -1
1694 8617 -1
1695 8618 -1
1704 8619 -1
1706 8620 -1
1708 8621 -1
1709 8622 -1
1712 8623 -1
1730 8624 -1
1738 8625 -1
1789 8626 -1
1796 8627 -1
1802 8628 -1
1815 8629 -1
1819 8630 -1
1820 8631 -1
1852 8632 -1
1892 8633 -1
1926 8634 -1
1935 8635 -1
1938 8636 -1
1940 8637 -1
1945 8638 -1
1947 8639 -1
1952 8640 -1
1953 8641 -1
1954 8642 -1
1955 8643 -1
1956 8644 -1
1957 8645 -1
1958 8646 -1
1959 8647 -1
1960 8648 -1
1961 8649 -1
1962 8650 -1
1963 8651 -1
1965 8652 -1
1966 8653 -1
1967 8654 -1
1968 8655 -1
1977 8656 -1
1979 8657 -1
1981 8658 -1
1982 8659 -1
1984 8660 -1
1985 8661 -1
2003 8662 -1
2011 8663 -1
2026 8664 -1
2062 8665 -1
2069 8666 -1
2075 8667 -1
2088 8668 -1
2092 8669 -1
2093 8670 -1
2199 8671 -1
2208 8672 -1
2211 8673 -1
2213 8674 -1
2225 8675 -1
2226 8676 -1
2227 8677 -1
2228 8678 -1
2229 8679 -1
2230 8680 -1
2231 8681 -1
2232 8682 -1
2233 8683 -1
2234 8684 -1
2235 8685 -1
2236 8686 -1
2238 8687 -1
2239 8688 -1
2240 8689 -1
2241 8690 -1
2250 8691 -1
2252 8692 -1
2254 8693 -1
2255 8694 -1
2257 8695 -1
2258 8696 -1
2276 8697 -1
2284 8698 -1
2335 8699 -1
2342 8700 -1
2348 8701 -1
2358 8702 -1
2361 8703 -1
2365 8704 -1
2366 8705 -1
2424 8706 -1
2425 8707 -1
2426 8708 -1
2427 8709 -1
2454 8710 -1
2472 8711 -1
2481 8712 -1
2484 8713 -1
2486 8714 -1
2498 8715 -1
2499 8716 -1
2500 8717 -1
2501 8718 -1
2502 8719 -1
2503 8720 -1
2504 8721 -1
2505 8722 -1
2506 8723 -1
2507 8724 -1
2508 8725 -1
2509 8726 -1
2511 8727 -1
2512 8728 -1
2513 8729 -1
2514 8730 -1
2523 8731 -1
2525 8732 -1
2527 8733 -1
2528 8734 -1
2531 8735 -1
2557 8736 1
2604 8737 1
2623 8738 1
2624 8739 1
2628 8740 1
2629 8741 1
2686 8742 1
2690 8743 1
2691 8744 1
2788 8745 1
2877 8746 1
2881 8747 1
2943 8748 1
3135 8749 1
3145 8750 1
3208 8751 1
3248 8752 1
3315 8753 1
3416 8754 1
3480 8755 1
3594 8756 1
3690 8757 1
3748 8758 1
3749 8759 1
3754 8760 1
3859 8761 1
3862 8762 1
3869 8763 1
3964 8764 1
4030 8765 1
4139 8766 1
4141 8767 1
4148 8768 1
4257 8769 1
4319 8770 1
4320 8771 1
4321 8772 1
4327 8773 1
4434 8774 1
4437 8775 1
4438 8776 1
4445 8777 1
4616 8778 1
4617 8779 1
4618 8780 1
4624 8781 1
4635 8782 1
4667 8783 1
4732 8784 1
4735 8785 1
4742 8786 1
4843 8787 1
4851 8788 1
4853 8789 1
4913 8790 1
4914 8791 1
4915 8792 1
4921 8793 1
4923 8794 1
4963 8795 1
4964 8796 1
5032 8797 1
5036 8798 1
5044 8799 1
5045 8800 1
5046 8801 1
5047 8802 1
5049 8803 1
5050 8804 1
5051 8805 1
5057 8806 1
5058 8807 1
5068 8808 1
5069 8809 1
5070 8810 1
5074 8811 1
5075 8812 1
5085 8813 1
5086 8814 1
5102 8815 1
5104 8816 1
5106 8817 1
5108 8818 1
5109 8819 1
5114 8820 1
5115 8821 1
5116 8822 1
5119 8823 1
5120 8824 1
5123 8825 1
5126 8826 1
5153 8827 1
5154 8828 1
5171 8829 1
5172 8830 1
5180 8831 1
5182 8832 1
5183 8833 1
5185 8834 1
5186 8835 1
5187 8836 1
5193 8837 1
5194 8838 1
5195 8839 1
5196 8840 1
5197 8841 1
5202 8842 1
5204 8843 1
5205 8844 1
5206 8845 1
5221 8846 1
5222 8847 1
5224 8848 1
5225 8849 1
5226 8850 1
5230 8851 1
5238 8852 1
5240 8853 1
5242 8854 1
5244 8855 1
5249 8856 1
5255 8857 1
5259 8858 1
5262 8859 1
5309 8860 1
5310 8861 1
5311 8862 1
5312 8863 1
5317 8864 1
5318 8865 1
5319 8866 1
5320 8867 1
5326 8868 1
5328 8869 1
5329 8870 1
5331 8871 1
5332 8872 1
5334 8873 1
5335 8874 1
5340 8875 1
5341 8876 1
5342 8877 1
5343 8878 1
5348 8879 1
5350 8880 1
5351 8881 1
5352 8882 1
5358 8883 1
5360 8884 1
5367 8885 1
5368 8886 1
5369 8887 1
5370 8888 1
5371 8889 1
5372 8890 1
5376 8891 1
5379 8892 1
5382 8893 1
5384 8894 1
5386 8895 1
5388 8896 1
5390 8897 1
5395 8898 1
5402 8899 1
5405 8900 1
5408 8901 1
5409 8902 1
5461 8903 1
5462 8904 1
5463 8905 1
5464 8906 1
5465 8907 1
5470 8908 1
5471 8909 1
5472 8910 1
5479 8911 1
5481 8912 1
5485 8913 1
5486 8914 1
5487 8915 1
5488 8916 1
5492 8917 1
5493 8918 1
5494 8919 1
5495 8920 1
5496 8921 1
5501 8922 1
5503 8923 1
5504 8924 1
5505 8925 1
5520 8926 1
5521 8927 1
5522 8928 1
5523 8929 1
5524 8930 1
5525 8931 1
5532 8932 1
5533 8933 1
5535 8934 1
5537 8935 1
5539 8936 1
5541 8937 1
5543 8938 1
5548 8939 1
5554 8940 1
5555 8941 1
5558 8942 1
5561 8943 1
5562 8944 1
5567 8945 1
5581 8946 1
5615 8947 1
5616 8948 1
5623 8949 1
5624 8950 1
5632 8951 1
5634 8952 1
5635 8953 1
5638 8954 1
5640 8955 1
5645 8956 1
5646 8957 1
5647 8958 1
5648 8959 1
5649 8960 1
5654 8961 1
5656 8962 1
5657 8963 1
5658 8964 1
5664 8965 1
5665 8966 1
5666 8967 1
5673 8968 1
5674 8969 1
5676 8970 1
5677 8971 1
5678 8972 1
5680 8973 1
5682 8974 1
5685 8975 1
5688 8976 1
5690 8977 1
5694 8978 1
5696 8979 1
5701 8980 1
5707 8981 1
5708 8982 1
5711 8983 1
5714 8984 1
5715 8985 1
5768 8986 1
5769 8987 1
5770 8988 1
5772 8989 1
5776 8990 1
5777 8991 1
5778 8992 1
5779 8993 1
5785 8994 1
5787 8995 1
5790 8996 1
5791 8997 1
5792 8998 1
5798 8999 1
5799 9000 1
5800 9001 1
5801 9002 1
5802 9003 1
5809 9004 1
5810 9005 1
5811 9006 1
5826 9007 1
5827 9008 1
5828 9009 1
5829 9010 1
5830 9011 1
5831 9012 1
5838 9013 1
5841 9014 1
5843 9015 1
5845 9016 1
5847 9017 1
5849 9018 1
5854 9019 1
5860 9020 1
5861 9021 1
5864 9022 1
5867 9023 1
5868 9024 1
5920 9025 1
5921 9026 1
5922 9027 1
5923 9028 1
5924 9029 1
5925 9030 1
5929 9031 1
5930 9032 1
5931 9033 1
5932 9034 1
5938 9035 1
5940 9036 1
5941 9037 1
5943 9038 1
5944 9039 1
5945 9040 1
5947 9041 1
5952 9042 1
5956 9043 1
5957 9044 1
5958 9045 1
5963 9046 1
5964 9047 1
5967 9048 1
5968 9049 1
5969 9050 1
5970 9051 1
5972 9052 1
5979 9053 1
5980 9054 1
5981 9055 1
5988 9056 1
5991 9057 1
5994 9058 1
5996 9059 1
5998 9060 1
6000 9061 1
6002 9062 1
6007 9063 1
6014 9064 1
6017 9065 1
6021 9066 1
6073 9067 1
6074 9068 1
6075 9069 1
6076 9070 1
6077 9071 1
6078 9072 1
6082 9073 1
6083 9074 1
6084 9075 1
6091 9076 1
6093 9077 1
6096 9078 1
6097 9079 1
6098 9080 1
6100 9081 1
6105 9082 1
6106 9083 1
6108 9084 1
6109 9085 1
6113 9086 1
6115 9087 1
6116 9088 1
6117 9089 1
6123 9090 1
6132 9091 1
6133 9092 1
6134 9093 1
6144 9094 1
6147 9095 1
6149 9096 1
6151 9097 1
6153 9098 1
6155 9099 1
6160 9100 1
6167 9101 1
6170 9102 1
6173 9103 1
6174 9104 1
6227 9105 1
6228 9106 1
6229 9107 1
6230 9108 1
6231 9109 1
6235 9110 1
6236 9111 1
6237 9112 1
6238 9113 1
6244 9114 1
6246 9115 1
6249 9116 1
6250 9117 1
6251 9118 1
6258 9119 1
6260 9120 1
6261 9121 1
6263 9122 1
6264 9123 1
6269 9124 1
6270 9125 1
6274 9126 1
6276 9127 1
6277 9128 1
6278 9129 1
6286 9130 1
6288 9131 1
6289 9132 1
6290 9133 1
6291 9134 1
6292 9135 1
6297 9136 1
6300 9137 1
6302 9138 1
6304 9139 1
6306 9140 1
6308 9141 1
6313 9142 1
6320 9143 1
6323 9144 1
6326 9145 1
6327 9146 1
6332 9147 1
6414 9148 -1
6467 9149 -1
6508 9150 -1
6549 9151 -1
6590 9152 -1
6631 9153 -1
6672 9154 -1
6713 9155 -1
6745 9156 1
6746 9157 1
6748 9158 1
6752 9159 1
6753 9160 1
6754 9161 1
6778 9162 1
6779 9163 1
6787 9164 1
6789 9165 1
6790 9166 1
6792 9167 1
6793 9168 1
6802 9169 1
6804 9170 1
6805 9171 1
6809 9172 1
6810 9173 1
6813 9174 1
6817 9175 1
6821 9176 1
6827 9177 1
6828 9178 1
6834 9179 1
6838 9180 1
6840 9181 1
6841 9182 1
6842 9183 1
6843 9184 1
6844 9185 1
6845 9186 1
6847 9187 1
6848 9188 1
6849 9189 1
6850 9190 1
6851 9191 1
6852 9192 1
6853 9193 1
6854 9194 1
6855 9195 1
6856 9196 1
6857 9197 1
6859 9198 1
6864 9199 1
6865 9200 1
6868 9201 1
6875 9202 1
6879 9203 1
6881 9204 1
6882 9205 1
6883 9206 1
6885 9207 1
6886 9208 1
6888 9209 1
6889 9210 1
6893 9211 1
6894 9212 1
6924 9213 1
6925 9214 1
6933 9215 1
6935 9216 1
6938 9217 1
6939 9218 1
6948 9219 1
6950 9220 1
6951 9221 1
6953 9222 1
6954 9223 1
6955 9224 1
6956 9225 1
6959 9226 1
6961 9227 1
6962 9228 1
6963 9229 1
6967 9230 1
6973 9231 1
6981 9232 1
6982 9233 1
6986 9234 1
6988 9235 1
6989 9236 1
6991 9237 1
6992 9238 1
6995 9239 1
6996 9240 1
6997 9241 1
6998 9242 1
7000 9243 1
7001 9244 1
7002 9245 1
7003 9246 1
7004 9247 1
7005 9248 1
7007 9249 1
7009 9250 1
7011 9251 1
7014 9252 1
7016 9253 1
7017 9254 1
7018 9255 1
7019 9256 1
7022 9257 1
7023 9258 1
7027 9259 1
7029 9260 1
7034 9261 1
7035 9262 1
7036 9263 1
7037 9264 1
7042 9265 1
7043 9266 1
7079 9267 1
7080 9268 1
7090 9269 1
7103 9270 1
7107 9271 1
7111 9272 1
7112 9273 1
7116 9274 1
7118 9275 1
7137 9276 1
7138 9277 1
7142 9278 1
7144 9279 1
7145 9280 1
7146 9281 1
7148 9282 1
7151 9283 1
7152 9284 1
7153 9285 1
7154 9286 1
7156 9287 1
7157 9288 1
7159 9289 1
7160 9290 1
7161 9291 1
7162 9292 1
7163 9293 1
7165 9294 1
7172 9295 1
7174 9296 1
7175 9297 1
7176 9298 1
7179 9299 1
7180 9300 1
7182 9301 1
7185 9302 1
7186 9303 1
7189 9304 1
7192 9305 1
7193 9306 1
7194 9307 1
7195 9308 1
7196 9309 1
7201 9310 1
7243 9311 1
7250 9312 1
7254 9313 1
7263 9314 1
7271 9315 1
7272 9316 1
7273 9317 1
7276 9318 1
7277 9319 1
7278 9320 1
7279 9321 1
7298 9322 1
7304 9323 1
7305 9324 1
7306 9325 1
7309 9326 1
7312 9327 1
7313 9328 1
7314 9329 1
7315 9330 1
7316 9331 1
7317 9332 1
7318 9333 1
7319 9334 1
7322 9335 1
7323 9336 1
7324 9337 1
7325 9338 1
7326 9339 1
7328 9340 1
7329 9341 1
7331 9342 1
7333 9343 1
7338 9344 1
7340 9345 1
7341 9346 1
7349 9347 1
7354 9348 1
7355 9349 1
7356 9350 1
7357 9351 1
7368 9352 1
7405 9353 1
7425 9354 1
7428 9355 1
7429 9356 1
7430 9357 1
7433 9358 1
7434 9359 1
7435 9360 1
7438 9361 1
7465 9362 1
7467 9363 1
7468 9364 1
7469 9365 1
7470 9366 1
7471 9367 1
7472 9368 1
7474 9369 1
7475 9370 1
7476 9371 1
7477 9372 1
7479 9373 1
7480 9374 1
7482 9375 1
7483 9376 1
7484 9377 1
7485 9378 1
7486 9379 1
7489 9380 1
7490 9381 1
7491 9382 1
7493 9383 1
7496 9384 1
7498 9385 1
7499 9386 1
7500 9387 1
7503 9388 1
7504 9389 1
7505 9390 1
7506 9391 1
7507 9392 1
7508 9393 1
7509 9394 1
7510 9395 1
7512 9396 1
7516 9397 1
7517 9398 1
7518 9399 1
7519 9400 1
7523 9401 1
7529 9402 1
7562 9403 1
7574 9404 1
7578 9405 1
7587 9406 1
7597 9407 1
7599 9408 1
7600 9409 1
7601 9410 1
7607 9411 1
7609 9412 1
7613 9413 1
7632 9414 1
7634 9415 1
7635 9416 1
7636 9417 1
7637 9418 1
7638 9419 1
7640 9420 1
7641 9421 1
7642 9422 1
7643 9423 1
7644 9424 1
7646 9425 1
7647 9426 1
7648 9427 1
7650 9428 1
7651 9429 1
7652 9430 1
7653 9431 1
7654 9432 1
7660 9433 1
7662 9434 1
7664 9435 1
7665 9436 1
7670 9437 1
7676 9438 1
7677 9439 1
7678 9440 1
7679 9441 1
7683 9442 1
7684 9443 1
7685 9444 1
7686 9445 1
7696 9446 1
7748 9447 1
7765 9448 1
7766 9449 1
7771 9450 1
7775 9451 1
7776 9452 1
7777 9453 1
7778 9454 1
7782 9455 1
7784 9456 1
7785 9457 1
7786 9458 1
7790 9459 1
7791 9460 1
7793 9461 1
7804 9462 1
7812 9463 1
7813 9464 1
7817 9465 1
7819 9466 1
7820 9467 1
7822 9468 1
7823 9469 1
7824 9470 1
7826 9471 1
7827 9472 1
7828 9473 1
7829 9474 1
7831 9475 1
7832 9476 1
7834 9477 1
7838 9478 1
7842 9479 1
7843 9480 1
7848 9481 1
7849 9482 1
7851 9483 1
7852 9484 1
7858 9485 1
7859 9486 1
7861 9487 1
7862 9488 1
7868 9489 1
7869 9490 1
7870 9491 1
7871 9492 1
7879 9493 1
7881 9494 1
7932 9495 1
7947 9496 1
7950 9497 1
7956 9498 1
7960 9499 1
7961 9500 1
7962 9501 1
7967 9502 1
7969 9503 1
7970 9504 1
7971 9505 1
7976 9506 1
7978 9507 1
7979 9508 1
7983 9509 1
8002 9510 1
8004 9511 1
8005 9512 1
8007 9513 1
8008 9514 1
8009 9515 1
8011 9516 1
8012 9517 1
8013 9518 1
8014 9519 1
8016 9520 1
8017 9521 1
8020 9522 1
8023 9523 1
8024 9524 1
8025 9525 1
8027 9526 1
8028 9527 1
8030 9528 1
8031 9529 1
8034 9530 1
8037 9531 1
8038 9532 1
8044 9533 1
8053 9534 1
8054 9535 1
8055 9536 1
8056 9537 1
8060 9538 1
8111 9539 1
8112 9540 1
8113 9541 1
8118 9542 1
8132 9543 1
8141 9544 1
8145 9545 1
8146 9546 1
8147 9547 1
8152 9548 1
8154 9549 1
8155 9550 1
8156 9551 1
8161 9552 1
8163 9553 1
8167 9554 1
8174 9555 1
8182 9556 1
8186 9557 1
8189 9558 1
8190 9559 1
8192 9560 1
8193 9561 1
8194 9562 1
8196 9563 1
8197 9564 1
8198 9565 1
8199 9566 1
8202 9567 1
8203 9568 1
8204 9569 1
8205 9570 1
8209 9571 1
8210 9572 1
8211 9573 1
8212 9574 1
8213 9575 1
8216 9576 1
8220 9577 1
8223 9578 1
8225 9579 1
8227 9580 1
8228 9581 1
8229 9582 1
8230 9583 1
8231 9584 1
8234 9585 1
8238 9586 1
8239 9587 1
8240 9588 1
8241 9589 1
8246 9590 -1
8248 9591 -1
8252 9592 -1
8254 9593 -1
8297 9594 -1
8298 9595 -1
8299 9596 -1
8300 9597 -1
8302 9598 -1
8304 9599 -1
8306 9600 -1
8308 9601 -1
8310 9602 -1
8312 9603 -1
8314 9604 -1
8316 9605 1
8317 9606 1
8318 9607 1
8319 9608 1
8330 9609 1
8333 9610 1
8334 9611 1
8335 9612 1
8336 9613 1
8347 9614 1
8348 9615 1
8350 9616 1
8351 9617 1
8352 9618 1
8353 9619 1
8364 9620 1
8366 9621 1
8367 9622 1
8371 9623 1
8372 9624 1
8373 9625 1
8374 9626 1
8377 9627 1
8389 9628 1
8392 9629 1
8396 9630 1
8397 9631 1
8398 9632 1
8399 9633 1
8402 9634 1
8414 9635 1
8416 9636 1
8417 9637 1
8421 9638 1
8422 9639 1
8423 9640 1
8424 9641 1
8427 9642 1
8439 9643 1
8446 9644 1
8447 9645 1
8452 9646 1
8453 9647 1
8454 9648 1
8472 9649 1
8473 9650 1
8474 9651 1
8475 9652 1
8478 9653 1
8479 9654 1
8480 9655 1
8491 9656 1
8499 9657 1
8504 9658 1
8505 9659 1
8506 9660 1
8530 9661 1
8531 9662 1
8533 9663 1
8554 9664 1
8558 9665 1
8559 9666 1
8560 9667 1
8561 9668 1
8586 9669 1
8588 9670 1
8589 9671 1
8614 9672 1
8616 9673 1
8618 9674 1
8630 9675 1
8640 9676 1
8643 9677 1
8644 9678 1
8645 9679 1
8647 9680 1
8659 9681 1
8672 9682 1
8673 9683 1
8674 9684 1
8676 9685 1
8701 9686 1
8705 9687 1
8717 9688 1
8731 9689 1
8732 9690 1
8733 9691 1
8746 9692 1
8759 9693 1
8760 9694 1
8761 9695 1
8788 9696 1
8789 9697 1
8817 9698 1
8818 9699 1
8819 9700 1
8820 9701 1
8846 9702 1
8849 9703 1
8875 9704 1
8898 9705 1
8904 9706 1
8905 9707 1
8906 9708 1
8907 9709 1
8908 9710 1
8933 9711 1
8934 9712 1
8960 9713 1
8962 9714 1
8965 9715 1
8966 9716 1
8984 9717 1
8985 9718 1
8986 9719 1
8987 9720 1
8988 9721 1
8989 9722 1
8992 9723 1
8993 9724 1
8994 9725 1
8995 9726 1
9018 9727 1
9020 9728 1
9022 9729 1
9023 9730 1
9024 9731 1
9038 9732 1
9039 9733 1
9040 9734 1
9041 9735 1
9042 9736 1
9043 9737 1
9044 9738 1
9045 9739 1
9046 9740 1
9051 9741 1
9052 9742 1
9053 9743 1
9054 9744 1
9055 9745 1
9056 9746 1
9057 9747 1
9058 9748 1
9059 9749 1
9060 9750 1
9061 9751 1
9066 9752 1
9067 9753 1
9068 9754 1
9069 9755 1
9070 9756 1
9071 9757 1
9072 9758 1
9073 9759 1
9074 9760 1
9075 9761 1
9076 9762 1
9081 9763 1
9082 9764 1
9083 9765 1
9084 9766 1
9085 9767 1
9086 9768 1
9087 9769 1
9088 9770 1
9089 9771 1
9090 9772 1
9091 9773 1
9092 9774 1
9093 9775 1
9094 9776 1
9095 9777 1
9096 9778 1
9097 9779 1
9099 9780 1
9100 9781 1
9101 9782 1
9102 9783 1
9103 9784 1
9104 9785 1
9105 9786 1
9106 9787 1
9107 9788 1
9108 9789 1
9109 9790 1
9110 9791 1
9117 9792 1
9118 9793 1
9119 9794 1
9120 9795 1
9121 9796 1
9122 9797 1
9123 9798 1
9124 9799 1
9125 9800 1
9126 9801 1
9127 9802 1
9128 9803 1
9135 9804 1
9136 9805 1
9137 9806 1
9138 9807 1
9139 9808 1
9140 9809 1
9141 9810 1
9142 9811 1
9143 9812 1
9144 9813 1
9145 9814 1
9146 9815 1
9154 9816 1
9155 9817 1
9156 9818 1
9157 9819 1
9158 9820 1
9159 9821 1
9160 9822 1
9161 9823 1
9162 9824 1
9163 9825 1
9164 9826 1
9165 9827 1
9166 9828 1
9173 9829 1
9174 9830 1
9175 9831 1
9176 9832 1
9177 9833 1
9178 9834 1
9179 9835 1
9180 9836 1
9181 9837 1
9182 9838 1
9183 9839 1
9184 9840 1
9185 9841 1
9192 9842 1
9193 9843 1
9194 9844 1
9195 9845 1
9196 9846 1
9197 9847 1
9198 9848 1
9200 9849 1
9201 9850 1
9202 9851 1
9203 9852 1
9204 9853 1
9213 9854 1
9214 9855 1
9215 9856 1
9216 9857 1
9217 9858 1
9218 9859 1
9219 9860 1
9220 9861 1
9221 9862 1
9222 9863 1
9223 9864 1
9224 9865 1
9225 9866 1
9226 9867 1
9227 9868 1
9228 9869 1
9229 9870 1
9230 9871 1
9231 9872 1
9232 9873 1
9234 9874 1
9235 9875 1
9236 9876 1
9237 9877 1
9238 9878 1
9239 9879 1
9240 9880 1
9241 9881 1
9242 9882 1
9243 9883 1
9244 9884 1
9245 9885 1
9246 9886 1
9247 9887 1
9248 9888 1
9249 9889 1
9250 9890 1
9251 9891 1
9252 9892 1
9253 9893 1
9255 9894 1
9256 9895 1
9257 9896 1
9258 9897 1
9259 9898 1
9260 9899 1
9261 9900 1
9262 9901 1
9263 9902 1
9264 9903 1
9265 9904 1
9266 9905 1
9267 9906 1
9268 9907 1
9277 9908 1
9278 9909 1
9279 9910 1
9280 9911 1
9281 9912 1
9282 9913 1
9283 9914 1
9284 9915 1
9285 9916 1
9286 9917 1
9287 9918 1
9288 9919 1
9289 9920 1
9290 9921 1
9291 9922 1
9292 9923 1
9293 9924 1
9294 9925 1
9295 9926 1
9296 9927 1
9297 9928 1
9299 9929 1
9300 9930 1
9301 9931 1
9302 9932 1
9303 9933 1
9304 9934 1
9305 9935 1
9306 9936 1
9307 9937 1
9308 9938 1
9309 9939 1
9310 9940 1
9311 9941 1
9312 9942 1
9313 9943 1
9321 9944 1
9322 9945 1
9323 9946 1
9324 9947 1
9325 9948 1
9326 9949 1
9327 9950 1
9328 9951 1
9329 9952 1
9330 9953 1
9331 9954 1
9332 9955 1
9333 9956 1
9334 9957 1
9343 9958 1
9344 9959 1
9345 9960 1
9346 9961 1
9347 9962 1
9348 9963 1
9349 9964 1
9350 9965 1
9351 9966 1
9352 9967 1
9353 9968 1
9354 9969 1
9355 9970 1
9356 9971 1
9357 9972 1
9358 9973 1
9359 9974 1
9360 9975 1
9361 9976 1
9362 9977 1
9363 9978 1
9365 9979 1
9366 9980 1
9367 9981 1
9368 9982 1
9369 9983 1
9370 9984 1
9371 9985 1
9372 9986 1
9373 9987 1
9374 9988 1
9375 9989 1
9376 9990 1
9377 9991 1
9378 9992 1
9379 9993 1
9380 9994 1
9381 9995 1
9382 9996 1
9383 9997 1
9384 9998 1
9385 9999 1
9387 10000 1
9388 10001 1
9389 10002 1
9390 10003 1
9391 10004 1
9392 10005 1
9393 10006 1
9394 10007 1
9395 10008 1
9396 10009 1
9397 10010 1
9398 10011 1
9399 10012 1
9400 10013 1
9409 10014 1
9410 10015 1
9411 10016 1
9412 10017 1
9413 10018 1
9414 10019 1
9415 10020 1
9416 10021 1
9417 10022 1
9418 10023 1
9419 10024 1
9420 10025 1
9421 10026 1
9422 10027 1
9423 10028 1
9424 10029 1
9425 10030 1
9426 10031 1
9427 10032 1
9428 10033 1
9429 10034 1
9431 10035 1
9432 10036 1
9433 10037 1
9434 10038 1
9435 10039 1
9436 10040 1
9437 10041 1
9438 10042 1
9439 10043 1
9440 10044 1
9441 10045 1
9442 10046 1
9443 10047 1
9444 10048 1
9445 10049 1
9446 10050 1
9447 10051 1
9448 10052 1
9449 10053 1
9450 10054 1
9451 10055 1
9453 10056 1
9454 10057 1
9455 10058 1
9456 10059 1
9457 10060 1
9458 10061 1
9459 10062 1
9460 10063 1
9461 10064 1
9462 10065 1
9463 10066 1
9464 10067 1
9465 10068 1
9466 10069 1
9468 10070 1
9470 10071 1
9472 10072 1
9475 10073 1
9476 10074 1
9477 10075 1
9478 10076 1
9479 10077 1
9480 10078 1
9481 10079 1
9482 10080 1
9483 10081 1
9484 10082 1
9485 10083 1
9486 10084 1
9487 10085 1
9488 10086 1
9489 10087 1
9490 10088 1
9491 10089 1
9492 10090 1
9493 10091 1
9494 10092 1
9495 10093 1
9497 10094 1
9498 10095 1
9499 10096 1
9500 10097 1
9501 10098 1
9502 10099 1
9503 10100 1
9504 10101 1
9505 10102 1
9506 10103 1
9507 10104 1
9508 10105 1
9509 10106 1
9510 10107 1
9511 10108 1
9512 10109 1
9513 10110 1
9514 10111 1
9515 10112 1
9516 10113 1
9517 10114 1
9519 10115 1
9520 10116 1
9521 10117 1
9522 10118 1
9523 10119 1
9524 10120 1
9525 10121 1
9526 10122 1
9527 10123 1
9528 10124 1
9529 10125 1
9530 10126 1
9531 10127 1
9532 10128 1
9541 10129 1
9542 10130 1
9543 10131 1
9544 10132 1
9545 10133 1
9546 10134 1
9547 10135 1
9548 10136 1
9549 10137 1
9550 10138 1
9551 10139 1
9552 10140 1
9553 10141 1
9554 10142 1
9555 10143 1
9560 10144 1
9563 10145 1
9564 10146 1
9565 10147 1
9566 10148 1
9567 10149 1
9568 10150 1
9569 10151 1
9570 10152 1
9571 10153 1
9572 10154 1
9573 10155 1
9574 10156 1
9575 10157 1
9576 10158 1
9577 10159 1
9585 10160 1
9586 10161 1
9587 10162 1
9588 10163 1
9589 10164 1
9590 10165 1
9591 10166 1
9592 10167 1
9593 10168 1
9594 10169 1
9595 10170 1
9596 10171 1
9597 10172 1
9598 10173 1
9599 10174 1
9600 10175 1
9601 10176 1
9602 10177 1
9603 10178 1
9604 10179 1
9605 10180 1
9606 10181 1
9607 10182 1
9608 10183 1
9609 10184 1
9610 10185 1
9611 10186 1
9612 10187 1
9613 10188 1
9614 10189 1
9615 10190 1
9616 10191 1
9617 10192 1
9618 10193 1
9619 10194 1
9620 10195 1
9621 10196 1
9622 10197 1
9626 10198 1
9629 10199 1
9630 10200 1
9631 10201 1
9632 10202 1
9633 10203 1
9634 10204 1
9635 10205 1
9636 10206 1
9637 10207 1
9638 10208 1
9639 10209 1
9640 10210 1
9641 10211 1
9642 10212 1
9643 10213 1
9644 10214 1
9645 10215 1
9646 10216 1
9647 10217 1
9648 10218 1
9649 10219 1
9821 10220 1
9822 10221 1
9823 10222 1
9825 10223 1
9827 10224 1
9828 10225 1
9829 10226 1
9830 10227 1
9831 10228 1
9832 10229 1
9833 10230 1
9834 10231 1
9835 10232 1
9836 10233 1
9854 10234 1
9856 10235 1
9857 10236 1
9858 10237 1
9859 10238 1
9860 10239 1
9861 10240 1
9863 10241 1
9864 10242 1
9865 10243 1
9868 10244 1
9878 10245 1
9879 10246 1
9880 10247 1
9881 10248 1
9882 10249 1
9883 10250 1
9884 10251 1
9885 10252 1
9892 10253 1
9893 10254 1
9894 10255 1
9896 10256 1
9898 10257 1
9899 10258 1
9900 10259 1
9901 10260 1
9903 10261 1
9905 10262 1
9906 10263 1
9907 10264 1
9908 10265 1
9912 10266 1
9914 10267 1
9915 10268 1
9916 10269 1
9917 10270 1
9918 10271 1
9919 10272 1
9920 10273 1
9921 10274 1
9922 10275 1
9923 10276 1
9924 10277 1
9931 10278 1
9932 10279 1
9933 10280 1
9935 10281 1
9936 10282 1
9938 10283 1
9941 10284 1
9942 10285 1
9943 10286 1
9944 10287 1
9945 10288 1
9946 10289 1
9947 10290 1
9948 10291 1
9949 10292 1
9950 10293 1
9951 10294 1
9961 10295 1
9962 10296 1
9963 10297 1
9964 10298 1
9965 10299 1
9966 10300 1
9967 10301 1
9968 10302 1
9969 10303 1
9979 10304 1
9980 10305 1
9981 10306 1
9982 10307 1
9983 10308 1
9984 10309 1
9985 10310 1
9986 10311 1
9987 10312 1
9997 10313 1
9998 10314 1
9999 10315 1
10000 10316 1
10001 10317 1
10002 10318 1
10003 10319 1
10004 10320 1
10005 10321 1
10015 10322 1
10016 10323 1
10017 10324 1
10018 10325 1
10019 10326 1
10020 10327 1
10021 10328 1
10022 10329 1
10023 10330 1
10033 10331 1
10034 10332 1
10035 10333 1
10036 10334 1
10037 10335 1
10038 10336 1
10039 10337 1
10040 10338 1
10041 10339 1
10044 10340 1
10068 10341 1
10070 10342 1
10071 10343 1
10072 10344 1
10074 10345 1
10075 10346 1
10076 10347 1
10077 10348 1
10078 10349 1
10079 10350 1
10080 10351 1
10081 10352 1
10082 10353 1
10084 10354 1
10085 10355 1
10086 10356 1
10087 10357 1
10088 10358 1
10089 10359 1
10090 10360 1
10091 10361 1
10092 10362 1
10093 10363 1
10094 10364 1
10095 10365 1
10096 10366 1
10097 10367 1
10098 10368 1
10099 10369 1
10100 10370 1
10104 10371 1
10105 10372 1
10107 10373 1
10108 10374 1
10110 10375 1
10111 10376 1
10112 10377 1
10113 10378 1
10114 10379 1
10119 10380 1
10121 10381 1
10123 10382 1
10124 10383 1
10125 10384 1
10126 10385 1
10127 10386 1
10132 10387 1
10133 10388 1
10134 10389 1
10135 10390 1
10136 10391 1
10137 10392 1
10138 10393 1
10139 10394 1
10140 10395 1
10141 10396 1
10142 10397 1
10143 10398 1
10144 10399 1
10145 10400 1
10146 10401 1
10153 10402 1
10154 10403 1
10155 10404 1
10159 10405 1
10160 10406 1
10161 10407 1
10162 10408 1
10163 10409 1
10164 10410 1
10168 10411 1
10169 10412 1
10170 10413 1
10174 10414 1
10175 10415 1
10176 10416 1
10183 10417 1
10184 10418 1
10185 10419 1
10186 10420 1
10187 10421 1
10188 10422 1
10190 10423 1
10191 10424 1
10192 10425 1
10193 10426 1
10194 10427 1
10195 10428 1
10196 10429 1
10197 10430 1
10198 10431 1
10199 10432 1
10200 10433 1
10201 10434 1
10202 10435 1
10203 10436 1
10205 10437 1
10206 10438 1
10208 10439 1
10209 10440 1
10218 10441 1
10219 10442 1
10220 10443 1
10221 10444 1
10222 10445 1
10223 10446 1
10224 10447 1
10225 10448 1
10226 10449 1
10227 10450 1
10228 10451 1
10229 10452 1
10230 10453 1
10231 10454 1
10232 10455 1
10233 10456 1
10285 10457 1
10286 10458 1
10287 10459 1
10288 10460 1
10289 10461 1
10290 10462 1
10291 10463 1
10293 10464 1
10294 10465 1
10295 10466 1
10298 10467 1
10302 10468 1
10306 10469 1
10310 10470 1
10317 10471 1
10318 10472 1
10319 10473 1
10320 10474 1
10321 10475 1
10322 10476 1
10325 10477 1
10326 10478 1
10327 10479 1
10329 10480 1
10333 10481 1
10337 10482 1
10339 10483 1
10341 10484 1
10343 10485 1
10345 10486 1
10349 10487 1
10350 10488 1
10351 10489 1
10352 10490 1
10353 10491 1
10355 10492 1
10356 10493 1
10357 10494 1
10358 10495 1
10360 10496 1
10362 10497 1
10364 10498 1
10366 10499 1
10368 10500 1
10372 10501 1
10374 10502 1
10378 10503 1
10379 10504 1
10380 10505 1
10381 10506 1
10382 10507 1
10383 10508 1
10384 10509 1
10386 10510 1
10387 10511 1
10388 10512 1
10389 10513 1
10391 10514 1
10395 10515 1
10399 10516 1
10403 10517 1
10405 10518 1
10406 10519 1
10407 10520 1
10408 10521 1
10411 10522 1
10412 10523 1
10413 10524 1
10414 10525 1
10415 10526 1
10417 10527 1
10418 10528 1
10419 10529 1
10420 10530 1
10422 10531 1
10426 10532 1
10428 10533 1
10430 10534 1
10432 10535 1
10434 10536 1
10436 10537 1
10437 10538 1
10438 10539 1
10439 10540 1
10441 10541 1
10442 10542 1
10443 10543 1
10444 10544 1
10445 10545 1
10446 10546 1
10448 10547 1
10449 10548 1
10450 10549 1
10451 10550 1
10453 10551 1
10457 10552 1
10459 10553 1
10461 10554 1
10465 10555 1
10467 10556 1
10468 10557 1
10469 10558 1
10470 10559 1
10472 10560 1
10473 10561 1
10474 10562 1
10475 10563 1
10476 10564 1
10477 10565 1
10479 10566 1
10480 10567 1
10481 10568 1
10482 10569 1
10484 10570 1
10485 10571 1
10488 10572 1
10489 10573 1
10493 10574 1
10496 10575 1
10498 10576 1
10499 10577 1
10500 10578 1
10501 10579 1
10503 10580 1
10504 10581 1
10505 10582 1
10506 10583 1
10507 10584 1
10508 10585 1
10510 10586 1
10511 10587 1
10512 10588 1
10513 10589 1
10515 10590 1
10516 10591 1
10517 10592 1
10519 10593 1
10520 10594 1
10523 10595 1
10524 10596 1
10527 10597 1
10529 10598 1
10530 10599 1
10531 10600 1
10532 10601 1
10534 10602 1
10535 10603 1
10536 10604 1
10537 10605 1
10538 10606 1
10539 10607 1
10541 10608 1
10542 10609 1
10543 10610 1
10544 10611 1
10546 10612 1
10547 10613 1
10550 10614 1
10551 10615 1
10553 10616 1
10554 10617 1
10555 10618 1
10556 10619 1
10558 10620 1
10560 10621 1
10561 10622 1
10562 10623 1
10563 10624 1
10564 10625 -1
10565 10626 -1
10566 10627 -1
10567 10628 -1
10568 10629 -1
10569 10630 -1
10570 10631 -1
10571 10632 -1
10572 10633 -1
10573 10634 -1
10574 10635 -1
10575 10636 -1
10576 10637 -1
10577 10638 -1
10578 10639 -1
10579 10640 -1
10580 10641 -1
10582 10642 -1
10583 10643 -1
10584 10644 -1
10585 10645 -1
10587 10646 -1
10588 10647 -1
10589 10648 -1
10590 10649 -1
10592 10650 -1
10593 10651 -1
10594 10652 -1
10595 10653 -1
10596 10654 -1
10597 10655 -1
10598 10656 -1
10599 10657 -1
10600 10658 -1
10602 10659 -1
10603 10660 -1
10605 10661 -1
10606 10662 -1
10607 10663 -1
10608 10664 -1
10610 10665 -1
10611 10666 -1
10612 10667 -1
10613 10668 -1
10614 10669 -1
10615 10670 -1
10616 10671 -1
10617 10672 -1
10618 10673 -1
10619 10674 -1
10620 10675 -1
10621 10676 -1
10622 10677 -1
10623 10678 -1
10624 10679 -1
10625 10680 -1
10626 10681 -1
10628 10682 -1
10629 10683 -1
10630 10684 -1
10631 10685 -1
10633 10686 -1
10635 10687 -1
10636 10688 -1
10637 10689 -1
10638 10690 -1
10639 10691 -1
10640 10692 -1
10641 10693 -1
10642 10694 -1
10644 10695 -1
10645 10696 -1
10646 10697 -1
10648 10698 -1
10651 10699 -1
10652 10700 -1
10653 10701 -1
10654 10702 -1
10656 10703 -1
10658 10704 -1
10659 10705 -1
10661 10706 -1
10662 10707 -1
10663 10708 -1
10664 10709 -1
10665 10710 -1
10666 10711 -1
10667 10712 -1
10668 10713 -1
10669 10714 -1
10671 10715 -1
10674 10716 -1
10675 10717 -1
10676 10718 -1
10677 10719 -1
10679 10720 -1
10681 10721 -1
10682 10722 -1
10683 10723 -1
10684 10724 -1
10685 10725 -1
10686 10726 -1
10687 10727 -1
10688 10728 -1
10689 10729 -1
10690 10730 -1
10691 10731 -1
10692 10732 -1
10694 10733 -1
10697 10734 -1
10698 10735 -1
10699 10736 -1
10700 10737 -1
10702 10738 -1
10704 10739 -1
10705 10740 -1
10707 10741 -1
10708 10742 -1
10709 10743 -1
10710 10744 -1
10711 10745 -1
10712 10746 -1
10713 10747 -1
10714 10748 -1
10715 10749 -1
10717 10750 -1
10720 10751 -1
10721 10752 -1
10722 10753 -1
10723 10754 -1
10725 10755 -1
10727 10756 -1
10728 10757 -1
10730 10758 -1
10731 10759 -1
10732 10760 -1
10733 10761 -1
10734 10762 -1
10735 10763 -1
10736 10764 -1
10737 10765 -1
10738 10766 -1
10740 10767 -1
10743 10768 -1
10744 10769 -1
10745 10770 -1
10746 10771 -1
10748 10772 -1
10750 10773 -1
10751 10774 -1
10753 10775 -1
10754 10776 -1
10755 10777 -1
10756 10778 -1
10757 10779 -1
10758 10780 -1
10759 10781 -1
10760 10782 -1
10761 10783 -1
10763 10784 -1
10766 10785 -1
10767 10786 -1
10768 10787 -1
10769 10788 -1
