10789 10789 51816
1000000
1000000
1000000
1000000
1000000
1000000
1000000
1000000
1000000
1
1
1
1
1
1
1
1
1
1000000
1000000
1000000
1000000
1000000
1000000
1000000
1000000
1000000
1
1
1
1
1
1
1
1
1
1000000
1000000
1000000
1000000
1000000
1000000
1000000
1000000
1000000
1
1
1
1
1
1
1
1
1
200
1
1000000
200
1
1000000
200
1
1000000
200
1
1000000
200
1
1000000
200
1
1000000
200
1
1000000
200
1
1000000
200
1
1000000
1
200
20
1
1
2
1
1
10000
10000
100
1
1
100000
4
100
100
20
1
1
10000
10000
10000
200
200
200
4
200
1
200
200
1
1
100000
2500
1
1
10000
1
200
100
100
100
20
100
200
200
10000
1
1
1
1
200
100000
2500
10000
10000
1
1
2000
2000
1000
1
1
200
200
200
1
200
200
200
100
1
200
200
1
1
1
100000
50
100
200
1
1
200
2000
200
2000
2000
400
1000000
200
8
200
1
200
1
200
1
100
1
1
100000
100000
1
10000
1
1
100000
200
200
100000
100000
100000
100000
200
1
5000
200
200
200
10000
1000000
1
200
1
1
1000000
10000
1
10000
2000
1
4
500000
100000
200
200
40
100
1
1
1
2
1
4
1
1
1
1
1
100
25
100000
25
10000
200
100
200
1
1
1
1
2
2
1
10000
1
1
1000
2500
2000
10000
1
1
1
1
1
1
1
1
1
1
1
1
1000
200
200
100000
25000
100000
50
2000
100000
100000
5000
100000
250
50
50
1
100
50000
250
1
1
1
1
100
5000
1
100
1
1
500
200
1
1
1
10000
1
1
100
25
50
250
40
1
1000
1000
1
1
20
2500
400
1000
1000
1000
1000
1000
1000
1000
1000
1
1
1
250
250
250
250
1
100
1000
5
10000
50
1
1
100
250
1
500
100
1000
25
1
1000
2
100
1
1
1
50
1
200
20
1
1
2
1
1
10000
10000
100
1
1
200
4
100
100
100
1
1
2000
5000
1000
200
20
40
4
200
1
200
200
1
1
100000
10000
2500
1
10000
200
200
100
100
100
20
100
200
200
10000
1
2
200
1
200
12500
5000
5000
10000
1
1
2000
1000
1000
1
1
200
200
200
1
200
200
200
100
1
200
200
5
20
1
100000
50
100
200
1
1
200
2000
40
2000
2000
80
1000000
200
8
200
1
200
1
200
1
100
1
1
100000
100000
5000
10000
10000
5000
100000
200
200
100000
100000
100000
100000
200
1
5000
200
200
200
10000
1000000
1
200
1
5
1000000
10000
10000
1
2000
1
4
500000
100000
200
200
40
100
1
1
1
2
1
4
1
1
1
1
1
100
25
100000
25
10000
200
100
200
1
1
1
1
2
2
1
1000
1
1
1000
1
2000
10000
200
1
625
2500
1
1
1
1
1
10000
10000
10000
10000
200
200
100000
25000
100000
50
2000
100000
100000
5000
100000
250
50
50
1
100
50000
250
1
1
1
1
100
1000000
1
100
1
1
200
1000
1
1
1
10000
1
1
100
250
250
250
40
1
1000
1000
1
1
20
2500
400
1000
1000
1000
1000
1000
1000
1000
1000
1
1
1
250
250
250
250
1
100
1000
5
10000
50
1
1
100
25
1
500
100
1000
50
1
1000
2
100
1
1
1
50
1
200
20
1
1
2
1
1
10000
10000
100
1
1
20000
4
100
100
100
1
1
10000
5000
1
200
200
200
4
200
1
200
200
1
1
100000
1
2500
1250
10000
1
200
100
100
100
20
100
200
200
10000
1
2
200
1
200
25000
5000
5000
10000
1
1
2000
2000
2000
1
1
200
200
200
1
1
1
200
100
1
200
200
5
20
1
100000
50
100
200
1
1
200
10000
200
2000
10000
10000
1000000
200
8
200
1
200
1
200
1
100
1
1
100000
100000
5000
10000
1
5000
100000
1
200
100000
100000
100000
100000
10000
1
5000
200
200
200
10000
1000000
1
200
1
5
1000000
10000
10000
10000
8000
1
4
500000
100000
200
200
40
100
1
1
1
2
1
4
1
1
1
1
1
100
25
100000
25
10000
5000
100
200
1
1
1
1
2
2
1
1000
10000
1
1000
1
2000
20000
200
500
625
5000
10000
1250
10000
1
5000
10000
10000
5000
1
200
200
100000
25000
100000
50
2000
100000
10000
500
1000000
250
50
50
1
100
50000
25
1
1
1
1
100
1000000
1
10
1
1
500
1000
1
1
1
10000
10
1
1000
250
125
250
40
1
1000
1000
1
1
20
2500
400
1000
1000
1000
1000
1000
1000
1000
1000
1
1
1
250
250
250
250
1
100
1000
5
10000
50
1
1
100
250
1
500
20
1000
25
1
1000
2
100
1
1
1
50
1
200
20
1
1
2
1
1
10000
10000
100
1
1
200
4
100
100
100
1
1
1
1
1000
200
200
40
4
200
200
200
200
1
1
100000
10000
2500
1
10000
200
200
100
100
100
20
100
200
200
10000
1
2
200
1
200
12500
5000
5000
10000
1
1
2000
1000
2000
1
1
200
200
200
1
200
200
200
100
1
200
200
5
20
1
100000
50
100
200
1
1
200
2000
40
2000
2000
2000
1000000
200
8
200
1
200
1
200
1
100
1
1
100000
100000
5000
10000
2000
10000
100000
200
200
100000
100000
100000
100000
200
1
5000
200
200
200
10000
1000000
1
200
1
5
1000000
10000
10000
500
2000
1
4
500000
100000
200
200
40
100
1
1
1
2
1
4
1
1
1
1
1
100
25
100000
25
10000
200
100
200
1
1
1
1
2
1
1
1000
10000
1
1000
1
2000
10000
1
2000
625
2500
10000
1250
10000
1
5000
10000
1
5000
10000
200
200
100000
25000
100000
50
2000
100000
100000
500
100000
250
50
50
1
100
50000
250
1
1
1
1
100
10000
1
10
1
1
100
500
1
1
1
10000
1
1
100
50
500
250
40
1
1000
1000
1
1
20
2500
400
1000
1000
1000
1000
1000
1000
1000
1000
1
1
1
250
250
250
250
1
100
1000
5
10000
50
1
1
100
25
1
500
100
1000
25
1
1000
2
100
1
1
1
50
1
200
20
1
1
1
1
1
10000
10000
100
1
1
200
4
100
100
100
1
1
1
5000
1000
200
1
200
4
200
1
200
200
1
1
100000
1
2500
1250
10000
1
200
100
100
100
20
100
200
200
10000
1
2
200
1
200
25000
5000
5000
10000
1
1
2000
2000
2000
1
1
200
200
200
1
200
1
200
100
1
200
200
5
20
1
100000
50
100
200
1
1
200
10000
200
1000
10000
2500
1000000
200
8
200
1
200
1
200
1
100
1
1
100000
100000
5000
10000
10000
10000
100000
100
200
100000
100000
50000
100000
200
1
5000
200
200
200
10000
1000000
1
200
1
5
1000000
10000
10000
10000
2000
1
4
500000
100000
200
1
100
100
1
1
1
2
1
4
1
1
1
1
1
100
25
100000
25
10000
200
100
200
1
1
1
1
1
2
1
1000
10000
1
1000
1
2000
10000
1
1
625
5000
10000
1250
1000
1
5000
10000
10000
10000
10000
200
200
100000
25000
100000
50
2000
100000
10000
500
100000
250
50
50
1
100
50000
25
1
1
1
1
100
1000000
1
10
1
1
100
100
1
1
1
10000
1
1
100
25
25
250
40
1
1000
1000
1
1
20
2500
400
1000
1000
1000
1000
1000
1000
1000
1000
1
1
1
250
250
250
250
1
100
1000
5
10000
50
1
1
100
25
1
1
20
1000
50
1
1000
2
100
1
1
1
50
1
200
20
1
1
2
1
1
10000
10000
100
1
1
200
4
100
100
100
1
1
2000
5000
1
200
200
40
4
200
200
200
200
1
1
100000
10000
1
1
10000
200
200
100
100
100
20
100
200
200
10000
1
2
200
1
200
12500
5000
5000
10000
1
1
2000
500
2000
1
1
200
200
200
1
1
1
200
100
1
200
200
5
20
1
100000
50
100
200
1
1
200
2000
40
2000
2000
250
1000000
200
8
200
1
200
1
200
1
100
1
1
100000
100000
5000
10000
10000
5000
100000
1
200
100000
100000
100000
100000
200
1
5000
200
200
200
10000
1000000
1
200
1
5
1000000
10000
10000
1
2000
1
4
500000
100000
200
200
40
100
1
1
1
2
1
4
1
1
1
1
1
100
25
100000
25
10000
200
100
200
1
1
1
1
2
2
1
1000
10000
1
1000
1
2000
10000
200
2000
625
2500
10000
1250
2000
1
5000
10000
10000
10000
1
200
200
100000
25000
100000
50
2000
100000
100000
500
100000
250
50
50
1
100
50000
250
1
1
1
1
100
1000000
1
10
1
1
100
100
1
1
1
10000
1
1
100
25
50
250
40
1
1000
1000
1
1
20
2500
400
1000
1000
1000
1000
1000
1000
1000
1000
1
1
1
250
250
250
250
1
100
1000
5
10000
50
1
1
100
25
1
500
100
1000
25
1
1000
2
100
1
1
1
50
1
200
20
1
1
1
1
1
10000
10000
100
1
1
200
4
100
100
100
1
1
1
5000
1000
200
1
1
4
200
200
200
200
1
1
100000
1
2500
1250
10000
200
200
100
100
100
20
100
200
200
10000
1
2
200
1
200
12500
5000
5000
10000
1
1
2000
1
2000
1
1
200
200
200
1
200
200
200
100
1
200
200
5
20
1
100000
50
100
200
1
1
200
2000
1
1000
200
250
1000000
200
8
200
1
200
1
200
1
100
1
1
100000
100000
5000
10000
1
5000
100000
200
200
100000
100000
100000
100000
200
1
5000
200
200
200
10000
1000000
1
200
1
5
1000000
10000
10000
10000
2000
1
4
500000
100000
200
1
100
100
1
1
1
1
1
4
1
1
1
1
1
100
25
100000
25
10000
200
100
200
1
1
1
1
2
2
1
1000
10000
1
1000
1
2000
10000
200
500
625
5000
10000
1250
2000
1
5000
10000
10000
10000
1
200
200
100000
25000
100000
50
2000
100000
100000
500
100000
250
50
50
1
100
50000
25
1
1
1
1
100
100
1
10
1
1
100
100
1
1
1
10000
1
1
100
25
25
250
40
1
1000
1000
1
1
20
2500
400
1000
1000
1000
1000
1000
1000
1000
1000
1
1
1
250
250
250
250
1
100
1000
5
10000
50
1
1
100
25
1
1
20
1000
50
1
1000
2
100
1
1
1
50
1
200
20
1
1
2
1
1
10000
10000
100
1
1
200
4
100
100
100
1
1
2000
5000
1000
200
200
40
4
1
1
200
200
1
1
100000
1
2500
1250
10000
200
200
100
100
100
20
100
200
200
10000
1
2
200
1
200
12500
5000
5000
10000
1
1
2000
500
2000
1
1
200
200
200
1
1
1
200
100
1
200
200
5
20
1
100000
50
100
200
1
1
200
2000
40
2000
2000
250
1000000
200
8
200
1
200
1
200
1
100
1
1
100000
100000
5000
10000
10000
1
100000
1
200
100000
100000
100000
100000
200
1
5000
200
200
200
10000
1000000
1
200
1
5
1000000
10000
10000
10000
2000
1
4
500000
100000
200
200
100
100
1
1
1
2
1
4
1
1
1
1
1
100
25
100000
25
10000
200
100
200
1
1
1
1
1
2
1
1000
1
1
1000
1
2000
10000
1
500
625
2500
10000
1250
2000
1
5000
10000
10000
10000
1
200
200
100000
25000
100000
50
2000
100000
100000
500
100000
250
50
50
1
100
50000
250
1
1
1
1
100
100
1
10
1
1
100
100
1
1
1
10000
1
1
100
25
25
250
40
1
1000
1000
1
1
20
2500
400
1000
1000
1000
1000
1000
1000
1000
1000
1
1
1
250
250
250
250
1
100
1000
5
10000
50
1
1
100
25
1
1
100
1000
25
1
1000
2
100
1
1
1
50
1
200
20
1
1
2
1
1
10000
10000
100
1
1
200
4
100
100
100
1
1
2000
1
1
200
1
200
4
200
200
200
200
1
1
100000
1
2500
1250
10000
200
200
100
100
100
20
100
200
200
10000
1
2
200
1
200
12500
5000
5000
10000
1
1
2000
1
10000
1
1
200
200
200
1
1
1
200
100
1
200
200
5
20
1
100000
50
100
200
1
1
200
2000
200
1000
200
1250
1000000
200
8
200
1
200
1
200
1
100
1
1
100000
100000
5000
1
1
5000
100000
1
200
100000
100000
100000
100000
200
1
5000
200
200
200
10000
1000000
1
200
1
5
1000000
10000
10000
10000
2000
1
4
500000
100000
200
200
20
100
1
1
1
2
1
4
1
1
1
1
1
100
25
100000
25
10000
200
100
200
1
1
1
1
1
2
1
1000
10000
1
1000
1
2000
10000
1
500
625
5000
10000
1250
10000
1
5000
10000
10000
10000
10000
200
200
100000
25000
100000
50
2000
100000
100000
500
100000
250
50
50
1
100
50000
250
1
1
1
1
100
100
1
10
1
1
100
100
1
1
1
10000
1
1
100
25
25
250
40
1
1000
1000
1
1
20
2500
400
1000
1000
1000
1000
1000
1000
1000
1000
1
1
1
250
250
250
250
1
100
1000
5
10000
50
1
1
100
25
1
1
100
1000
25
1
1000
2
100
1
1
1
50
1
1
1
1
1
1
1
1
1
1
1
1
1
1
1
1
1
1
1
1
1
1
1
1
1
1
1
1
1
1
1
1
1
1
1
1
1
1
1
1
1
1
1
1
1
1
1
1
1
1
1
1
1
1
1
1
1
1
1
1
1
1
1
1
1
1
1
1
1
1
1
1
1
1
1
1
1
1
1
1
1
1
1
1
1
1
1
1
1
1
1
1
1
1
1
1
1
1
1
1
1
1
1
1
1
1
1
1
1
1
1
1
1
1
1
1
1
1
1
1
1
1
1
1
1
1
1
1
1
1
1
1
1
1
1
1
1
1
1
1
1
1
1
1
1
1
1
1
1
1
1
1
1
1
1
1
1
1
1
1
1
1
1
1
1
1
1
1
1
1
1
1
1
1
1
1
1
1
1
1
1
1
1
1
1
1
1
1
1
1
1
1
1
1
1
1
1
1
1
1
1
1
1
1
1
1
1
1
1
1
1
1
1
1
1
1
1
1
1
1
1
1
1
1
1
1
1
1
1
1
1
1
1
1
1
1
1
1
1
1
1
1
1
1
1
1
1
1
1
1
1
1
1
1
1
1
1
1
1
1
1
1
1
1
1
1
1
1
1
1
1
1
1
1
1
1
1
1
1
1
1
1
1
1
1
1
1
1
1
1
1
1
1
1
1
1
1
1
1
1
1
1
1
1
1
1
1
1
1
1
1
1
1
1
1
1
1
1
1
1
1
1
1
1
1
1
1
1
1
1
1
1
1
1
1
1
1
1
1
1
1
1
1
1
1
1
1
1
1
1
1
1
1
1
1
1
1
1
1
1
1
1
1
1
1
1
1
1
1
1
1
1
1
1
1
1
1
1
1
1
1
1
1
1
1
1
1
1
1
1
1
1
1
1
1
1
1
1
1
1
1
1
1
1
1
1
1
1
1
1
1
1
1
1
1
1
1
1
1
1
1
1
1
1
1
1
1
1
1
1
1
1
1
1
1
1
1
1
1
1
1
1
1
1
1
1
1
1
1
1
1
1
1
1
1
1
1
1
1
1
1
1
1
1
1
1
1
1
1
1
1
1
1
1
1
1
1
1
1
1
1
1
1
1
1
1
1
1
1
1
1
1
1
1
1
1
1
1
1
1
1
1
1
1
1
1
1
1
1
1
1
1
1
1
1
1
1
1
1
1
1
1
1
1
1
1
1
1
1
1
1
1
1
1
1
1
1
1
1
1
1
1
1
1
1
1
1
1
1
1
1
1
1
1
1
1
1
1
1
1
1
1
1
1
1
1
1
1
1
1
1
1
1
1
1
1
1
1
1
1
1
1
1
1
1
1
1
1
1
1
1
1
1
1
1
1
1
1
1
1
1
1
1
1
1
1
1
1
1
1
1
1
1
1
1
1
1
1
1
1
1
1
1
1
1
1
1
1
1
1
1
1
1
1
1
1
1
1
1
1
1
1
1
1
1
1
1
1
1
1
1
1
1
1
1
1
1
1
1
1
1
1
1
1
1
1
1
1
1
1
1
1
1
1
1
1
1
1
1
1
1
1
1
1
1
1
1
1
1
1
1
1
1
1
1
1
1
1
1
1
1
1
1
1
1
1
1
1
1
1
1
1
1
1
1
1
1
1
1
1
1
1
1
1
1
1
1
1
1
1
1
1
1
1
1
1
1
1
1
1
1
1
1
1
1
1
1
1
1
1
1
1
1
1
1
1
1
1
1
1
1
1
1
1
1
1
1
1
1
1
1
1
1
1
1
1
1
1
1
1
1
1
1
1
1
1
1
1
1
1
1
1
1
1
1
1
1
1
1
1
1
1
1
1
1
1
1
1
1
1
1
1
1
1
1
1
1
1
1
1
1
1
1
1
1
1
1
1
1
1
1
1
1
1
1
1
1
1
1
1
1
1
1
1
1
1
1
1
1
1
1
1
1
1
1
1
1
1
1
1
1
1
1
1
1
1
1
1
1
1
1
1
1
1
1
1
1
1
1
1
1
1
1
1
1
1
1
1
1
1
1
1
1
1
1
1
1
1
1
1
1
1
1
1
1
1
1
1
1
1
1
1
1
1
1
1
1
1
1
1
1
1
1
1
1
1
1
1
1
1
1
1
1
1
1
1
1
1
1
1
1
1
1
1
1
1
1
1
1
1
1
1
1
1
1
1
1
1
1
1
1
1
1
1
1
1
1
1
1
1
1
1
1
1
1
1
1
1
1
1
1
1
1
1
1
1
1
1
1
1
1
1
1
1
1
1
1
1
1
1
1
1
1
1
1
1
1
1
1
1
1
1
1
1
1
1
1
1
1
1
1
1
1
1
1
1
1
1
1
1
1
1
1
1
1
1
1
1
1
1
1
1
1
1
1
1
1
1
1
1
1
1
1
1
1
1
1
1
1
1
1
1
1
1
1
1
1
1
1
1
1
1
1
1
1
1
1
1
1
1
1
1
1
1
1
1
1
1
1
1
1
1
1
1
1
1
1
1
1
1
1
1
1
1
1
1
1
1
1
1
1
1
1
1
1
1
1
1
1
1
1
1
1
1
1
1
1
1
1
1
1
1
1
1
1
1
1
1
1
1
1
1
1
1
1
1
1
1
1
1
1
1
1
1
1
1
1
1
1
1
1
1
1
1
1
1
1
1
1
1
1
1
1
1
1
1
1
1
1
1
1
1
1
1
1
1
1
1
1
1
1
1
1
1
1
1
1
1
1
1
1
1
1
1
1
1
1
1
1
1
1
1
1
1
1
1
1
1
1
1
1
1
1
1
1
1
1
1
1
1
1
1
1
1
1
1
1
1
1
1
1
1
1
1
1
1
1
1
1
1
1
1
1
1
1
1
1
1
1
1
1
1
1
1
1
1
1
1
1
1
1
1
1
1
1
1
1
1
1
1
1
1
1
1
1
1
1
1
1
1
1
1
1
1
1
1
1
1
1
1
1
1
1
1
1
1
1
1
1
1
1
1
1
1
1
1
1
1
1
1
1
1
1
1
1
1
1
1
1
1
1
1
1
1
1
1
1
1
1
1
1
1
1
1
1
1
1
1
1
1
1
1
1
1
1
1
1
1
1
1
1
1
1
1
1
1
1
1
1
1
1
1
1
1
1
1
1
1
1
1
1
1
1
1
1
1
1
1
1
1
1
1
1
1
1
1
1
1
1
1
1
1
1
1
1
1
1
1
1
1
1
1
1
1
1
1
1
1
1
1
1
1
1
1
1
1
1
1
1
1
1
1
1
1
1
1
1
1
1
1
1
1
1
1
1
1
1
1
1
1
1
1
1
1
1
1
1
1
1
1
1
1
1
1
1
1
1
1
1
1
1
1
1
1
1
1
1
1
1
1
1
1
1
1
1
1
1
1
1
1
1
1
1
1
1
1
1
1
1
1
1
1
1
1
1
1
1
1
1
1
1
1
1
1
1
1
1
1
1
1
1
1
1
1
1
1
1
1
1
1
1
1
1
1
1
1
1
1
1
1
1
1
1
1
1
1
1
1
1
1
1
1
1
1
1
1
1
1
1
1
1
1
1
1
1
1
1
1
1
1
1
1
1
1
1
1
1
1
1
1
1
1
1
1
1
1
1
1
1
1
1
1
1
1
1
1
1
1
1
1
1
1
1
1
1
1
1
1
1
1
1
1
1
1
1
1
1
1
1
1
1
1
1
1
1
1
1
1
1
1
1
1
1
1
1
1
1
1
1
1
1
1
1
1
1
1
1
1
1
1
1
1
1
1
1
1
1
1
1
1
1
1
1
1
1
1
1
1
1
1
1
1
1
1
1
1
1
1
1
1
1
1
1
1
1
1
1
1
1
1
1
1
1
1
1
1
1
1
1
1
1
1
1
1
1
1
1
1
1
1
1
1
1
1
1
1
1
1
1
1
1
1
1
1
1
1
1
1
1
1
1
1
1
1
1
1
1
1
1
1
1
1
1
1
1
1
1
1
1
1
1
1
1
1
1
1
1
1
1
1
1
1
1
1
1
1
1
1
1
1
1
1
1
1
1
1
1
1
1
1
1
1
1
1
1
1
1
1
1
1
1
1
1
1
1
1
1
1
1
1
1
1
1
1
1
1
1
1
1
1
1
1
1
1
1
1
1
1
1
1
1
1
1
1
1
1
1
1
1
1
1
1
1
1
1
1
1
1
1
1
1
1
1
1
1
1
1
1
1
1
1
1
1
1
1
1
1
1
1
1
1
1
1
1
1
1
1
1
1
1
1
1
1
1
1
1
1
1
1
1
1
1
1
1
1
1
1
1
1
1
1
1
1
1
1
1
1
1
1
1
1
1
1
1
1
1
1
1
1
1
1
1
1
1
1
1
1
1
1
1
1
1
1
1
1
1
1
1
1
1
1
1
1
1
1
1
1
1
1
1
1
1
1
1
1
1
1
1
1
1
1
1
1
1
1
1
1
1
1
1
1
1
1
1
1
1
1
1
1
1
1
1
1
1
1
1
1
1
1
1
1
1
1
1
1
1
1
1
1
1
1
1
1
1
1
1
1
1
1
1
1
1
1
1
1
1
1
1
1
1
1
1
1
1
1
1
1
1
1
1
1
1
1
1
1
1
1
1
1
1
1
1
1
1
1
1
1
1
1
1
1
1
1
1
1
1
1
1
1
1
1
1
1
1
1
1
1
1
1
1
1
1
1
1
1
1
1
1
1
1
1
1
1
1
1
1
1
1
1
1
1
1
1
1
1
1
1
1
1
1
1
1
1
1
1
1
1
1
1
1
1
1
1
1
1
1
1
1
1
1
1
1
1
1
1
1
1
1
1
1
1
1
1
1
1
1
1
1
1
1
1
1
1
1
1
1
1
1
1
1
1
1
1
1
1
1
1
1
1
1
1
1
1
1
1
1
1
1
1
1
1
1
1
1
1
1
1
1
1
1
1
1
1
1
1
1
1
1
1
1
1
1
1
1
1
1
1
1
1
1
1
1
1
1
1
1
1
1
1
1
1
1
1
1
1
1
1
1
1
1
1
1
1
1
1
1
1
1
1
1
1
1
1
1
1
1
1
1
1
1
1
1
1
1
1
1
1
1
1
1
1
1
1
1
1
1
1
1
1
1
1
1
1
1
1
1
1
1
1
1
1
1
1
1
1
1
1
1
1
1
1
1
1
1
1
1
1
1
1
1
1
1
1
1
1
1
1
1
1
1
1
1
1
1
1
1
1
1
1
1
1
1
1
1
1
1
1
1
1
1
1
1
1
1
1
1
1
1
1
1
1
1
1
1
1
1
1
1
1
1
1
1
1
1
1
1
1
1
1
1
1
1
1
1
1
1
1
1
1
1
1
1
1
1
1
1
1
1
1
1
1
1
1
1
1
1
1
1
1
1
1
1
1
1
1
1
1
1
1
1
1
1
1
1
1
1
1
1
1
1
1
1
1
1
1
1
1
1
1
1
1
1
1
1
1
1
1
1
1
1
1
1
1
1
1
1
1
1
1
1
1
1
1
1
1
1
1
1
1
1
1
1
1
1
1
1
1
1
1
1
1
1
1
1
1
1
1
1
1
1
1
1
1
1
1
1
1
1
1
1
1
1
1
1
1
1
1
1
1
1
1
1
1
1
1
1
1
1
1
1
1
1
1
1
1
1
1
1
1
1
1
1
1
1
1
1
1
1
1
1
1
1
1
1
1
1
1
1
1
1
1
1
1
1
1
1
1
1
1
1
1
1
1
1
1
1
1
1
1
1
1
1
1
1
1
1
1
1
1
1
1
1
1
1
1
1
1
1
1
1
1
1
1
1
1
1
1
1
1
1
1
1
1
1
1
1
1
1
1
1
1
1
1
1
1
1
1
1
1
1
1
1
1
1
1
1
1
1
1
1
1
1
1
1
1
1
1
1
1
1
1
1
1
1
1
1
1
1
1
1
1
1
1
1
1
1
1
1
1
1
1
1
1
1
1
1
1
1
1
1
1
1
1
1
1
1
1
1
1
1
1
1
1
1
1
1
1
1
1
1
1
1
1
1
1
1
1
1
1
1
1
1
1
1
1
1
1
1
1
1
1
1
1
1
1
1
1
1
1
1
1
1
1
1
1
1
1
1
1
1
1
1
1
1
1
1
1
1
1
1
1
1
1
1
1
1
1
1
1
1
1
1
1
1
1
1
1
1
1
1
1
1
1
1
1
1
1
1
1
1
1
1
1
1
1
1
1
1
1
1
1
1
1
1
1
1
1
1
1
1
1
1
1
1
1
1
1
1
1
1
1
1
1
1
1
1
1
1
1
1
1
1
1
1
1
1
1
1
1
1
1
1
1
1
1
1
1
1
1
1
1
1
1
1
1
1
1
1
1
1
1
1
1
1
1
1
1
1
1
1
1
1
1
1
1
1
1
1
1
1
1
1
1
1
1
1
1
1
1
1
1
1
1
1
1
1
1
1
1
1
1
1
1
1
1
1
1
1
1
1
1
1
1
1
1
1
1
1
1
1
1
1
1
1
1
1
1
1
1
1
1
1
1
1
1
1
1
1
1
1
1
1
1
1
1
1
1
1
1
1
1
1
1
1
1
1
1
1
1
1
1
1
1
1
1
1
1
1
1
1
1
1
1
1
1
1
1
1
1
1
1
1
1
1
1
1
1
1
1
1
1
1
1
1
1
1
1
1
1
1
1
1
1
1
1
1
1
1
1
1
1
1
1
1
1
1
1
1
1
1
1
1
1
1
1
1
1
1
1
1
1
1
1
1
1
1
1
1
1
1
1
1
1
1
1
1
1
1
1
1
1
1
1
1
1
1
1
1
1
1
1
1
1
1
1
1
1
1
1
1
1
1
1
1
1
1
1
1
1
1
1
1
1
1
1
1
1
1
1
1
1
1
1
1
1
1
1
1
1
1
1
1
1
1
1
1
1
1
1
1
1
1
1
1
1
1
1
1
1
1
1
1
1
1
1
1
1
1
1
1
1
1
1
1
1
1
1
1
1
1
1
1
1
1
1
1
1
1
1
1
1
1
1
1
1
1
1
1
1
1
1
1
1
1
1
1
1
1
1
1
1
1
1
1
1
1
1
1
1
1
1
1
1
1
1
1
1
1
1
1
1
1
1
1
1
1
1
1
1
1
1
1
1
1
1
1
1
1
1
1
1
1
1
1
1
1
1
1
1
1
1
1
1
1
1
1
1
1
1
1
1
1
1
1
1
1
1
1
1
1
1
1
1
1
1
1
1
1
1
1
1
1
1
1
1
1
1
1
1
1
1
1
1
1
1
1
1
1
1
1
1
1
1
1
1
1
1
1
1
1
1
1
1
1
1
1
1
1
1
1
1
1
1
1
1
1
1
1
1
1
1
1
1
1
1
1
1
1
1
1
1
1
1
1
1
1
1
1
1
1
1
1
1
1
1
1
1
1
1
1
1
1
1
1
1
1
1
1
1
1
1
1
1
1
1
1
1
1
1
1
1
1
1
1
1
1
1
1
1
1
1
1
1
1
1
1
1
1
1
1
1
1
1
1
1
1
1
1
1
1
1
1
1
1
1
1
1
1
1
1
1
1
1
1
1
1
1
1
1
1
1
1
1
1
1
1
1
1
1
1
1
1
1
1
1
1
1
1
1
1
1
1
1
1
1
1
1
1
1
1
1
1
1
1
1
1
1
1
1
1
1
1
1
1
1
1
1
1
1
1
1
1
1
1
1
1
1
1
1
1
1
1
1
1
1
1
1
1
1
1
1
1
1
1
1
1
1
1
1
1
1
1
1
1
1
1
1
1
1
1
1
1
1
1
1
1
1
1
1
1
1
1
1
1
1
1
1
1
1
1
1
1
1
1
1
1
1
1
1
1
1
1
1
1
1
1
1
1
1
1
1
1
1
1
1
1
1
1
1
1
1
1
1
1
1
1
1
1
1
1
1
1
1
1
1
1
1
1
1
1
1
1
1
1
1
1
1
1
1
1
1
1
1
1
1
1
1
1
1
1
1
1
1
1
1
1
1
1
1
1
1
1
1
1
1
1
1
1
1
1
1
1
1
1
1
1
1
1
1
1
1
1
1
1
1
1
1
1
1
1
1
1
1
1
1
1
1
1
1
1
1
1
1
1
1
1
1
1
1
1
1
1
1
1
1
1
1
1
1
1
1
1
1
1
1
1
1
1
1
1
1
1
1
1
1
1
1
1
1
1
1
1
1
1
1
1
1
1
1
1
1
1
1
1
1
1
1
1
1
1
1
1
1
1
1
1
1
1
1
1
1
1
1
1
1
1
1
1
1
1
1
1
1
1
1
1
1
1
1
1
1
1
1
1
1
1
1
1
1
1
1
1
1
1
1
1
1
1
1
1
1
1
1
1
1
1
1
1
1
1
1
1
1
1
1
1
1
1
1
1
1
1
1
1
1
1
1
1
1
1
1
1
1
1
1
1
1
1
1
1
1
1
1
1
1
1
1
1
1
1
1
1
1
1
1
1
1
1
1
1
1
1
1
1
1
1
1
1
1
1
1
1
1
1
1
1
1
1
1
1
1
1
1
1
1
1
1
1
1
1
1
1
1
1
1
1
1
1
1
1
1
1
1
1
1
1
1
1
1
1
1
1
1
1
1
1
1
1
1
1
1
1
1
1
1
1
1
1
1
1
1
1
1
1
1
1
1
1
1
1
1
1
1
1
1
1
1
1
1
1
1
1
1
1
1
1
1
1
1
1
1
1
10
1
1
1
1
1
1
1
1
1
1
1
1
1
1
1
1
1
1
1
1
1
1
1
1
1
1
1
1
1
1
1
1
1
1
1
1
1
1
1
1
10
1
1
1
1
1
1
1
1
1
1
1
1
1
1
1
1
1
1
1
1
1
1
1
1
1
1
1
1
1
1
1
1
1
1
1
1
1
1
1
1
10
1
1
1
1
1
1
1
1
1
1
1
1
1
1
1
1
1
1
1
1
1
1
1
1
1
1
1
1
1
1
1
1
1
1
1
1
1
1
1
1
10
1
1
1
1
1
1
1
1
1
1
1
1
1
1
1
1
1
1
1
1
1
1
1
1
1
1
1
1
1
1
1
1
1
1
1
1
1
1
1
1
10
1
1
1
1
1
1
1
1
1
1
1
1
1
1
1
1
1
1
1
1
1
1
1
1
1
1
1
1
1
1
1
1
1
1
1
1
1
1
1
1
10
1
1
1
1
1
1
1
1
1
1
1
1
1
1
1
1
1
1
1
1
1
1
1
1
1
1
1
1
1
1
1
1
1
1
1
1
1
1
1
1
10
1
1
1
1
1
1
1
1
1
1
1
1
1
1
1
1
1
1
1
1
1
1
1
1
1
1
1
1
1
1
1
1
1
1
1
1
1
1
1
1
10
1
1
1
1
1
1
1
1
1
1
1
1
1
1
1
1
1
1
1
1
1
1
1
1
1
1
1
1
1
1
1
1
1
1
1
1
1
1
1
1
10
1
1
1
1
1
1
1
1
1
1
1
1
1
1
1
1
1
1
1
1
1
1
1
1
1
1
1
1
1
1
1
1
1
1
1
1
20
20
20
1
10
1
10
20
10
20
20
10
10
10
10
10
10
10
10
1
10
10
10
10
10
1
10
10
10
10
10
10
10
1
1
10
1
1
10
10
10
10
1
10
1
10
10
10
1
1250
10000
10000
5000
1
1
1
1
20
10
10
1
10
1
10
10
10
10
1
1
10
10
10
20
20
20
20
20
20
20
25
50
200
100
200
4
10
100
50
50
200
200
2
10
10
1
5
20
10
20
10
10
10
10
10
10
20
1
10
20
100
5
5
5
5
20
1
1
1
1
1
1
1
1
1
1
1
1
1
1
1
1
1
20
20
20
20
20
20
20
20
20
20
20
10
10
10
10
20
10
20
20
10
1
10
10
10
1
10
10
10
10
10
10
10
10
10
10
1
10
1
10
10
10
10
10
10
10
10
10
10
1
10
10
1
10
10
10
10
10
10
1
1
10
10
10
1250
10000
10000
5000
1
10000
5000
1
20
10
10
10
10
10
1
10
10
10
10
1
10
10
10
20
20
20
20
20
20
20
25
50
200
100
200
4
10
100
25
50
50
200
200
40
2
10
10
10
5
20
10
20
10
10
10
10
10
10
20
1
10
1
100
5
5
5
5
20
1
1
1
1
1
1
1
1
1
1
1
1
1
1
1
1
1
1
1
1
1
1
1
20
20
20
20
1
1
1
20
20
20
20
10
10
10
10
20
10
20
20
10
10
10
10
10
10
10
10
10
10
10
10
10
10
10
10
10
10
10
10
10
10
10
10
10
10
10
10
10
1
10
10
1
10
10
10
10
10
1
10
10
10
10
10
10
1250
10000
10000
5000
1250
10000
5000
1
20
10
10
10
10
10
1
10
10
10
10
10
10
10
10
10
20
20
1
20
20
20
20
25
50
200
100
200
4
10
100
25
50
50
200
200
40
2
10
1
10
5
20
10
20
10
10
10
10
10
10
20
1
10
20
100
5
5
5
5
20
1
1
1
1
1
1
1
1
1
1
1
1
1
1
1
1
1
1
1
1
1
1
1
1
1
1
20
20
20
20
1
20
20
20
20
20
20
10
10
10
10
20
10
20
20
10
1
1
10
10
1
10
10
10
10
10
1
10
10
10
10
1
1
1
10
10
10
10
10
10
10
10
10
10
10
10
10
10
1
10
10
10
10
10
1
10
10
1
10
10
10
1250
10000
10000
5000
1250
10000
5000
1
20
10
10
10
10
10
10
1
10
10
10
10
10
1
10
10
10
20
20
20
20
20
20
20
25
50
200
100
200
4
10
100
25
50
50
1
200
40
2
10
10
10
5
20
10
20
10
10
10
10
10
10
20
1
10
1
100
5
5
5
5
20
1
1
1
1
1
1
1
1
1
1
1
1
1
1
1
1
1
1
1
1
1
1
1
1
1
1
20
20
20
20
20
20
20
20
20
20
20
10
10
10
10
20
10
20
20
10
10
10
10
10
1
10
10
10
10
10
10
10
10
10
1
10
10
1
10
10
10
10
10
10
10
10
10
10
10
10
10
10
10
1
10
10
10
10
10
10
10
10
1
10
10
10
1250
10000
10000
5000
1250
10000
5000
1
20
10
10
1
1
10
10
1
10
10
10
10
10
1
10
10
10
20
20
20
20
20
20
20
25
50
200
100
200
4
10
100
25
50
50
200
200
40
2
10
10
10
5
20
10
20
10
10
10
10
10
10
20
1
10
20
100
5
5
5
5
20
1
1
1
1
1
1
1
1
1
1
1
1
1
1
1
1
1
1
1
1
1
1
1
1
1
1
20
20
20
1
1
1
20
20
20
20
20
10
10
10
10
20
10
20
20
10
10
10
10
10
10
10
10
10
10
10
10
10
10
10
1
10
1
10
1
10
10
1
10
10
10
10
10
10
10
10
10
10
10
10
10
10
10
10
10
1
10
10
1
10
10
10
1250
10000
10000
5000
1250
10000
5000
1
20
10
10
10
10
10
10
10
10
1
10
10
10
10
10
10
10
10
1
10
10
10
20
20
20
20
1
20
20
25
50
200
100
200
4
10
100
25
50
50
200
200
40
2
10
10
10
5
20
10
20
10
10
10
10
10
10
20
1
10
20
100
5
5
5
5
20
1
1
1
1
1
1
1
1
1
1
1
1
1
1
1
1
1
1
1
1
1
1
1
1
1
1
20
20
20
1
20
20
1
20
20
20
20
10
10
10
10
20
10
20
20
10
10
10
10
10
10
10
1
10
10
10
10
10
10
10
10
10
10
10
10
10
1
10
10
1
10
1
10
10
10
10
10
10
10
10
10
10
10
10
10
10
10
10
10
10
10
10
10
1
10
10
10
10
10
10
10
10
1
10
1
1
10
10
10
1250
10000
10000
5000
1250
10000
5000
1
20
10
10
10
1
1
1
10
1
1
1
10
10
10
10
10
10
10
10
1
10
10
10
20
20
1
20
20
20
20
25
50
200
100
200
4
10
100
25
50
50
1
200
40
2
10
10
10
5
20
10
20
10
10
10
10
10
10
20
1
1
1
100
5
5
5
5
20
1
1
1
1
1
1
1
1
1
1
1
1
1
1
1
1
1
1
1
1
1
1
1
1
1
1
20
20
20
20
20
1
1
20
20
20
20
10
10
10
10
20
10
20
20
10
10
10
10
10
10
10
10
10
10
10
10
10
10
10
10
10
10
10
10
10
1
10
10
10
1
1
10
10
1
10
10
10
10
10
10
10
10
10
10
10
10
10
10
10
10
10
10
10
10
10
10
10
10
10
10
10
1
10
1
1
10
10
10
1250
10000
10000
5000
1250
10000
5000
1
20
10
10
10
1
1
1
10
10
10
10
10
10
10
10
10
10
10
10
1
10
10
10
20
20
20
20
20
20
20
25
50
200
100
200
4
10
100
25
50
50
200
200
40
2
10
1
10
5
20
10
20
10
10
10
10
10
10
20
1
10
1
100
5
5
5
5
20
1
1
1
1
1
1
1
1
1
1
1
1
1
1
1
1
1
1
1
1
1
1
1
1
1
1
20
20
20
20
1
20
1
20
20
20
20
10
10
10
10
20
10
20
20
10
10
10
10
10
10
10
10
10
10
10
10
10
10
10
10
10
10
10
10
10
1
10
10
10
10
1
10
10
1
1
10
10
10
10
10
1
10
10
10
1
10
1
10
10
10
10
10
1
10
1
10
10
10
10
10
10
10
10
10
1
10
10
10
1250
10000
10000
5000
1250
10000
5000
1
20
10
10
10
1
1
1
10
1
10
1
1
1
10
10
10
10
10
10
1
10
10
10
20
20
20
20
20
20
20
25
50
200
1
200
4
10
100
25
50
50
200
200
40
2
1
10
10
5
20
10
20
10
10
10
10
10
10
20
1
1
20
100
5
5
5
5
20
1
1
1
1
1
1
1
1
1
1
1
1
1
1
1
1
1
1
1
1
1
1
1
1
1
1
20
20
20
1
20
1
1
20
1000000
1000000
1000000
1000000
1000000
1000000
1000000
1000000
1000000
1000000
1000000
1000000
1000000
1000000
1000000
1000000
1000000
1000000
1000000
1000000
1000000
1000000
1000000
1000000
1000000
1000000
1000000
1000000
1000000
1000000
1000000
1000000
1000000
1000000
1000000
1000000
1000000
1000000
1000000
1000000
1000000
1000000
1000000
1000000
1000000
1000000
1000000
1000000
1000000
1000000
1000000
1000000
1000000
1000000
1000000
1000000
1000000
1000000
1000000
1000000
1000000
1000000
1000000
1000000
1000000
1000000
1000000
1000000
1000000
1000000
1000000
1000000
1
125000
1000000
50000
1000000
200000
1
1
1000000
1
125000
1
1
1
1
1
125000
1
500000
500000
1000000
500000
1000000
1
1
500000
1
1000000
1
1
1
1
1
1000000
1
125000
1000000
50000
1000000
200000
1
1
1000000
1
125000
1
1
1
1
1
125000
1000000
1000000
1000000
1
1000000
125000
1000000
50000
1000000
200000
1000000
1
1
125000
1000000
1000000
125000
100000
1
250000
1
100000
125000
1000000
125000
500000
1000000
500000
1
1000000
500000
500000
1000000
500000
1000000
1000000
1
1
1000000
500000
500000
1000000
1000000
1
125000
1
50000
500000
1000000
1000000
1000000
1000000
1000000
1
1000000
125000
1000000
50000
1000000
200000
1000000
1
1
125000
1000000
1000000
125000
100000
1
250000
1
100000
125000
1000000
125000
1000000
1
1000000
1
1000000
125000
1000000
50000
1000000
200000
1
1
125000
1000000
125000
1000000
1
125000
1
1
250000
200000
1
1
1
125000
500000
1
500000
1
1000000
500000
500000
1000000
500000
1000000
1
1
500000
500000
1000000
500000
1
1000000
1
1
125000
100000
1
1
1
1000000
1000000
1
1000000
1
1000000
125000
1000000
50000
1000000
200000
1
1
125000
1000000
125000
1000000
1
125000
1
1
250000
200000
1
1
1
125000
1000000
1000000
1000000
1
1000000
125000
1000000
50000
1000000
200000
1000000
1
125000
1
1000000
125000
1000000
1000000
125000
1
1
1
1
1
1000000
1
1
1
500000
1000000
500000
1
1000000
500000
500000
1000000
500000
1000000
1000000
1
500000
1
500000
1000000
500000
500000
1000000
1
1
1
1
1
1000000
1
1
1
1000000
1000000
1000000
1
1000000
125000
1000000
50000
1000000
200000
1000000
1
125000
1
1000000
125000
1000000
1000000
125000
1
1
1
1
1
1000000
1
1
1
1000000
1000000
1000000
1000000
1000000
125000
1000000
50000
1000000
1
1000000
1
125000
1
50000
1000000
1
1000000
1000000
125000
1
1
1
1
1
1
125000
1000000
1
500000
1000000
500000
1000000
1000000
500000
500000
1000000
500000
1
1000000
1
500000
1
1000000
500000
1
500000
500000
1000000
1
1
1
1
1
1
500000
1000000
1
1000000
1000000
1000000
1000000
1000000
125000
1000000
50000
1000000
1
1000000
1
125000
1
50000
1000000
1
1000000
1000000
125000
1
1
1
1
1
1
125000
1000000
1
1000000
1
1000000
1000000
1000000
125000
1000000
50000
1000000
1
1000000
1000000
125000
1000000
1
1000000
1
1000000
1000000
125000
1
1
1
200000
1
1
1
1
1
500000
1
500000
1000000
1000000
500000
500000
1000000
500000
1
1000000
1000000
500000
500000
1
500000
1
500000
500000
1000000
1
1
1
100000
1
1
1
1
1
1000000
1
1000000
1000000
1000000
125000
1000000
50000
1000000
1
1000000
1000000
125000
1000000
1
1000000
1
1000000
1000000
125000
1
1
1
200000
1
1
1
1
1
1000000
1000000
1000000
1000000
1000000
125000
1000000
50000
1000000
1
1000000
1000000
125000
1000000
50000
1000000
1
1000000
1000000
125000
1
1
1
1
1
1
1
1000000
1
500000
1000000
500000
1000000
1000000
500000
500000
1000000
500000
1
1000000
1000000
500000
500000
1000000
500000
1
500000
500000
1000000
1
1
1
1
1
1
1
1000000
1
1000000
1000000
1000000
1000000
1000000
125000
1000000
50000
1000000
1
1000000
1000000
125000
1000000
50000
1000000
1
1000000
1000000
125000
1
1
1
1
1
1
1
1000000
1
1000000
1
1000000
1000000
1000000
125000
1000000
50000
1000000
1
1000000
1000000
125000
1000000
50000
1000000
1
1000000
1000000
125000
1
1
1
1
1
1
1
1000000
1
500000
1
500000
1000000
1000000
500000
500000
1000000
500000
1
1000000
1000000
500000
500000
1000000
500000
1
500000
500000
1000000
1
1
1
1
1
1
1
1000000
1
1000000
1
1000000
1000000
1000000
125000
1000000
50000
1000000
1
1000000
1000000
125000
1000000
50000
1000000
1
1000000
1000000
125000
1
1
1
1
1
1
1
1000000
1
1000000
1
1000000
1000000
1000000
125000
1
50000
1000000
1
1000000
1000000
125000
1000000
1
1000000
1
1000000
1000000
125000
1
1
1
1
1
1000000
1
1000000
1
500000
1
500000
1000000
1000000
500000
1
1000000
500000
1
1000000
1000000
500000
500000
1
500000
1
500000
500000
1000000
1
1
1
1
1
1000000
1
1000000
1
1000000
1
1000000
1000000
1000000
125000
1
50000
1000000
1
1000000
1000000
125000
1000000
1
1000000
1
1000000
1000000
125000
1
1
1
1
1
1000000
1
1000000
1
1
10000
6250
25000
12500
50000
1
1
5000
1
1
1
1
1
5000
1
10000
6250
25000
12500
50000
1
1
5000
1
1
1
1
1
5000
1
10000
6250
25000
12500
50000
1
1
5000
1
1
1
1
1
5000
1
10000
6250
25000
12500
50000
1250
1
5000
5000
25000
1
6250
1
2500
10000
2000
5000
1
10000
6250
25000
12500
50000
1250
1
5000
5000
25000
1
6250
1
2500
10000
2000
5000
1
10000
6250
25000
12500
50000
1250
1
5000
5000
25000
1
6250
1
2500
10000
2000
5000
1
10000
6250
25000
12500
50000
1
10000
12500
5000
5000
1
1
6250
50000
1
1
1
5000
1
10000
6250
25000
12500
50000
1
10000
12500
5000
5000
1
1
6250
50000
1
1
1
5000
1
10000
6250
25000
12500
50000
1
10000
12500
5000
5000
1
1
6250
50000
1
1
1
5000
1
10000
6250
25000
12500
50000
1250
10000
1
12500
5000
5000
1
1
1
1
1
50000
1
1
1
1
10000
6250
25000
12500
50000
1250
10000
1
12500
5000
5000
1
1
1
1
1
50000
1
1
1
1
10000
6250
25000
12500
50000
1250
10000
1
12500
5000
5000
1
1
1
1
1
50000
1
1
1
2500
10000
6250
25000
12500
1
1250
10000
1
25000
12500
1
5000
1
1
1
1
1
1
10000
2000
1
2500
10000
6250
25000
12500
1
1250
10000
1
25000
12500
1
5000
1
1
1
1
1
1
10000
2000
1
2500
10000
6250
25000
12500
1
1250
10000
1
25000
12500
1
5000
1
1
1
1
1
1
10000
2000
1
2500
10000
6250
25000
12500
1
1250
10000
6250
1
12500
1
5000
1
1
1
50000
1
1
1
1
1
2500
10000
6250
25000
12500
1
1250
10000
6250
1
12500
1
5000
1
1
1
50000
1
1
1
1
1
2500
10000
6250
25000
12500
1
1250
10000
6250
1
12500
1
5000
1
1
1
50000
1
1
1
1
1
2500
10000
6250
25000
12500
1
1250
10000
6250
25000
12500
1
5000
1
1
1
1
1
1
1
2000
1
2500
10000
6250
25000
12500
1
1250
10000
6250
25000
12500
1
5000
1
1
1
1
1
1
1
2000
1
2500
10000
6250
25000
12500
1
1250
10000
6250
25000
12500
1
5000
1
1
1
1
1
1
1
2000
1
2500
10000
6250
25000
12500
1
1250
10000
6250
25000
12500
1
5000
1
1
1
1
1
1
1
2000
1
2500
10000
6250
25000
12500
1
1250
10000
6250
25000
12500
1
5000
1
1
1
1
1
1
1
2000
1
2500
10000
6250
25000
12500
1
1250
10000
6250
25000
12500
1
5000
1
1
1
1
1
1
1
2000
1
2500
10000
1
25000
12500
1
1250
10000
6250
1
12500
1
5000
1
1
1
1
1
50000
1
2000
1
2500
10000
1
25000
12500
1
1250
10000
6250
1
12500
1
5000
1
1
1
1
1
50000
1
2000
1
2500
10000
1
25000
12500
1
1250
10000
6250
1
12500
1
5000
1
1
1
1
1
50000
1
2000
1
1
1
1
1
1
1
1
1
1
1
1
1
1
1
1
1
1
1
1
1
1
1
1
1
1
1
1
1
1
1
1
1
1
1
1
1
1000000
500000
1000000
1000000
500000
1000000
1000000
500000
1000000
1000000
500000
1000000
1000000
500000
1000000
1000000
500000
1000000
1000000
500000
1000000
1000000
500000
1000000
1000000
500000
1000000
125
125
125
125
125
125
125
125
125
125
125
125
125
125
125
125
125
125
125
125
125
125
125
125
125
125
125
125
125
125
125
125
125
125
125
125
1
1
1
1
1
1
1
1
1
125
125
1
1
1
1
1
1
1
125
125
1
1
1
1
1
1
1
125
125
125
125
125
125
125
125
125
125
1
1
1
1
1
1
1
1
400
400
400
400
400
400
400
400
400
100
100
100
100
100
100
100
100
100
1
1
1
1
1
1
1
1
1
125
1
1
1
1
1
1
1
1
1
1
1
1
1
1
1
1
1
1
1
1
1
1
1
1
1
1
1
1
1
1
1
1
1
1
1
100
100
20
100
20
100
20
100
100
1000
1000
1000
1000
1000
1000
1000
1000
1000
1000
1000
1000
1000
1000
1000
1000
1000
1000
1
1
1
1
1
1
1
1
1
1
1
1
1
1
1
1
1
1
1
1
1
1
1
1
1
1
1
1
1
1
1
1
1
1
1
1
1
1
1
1
1
1
1
1
1
1
1
1
1
1
1
1
1
1
1
1
1
1
1
1
1
1
1
1
1
1
1
1
1
1
1
1
1
1
1
1
1
1
1
1
1
1
1
1
1
1
1
1
1
1
1
1
1
1
1
1
1
1
1
1
1
1
1
1
1
1
1
1
1
1
1
1
1
1
1
1
1
1
1
1
1
1
1
1
1
1
1
1
1
1
1
1
1
1
1
1
1
1
1
1
1
1
1
1
1
1
1
1
1
1
1
1
1
1
1
1
1
1
1
1
1
1
1
1
1
1
1
1
1
1
1
1
1
1
1
1
1
1
1
1
1
1
1
1
1
1
1
1
1
1
1
1
1
1
1
1
1
1
1
1
1
1
1
1
1
1
1
1
1
1
1
1
1
1
1
1
1
1
1
1
1
1
1
1
1
1
1
1
1
1
1
1
1
1
1
1
1
1
1
1
1
1
1
1
1
1
1
1
1
1
1
1
1
1
1
1
1
1
1
1
1
1
1
1
1
1
1
1
1
1
1
1
1
1
1
1
1
1
1
1
1
1
1
1
1
1
1
1
1
1
1
1
1
1
1
1
1
1
1
1
1
1
1
1
1
1
1
1
1
1
1
1
1
1
1
1
1
1
1
1
1
1
1
1
1
1
1
1
1
1
1
1
1
1
1
1
1
1
1
1
1
1
1
1
1
1
1
1
1
1
1
1
1
1
1
1
1
1
1
1
1
1
1
1
1
1
1
1
1
1
1
1
1
1
1
1
1
1
1
1
1
1
1
1
1
1
1
1
1
1
1
1
1
1
1
1
1
1
1
1
1
1
1
1
1
100
100
100
100
100
100
100
100
10
10
10
10
10
10
10
10
10
10
10
10
10
10
10
10
10
10
10
10
10
10
10
10
800
64
400
1600
800
1600
20
1600
800
50
50
50
50
50
50
50
50
50
1
1
1
1
1
1
1
1
1
1
1000000
10000
1
1
1
500000
10000
1
1000000
10000
1
500000
10000
100
1
500000
10000
100
1
500000
10000
100
1
500000
10000
100
10
10
10
10
1
1000000
10000
1
1
1
500000
10000
1
1000000
10000
1
500000
10000
100
1
500000
10000
100
1
100000
10000
100
1
500000
10000
100
10
10
10
10
1
500000
10000
1
1
1
25000
10000
1
1000000
10000
1
500000
10000
100
1
250000
5000
20
1
500000
10000
100
1
500000
10000
100
10
10
10
10
1
1000000
10000
1
1
1
25000
10000
1
1000000
10000
1
500000
10000
100
1
250000
10000
100
1
500000
10000
50
1
500000
10000
100
5
10
10
10
1
1000000
10000
1
1
1
500000
10000
1
1000000
10000
1
500000
10000
100
1
250000
10000
20
1
500000
10000
20
1
500000
10000
100
10
10
10
10
1
1000000
10000
1
1
1
25000
10000
1
1000000
10000
1
500000
10000
100
1
250000
5000
20
1
100000
10000
50
1
500000
10000
100
10
10
10
10
1
1000000
10000
1
1
1
500000
10000
1
1000000
10000
1
500000
10000
100
1
500000
10000
100
1
500000
10000
50
1
500000
10000
100
10
10
10
10
1
500000
10000
1
1
1
500000
10000
1
1000000
10000
1
500000
10000
100
1
5000
2500
10
1
500000
5000
20
1
500000
10000
100
10
10
10
10
1
1000000
10000
1
1
1
500000
10000
1
1000000
10000
1
500000
10000
100
1
500000
5000
20
1
2500
2500
10
1
500000
10000
100
10
10
10
10
1000000
10000
1
10000
10000
10
10000
100
10000
100
10000
100
10000
100
1
1
10
20
1000000
1
1
10
1000000
500000
10000
1
10000
10000
10
10000
100
10000
100
10000
100
10000
100
1
1
10
1000000
1000000
1
1
10
1000000
1000000
10000
1
10000
10000
10
10000
100
1250
100
10000
100
10000
100
1
1
10
20
1000000
1
1
10
1000000
10
10000
1
10000
10000
10
10000
100
10000
100
10000
50
10000
100
1
1
10
2
1000000
1
1
10
1000000
1000000
10000
1
10000
10000
10
10000
100
10000
100
10000
100
10000
100
1
1
10
20
1000000
1
1
10
1000000
1000000
10000
1
10000
10000
10
10000
100
5000
100
10000
50
10000
100
1
1
10
20
1000000
1
1
10
1000000
1000000
10000
1
10000
10000
10
10000
100
10000
100
10000
50
10000
100
1
1
10
20
1000000
1
1
10
1000000
1000000
10000
1
10000
10000
10
10000
100
5000
50
5000
100
10000
100
1
1
10
20
1000000
1
1
10
1000000
500000
10000
1
10000
10000
10
10000
100
5000
100
5000
50
10000
100
1
1
10
20
1000000
1
1
10
1000000
20
40
20
40
20
40
20
40
20
40
20
40
20
40
20
40
20
40
281 0 -1
554 1 -1
827 2 -1
1100 3 -1
1373 4 -1
1646 5 -1
1919 6 -1
2192 7 -1
2465 8 -1
9988 9 1
9623 9 -50000
8244 9 -1000000
9989 10 1
9626 10 -50000
8250 10 -1000000
9990 11 1
9629 11 -50000
8256 11 -1000000
9991 12 1
9632 12 -50000
8262 12 -1000000
9992 13 1
9635 13 -50000
8268 13 -1000000
9993 14 1
9638 14 -50000
8274 14 -1000000
9994 15 1
9641 15 -50000
8280 15 -1000000
9995 16 1
9644 16 -50000
8286 16 -1000000
9996 17 1
9647 17 -50000
8292 17 -1000000
9970 18 1
9625 18 -50000
8248 18 -1000000
9971 19 1
9628 19 -50000
8254 19 -1000000
9972 20 1
9631 20 -50000
8260 20 -1000000
9973 21 1
9634 21 -50000
8266 21 -1000000
9974 22 1
9637 22 -50000
8272 22 -1000000
9975 23 1
9640 23 -50000
8278 23 -1000000
9976 24 1
9643 24 -50000
8284 24 -1000000
9977 25 1
9646 25 -50000
8290 25 -1000000
9978 26 1
9649 26 -50000
8296 26 -1000000
9952 27 1
9624 27 -25000
8246 27 -1000000
9953 28 1
9627 28 -25000
8252 28 -1000000
9954 29 1
9630 29 -25000
8258 29 -1000000
9955 30 1
9633 30 -25000
8264 30 -1000000
9956 31 1
9636 31 -25000
8270 31 -1000000
9957 32 1
9639 32 -25000
8276 32 -1000000
9958 33 1
9642 33 -25000
8282 33 -1000000
9959 34 1
9645 34 -25000
8288 34 -1000000
9960 35 1
9648 35 -25000
8294 35 -1000000
10042 36 1
9623 36 -50000
8244 36 -1000000
10043 37 1
9626 37 -50000
8250 37 -1000000
10044 38 1
9629 38 -50000
8256 38 -1000000
10045 39 1
9632 39 -50000
8262 39 -1000000
10046 40 1
9635 40 -50000
8268 40 -1000000
10047 41 1
9638 41 -50000
8274 41 -1000000
10048 42 1
9641 42 -50000
8280 42 -1000000
10049 43 1
9644 43 -50000
8286 43 -1000000
10050 44 1
9647 44 -50000
8292 44 -1000000
10024 45 1
9625 45 -50000
8248 45 -1000000
10025 46 1
9628 46 -50000
8254 46 -1000000
10026 47 1
9631 47 -50000
8260 47 -1000000
10027 48 1
9634 48 -50000
8266 48 -1000000
10028 49 1
9637 49 -50000
8272 49 -1000000
10029 50 1
9640 50 -50000
8278 50 -1000000
10030 51 1
9643 51 -50000
8284 51 -1000000
10031 52 1
9646 52 -50000
8290 52 -1000000
10032 53 1
9649 53 -50000
8296 53 -1000000
10006 54 1
9624 54 -25000
8246 54 -1000000
10007 55 1
9627 55 -25000
8252 55 -1000000
10008 56 1
9630 56 -25000
8258 56 -1000000
10009 57 1
9633 57 -25000
8264 57 -1000000
10010 58 1
9636 58 -25000
8270 58 -1000000
10011 59 1
9639 59 -25000
8276 59 -1000000
10012 60 1
9642 60 -25000
8282 60 -1000000
10013 61 1
9645 61 -25000
8288 61 -1000000
10014 62 1
9648 62 -25000
8294 62 -1000000
342 63 -500
615 64 -500
888 65 -500
1161 66 -500
1434 67 -1
1707 68 -500
1980 69 -1
2253 70 -1
2526 71 -1
88 72 1
361 73 1
634 74 1
907 75 1
1180 76 1
1453 77 1
1726 78 1
1999 79 1
2272 80 1
99 81 1
372 82 1
645 83 1
918 84 1
1191 85 1
1464 86 1
1737 87 1
2010 88 1
2283 89 1
285 90 1
558 91 1
831 92 1
1104 93 1
1377 94 1
1650 95 1
1923 96 1
2196 97 1
2469 98 1
290 99 5000
563 100 1000000
836 101 1000000
1109 102 10000
1382 103 1000000
1655 104 1000000
1928 105 100
2201 106 100
2474 107 100
10051 108 1
8243 108 959000
10052 109 1
8249 109 959000
10053 110 1
8255 110 959000
10054 111 1
8261 111 959000
10056 112 1
8273 112 959000
10057 113 1
8279 113 959000
10058 114 1
8285 114 959000
10059 115 1
8291 115 959000
10051 116 1
8247 116 959000
10053 117 1
8259 117 959000
10054 118 1
8265 118 959000
10055 119 1
8271 119 959000
10056 120 1
8277 120 959000
10057 121 1
8283 121 959000
10058 122 1
8289 122 959000
10059 123 1
8295 123 959000
298 124 1
571 125 1
844 126 1
1117 127 1
1390 128 1
1663 129 1
1936 130 1
2209 131 1
2482 132 1
10258 133 -81
202 133 10000
10259 134 -7
475 134 10000
10260 135 -47
748 135 10000
10261 136 -201
1021 136 10000
10262 137 -107
1294 137 10000
10263 138 -227
1567 138 10000
10264 139 -3
1840 139 10000
10265 140 -253
2113 140 10000
10266 141 -133
2386 141 10000
206 142 1
479 143 1
752 144 1
1025 145 1
1298 146 1
1571 147 1
1844 148 1
2117 149 1
2390 150 1
207 151 1
480 152 5
753 153 5
1026 154 5
1299 155 5
1572 156 5
1845 157 5
2118 158 5
2391 159 5
10267 160 1
208 160 955000
10268 161 1
481 161 955000
10269 162 1
754 162 955000
10270 163 1
1027 163 955000
10271 164 1
1300 164 955000
10272 165 1
1573 165 955000
10273 166 1
1846 166 955000
10274 167 1
2119 167 955000
10275 168 1
2392 168 955000
331 169 1
604 170 1
877 171 1
1150 172 1
1423 173 1
1696 174 1
1969 175 1
2242 176 1
2515 177 1
10258 178 638
210 178 1
10259 179 50
483 179 10000
10260 180 306
756 180 10000
10261 181 1198
1029 181 10000
10262 182 586
1302 182 10000
10263 183 1146
1575 183 10000
10264 184 14
1848 184 10000
10265 185 1094
2121 185 10000
10266 186 534
2394 186 10000
333 187 1000
36 187 706000
0 187 44200
606 188 1000
37 188 706000
1 188 44200
879 189 1000
38 189 706000
2 189 44200
1152 190 1000
39 190 706000
3 190 44200
1425 191 1000
40 191 706000
4 191 44200
1698 192 1000
41 192 706000
5 192 44200
1971 193 1000
42 193 706000
6 193 44200
2244 194 1000
43 194 706000
7 194 44200
2517 195 1000
44 195 706000
8 195 44200
246 196 1
519 197 1
792 198 1
1065 199 1
1338 200 1
1611 201 1
1884 202 1
2157 203 1
2430 204 1
353 205 50
626 206 50
899 207 50
1172 208 50
1445 209 50
1718 210 50
1991 211 50
2264 212 50
2537 213 50
291 214 1
564 215 1
837 216 1
1110 217 1
1383 218 1
1656 219 1
1929 220 1
2202 221 1
2475 222 1
313 223 20
586 224 20
859 225 20
1132 226 20
1405 227 20
1678 228 20
1951 229 20
2224 230 20
2497 231 20
270 232 25000
543 233 25000
816 234 25000
1089 235 25000
1362 236 25000
1635 237 25000
1908 238 25000
2181 239 25000
10267 240 -49
208 240 955000
10268 241 -49
481 241 955000
10269 242 -49
754 242 955000
10270 243 -49
1027 243 955000
10271 244 -49
1300 244 955000
10272 245 -49
1573 245 955000
10273 246 -49
1846 246 955000
10274 247 -49
2119 247 955000
10275 248 -49
2392 248 955000
271 249 100000
544 250 100000
817 251 100000
1090 252 100000
1363 253 100000
1636 254 100000
1909 255 100000
2182 256 100000
2455 257 100000
1152 258 1000
39 258 45406000
3 258 44200
1425 259 1000
40 259 45406000
4 259 44200
1698 260 1000
41 260 45406000
5 260 44200
352 261 1
625 262 1
898 263 1
1171 264 1
1444 265 1
1717 266 1
1990 267 1
2263 268 1
2536 269 1
54 270 200
57 271 200
60 272 200
75 273 200
78 274 200
55 275 1
58 276 1
61 277 1
64 278 1
67 279 1
70 280 1
73 281 1
76 282 1
79 283 1
56 284 1000000
59 285 1000000
62 286 1000000
65 287 1000000
68 288 1000000
71 289 1000000
74 290 1000000
77 291 1000000
80 292 1000000
4726 293 -1
4429 293 -1
4132 293 -1
3853 293 -1
3579 293 -1
3307 293 -1
3039 293 -1
2777 293 -1
4726 294 -1
4429 294 -1
4132 294 -1
3853 294 -1
3579 294 -1
3307 294 -1
3039 294 -1
4726 295 -1
4429 295 -1
4132 295 -1
3853 295 -1
3579 295 -1
3307 295 -1
4726 296 -1
4429 296 -1
4132 296 -1
3853 296 -1
3579 296 -1
4726 297 -1
4429 297 -1
4132 297 -1
3853 297 -1
4726 298 -1
4429 298 -1
4132 298 -1
4726 299 -1
4429 299 -1
4726 300 -1
4727 301 -1
4430 301 -1
4133 301 -1
3854 301 -1
3580 301 -1
3308 301 -1
3040 301 -1
4727 302 -1
4430 302 -1
4133 302 -1
3854 302 -1
4727 303 -1
4430 303 -1
4727 304 -1
4728 305 -1
4431 305 -1
4134 305 -1
3855 305 -1
3581 305 -1
3309 305 -1
3041 305 -1
2779 305 -1
4728 306 -1
4431 306 -1
4134 306 -1
3855 306 -1
3581 306 -1
3309 306 -1
4728 307 -1
4431 307 -1
4134 307 -1
3855 307 -1
3581 307 -1
4728 308 -1
4431 308 -1
4134 308 -1
3855 308 -1
4728 309 -1
4431 309 -1
4134 309 -1
4728 310 -1
3856 311 -1
3582 311 -1
3310 311 -1
3042 311 -1
2780 311 -1
2538 311 -1
4135 312 -1
3856 312 -1
3582 312 -1
3310 312 -1
3042 312 -1
2780 312 -1
4432 313 -1
4135 313 -1
3856 313 -1
3582 313 -1
3310 313 -1
3042 313 -1
4729 314 -1
4432 314 -1
4135 314 -1
3856 314 -1
3582 314 -1
3310 314 -1
4729 315 -1
4432 315 -1
4135 315 -1
3856 315 -1
3582 315 -1
4729 316 -1
4432 316 -1
4135 316 -1
3856 316 -1
4729 317 -1
4432 317 -1
4135 317 -1
4729 318 -1
4432 318 -1
4729 319 -1
4136 320 -1
3857 320 -1
3583 320 -1
3311 320 -1
3043 320 -1
2781 320 -1
4433 321 -1
4136 321 -1
3857 321 -1
3583 321 -1
3311 321 -1
3043 321 -1
4730 322 -1
4433 322 -1
4136 322 -1
3857 322 -1
3583 322 -1
3311 322 -1
4730 323 -1
4433 323 -1
4136 323 -1
3857 323 -1
3583 323 -1
4730 324 -1
4433 324 -1
4136 324 -1
3857 324 -1
3862 325 -1
3588 325 -1
3316 325 -1
3048 325 -1
2786 325 -1
2543 325 -1
3863 326 -1
3589 326 -1
3317 326 -1
3049 326 -1
2787 326 -1
2544 326 -1
4439 327 -1
4142 327 -1
3863 327 -1
3589 327 -1
3317 327 -1
3049 327 -1
4736 328 -1
4439 328 -1
4142 328 -1
3863 328 -1
3589 328 -1
4736 329 -1
4439 329 -1
4142 329 -1
3863 329 -1
4736 330 -1
4439 330 -1
4737 331 -1
4440 331 -1
4143 331 -1
3864 331 -1
3590 331 -1
3318 331 -1
3050 331 -1
4737 332 -1
4440 332 -1
4143 332 -1
3864 332 -1
3590 332 -1
3318 332 -1
4737 333 -1
4440 333 -1
4143 333 -1
3864 333 -1
3590 333 -1
4737 334 -1
4440 334 -1
4143 334 -1
3864 334 -1
4737 335 -1
3319 336 -1
3051 336 -1
2789 336 -1
3591 337 -1
3319 337 -1
3051 337 -1
3865 338 -1
3591 338 -1
3319 338 -1
4144 339 -1
3865 339 -1
3591 339 -1
4441 340 -1
4144 340 -1
3865 340 -1
4738 341 -1
4441 341 -1
4144 341 -1
3866 342 -1
3592 342 -1
3320 342 -1
4145 343 -1
3866 343 -1
3592 343 -1
4442 344 -1
4145 344 -1
3866 344 -1
4739 345 -1
4442 345 -1
4145 345 -1
4146 346 -1
3867 346 -1
3593 346 -1
4443 347 -1
4146 347 -1
3867 347 -1
4740 348 -1
4443 348 -1
3594 349 -1
3321 349 -1
3052 349 -1
4444 350 -1
4147 350 -1
3868 350 -1
4741 351 -1
4444 351 -1
4147 351 -1
3869 352 -1
3595 352 -1
3322 352 -1
3053 352 -1
2790 352 -1
2545 352 -1
4445 353 -1
4148 353 -1
3869 353 -1
3595 353 -1
3322 353 -1
3053 353 -1
4447 354 -1
4150 354 -1
3871 354 -1
3597 354 -1
3324 354 -1
3055 354 -1
2792 354 -1
2547 354 -1
4744 355 -1
4447 355 -1
4150 355 -1
3871 355 -1
3597 355 -1
3324 355 -1
3055 355 -1
543 355 -4642450
542 355 -4193400
4746 356 -1
4449 356 -1
4152 356 -1
3873 356 -1
3599 356 -1
3326 356 -1
3057 356 -1
2794 356 -1
2549 356 -1
4746 357 -1
4449 357 -1
4152 357 -1
3873 357 -1
3599 357 -1
3326 357 -1
3057 357 -1
4746 358 -1
4449 358 -1
4152 358 -1
3873 358 -1
3599 358 -1
3326 358 -1
4746 359 -1
4449 359 -1
4152 359 -1
3873 359 -1
3599 359 -1
4746 360 -1
4449 360 -1
4152 360 -1
3873 360 -1
4746 361 -1
4449 361 -1
4152 361 -1
4746 362 -1
4449 362 -1
4746 363 -1
4748 364 -1
4451 364 -1
4154 364 -1
3875 364 -1
3601 364 -1
3328 364 -1
3059 364 -1
2796 364 -1
4748 365 -1
4451 365 -1
4154 365 -1
3875 365 -1
3601 365 -1
3328 365 -1
3059 365 -1
4748 366 -1
4451 366 -1
4154 366 -1
3875 366 -1
3601 366 -1
3328 366 -1
4748 367 -1
4451 367 -1
4154 367 -1
3875 367 -1
3601 367 -1
4748 368 -1
4451 368 -1
4154 368 -1
3875 368 -1
4748 369 -1
4451 369 -1
4154 369 -1
4748 370 -1
4451 370 -1
4748 371 -1
4749 372 -1
4452 372 -1
4155 372 -1
3876 372 -1
3602 372 -1
3329 372 -1
3060 372 -1
2797 372 -1
2551 372 -1
4749 373 -1
4452 373 -1
4155 373 -1
3876 373 -1
3602 373 -1
3329 373 -1
3060 373 -1
4749 374 -1
4452 374 -1
4155 374 -1
3876 374 -1
3602 374 -1
4749 375 -1
4452 375 -1
4155 375 -1
3876 375 -1
4749 376 -1
4452 376 -1
4155 376 -1
4749 377 -1
4452 377 -1
4749 378 -1
4750 379 -1
4453 379 -1
4156 379 -1
3877 379 -1
3603 379 -1
3330 379 -1
3061 379 -1
2798 379 -1
2552 379 -1
4750 380 -1
4453 380 -1
4156 380 -1
3877 380 -1
3603 380 -1
3330 380 -1
3061 380 -1
2798 380 -1
4750 381 -1
4453 381 -1
4156 381 -1
3877 381 -1
3603 381 -1
3330 381 -1
4750 382 -1
4453 382 -1
4156 382 -1
3877 382 -1
3603 382 -1
4750 383 -1
4453 383 -1
4156 383 -1
4750 384 -1
4453 384 -1
4750 385 -1
4751 386 -1
4454 386 -1
4157 386 -1
3878 386 -1
3604 386 -1
3331 386 -1
3062 386 -1
4751 387 -1
4454 387 -1
4157 387 -1
3878 387 -1
3604 387 -1
3331 387 -1
4751 388 -1
4454 388 -1
4157 388 -1
3878 388 -1
3604 388 -1
4751 389 -1
4454 389 -1
4157 389 -1
3878 389 -1
4751 390 -1
4454 390 -1
4157 390 -1
4751 391 -1
4454 391 -1
4751 392 -1
4752 393 -1
4455 393 -1
4158 393 -1
3879 393 -1
3605 393 -1
3332 393 -1
4752 394 -1
4455 394 -1
4158 394 -1
3879 394 -1
4752 395 -1
4455 395 -1
4158 395 -1
4752 396 -1
4455 396 -1
3882 397 -1
3608 397 -1
3335 397 -1
3065 397 -1
2802 397 -1
2555 397 -1
4458 398 -1
4161 398 -1
3882 398 -1
3608 398 -1
3335 398 -1
3065 398 -1
4755 399 -1
4458 399 -1
4161 399 -1
3882 399 -1
3608 399 -1
3335 399 -1
4755 400 -1
4458 400 -1
4161 400 -1
3882 400 -1
4755 401 -1
4458 401 -1
4161 401 -1
4755 402 -1
4458 402 -1
4755 403 -1
4756 404 -1
4459 404 -1
4162 404 -1
3883 404 -1
3609 404 -1
3336 404 -1
3066 404 -1
4756 405 -1
4459 405 -1
4162 405 -1
3883 405 -1
3609 405 -1
3336 405 -1
4756 406 -1
4459 406 -1
4162 406 -1
3883 406 -1
3609 406 -1
4756 407 -1
4459 407 -1
4162 407 -1
3883 407 -1
4756 408 -1
4459 408 -1
4162 408 -1
4756 409 -1
4459 409 -1
4756 410 -1
3884 411 -1
3610 411 -1
3337 411 -1
3067 411 -1
4163 412 -1
3884 412 -1
3610 412 -1
3337 412 -1
4757 413 -1
4460 413 -1
4163 413 -1
3884 413 -1
4757 414 -1
4460 414 -1
4163 414 -1
4757 415 -1
4460 415 -1
4757 416 -1
3885 417 -1
3611 417 -1
3338 417 -1
3068 417 -1
4164 418 -1
3885 418 -1
3611 418 -1
3338 418 -1
4461 419 -1
4164 419 -1
3885 419 -1
3611 419 -1
4758 420 -1
4461 420 -1
4164 420 -1
3885 420 -1
4758 421 -1
4461 421 -1
4164 421 -1
4758 422 -1
4461 422 -1
4758 423 -1
2559 424 -1
2806 425 -1
3069 426 -1
3339 427 -1
3612 428 -1
3886 429 -1
4165 430 -1
4462 431 -1
4759 432 -1
2560 433 -1
2807 434 -1
3070 435 -1
3340 436 -1
3613 437 -1
3887 438 -1
4166 439 -1
4463 440 -1
4760 441 -1
3888 442 -1
3614 442 -1
3341 442 -1
3071 442 -1
4167 443 -1
3888 443 -1
3614 443 -1
3341 443 -1
4464 444 -1
4167 444 -1
3888 444 -1
3614 444 -1
4761 445 -1
4464 445 -1
4167 445 -1
3888 445 -1
4761 446 -1
4464 446 -1
4167 446 -1
4761 447 -1
4464 447 -1
4761 448 -1
2562 449 -1
2809 450 -1
3072 451 -1
3342 452 -1
3615 453 -1
3889 454 -1
4168 455 -1
4465 456 -1
4762 457 -1
3343 458 -1
3073 458 -1
2810 458 -1
2563 458 -1
3890 459 -1
3616 459 -1
3343 459 -1
3073 459 -1
4169 460 -1
3890 460 -1
3616 460 -1
3343 460 -1
4763 461 -1
4466 461 -1
4169 461 -1
3344 462 -1
3074 462 -1
2811 462 -1
2564 462 -1
3345 463 -1
3075 463 -1
2812 463 -1
2565 463 -1
4171 464 -1
3892 464 -1
3618 464 -1
3345 464 -1
4468 465 -1
4171 465 -1
3892 465 -1
3618 465 -1
4765 466 -1
4468 466 -1
4171 466 -1
3892 466 -1
4765 467 -1
4468 467 -1
4171 467 -1
4765 468 -1
4468 468 -1
4765 469 -1
3346 470 -1
3076 470 -1
2813 470 -1
2566 470 -1
3347 471 -1
3077 471 -1
2814 471 -1
2567 471 -1
3620 472 -1
3347 472 -1
3077 472 -1
2814 472 -1
4470 473 -1
4173 473 -1
3894 473 -1
3620 473 -1
4767 474 -1
3621 475 -1
3348 475 -1
3078 475 -1
2815 475 -1
3895 476 -1
3621 476 -1
3348 476 -1
3078 476 -1
4174 477 -1
3895 477 -1
3621 477 -1
3348 477 -1
4471 478 -1
4174 478 -1
3895 478 -1
3621 478 -1
4768 479 -1
4471 479 -1
4174 479 -1
3895 479 -1
4768 480 -1
4471 480 -1
4174 480 -1
4768 481 -1
4471 481 -1
4768 482 -1
3896 483 -1
3622 483 -1
3349 483 -1
3079 483 -1
4175 484 -1
3896 484 -1
3622 484 -1
3349 484 -1
4472 485 -1
4175 485 -1
3896 485 -1
3622 485 -1
4769 486 -1
3897 487 -1
3623 487 -1
3350 487 -1
3080 487 -1
4176 488 -1
3897 488 -1
3623 488 -1
3350 488 -1
4770 489 -1
4473 489 -1
4176 489 -1
3897 489 -1
4770 490 -1
4473 490 -1
4176 490 -1
4770 491 -1
4473 491 -1
4770 492 -1
3351 493 -1
3081 493 -1
2818 493 -1
2571 493 -1
3624 494 -1
3351 494 -1
3081 494 -1
2818 494 -1
3898 495 -1
3624 495 -1
3351 495 -1
3081 495 -1
4177 496 -1
3898 496 -1
3624 496 -1
3351 496 -1
4474 497 -1
4177 497 -1
3898 497 -1
3624 497 -1
4771 498 -1
4474 498 -1
4177 498 -1
3898 498 -1
4771 499 -1
4474 499 -1
4177 499 -1
4771 500 -1
4474 500 -1
4771 501 -1
2572 502 -1
2819 503 -1
3082 504 -1
3352 505 -1
3625 506 -1
3899 507 -1
4178 508 -1
4475 509 -1
4772 510 -1
2573 511 -1
2820 512 -1
3083 513 -1
3353 514 -1
3626 515 -1
3900 516 -1
4179 517 -1
4476 518 -1
4773 519 -1
2574 520 -1
2821 521 -1
3084 522 -1
3354 523 -1
3627 524 -1
3901 525 -1
4180 526 -1
4477 527 -1
4774 528 -1
2575 529 -1
2822 530 -1
3085 531 -1
3355 532 -1
3628 533 -1
3902 534 -1
4181 535 -1
4478 536 -1
4775 537 -1
2576 538 -1
2823 539 -1
3086 540 -1
3356 541 -1
3629 542 -1
3903 543 -1
4182 544 -1
4479 545 -1
4776 546 -1
2577 547 -1
2824 548 -1
3087 549 -1
3357 550 -1
3630 551 -1
3904 552 -1
4183 553 -1
4480 554 -1
4777 555 -1
2578 556 -1
2825 557 -1
3088 558 -1
3358 559 -1
3631 560 -1
3905 561 -1
4184 562 -1
4481 563 -1
4778 564 -1
2579 565 -1
2826 566 -1
3089 567 -1
3359 568 -1
3632 569 -1
3906 570 -1
4185 571 -1
4482 572 -1
4779 573 -1
2580 574 -1
2827 575 -1
3090 576 -1
3360 577 -1
3633 578 -1
3907 579 -1
4186 580 -1
4483 581 -1
4780 582 -1
2581 583 -1
2828 584 -1
3091 585 -1
3361 586 -1
3634 587 -1
3908 588 -1
4187 589 -1
4484 590 -1
4781 591 -1
2582 592 -1
2829 593 -1
3092 594 -1
3362 595 -1
3635 596 -1
3909 597 -1
4188 598 -1
4485 599 -1
4782 600 -1
2583 601 -1
2830 602 -1
3093 603 -1
3363 604 -1
3636 605 -1
3910 606 -1
4189 607 -1
4486 608 -1
4783 609 -1
2584 610 -1
2831 611 -1
3094 612 -1
3364 613 -1
3637 614 -1
3911 615 -1
4190 616 -1
4487 617 -1
4784 618 -1
2585 619 -1
2832 620 -1
3095 621 -1
3365 622 -1
3638 623 -1
3912 624 -1
4191 625 -1
4488 626 -1
4785 627 -1
2586 628 -1
2833 629 -1
3096 630 -1
3366 631 -1
3639 632 -1
3913 633 -1
4192 634 -1
4489 635 -1
4786 636 -1
2587 637 -1
2834 638 -1
3097 639 -1
3367 640 -1
3640 641 -1
3914 642 -1
4193 643 -1
4490 644 -1
4787 645 -1
2588 646 -1
2835 647 -1
3098 648 -1
3368 649 -1
3641 650 -1
3915 651 -1
4194 652 -1
4491 653 -1
4788 654 -1
2589 655 -1
2836 656 -1
3099 657 -1
3369 658 -1
3642 659 -1
3916 660 -1
4195 661 -1
4492 662 -1
4789 663 -1
2590 664 -1
2837 665 -1
3100 666 -1
3370 667 -1
3643 668 -1
3917 669 -1
4196 670 -1
4493 671 -1
4790 672 -1
2591 673 -1
2838 674 -1
3101 675 -1
3371 676 -1
3644 677 -1
3918 678 -1
4197 679 -1
4494 680 -1
4791 681 -1
2592 682 -1
2839 683 -1
3102 684 -1
3372 685 -1
3645 686 -1
3919 687 -1
4198 688 -1
4495 689 -1
4792 690 -1
2593 691 -1
2840 692 -1
3103 693 -1
3373 694 -1
3646 695 -1
3920 696 -1
4199 697 -1
4496 698 -1
4793 699 -1
2841 700 -1
2594 700 -1
3104 701 -1
2841 701 -1
3374 702 -1
3104 702 -1
3647 703 -1
3374 703 -1
3921 704 -1
3647 704 -1
4200 705 -1
3921 705 -1
4497 706 -1
4200 706 -1
4794 707 -1
4497 707 -1
4794 708 -1
10123 709 -1
3105 709 -1
2842 709 -1
10124 710 -1
3375 710 -1
3105 710 -1
10125 711 -1
3648 711 -1
3375 711 -1
10126 712 -1
3922 712 -1
3648 712 -1
10127 713 -1
4201 713 -1
3922 713 -1
10128 714 -1
4498 714 -1
4201 714 -1
10123 715 -1
3106 715 -1
2843 715 -1
10122 716 1
10124 716 -1
3376 716 -1
3106 716 -1
10123 717 1
10125 717 -1
3649 717 -1
3376 717 -1
10124 718 1
10126 718 -1
3923 718 -1
3649 718 -1
10127 719 1
4796 719 -1
4499 719 -1
10128 720 1
4796 720 -1
10177 721 -1
3924 721 -1
3650 721 -1
3377 721 -1
3107 721 -1
2844 721 -1
2596 721 -1
10178 722 -1
4203 722 -1
3924 722 -1
3650 722 -1
3377 722 -1
3107 722 -1
2844 722 -1
10179 723 -1
4500 723 -1
4203 723 -1
3924 723 -1
3650 723 -1
3377 723 -1
3107 723 -1
4797 724 -1
4500 724 -1
4203 724 -1
3924 724 -1
3650 724 -1
3377 724 -1
4797 725 -1
4500 725 -1
4203 725 -1
3924 725 -1
3650 725 -1
4797 726 -1
4500 726 -1
4203 726 -1
3924 726 -1
4797 727 -1
4500 727 -1
4203 727 -1
4797 728 -1
4500 728 -1
4797 729 -1
10153 730 -1
3925 730 -1
3651 730 -1
3378 730 -1
3108 730 -1
2845 730 -1
2597 730 -1
10155 731 -1
4501 731 -1
4204 731 -1
3925 731 -1
3651 731 -1
3378 731 -1
3108 731 -1
4798 732 -1
4501 732 -1
4204 732 -1
3925 732 -1
3651 732 -1
3378 732 -1
4798 733 -1
4501 733 -1
4204 733 -1
3925 733 -1
3651 733 -1
4798 734 -1
4501 734 -1
4204 734 -1
3925 734 -1
4798 735 -1
4501 735 -1
4204 735 -1
4798 736 -1
4501 736 -1
4798 737 -1
10177 738 1
4502 738 -1
4205 738 -1
10178 739 1
4799 739 -1
4502 739 -1
10179 740 1
4799 740 -1
10155 741 1
4800 741 -1
2598 742 -1
2846 743 -1
3109 744 -1
3379 745 -1
3652 746 -1
3926 747 -1
4207 748 -1
4504 749 -1
4801 750 -1
2599 751 -1
2847 752 -1
3110 753 -1
3380 754 -1
3653 755 -1
3927 756 -1
4208 757 -1
4505 758 -1
4802 759 -1
3111 760 -1
2848 760 -1
3654 761 -1
3381 761 -1
3928 762 -1
3654 762 -1
4209 763 -1
3928 763 -1
4506 764 -1
4209 764 -1
2849 765 -1
2601 765 -1
3382 766 -1
3112 766 -1
3929 767 -1
3655 767 -1
4210 768 -1
3929 768 -1
4507 769 -1
4210 769 -1
4804 770 -1
4507 770 -1
4804 771 -1
3113 772 -1
2850 772 -1
10115 773 -1
2852 773 -1
2603 773 -1
10116 774 -1
3115 774 -1
2852 774 -1
10117 775 -1
3385 775 -1
3115 775 -1
10118 776 -1
3658 776 -1
3385 776 -1
10119 777 -1
3932 777 -1
3658 777 -1
10120 778 -1
4213 778 -1
3932 778 -1
4807 779 -1
4510 779 -1
4807 780 -1
10116 781 -1
3116 781 -1
2853 781 -1
10115 782 1
10117 782 -1
3386 782 -1
3116 782 -1
10116 783 1
10118 783 -1
3659 783 -1
3386 783 -1
10117 784 1
10119 784 -1
3933 784 -1
3659 784 -1
10118 785 1
10120 785 -1
4214 785 -1
3933 785 -1
10119 786 1
10121 786 -1
4511 786 -1
4214 786 -1
10120 787 1
4808 787 -1
4511 787 -1
10121 788 1
4808 788 -1
10136 789 -1
4215 789 -1
3934 789 -1
3660 789 -1
3387 789 -1
3117 789 -1
2854 789 -1
4809 790 -1
4512 790 -1
4215 790 -1
3934 790 -1
3660 790 -1
3387 790 -1
10132 791 -1
3935 791 -1
3661 791 -1
3388 791 -1
3118 791 -1
2855 791 -1
2605 791 -1
10133 792 -1
4216 792 -1
3935 792 -1
3661 792 -1
3388 792 -1
3118 792 -1
2855 792 -1
4810 793 -1
4513 793 -1
4810 794 -1
10129 795 -1
3937 795 -1
3663 795 -1
3390 795 -1
3120 795 -1
2857 795 -1
2607 795 -1
10130 796 -1
4218 796 -1
3937 796 -1
3663 796 -1
3390 796 -1
3120 796 -1
2857 796 -1
10131 797 -1
4515 797 -1
4218 797 -1
3937 797 -1
3663 797 -1
3390 797 -1
3120 797 -1
4812 798 -1
4515 798 -1
4218 798 -1
3937 798 -1
3663 798 -1
3390 798 -1
4812 799 -1
4515 799 -1
4218 799 -1
3937 799 -1
3663 799 -1
4812 800 -1
4515 800 -1
4218 800 -1
3937 800 -1
4812 801 -1
4515 801 -1
4218 801 -1
4812 802 -1
4515 802 -1
4812 803 -1
10132 804 1
4517 804 -1
4220 804 -1
10133 805 1
4814 805 -1
4517 805 -1
10134 806 1
4814 806 -1
10129 807 1
4519 807 -1
4222 807 -1
10130 808 1
4816 808 -1
4519 808 -1
10131 809 1
4816 809 -1
2608 810 -1
2858 811 -1
3121 812 -1
3391 813 -1
3664 814 -1
3938 815 -1
4223 816 -1
4520 817 -1
4817 818 -1
3939 819 -1
3665 819 -1
4224 820 -1
3939 820 -1
4521 821 -1
4224 821 -1
4818 822 -1
4521 822 -1
4818 823 -1
10156 824 -1
3940 824 -1
3666 824 -1
3392 824 -1
3122 824 -1
2859 824 -1
2609 824 -1
10157 825 -1
4225 825 -1
3940 825 -1
3666 825 -1
3392 825 -1
3122 825 -1
2859 825 -1
10158 826 -1
4522 826 -1
4225 826 -1
3940 826 -1
3666 826 -1
3392 826 -1
3122 826 -1
4819 827 -1
4522 827 -1
4225 827 -1
3940 827 -1
3666 827 -1
3392 827 -1
4819 828 -1
4522 828 -1
4225 828 -1
3940 828 -1
3666 828 -1
4819 829 -1
4522 829 -1
4225 829 -1
3940 829 -1
4819 830 -1
4522 830 -1
4225 830 -1
4819 831 -1
4522 831 -1
4819 832 -1
10156 833 1
4523 833 -1
4226 833 -1
10157 834 1
4820 834 -1
4523 834 -1
10158 835 1
4820 835 -1
2610 836 -1
2860 837 -1
3123 838 -1
3393 839 -1
3667 840 -1
3941 841 -1
4227 842 -1
4524 843 -1
4821 844 -1
2611 845 -1
2861 846 -1
3124 847 -1
3394 848 -1
3668 849 -1
3942 850 -1
4228 851 -1
4525 852 -1
4822 853 -1
10095 854 -1
3125 854 -1
2862 854 -1
10097 855 -1
3669 855 -1
3395 855 -1
10099 856 -1
4229 856 -1
3943 856 -1
10100 857 -1
4526 857 -1
4229 857 -1
10101 858 -1
2863 858 -1
2613 858 -1
10103 859 -1
3396 859 -1
3126 859 -1
10104 860 -1
3670 860 -1
3396 860 -1
10105 861 -1
3944 861 -1
3670 861 -1
4824 862 -1
4527 862 -1
2864 863 -1
2614 863 -1
3671 864 -1
3397 864 -1
4231 865 -1
3945 865 -1
4528 866 -1
4231 866 -1
4825 867 -1
4528 867 -1
4825 868 -1
10102 869 -1
3129 869 -1
2866 869 -1
10101 870 1
10103 870 -1
3399 870 -1
3129 870 -1
10102 871 1
10104 871 -1
3673 871 -1
3399 871 -1
10103 872 1
10105 872 -1
3947 872 -1
3673 872 -1
10104 873 1
10106 873 -1
4233 873 -1
3947 873 -1
10105 874 1
10107 874 -1
4530 874 -1
4233 874 -1
10106 875 1
4827 875 -1
4530 875 -1
4828 876 -1
4531 876 -1
4234 876 -1
3948 876 -1
4828 877 -1
4531 877 -1
4828 878 -1
4829 879 -1
10147 880 -1
3950 880 -1
3676 880 -1
3402 880 -1
3132 880 -1
2869 880 -1
2617 880 -1
10148 881 -1
4236 881 -1
3950 881 -1
3676 881 -1
3402 881 -1
3132 881 -1
2869 881 -1
10149 882 -1
4533 882 -1
4236 882 -1
3950 882 -1
3676 882 -1
3402 882 -1
3132 882 -1
4830 883 -1
4533 883 -1
4236 883 -1
3950 883 -1
3676 883 -1
3402 883 -1
4830 884 -1
4533 884 -1
4236 884 -1
3950 884 -1
3676 884 -1
4830 885 -1
4533 885 -1
4236 885 -1
3950 885 -1
4830 886 -1
4533 886 -1
4236 886 -1
4830 887 -1
4533 887 -1
4830 888 -1
10147 889 1
4536 889 -1
4239 889 -1
10148 890 1
4833 890 -1
4536 890 -1
10149 891 1
4833 891 -1
2618 892 -1
2870 893 -1
3133 894 -1
3403 895 -1
3677 896 -1
3951 897 -1
4240 898 -1
4537 899 -1
4834 900 -1
10108 901 -1
2871 901 -1
2619 901 -1
10109 902 -1
3134 902 -1
2871 902 -1
10110 903 -1
3404 903 -1
3134 903 -1
10111 904 -1
3678 904 -1
3404 904 -1
10114 905 -1
4538 905 -1
4241 905 -1
3953 906 -1
3679 906 -1
4242 907 -1
3953 907 -1
4539 908 -1
4242 908 -1
4836 909 -1
4539 909 -1
4836 910 -1
10109 911 -1
3136 911 -1
2872 911 -1
10109 912 1
10111 912 -1
3680 912 -1
3406 912 -1
10110 913 1
10112 913 -1
3954 913 -1
3680 913 -1
10112 914 1
10114 914 -1
4540 914 -1
4243 914 -1
10162 915 -1
3955 915 -1
3681 915 -1
3407 915 -1
3137 915 -1
2873 915 -1
2620 915 -1
10163 916 -1
4244 916 -1
3955 916 -1
3681 916 -1
3407 916 -1
3137 916 -1
2873 916 -1
10164 917 -1
4541 917 -1
4244 917 -1
3955 917 -1
3681 917 -1
3407 917 -1
3137 917 -1
4838 918 -1
4541 918 -1
4244 918 -1
3955 918 -1
3681 918 -1
10159 919 -1
3956 919 -1
3682 919 -1
3408 919 -1
3138 919 -1
2874 919 -1
2621 919 -1
10160 920 -1
4245 920 -1
3956 920 -1
3682 920 -1
3408 920 -1
3138 920 -1
2874 920 -1
10161 921 -1
4542 921 -1
4245 921 -1
3956 921 -1
3682 921 -1
3408 921 -1
3138 921 -1
4839 922 -1
4542 922 -1
4245 922 -1
3956 922 -1
3682 922 -1
4839 923 -1
4542 923 -1
4245 923 -1
3956 923 -1
4839 924 -1
4542 924 -1
4245 924 -1
4839 925 -1
4542 925 -1
10162 926 1
4543 926 -1
4246 926 -1
10163 927 1
4840 927 -1
4543 927 -1
10164 928 1
4840 928 -1
10159 929 1
4544 929 -1
4247 929 -1
2622 930 -1
2875 931 -1
3139 932 -1
3409 933 -1
3683 934 -1
3957 935 -1
4248 936 -1
4545 937 -1
4842 938 -1
3140 939 -1
2876 939 -1
3410 940 -1
3140 940 -1
3684 941 -1
3410 941 -1
4249 942 -1
3958 942 -1
4546 943 -1
4249 943 -1
4843 944 -1
4546 944 -1
4844 945 -1
4547 945 -1
4250 945 -1
3959 945 -1
3685 945 -1
3411 945 -1
4844 946 -1
4547 946 -1
4250 946 -1
3959 946 -1
4844 947 -1
4547 947 -1
10168 948 1
4548 948 -1
4251 948 -1
10169 949 1
4845 949 -1
4548 949 -1
2625 950 -1
2878 951 -1
3142 952 -1
3412 953 -1
3686 954 -1
3960 955 -1
4252 956 -1
4549 957 -1
4846 958 -1
3687 959 -1
3413 959 -1
3961 960 -1
3687 960 -1
4253 961 -1
3961 961 -1
4550 962 -1
4253 962 -1
4847 963 -1
4550 963 -1
4847 964 -1
10150 965 -1
3962 965 -1
3688 965 -1
3414 965 -1
3143 965 -1
2879 965 -1
2626 965 -1
10151 966 -1
4254 966 -1
3962 966 -1
3688 966 -1
3414 966 -1
3143 966 -1
2879 966 -1
10152 967 -1
4551 967 -1
4254 967 -1
3962 967 -1
3688 967 -1
3414 967 -1
3143 967 -1
4848 968 -1
4551 968 -1
4254 968 -1
3962 968 -1
3688 968 -1
3414 968 -1
4848 969 -1
4551 969 -1
4254 969 -1
3962 969 -1
3688 969 -1
4848 970 -1
4551 970 -1
4254 970 -1
3962 970 -1
4848 971 -1
4551 971 -1
4254 971 -1
4848 972 -1
4551 972 -1
4848 973 -1
10150 974 1
4552 974 -1
4255 974 -1
10151 975 1
4849 975 -1
4552 975 -1
10152 976 1
4849 976 -1
2627 977 -1
2880 978 -1
3144 979 -1
3415 980 -1
3689 981 -1
3963 982 -1
4256 983 -1
4553 984 -1
4850 985 -1
10175 986 -1
4258 986 -1
3965 986 -1
3691 986 -1
3417 986 -1
3146 986 -1
2882 986 -1
10176 987 -1
4555 987 -1
4258 987 -1
3965 987 -1
3691 987 -1
3417 987 -1
3146 987 -1
4852 988 -1
4555 988 -1
4258 988 -1
3965 988 -1
4852 989 -1
4555 989 -1
2630 990 -1
2883 991 -1
3147 992 -1
3418 993 -1
3692 994 -1
3966 995 -1
4260 996 -1
4557 997 -1
4854 998 -1
2884 999 -1
2631 999 -1
3148 1000 -1
2884 1000 -1
3419 1001 -1
3148 1001 -1
3693 1002 -1
3419 1002 -1
3967 1003 -1
3693 1003 -1
4261 1004 -1
3967 1004 -1
4558 1005 -1
4261 1005 -1
4855 1006 -1
4558 1006 -1
4855 1007 -1
10171 1008 -1
3968 1008 -1
3694 1008 -1
3420 1008 -1
3149 1008 -1
2885 1008 -1
2632 1008 -1
10172 1009 -1
4262 1009 -1
3968 1009 -1
3694 1009 -1
3420 1009 -1
3149 1009 -1
2885 1009 -1
10173 1010 -1
4559 1010 -1
4262 1010 -1
3968 1010 -1
3694 1010 -1
3420 1010 -1
3149 1010 -1
4856 1011 -1
4559 1011 -1
4262 1011 -1
3968 1011 -1
3694 1011 -1
3420 1011 -1
4856 1012 -1
4559 1012 -1
4262 1012 -1
3968 1012 -1
3694 1012 -1
4856 1013 -1
4559 1013 -1
4262 1013 -1
3968 1013 -1
4856 1014 -1
4559 1014 -1
4262 1014 -1
4856 1015 -1
4559 1015 -1
4856 1016 -1
10171 1017 1
4560 1017 -1
4263 1017 -1
10172 1018 1
4857 1018 -1
4560 1018 -1
10173 1019 1
4857 1019 -1
2633 1020 -1
2886 1021 -1
3150 1022 -1
3421 1023 -1
3695 1024 -1
3969 1025 -1
4264 1026 -1
4561 1027 -1
4858 1028 -1
2887 1029 -1
2634 1029 -1
3151 1030 -1
2887 1030 -1
3422 1031 -1
3151 1031 -1
3696 1032 -1
3422 1032 -1
3970 1033 -1
3696 1033 -1
4265 1034 -1
3970 1034 -1
4562 1035 -1
4265 1035 -1
4859 1036 -1
4562 1036 -1
4859 1037 -1
10165 1038 -1
3971 1038 -1
3697 1038 -1
3423 1038 -1
3152 1038 -1
2888 1038 -1
2635 1038 -1
10166 1039 -1
4266 1039 -1
3971 1039 -1
3697 1039 -1
3423 1039 -1
3152 1039 -1
2888 1039 -1
10167 1040 -1
4563 1040 -1
4266 1040 -1
3971 1040 -1
3697 1040 -1
3423 1040 -1
3152 1040 -1
4860 1041 -1
4563 1041 -1
4266 1041 -1
3971 1041 -1
3697 1041 -1
3423 1041 -1
4860 1042 -1
4563 1042 -1
4266 1042 -1
3971 1042 -1
3697 1042 -1
4860 1043 -1
4563 1043 -1
4266 1043 -1
3971 1043 -1
4860 1044 -1
4563 1044 -1
4266 1044 -1
4860 1045 -1
4563 1045 -1
4860 1046 -1
10165 1047 1
4564 1047 -1
4267 1047 -1
10166 1048 1
4861 1048 -1
4564 1048 -1
10167 1049 1
4861 1049 -1
3424 1050 -1
3153 1050 -1
2889 1050 -1
2636 1050 -1
3972 1051 -1
3698 1051 -1
3424 1051 -1
3153 1051 -1
4268 1052 -1
3972 1052 -1
3698 1052 -1
3424 1052 -1
4862 1053 -1
4565 1053 -1
4268 1053 -1
3972 1053 -1
4862 1054 -1
4565 1054 -1
4268 1054 -1
4862 1055 -1
4565 1055 -1
3425 1056 -1
3154 1056 -1
2890 1056 -1
2637 1056 -1
3699 1057 -1
3425 1057 -1
3154 1057 -1
2890 1057 -1
3973 1058 -1
3699 1058 -1
3425 1058 -1
3154 1058 -1
4269 1059 -1
3973 1059 -1
3699 1059 -1
3425 1059 -1
4566 1060 -1
4269 1060 -1
3973 1060 -1
3699 1060 -1
4863 1061 -1
4566 1061 -1
4269 1061 -1
3973 1061 -1
4863 1062 -1
4566 1062 -1
4269 1062 -1
4863 1063 -1
4566 1063 -1
3426 1064 -1
3155 1064 -1
2891 1064 -1
2638 1064 -1
3700 1065 -1
3426 1065 -1
3155 1065 -1
2891 1065 -1
4864 1066 -1
4567 1066 -1
4270 1066 -1
4864 1067 -1
4567 1067 -1
4864 1068 -1
3701 1069 -1
3427 1069 -1
3156 1069 -1
2892 1069 -1
4271 1070 -1
3975 1070 -1
3701 1070 -1
3427 1070 -1
4568 1071 -1
4271 1071 -1
3975 1071 -1
3701 1071 -1
4865 1072 -1
4568 1072 -1
4271 1072 -1
3975 1072 -1
4865 1073 -1
4568 1073 -1
4271 1073 -1
4865 1074 -1
4568 1074 -1
4865 1075 -1
3428 1076 -1
3157 1076 -1
2893 1076 -1
2640 1076 -1
3702 1077 -1
3428 1077 -1
3157 1077 -1
2893 1077 -1
3976 1078 -1
3702 1078 -1
3428 1078 -1
3157 1078 -1
4272 1079 -1
3976 1079 -1
3702 1079 -1
3428 1079 -1
4569 1080 -1
4272 1080 -1
3976 1080 -1
3702 1080 -1
4866 1081 -1
4569 1081 -1
4272 1081 -1
3976 1081 -1
3977 1082 -1
3703 1082 -1
3429 1082 -1
3158 1082 -1
4273 1083 -1
3977 1083 -1
3703 1083 -1
3429 1083 -1
4570 1084 -1
4273 1084 -1
3977 1084 -1
3703 1084 -1
4867 1085 -1
4570 1085 -1
4273 1085 -1
3977 1085 -1
4867 1086 -1
4570 1086 -1
4273 1086 -1
4867 1087 -1
4570 1087 -1
4867 1088 -1
3430 1089 -1
3159 1089 -1
2895 1089 -1
2642 1089 -1
3978 1090 -1
3704 1090 -1
3430 1090 -1
3159 1090 -1
4571 1091 -1
4274 1091 -1
3978 1091 -1
3704 1091 -1
4868 1092 -1
4571 1092 -1
4274 1092 -1
2643 1093 -1
2896 1094 -1
3160 1095 -1
3431 1096 -1
3705 1097 -1
3979 1098 -1
4275 1099 -1
4572 1100 -1
4869 1101 -1
2644 1102 -1
2897 1103 -1
3161 1104 -1
3432 1105 -1
3706 1106 -1
3980 1107 -1
4276 1108 -1
4573 1109 -1
4870 1110 -1
2645 1111 -1
2898 1112 -1
3162 1113 -1
3433 1114 -1
3707 1115 -1
3981 1116 -1
4277 1117 -1
4574 1118 -1
4871 1119 -1
2646 1120 -1
2899 1121 -1
3163 1122 -1
3434 1123 -1
3708 1124 -1
3982 1125 -1
4278 1126 -1
4575 1127 -1
4872 1128 -1
2647 1129 -1
2900 1130 -1
3164 1131 -1
3435 1132 -1
3709 1133 -1
3983 1134 -1
4279 1135 -1
4576 1136 -1
4873 1137 -1
2648 1138 -1
2901 1139 -1
3165 1140 -1
3436 1141 -1
3710 1142 -1
3984 1143 -1
4280 1144 -1
4577 1145 -1
4874 1146 -1
2649 1147 -1
2902 1148 -1
3166 1149 -1
3437 1150 -1
3711 1151 -1
3985 1152 -1
4281 1153 -1
4578 1154 -1
4875 1155 -1
2650 1156 -1
2903 1157 -1
3167 1158 -1
3438 1159 -1
3712 1160 -1
3986 1161 -1
4282 1162 -1
4579 1163 -1
4876 1164 -1
2651 1165 -1
2904 1166 -1
3168 1167 -1
3439 1168 -1
3713 1169 -1
3987 1170 -1
4283 1171 -1
4580 1172 -1
4877 1173 -1
2652 1174 -1
2905 1175 -1
3169 1176 -1
3440 1177 -1
3714 1178 -1
3988 1179 -1
4284 1180 -1
4581 1181 -1
4878 1182 -1
2653 1183 -1
2906 1184 -1
3170 1185 -1
3441 1186 -1
3715 1187 -1
3989 1188 -1
4285 1189 -1
4582 1190 -1
4879 1191 -1
2654 1192 -1
2907 1193 -1
3171 1194 -1
3442 1195 -1
3716 1196 -1
3990 1197 -1
4286 1198 -1
4583 1199 -1
4880 1200 -1
2655 1201 -1
2908 1202 -1
3172 1203 -1
3443 1204 -1
3717 1205 -1
3991 1206 -1
4287 1207 -1
4584 1208 -1
4881 1209 -1
2656 1210 -1
2909 1211 -1
3173 1212 -1
3444 1213 -1
3718 1214 -1
3992 1215 -1
4288 1216 -1
4585 1217 -1
4882 1218 -1
2657 1219 -1
2910 1220 -1
3174 1221 -1
3445 1222 -1
3719 1223 -1
3993 1224 -1
4289 1225 -1
4586 1226 -1
4883 1227 -1
3994 1228 -1
3720 1228 -1
3446 1228 -1
3175 1228 -1
2911 1228 -1
2658 1228 -1
4290 1229 -1
3994 1229 -1
3720 1229 -1
3446 1229 -1
3175 1229 -1
2911 1229 -1
4587 1230 -1
4290 1230 -1
3994 1230 -1
3720 1230 -1
3446 1230 -1
3175 1230 -1
4884 1231 -1
4587 1231 -1
4290 1231 -1
3994 1231 -1
3720 1231 -1
3446 1231 -1
4884 1232 -1
4587 1232 -1
4290 1232 -1
3994 1232 -1
3995 1233 -1
3721 1233 -1
3447 1233 -1
3176 1233 -1
2912 1233 -1
2659 1233 -1
4291 1234 -1
3995 1234 -1
3721 1234 -1
3447 1234 -1
3176 1234 -1
2912 1234 -1
4588 1235 -1
4291 1235 -1
3995 1235 -1
3721 1235 -1
3447 1235 -1
3176 1235 -1
4885 1236 -1
4588 1236 -1
4291 1236 -1
3995 1236 -1
3721 1236 -1
3447 1236 -1
4885 1237 -1
4588 1237 -1
4291 1237 -1
3995 1237 -1
3721 1237 -1
4885 1238 -1
4588 1238 -1
4291 1238 -1
3995 1238 -1
4885 1239 -1
3996 1240 -1
3722 1240 -1
3448 1240 -1
3177 1240 -1
2913 1240 -1
2660 1240 -1
4292 1241 -1
3996 1241 -1
3722 1241 -1
3448 1241 -1
3177 1241 -1
2913 1241 -1
4589 1242 -1
4292 1242 -1
3996 1242 -1
3722 1242 -1
3448 1242 -1
3177 1242 -1
4886 1243 -1
3997 1244 -1
3723 1244 -1
3449 1244 -1
3178 1244 -1
2914 1244 -1
2661 1244 -1
4293 1245 -1
3997 1245 -1
3723 1245 -1
3449 1245 -1
3178 1245 -1
2914 1245 -1
4590 1246 -1
4293 1246 -1
3997 1246 -1
3723 1246 -1
3449 1246 -1
3178 1246 -1
4887 1247 -1
4590 1247 -1
4293 1247 -1
3997 1247 -1
3723 1247 -1
3449 1247 -1
4887 1248 -1
4590 1248 -1
4293 1248 -1
3997 1248 -1
3723 1248 -1
4887 1249 -1
4590 1249 -1
4293 1249 -1
3997 1249 -1
4887 1250 -1
4590 1250 -1
4887 1251 -1
3998 1252 -1
3724 1252 -1
3450 1252 -1
3179 1252 -1
2915 1252 -1
2662 1252 -1
4294 1253 -1
3998 1253 -1
3724 1253 -1
3450 1253 -1
3179 1253 -1
2915 1253 -1
4591 1254 -1
4294 1254 -1
3998 1254 -1
3724 1254 -1
3450 1254 -1
3179 1254 -1
4888 1255 -1
4591 1255 -1
4294 1255 -1
3998 1255 -1
3724 1255 -1
3450 1255 -1
4888 1256 -1
4591 1256 -1
4294 1256 -1
3998 1256 -1
3724 1256 -1
4888 1257 -1
4591 1257 -1
4294 1257 -1
4888 1258 -1
4591 1258 -1
4888 1259 -1
3999 1260 -1
3725 1260 -1
3451 1260 -1
3180 1260 -1
2916 1260 -1
2663 1260 -1
4295 1261 -1
3999 1261 -1
3725 1261 -1
3451 1261 -1
3180 1261 -1
2916 1261 -1
4592 1262 -1
4295 1262 -1
3999 1262 -1
3725 1262 -1
3451 1262 -1
3180 1262 -1
4889 1263 -1
4592 1263 -1
4295 1263 -1
3999 1263 -1
3725 1263 -1
3451 1263 -1
4889 1264 -1
4592 1264 -1
4295 1264 -1
3999 1264 -1
3725 1264 -1
4889 1265 -1
4592 1265 -1
4295 1265 -1
3999 1265 -1
4889 1266 -1
4592 1266 -1
4295 1266 -1
4889 1267 -1
4592 1267 -1
4889 1268 -1
4000 1269 -1
3726 1269 -1
3452 1269 -1
3181 1269 -1
2917 1269 -1
2664 1269 -1
4296 1270 -1
4000 1270 -1
3726 1270 -1
3452 1270 -1
3181 1270 -1
2917 1270 -1
4593 1271 -1
4296 1271 -1
4000 1271 -1
3726 1271 -1
3452 1271 -1
3181 1271 -1
4890 1272 -1
2665 1273 -1
2918 1274 -1
3182 1275 -1
3453 1276 -1
3727 1277 -1
4001 1278 -1
4297 1279 -1
4594 1280 -1
4891 1281 -1
2666 1282 -1
2919 1283 -1
3183 1284 -1
3454 1285 -1
3728 1286 -1
4002 1287 -1
4298 1288 -1
4595 1289 -1
4892 1290 -1
2667 1291 -1
2920 1292 -1
3184 1293 -1
3729 1294 -1
4003 1295 -1
4299 1296 -1
4596 1297 -1
4893 1298 -1
2668 1299 -1
2921 1300 -1
3185 1301 -1
3456 1302 -1
3730 1303 -1
4004 1304 -1
4300 1305 -1
4597 1306 -1
4894 1307 -1
3457 1308 -1
3186 1308 -1
2922 1308 -1
2669 1308 -1
3731 1309 -1
3457 1309 -1
3186 1309 -1
2922 1309 -1
4005 1310 -1
3731 1310 -1
3457 1310 -1
3186 1310 -1
4301 1311 -1
4005 1311 -1
3731 1311 -1
3457 1311 -1
4598 1312 -1
4301 1312 -1
4005 1312 -1
3731 1312 -1
4895 1313 -1
4598 1313 -1
4301 1313 -1
4005 1313 -1
4895 1314 -1
4598 1314 -1
4301 1314 -1
4895 1315 -1
4598 1315 -1
4895 1316 -1
2671 1317 -1
2924 1318 -1
3188 1319 -1
3459 1320 -1
3733 1321 -1
4007 1322 -1
4303 1323 -1
4600 1324 -1
4897 1325 -1
2672 1326 -1
2925 1327 -1
3189 1328 -1
3460 1329 -1
3734 1330 -1
4008 1331 -1
4304 1332 -1
4601 1333 -1
4898 1334 -1
2673 1335 -1
2926 1336 -1
3190 1337 -1
3461 1338 -1
3735 1339 -1
4009 1340 -1
4305 1341 -1
4602 1342 -1
4899 1343 -1
2674 1344 -1
2927 1345 -1
3191 1346 -1
3462 1347 -1
3736 1348 -1
4010 1349 -1
4306 1350 -1
4603 1351 -1
4900 1352 -1
2675 1353 -1
2928 1354 -1
3192 1355 -1
3463 1356 -1
3737 1357 -1
4011 1358 -1
4307 1359 -1
4604 1360 -1
4901 1361 -1
2676 1362 -1
2929 1363 -1
3193 1364 -1
3464 1365 -1
3738 1366 -1
4012 1367 -1
4308 1368 -1
4605 1369 -1
4902 1370 -1
2677 1371 -1
2930 1372 -1
3194 1373 -1
3465 1374 -1
3739 1375 -1
4013 1376 -1
4309 1377 -1
4606 1378 -1
4903 1379 -1
2678 1380 -1
2931 1381 -1
3195 1382 -1
3466 1383 -1
3740 1384 -1
4014 1385 -1
4310 1386 -1
4607 1387 -1
4904 1388 -1
2679 1389 -1
2932 1390 -1
3196 1391 -1
3467 1392 -1
3741 1393 -1
4015 1394 -1
4311 1395 -1
4608 1396 -1
4905 1397 -1
2680 1398 -1
2933 1399 -1
3197 1400 -1
3468 1401 -1
3742 1402 -1
4016 1403 -1
4312 1404 -1
4609 1405 -1
4906 1406 -1
2681 1407 -1
2934 1408 -1
3198 1409 -1
3469 1410 -1
3743 1411 -1
4017 1412 -1
4313 1413 -1
4610 1414 -1
4907 1415 -1
2682 1416 -1
2935 1417 -1
3199 1418 -1
3470 1419 -1
3744 1420 -1
4018 1421 -1
4314 1422 -1
4611 1423 -1
4908 1424 -1
3471 1425 -1
3200 1425 -1
4019 1426 -1
3745 1426 -1
4612 1427 -1
4315 1427 -1
4909 1428 -1
10079 1429 -1
4020 1429 -1
3746 1429 -1
3472 1429 -1
3201 1429 -1
2936 1429 -1
2683 1429 -1
10080 1430 -1
4316 1430 -1
4020 1430 -1
3746 1430 -1
3472 1430 -1
3201 1430 -1
2936 1430 -1
4910 1431 -1
4613 1431 -1
4316 1431 -1
4910 1432 -1
4317 1433 -1
4021 1433 -1
10079 1434 1
4614 1434 -1
4317 1434 -1
10081 1435 1
4911 1435 -1
2684 1436 -1
2937 1437 -1
3202 1438 -1
3473 1439 -1
3747 1440 -1
4022 1441 -1
4318 1442 -1
4615 1443 -1
4912 1444 -1
2938 1445 -1
2685 1445 -1
3203 1446 -1
2938 1446 -1
3474 1447 -1
3203 1447 -1
2687 1448 -1
2940 1449 -1
3205 1450 -1
3476 1451 -1
3750 1452 -1
4026 1453 -1
4322 1454 -1
4619 1455 -1
4916 1456 -1
3751 1457 -1
3477 1457 -1
4027 1458 -1
3751 1458 -1
4323 1459 -1
4027 1459 -1
4917 1460 -1
4620 1460 -1
4918 1461 -1
4621 1461 -1
4324 1461 -1
4028 1461 -1
3752 1461 -1
3478 1461 -1
4918 1462 -1
4621 1462 -1
4324 1462 -1
4028 1462 -1
4918 1463 -1
4621 1463 -1
4918 1464 -1
10076 1465 1
4622 1465 -1
4325 1465 -1
2689 1466 -1
2942 1467 -1
3207 1468 -1
3479 1469 -1
3753 1470 -1
4029 1471 -1
4326 1472 -1
4623 1473 -1
4920 1474 -1
10092 1475 -1
4328 1475 -1
4031 1475 -1
3755 1475 -1
3481 1475 -1
3209 1475 -1
2944 1475 -1
10093 1476 -1
4625 1476 -1
4328 1476 -1
4031 1476 -1
3755 1476 -1
3481 1476 -1
3209 1476 -1
4922 1477 -1
2692 1478 -1
2945 1479 -1
3210 1480 -1
3482 1481 -1
3756 1482 -1
4033 1483 -1
4330 1484 -1
4627 1485 -1
4924 1486 -1
2695 1487 -1
2948 1488 -1
3213 1489 -1
3485 1490 -1
3759 1491 -1
4037 1492 -1
4334 1493 -1
4631 1494 -1
4928 1495 -1
2949 1496 -1
2696 1496 -1
3214 1497 -1
2949 1497 -1
3486 1498 -1
3214 1498 -1
3760 1499 -1
3486 1499 -1
4038 1500 -1
3760 1500 -1
4335 1501 -1
4038 1501 -1
4929 1502 -1
4632 1502 -1
10082 1503 -1
4039 1503 -1
3761 1503 -1
3487 1503 -1
3215 1503 -1
2950 1503 -1
2697 1503 -1
10083 1504 -1
4336 1504 -1
4039 1504 -1
3761 1504 -1
3487 1504 -1
3215 1504 -1
2950 1504 -1
4930 1505 -1
4633 1505 -1
4336 1505 -1
4039 1505 -1
3761 1505 -1
3487 1505 -1
4930 1506 -1
4633 1506 -1
4336 1506 -1
4039 1506 -1
4930 1507 -1
4633 1507 -1
4930 1508 -1
4337 1509 -1
4040 1509 -1
10082 1510 1
4634 1510 -1
4337 1510 -1
10083 1511 1
4931 1511 -1
4634 1511 -1
3488 1512 -1
3216 1512 -1
2951 1512 -1
2698 1512 -1
3762 1513 -1
3488 1513 -1
3216 1513 -1
2951 1513 -1
4338 1514 -1
4041 1514 -1
3762 1514 -1
3488 1514 -1
4635 1515 -1
4338 1515 -1
4041 1515 -1
3762 1515 -1
4932 1516 -1
4635 1516 -1
4338 1516 -1
4041 1516 -1
4932 1517 -1
4635 1517 -1
4338 1517 -1
4932 1518 -1
3489 1519 -1
3217 1519 -1
2952 1519 -1
2699 1519 -1
4636 1520 -1
4339 1520 -1
4042 1520 -1
3763 1520 -1
4933 1521 -1
4636 1521 -1
4339 1521 -1
4042 1521 -1
3490 1522 -1
3218 1522 -1
2953 1522 -1
2700 1522 -1
4043 1523 -1
3764 1523 -1
3490 1523 -1
3218 1523 -1
4637 1524 -1
4340 1524 -1
4043 1524 -1
3764 1524 -1
4934 1525 -1
4637 1525 -1
4340 1525 -1
4934 1526 -1
4637 1526 -1
4934 1527 -1
3491 1528 -1
3219 1528 -1
2954 1528 -1
2701 1528 -1
4638 1529 -1
4341 1529 -1
4044 1529 -1
3765 1529 -1
4935 1530 -1
4638 1530 -1
4341 1530 -1
4044 1530 -1
2702 1531 -1
2955 1532 -1
3220 1533 -1
3492 1534 -1
3766 1535 -1
4045 1536 -1
4342 1537 -1
4639 1538 -1
4936 1539 -1
2703 1540 -1
2956 1541 -1
3221 1542 -1
3493 1543 -1
3767 1544 -1
4046 1545 -1
4343 1546 -1
4640 1547 -1
4937 1548 -1
4047 1549 -1
3768 1549 -1
3494 1549 -1
3222 1549 -1
4344 1550 -1
4047 1550 -1
3768 1550 -1
3494 1550 -1
4641 1551 -1
4344 1551 -1
4047 1551 -1
3768 1551 -1
4938 1552 -1
4641 1552 -1
4344 1552 -1
4938 1553 -1
3495 1554 -1
3223 1554 -1
2958 1554 -1
2705 1554 -1
3769 1555 -1
3495 1555 -1
3223 1555 -1
2958 1555 -1
4048 1556 -1
3769 1556 -1
3495 1556 -1
3223 1556 -1
4345 1557 -1
4048 1557 -1
3769 1557 -1
3495 1557 -1
4642 1558 -1
4345 1558 -1
4048 1558 -1
3769 1558 -1
4939 1559 -1
4642 1559 -1
4345 1559 -1
4048 1559 -1
4939 1560 -1
4642 1560 -1
4345 1560 -1
4939 1561 -1
4642 1561 -1
4939 1562 -1
4049 1563 -1
3770 1563 -1
3496 1563 -1
3224 1563 -1
4346 1564 -1
4049 1564 -1
3770 1564 -1
3496 1564 -1
4643 1565 -1
4346 1565 -1
4049 1565 -1
3770 1565 -1
4940 1566 -1
4643 1566 -1
4346 1566 -1
4940 1567 -1
4643 1567 -1
4940 1568 -1
3497 1569 -1
3225 1569 -1
2960 1569 -1
2707 1569 -1
3771 1570 -1
3497 1570 -1
3225 1570 -1
2960 1570 -1
4050 1571 -1
3771 1571 -1
3497 1571 -1
3225 1571 -1
4347 1572 -1
4050 1572 -1
3771 1572 -1
3497 1572 -1
4644 1573 -1
4347 1573 -1
4050 1573 -1
3771 1573 -1
4941 1574 -1
4644 1574 -1
4347 1574 -1
4050 1574 -1
4941 1575 -1
4644 1575 -1
4347 1575 -1
4941 1576 -1
4644 1576 -1
4051 1577 -1
3772 1577 -1
3498 1577 -1
3226 1577 -1
4348 1578 -1
4051 1578 -1
3772 1578 -1
3498 1578 -1
4645 1579 -1
4348 1579 -1
4051 1579 -1
3772 1579 -1
4942 1580 -1
4645 1580 -1
4348 1580 -1
4051 1580 -1
4942 1581 -1
4645 1581 -1
4348 1581 -1
4942 1582 -1
3499 1583 -1
3227 1583 -1
2962 1583 -1
2709 1583 -1
3773 1584 -1
3499 1584 -1
3227 1584 -1
2962 1584 -1
4052 1585 -1
3773 1585 -1
3499 1585 -1
3227 1585 -1
4349 1586 -1
4052 1586 -1
3773 1586 -1
3499 1586 -1
4646 1587 -1
4349 1587 -1
4052 1587 -1
3773 1587 -1
4943 1588 -1
4646 1588 -1
4349 1588 -1
4052 1588 -1
4943 1589 -1
4646 1589 -1
4349 1589 -1
4943 1590 -1
4646 1590 -1
4943 1591 -1
3500 1592 -1
3228 1592 -1
2963 1592 -1
2710 1592 -1
3774 1593 -1
3500 1593 -1
3228 1593 -1
2963 1593 -1
4053 1594 -1
3774 1594 -1
3500 1594 -1
3228 1594 -1
4350 1595 -1
4053 1595 -1
3774 1595 -1
3500 1595 -1
4647 1596 -1
4350 1596 -1
4053 1596 -1
3774 1596 -1
4944 1597 -1
4647 1597 -1
4350 1597 -1
4053 1597 -1
4944 1598 -1
4647 1598 -1
4350 1598 -1
4944 1599 -1
4647 1599 -1
4944 1600 -1
2711 1601 -1
2964 1602 -1
3229 1603 -1
3501 1604 -1
3775 1605 -1
4054 1606 -1
4351 1607 -1
4648 1608 -1
4945 1609 -1
3502 1610 -1
3230 1610 -1
2965 1610 -1
2712 1610 -1
3776 1611 -1
3502 1611 -1
3230 1611 -1
2965 1611 -1
4055 1612 -1
3776 1612 -1
3502 1612 -1
3230 1612 -1
4352 1613 -1
4055 1613 -1
3776 1613 -1
3502 1613 -1
4649 1614 -1
4352 1614 -1
4055 1614 -1
3776 1614 -1
4946 1615 -1
4649 1615 -1
4352 1615 -1
4055 1615 -1
4946 1616 -1
4649 1616 -1
4352 1616 -1
4946 1617 -1
4649 1617 -1
4946 1618 -1
3503 1619 -1
3231 1619 -1
2966 1619 -1
2713 1619 -1
3777 1620 -1
3503 1620 -1
3231 1620 -1
2966 1620 -1
4056 1621 -1
3777 1621 -1
3503 1621 -1
3231 1621 -1
4353 1622 -1
4056 1622 -1
3777 1622 -1
3503 1622 -1
4650 1623 -1
4353 1623 -1
4056 1623 -1
3777 1623 -1
4947 1624 -1
4650 1624 -1
4353 1624 -1
4056 1624 -1
4947 1625 -1
4650 1625 -1
4353 1625 -1
4947 1626 -1
4650 1626 -1
4947 1627 -1
3504 1628 -1
3232 1628 -1
2967 1628 -1
3778 1629 -1
3504 1629 -1
3232 1629 -1
4057 1630 -1
3778 1630 -1
3504 1630 -1
4354 1631 -1
4057 1631 -1
3778 1631 -1
4651 1632 -1
4354 1632 -1
4057 1632 -1
4948 1633 -1
4651 1633 -1
4354 1633 -1
4948 1634 -1
4651 1634 -1
4948 1635 -1
4058 1636 -1
3779 1636 -1
3505 1636 -1
4355 1637 -1
4058 1637 -1
3779 1637 -1
4949 1638 -1
4652 1638 -1
4949 1639 -1
3780 1640 -1
3506 1640 -1
3234 1640 -1
4059 1641 -1
3780 1641 -1
3506 1641 -1
4356 1642 -1
4059 1642 -1
3780 1642 -1
4653 1643 -1
4356 1643 -1
4059 1643 -1
4950 1644 -1
4653 1644 -1
4356 1644 -1
4950 1645 -1
3235 1646 -1
2970 1646 -1
2717 1646 -1
3507 1647 -1
3235 1647 -1
2970 1647 -1
3781 1648 -1
3507 1648 -1
3235 1648 -1
4060 1649 -1
3781 1649 -1
3507 1649 -1
4357 1650 -1
4060 1650 -1
3781 1650 -1
4654 1651 -1
4357 1651 -1
4060 1651 -1
4951 1652 -1
4654 1652 -1
4357 1652 -1
4951 1653 -1
4654 1653 -1
4951 1654 -1
3236 1655 -1
2971 1655 -1
2718 1655 -1
3508 1656 -1
3236 1656 -1
2971 1656 -1
3782 1657 -1
3508 1657 -1
3236 1657 -1
4061 1658 -1
3782 1658 -1
3508 1658 -1
4358 1659 -1
4061 1659 -1
3782 1659 -1
4655 1660 -1
4358 1660 -1
4061 1660 -1
4952 1661 -1
4655 1661 -1
4358 1661 -1
4952 1662 -1
4655 1662 -1
4952 1663 -1
3237 1664 -1
2972 1664 -1
2719 1664 -1
3509 1665 -1
3237 1665 -1
2972 1665 -1
3783 1666 -1
3509 1666 -1
3237 1666 -1
4062 1667 -1
3783 1667 -1
3509 1667 -1
4359 1668 -1
4062 1668 -1
3783 1668 -1
4656 1669 -1
4359 1669 -1
4062 1669 -1
4953 1670 -1
4656 1670 -1
4359 1670 -1
4953 1671 -1
4656 1671 -1
4953 1672 -1
3510 1673 -1
3238 1673 -1
2973 1673 -1
3784 1674 -1
3510 1674 -1
3238 1674 -1
4063 1675 -1
3784 1675 -1
3510 1675 -1
4657 1676 -1
4360 1676 -1
4063 1676 -1
4954 1677 -1
4657 1677 -1
4360 1677 -1
4954 1678 -1
4657 1678 -1
4954 1679 -1
4064 1680 -1
3785 1680 -1
3511 1680 -1
4361 1681 -1
4064 1681 -1
3785 1681 -1
4955 1682 -1
4658 1682 -1
4955 1683 -1
3240 1684 -1
2975 1684 -1
2721 1684 -1
3512 1685 -1
3240 1685 -1
2975 1685 -1
3786 1686 -1
3512 1686 -1
3240 1686 -1
4065 1687 -1
3786 1687 -1
3512 1687 -1
4362 1688 -1
4065 1688 -1
3786 1688 -1
4659 1689 -1
4362 1689 -1
4065 1689 -1
4956 1690 -1
4659 1690 -1
4362 1690 -1
4956 1691 -1
4659 1691 -1
4956 1692 -1
4066 1693 -1
3787 1693 -1
3513 1693 -1
4363 1694 -1
4066 1694 -1
3787 1694 -1
4660 1695 -1
4363 1695 -1
4066 1695 -1
4957 1696 -1
4660 1696 -1
4363 1696 -1
4957 1697 -1
4660 1697 -1
4067 1698 -1
3788 1698 -1
3514 1698 -1
4364 1699 -1
4067 1699 -1
3788 1699 -1
4661 1700 -1
4364 1700 -1
4067 1700 -1
4958 1701 -1
4661 1701 -1
4958 1702 -1
2978 1703 -1
3243 1704 -1
3515 1705 -1
3789 1706 -1
4068 1707 -1
4365 1708 -1
4662 1709 -1
4959 1710 -1
3516 1711 -1
3244 1711 -1
2979 1711 -1
4069 1712 -1
3790 1712 -1
3516 1712 -1
4663 1713 -1
4366 1713 -1
4069 1713 -1
4960 1714 -1
4663 1714 -1
4366 1714 -1
4960 1715 -1
2980 1716 -1
3245 1717 -1
3517 1718 -1
3791 1719 -1
4070 1720 -1
4367 1721 -1
4664 1722 -1
4961 1723 -1
3518 1724 -1
3246 1724 -1
2981 1724 -1
2725 1724 -1
3792 1725 -1
3518 1725 -1
3246 1725 -1
2981 1725 -1
4071 1726 -1
3792 1726 -1
3518 1726 -1
3246 1726 -1
4368 1727 -1
4071 1727 -1
3792 1727 -1
3518 1727 -1
4665 1728 -1
4368 1728 -1
4071 1728 -1
3792 1728 -1
4962 1729 -1
4665 1729 -1
4368 1729 -1
4071 1729 -1
4962 1730 -1
4665 1730 -1
4368 1730 -1
4962 1731 -1
4665 1731 -1
4962 1732 -1
4666 1733 -1
4369 1733 -1
4072 1733 -1
3793 1733 -1
4667 1734 -1
4370 1734 -1
4073 1734 -1
3794 1734 -1
3520 1734 -1
3795 1735 -1
3521 1735 -1
3249 1735 -1
2984 1735 -1
2728 1735 -1
2729 1736 -1
2985 1737 -1
3250 1738 -1
3522 1739 -1
3796 1740 -1
4075 1741 -1
4372 1742 -1
4669 1743 -1
4966 1744 -1
4375 1745 -1
4078 1745 -1
3799 1745 -1
3525 1745 -1
3253 1745 -1
2988 1745 -1
4969 1746 -1
4672 1746 -1
4375 1746 -1
4078 1746 -1
3799 1746 -1
3525 1746 -1
4969 1747 -1
4672 1747 -1
4375 1747 -1
4969 1748 -1
4672 1748 -1
4969 1749 -1
4673 1750 -1
4376 1750 -1
4079 1750 -1
3800 1750 -1
3526 1750 -1
3254 1750 -1
4675 1751 -1
4378 1751 -1
4081 1751 -1
3802 1751 -1
3528 1751 -1
3256 1751 -1
4972 1752 -1
4675 1752 -1
4378 1752 -1
4081 1752 -1
3802 1752 -1
3528 1752 -1
4379 1753 -1
4082 1753 -1
3803 1753 -1
3529 1753 -1
3257 1753 -1
2992 1753 -1
4676 1754 -1
4379 1754 -1
4082 1754 -1
3803 1754 -1
3529 1754 -1
3257 1754 -1
4973 1755 -1
4676 1755 -1
4379 1755 -1
4082 1755 -1
3803 1755 -1
3529 1755 -1
4973 1756 -1
4676 1756 -1
4379 1756 -1
4082 1756 -1
3803 1756 -1
4973 1757 -1
4676 1757 -1
4379 1757 -1
4087 1758 -1
3808 1758 -1
3534 1758 -1
3262 1758 -1
2997 1758 -1
2741 1758 -1
4681 1759 -1
4384 1759 -1
4087 1759 -1
3808 1759 -1
3534 1759 -1
3262 1759 -1
4978 1760 -1
4681 1760 -1
4384 1760 -1
4087 1760 -1
3808 1760 -1
3534 1760 -1
4978 1761 -1
4681 1761 -1
4384 1761 -1
4087 1761 -1
4978 1762 -1
4681 1762 -1
4384 1762 -1
4978 1763 -1
4681 1763 -1
4978 1764 -1
4979 1765 -1
4682 1765 -1
4385 1765 -1
4979 1766 -1
4683 1767 -1
2744 1768 -1
3000 1769 -1
3265 1770 -1
3537 1771 -1
3811 1772 -1
4090 1773 -1
4387 1774 -1
4684 1775 -1
4981 1776 -1
3812 1777 -1
3538 1777 -1
3266 1777 -1
3001 1777 -1
4388 1778 -1
4091 1778 -1
3812 1778 -1
3538 1778 -1
4982 1779 -1
4685 1779 -1
4388 1779 -1
4982 1780 -1
4685 1780 -1
4092 1781 -1
3813 1781 -1
3539 1781 -1
3267 1781 -1
4686 1782 -1
4389 1782 -1
4092 1782 -1
3813 1782 -1
4983 1783 -1
4686 1783 -1
4389 1783 -1
4983 1784 -1
4686 1784 -1
4984 1785 -1
4687 1785 -1
4390 1785 -1
4093 1785 -1
3814 1785 -1
3540 1785 -1
4984 1786 -1
4687 1786 -1
4390 1786 -1
4093 1786 -1
4984 1787 -1
4687 1787 -1
4985 1788 -1
4688 1788 -1
4391 1788 -1
4094 1788 -1
3815 1788 -1
3541 1788 -1
4985 1789 -1
4688 1789 -1
4391 1789 -1
4986 1790 -1
4689 1790 -1
4392 1790 -1
4986 1791 -1
4689 1791 -1
4986 1792 -1
4096 1793 -1
3817 1793 -1
3543 1793 -1
3271 1793 -1
3006 1793 -1
2750 1793 -1
4393 1794 -1
4096 1794 -1
3817 1794 -1
3543 1794 -1
3271 1794 -1
3006 1794 -1
4987 1795 -1
4690 1795 -1
4393 1795 -1
4987 1796 -1
4690 1796 -1
4987 1797 -1
4988 1798 -1
3545 1799 -1
3273 1799 -1
3008 1799 -1
2752 1799 -1
3819 1800 -1
3545 1800 -1
3273 1800 -1
3008 1800 -1
4098 1801 -1
3819 1801 -1
3545 1801 -1
3273 1801 -1
4692 1802 -1
4395 1802 -1
4098 1802 -1
3819 1802 -1
4989 1803 -1
4692 1803 -1
4395 1803 -1
3546 1804 -1
3274 1804 -1
3009 1804 -1
2753 1804 -1
4693 1805 -1
4396 1805 -1
4099 1805 -1
3820 1805 -1
4990 1806 -1
4693 1806 -1
4396 1806 -1
4099 1806 -1
4990 1807 -1
4693 1807 -1
4396 1807 -1
3547 1808 -1
3275 1808 -1
3010 1808 -1
2754 1808 -1
3821 1809 -1
3547 1809 -1
3275 1809 -1
3010 1809 -1
4100 1810 -1
3821 1810 -1
3547 1810 -1
3275 1810 -1
4397 1811 -1
4100 1811 -1
3821 1811 -1
3547 1811 -1
4991 1812 -1
4694 1812 -1
4397 1812 -1
4100 1812 -1
4991 1813 -1
4694 1813 -1
4397 1813 -1
4991 1814 -1
4694 1814 -1
3548 1815 -1
3276 1815 -1
3011 1815 -1
2755 1815 -1
4101 1816 -1
3822 1816 -1
3548 1816 -1
3276 1816 -1
4992 1817 -1
4695 1817 -1
4398 1817 -1
4101 1817 -1
3823 1818 -1
3549 1818 -1
3277 1818 -1
3012 1818 -1
4102 1819 -1
3823 1819 -1
3549 1819 -1
3277 1819 -1
4993 1820 -1
4696 1820 -1
4399 1820 -1
4102 1820 -1
3550 1821 -1
3278 1821 -1
3013 1821 -1
2756 1821 -1
3824 1822 -1
3550 1822 -1
3278 1822 -1
3013 1822 -1
4103 1823 -1
3824 1823 -1
3550 1823 -1
3278 1823 -1
4400 1824 -1
4103 1824 -1
3824 1824 -1
3550 1824 -1
4697 1825 -1
4400 1825 -1
4103 1825 -1
3824 1825 -1
4994 1826 -1
4697 1826 -1
4400 1826 -1
4103 1826 -1
4994 1827 -1
4697 1827 -1
4400 1827 -1
4994 1828 -1
4697 1828 -1
4994 1829 -1
3551 1830 -1
3279 1830 -1
3014 1830 -1
2757 1830 -1
4104 1831 -1
3825 1831 -1
3551 1831 -1
3279 1831 -1
4995 1832 -1
4698 1832 -1
4401 1832 -1
4995 1833 -1
3552 1834 -1
3280 1834 -1
3015 1834 -1
2758 1834 -1
3826 1835 -1
3552 1835 -1
3280 1835 -1
3015 1835 -1
4402 1836 -1
4105 1836 -1
3826 1836 -1
3552 1836 -1
4699 1837 -1
4402 1837 -1
4105 1837 -1
3826 1837 -1
4996 1838 -1
4699 1838 -1
4402 1838 -1
4105 1838 -1
3553 1839 -1
3281 1839 -1
3016 1839 -1
2759 1839 -1
4700 1840 -1
4403 1840 -1
4106 1840 -1
3827 1840 -1
4997 1841 -1
4700 1841 -1
4403 1841 -1
4997 1842 -1
4700 1842 -1
4997 1843 -1
4107 1844 -1
3828 1844 -1
3554 1844 -1
3282 1844 -1
4404 1845 -1
4107 1845 -1
3828 1845 -1
3554 1845 -1
4998 1846 -1
4701 1846 -1
4404 1846 -1
4107 1846 -1
4998 1847 -1
4701 1847 -1
4998 1848 -1
3555 1849 -1
3283 1849 -1
3018 1849 -1
2761 1849 -1
4405 1850 -1
4108 1850 -1
3829 1850 -1
3555 1850 -1
4702 1851 -1
4405 1851 -1
4108 1851 -1
3829 1851 -1
4999 1852 -1
4406 1853 -1
4109 1853 -1
3830 1853 -1
3556 1853 -1
5000 1854 -1
4703 1854 -1
4406 1854 -1
5000 1855 -1
4703 1855 -1
3831 1856 -1
3557 1856 -1
3285 1856 -1
3020 1856 -1
4407 1857 -1
4110 1857 -1
3831 1857 -1
3557 1857 -1
5001 1858 -1
4704 1858 -1
4407 1858 -1
4110 1858 -1
5001 1859 -1
4704 1859 -1
5001 1860 -1
4111 1861 -1
3832 1861 -1
3558 1861 -1
3286 1861 -1
5002 1862 -1
4705 1862 -1
4408 1862 -1
4111 1862 -1
5002 1863 -1
3559 1864 -1
3287 1864 -1
3021 1864 -1
2762 1864 -1
3833 1865 -1
3559 1865 -1
3287 1865 -1
3021 1865 -1
4112 1866 -1
3833 1866 -1
3559 1866 -1
3287 1866 -1
4409 1867 -1
4112 1867 -1
3833 1867 -1
3559 1867 -1
4706 1868 -1
4409 1868 -1
4112 1868 -1
3833 1868 -1
5003 1869 -1
4706 1869 -1
4409 1869 -1
4112 1869 -1
3560 1870 -1
3288 1870 -1
3022 1870 -1
2763 1870 -1
4707 1871 -1
4410 1871 -1
4113 1871 -1
3834 1871 -1
5004 1872 -1
4707 1872 -1
4410 1872 -1
5004 1873 -1
4707 1873 -1
5004 1874 -1
3561 1875 -1
3289 1875 -1
3023 1875 -1
2764 1875 -1
5005 1876 -1
4708 1876 -1
4411 1876 -1
4114 1876 -1
5005 1877 -1
4708 1877 -1
4411 1877 -1
5005 1878 -1
4708 1878 -1
3562 1879 -1
3290 1879 -1
3024 1879 -1
2765 1879 -1
3836 1880 -1
3562 1880 -1
3290 1880 -1
3024 1880 -1
4115 1881 -1
3836 1881 -1
3562 1881 -1
3290 1881 -1
4412 1882 -1
4115 1882 -1
3836 1882 -1
3562 1882 -1
5006 1883 -1
4709 1883 -1
4412 1883 -1
4115 1883 -1
5006 1884 -1
4709 1884 -1
4412 1884 -1
5006 1885 -1
4709 1885 -1
5006 1886 -1
3837 1887 -1
3563 1887 -1
3291 1887 -1
3025 1887 -1
4413 1888 -1
4116 1888 -1
3837 1888 -1
3563 1888 -1
5007 1889 -1
4710 1889 -1
4413 1889 -1
4116 1889 -1
5007 1890 -1
4710 1890 -1
4413 1890 -1
5007 1891 -1
4710 1891 -1
4117 1892 -1
3838 1892 -1
3564 1892 -1
3292 1892 -1
4414 1893 -1
4117 1893 -1
3838 1893 -1
3564 1893 -1
5008 1894 -1
4711 1894 -1
4414 1894 -1
4117 1894 -1
5008 1895 -1
4711 1895 -1
3565 1896 -1
3293 1896 -1
3026 1896 -1
2766 1896 -1
3839 1897 -1
3565 1897 -1
3293 1897 -1
3026 1897 -1
4118 1898 -1
3839 1898 -1
3565 1898 -1
3293 1898 -1
4415 1899 -1
4118 1899 -1
3839 1899 -1
3565 1899 -1
5009 1900 -1
4712 1900 -1
4415 1900 -1
4118 1900 -1
3566 1901 -1
3294 1901 -1
3027 1901 -1
2767 1901 -1
4416 1902 -1
4119 1902 -1
3840 1902 -1
3566 1902 -1
5010 1903 -1
4713 1903 -1
4416 1903 -1
4119 1903 -1
5010 1904 -1
4713 1904 -1
4416 1904 -1
5010 1905 -1
4713 1905 -1
3841 1906 -1
3567 1906 -1
3295 1906 -1
3028 1906 -1
4417 1907 -1
4120 1907 -1
3841 1907 -1
3567 1907 -1
5011 1908 -1
4714 1908 -1
4121 1909 -1
3842 1909 -1
3568 1909 -1
3296 1909 -1
4418 1910 -1
4121 1910 -1
3842 1910 -1
3568 1910 -1
5012 1911 -1
4715 1911 -1
5012 1912 -1
3569 1913 -1
3297 1913 -1
3029 1913 -1
2768 1913 -1
4122 1914 -1
3843 1914 -1
3569 1914 -1
3297 1914 -1
4716 1915 -1
4419 1915 -1
4122 1915 -1
3843 1915 -1
5013 1916 -1
4716 1916 -1
4419 1916 -1
5013 1917 -1
4716 1917 -1
5013 1918 -1
3844 1919 -1
3570 1919 -1
3298 1919 -1
3030 1919 -1
4420 1920 -1
4123 1920 -1
3844 1920 -1
3570 1920 -1
5014 1921 -1
4717 1921 -1
4420 1921 -1
5014 1922 -1
4717 1922 -1
5014 1923 -1
3571 1924 -1
3299 1924 -1
3031 1924 -1
2769 1924 -1
3845 1925 -1
3571 1925 -1
3299 1925 -1
3031 1925 -1
4124 1926 -1
3845 1926 -1
3571 1926 -1
3299 1926 -1
4421 1927 -1
4124 1927 -1
3845 1927 -1
3571 1927 -1
4718 1928 -1
4421 1928 -1
4124 1928 -1
3845 1928 -1
5015 1929 -1
4718 1929 -1
4421 1929 -1
4124 1929 -1
5015 1930 -1
4718 1930 -1
4421 1930 -1
5015 1931 -1
4718 1931 -1
5015 1932 -1
3572 1933 -1
3300 1933 -1
3032 1933 -1
2770 1933 -1
3846 1934 -1
3572 1934 -1
3300 1934 -1
3032 1934 -1
4125 1935 -1
3846 1935 -1
3572 1935 -1
3300 1935 -1
4422 1936 -1
4125 1936 -1
3846 1936 -1
3572 1936 -1
4719 1937 -1
4422 1937 -1
4125 1937 -1
3846 1937 -1
5016 1938 -1
4719 1938 -1
4422 1938 -1
4125 1938 -1
5016 1939 -1
4719 1939 -1
4422 1939 -1
5016 1940 -1
4719 1940 -1
5016 1941 -1
3301 1942 -1
3033 1942 -1
2771 1942 -1
4126 1943 -1
3847 1943 -1
3573 1943 -1
4423 1944 -1
4126 1944 -1
3847 1944 -1
4720 1945 -1
4423 1945 -1
4126 1945 -1
5017 1946 -1
4720 1946 -1
4423 1946 -1
5017 1947 -1
4720 1947 -1
5017 1948 -1
3302 1949 -1
3034 1949 -1
2772 1949 -1
4127 1950 -1
3848 1950 -1
3574 1950 -1
4721 1951 -1
4424 1951 -1
4127 1951 -1
5018 1952 -1
3575 1953 -1
3303 1953 -1
3035 1953 -1
3849 1954 -1
3575 1954 -1
3303 1954 -1
4425 1955 -1
4128 1955 -1
3849 1955 -1
5019 1956 -1
4722 1956 -1
3304 1957 -1
3036 1957 -1
2774 1957 -1
3850 1958 -1
3576 1958 -1
3304 1958 -1
4426 1959 -1
4129 1959 -1
3850 1959 -1
5020 1960 -1
3305 1961 -1
3037 1961 -1
2775 1961 -1
4130 1962 -1
3851 1962 -1
3577 1962 -1
4427 1963 -1
4130 1963 -1
3851 1963 -1
5021 1964 -1
4724 1964 -1
4427 1964 -1
5021 1965 -1
3578 1966 -1
3306 1966 -1
3038 1966 -1
2776 1966 -1
3852 1967 -1
3578 1967 -1
3306 1967 -1
3038 1967 -1
4428 1968 -1
4131 1968 -1
3852 1968 -1
3578 1968 -1
4725 1969 -1
4428 1969 -1
4131 1969 -1
3852 1969 -1
5022 1970 -1
4725 1970 -1
4428 1970 -1
4131 1970 -1
5022 1971 -1
4725 1971 -1
4428 1971 -1
5022 1972 -1
4725 1972 -1
5022 1973 -1
5458 1974 -1
5305 1974 -1
5159 1974 -1
5023 1974 -1
5611 1975 -1
5458 1975 -1
5305 1975 -1
5159 1975 -1
5764 1976 -1
5611 1976 -1
5458 1976 -1
5305 1976 -1
5917 1977 -1
5764 1977 -1
5611 1977 -1
5458 1977 -1
6070 1978 -1
5917 1978 -1
5764 1978 -1
5611 1978 -1
6223 1979 -1
6070 1979 -1
5917 1979 -1
5764 1979 -1
6223 1980 -1
6070 1980 -1
5917 1980 -1
5918 1981 -1
5765 1981 -1
5612 1981 -1
5459 1981 -1
6224 1982 -1
6071 1982 -1
5918 1982 -1
5765 1982 -1
6224 1983 -1
6071 1983 -1
5918 1983 -1
6224 1984 -1
6071 1984 -1
6224 1985 -1
5460 1986 -1
5307 1986 -1
5161 1986 -1
5025 1986 -1
5613 1987 -1
5460 1987 -1
5307 1987 -1
5161 1987 -1
5766 1988 -1
5613 1988 -1
5460 1988 -1
5307 1988 -1
5919 1989 -1
5766 1989 -1
5613 1989 -1
5460 1989 -1
6072 1990 -1
5919 1990 -1
5766 1990 -1
5613 1990 -1
6225 1991 -1
6072 1991 -1
5919 1991 -1
5766 1991 -1
6225 1992 -1
6072 1992 -1
5919 1992 -1
6225 1993 -1
6072 1993 -1
6225 1994 -1
5461 1995 -1
5308 1995 -1
5162 1995 -1
5026 1995 -1
5614 1996 -1
5461 1996 -1
5308 1996 -1
5162 1996 -1
5767 1997 -1
5614 1997 -1
5461 1997 -1
5308 1997 -1
6073 1998 -1
5920 1998 -1
5767 1998 -1
5614 1998 -1
6226 1999 -1
6073 1999 -1
5920 1999 -1
5767 1999 -1
6226 2000 -1
5617 2001 -1
5464 2001 -1
5311 2001 -1
5165 2001 -1
6076 2002 -1
5923 2002 -1
5770 2002 -1
5617 2002 -1
6077 2003 -1
5924 2003 -1
5771 2003 -1
5618 2003 -1
6230 2004 -1
6077 2004 -1
5924 2004 -1
5771 2004 -1
5466 2005 -1
5313 2005 -1
5167 2005 -1
5031 2005 -1
5619 2006 -1
5466 2006 -1
5313 2006 -1
5167 2006 -1
5925 2007 -1
5772 2007 -1
5619 2007 -1
5466 2007 -1
5620 2008 -1
5467 2008 -1
5314 2008 -1
5168 2008 -1
5773 2009 -1
5620 2009 -1
5467 2009 -1
5314 2009 -1
5926 2010 -1
5773 2010 -1
5620 2010 -1
5467 2010 -1
6079 2011 -1
5926 2011 -1
5773 2011 -1
5620 2011 -1
6232 2012 -1
6079 2012 -1
5926 2012 -1
5773 2012 -1
6232 2013 -1
6079 2013 -1
5926 2013 -1
6232 2014 -1
6079 2014 -1
6232 2015 -1
5621 2016 -1
5468 2016 -1
5315 2016 -1
5169 2016 -1
6233 2017 -1
6080 2017 -1
5927 2017 -1
5774 2017 -1
5622 2018 -1
5469 2018 -1
5316 2018 -1
5170 2018 -1
5775 2019 -1
5622 2019 -1
5469 2019 -1
5316 2019 -1
5928 2020 -1
5775 2020 -1
5622 2020 -1
5469 2020 -1
6081 2021 -1
5928 2021 -1
5775 2021 -1
5622 2021 -1
6234 2022 -1
6081 2022 -1
5928 2022 -1
5775 2022 -1
6234 2023 -1
6081 2023 -1
5928 2023 -1
6234 2024 -1
6081 2024 -1
6234 2025 -1
5470 2026 -1
5317 2026 -1
5171 2026 -1
5035 2026 -1
6084 2027 -1
5931 2027 -1
5778 2027 -1
5625 2027 -1
6085 2028 -1
5932 2028 -1
5779 2028 -1
5626 2028 -1
6238 2029 -1
6085 2029 -1
5627 2030 -1
5474 2030 -1
5321 2030 -1
5175 2030 -1
5933 2031 -1
5780 2031 -1
5627 2031 -1
5474 2031 -1
6086 2032 -1
5933 2032 -1
5780 2032 -1
5627 2032 -1
5475 2033 -1
5322 2033 -1
5176 2033 -1
5040 2033 -1
5628 2034 -1
5475 2034 -1
5322 2034 -1
5176 2034 -1
5781 2035 -1
5628 2035 -1
5475 2035 -1
5322 2035 -1
5934 2036 -1
5781 2036 -1
5628 2036 -1
5475 2036 -1
5476 2037 -1
5323 2037 -1
5177 2037 -1
5041 2037 -1
5629 2038 -1
5476 2038 -1
5323 2038 -1
5177 2038 -1
5782 2039 -1
5629 2039 -1
5476 2039 -1
5323 2039 -1
5935 2040 -1
5782 2040 -1
5629 2040 -1
5476 2040 -1
6088 2041 -1
5935 2041 -1
5782 2041 -1
5629 2041 -1
6241 2042 -1
6088 2042 -1
5935 2042 -1
5782 2042 -1
6241 2043 -1
6088 2043 -1
5935 2043 -1
6241 2044 -1
6088 2044 -1
6241 2045 -1
5936 2046 -1
5783 2046 -1
5630 2046 -1
5477 2046 -1
6089 2047 -1
5936 2047 -1
5783 2047 -1
5630 2047 -1
6242 2048 -1
6089 2048 -1
5936 2048 -1
6242 2049 -1
6089 2049 -1
6242 2050 -1
5631 2051 -1
5478 2051 -1
5325 2051 -1
5179 2051 -1
5784 2052 -1
5631 2052 -1
5478 2052 -1
5325 2052 -1
5937 2053 -1
5784 2053 -1
5631 2053 -1
5478 2053 -1
6090 2054 -1
5937 2054 -1
5784 2054 -1
5631 2054 -1
6243 2055 -1
6090 2055 -1
5937 2055 -1
5784 2055 -1
6243 2056 -1
6090 2056 -1
5937 2056 -1
6243 2057 -1
6090 2057 -1
6243 2058 -1
5941 2059 -1
5788 2059 -1
5635 2059 -1
5482 2059 -1
6247 2060 -1
6094 2060 -1
5941 2060 -1
5788 2060 -1
6247 2061 -1
6094 2061 -1
6247 2062 -1
5483 2063 -1
5330 2063 -1
5184 2063 -1
5048 2063 -1
5636 2064 -1
5483 2064 -1
5330 2064 -1
5184 2064 -1
5789 2065 -1
5636 2065 -1
5483 2065 -1
5330 2065 -1
5942 2066 -1
5789 2066 -1
5636 2066 -1
5483 2066 -1
6095 2067 -1
5942 2067 -1
5789 2067 -1
5636 2067 -1
6248 2068 -1
6095 2068 -1
5942 2068 -1
5789 2068 -1
6248 2069 -1
6095 2069 -1
5942 2069 -1
6248 2070 -1
6095 2070 -1
6248 2071 -1
5943 2072 -1
5790 2072 -1
5637 2072 -1
5484 2072 -1
6096 2073 -1
5943 2073 -1
5790 2073 -1
5637 2073 -1
5792 2074 -1
5639 2074 -1
5486 2074 -1
5333 2074 -1
6098 2075 -1
5945 2075 -1
5792 2075 -1
5639 2075 -1
5487 2076 -1
5334 2076 -1
5188 2076 -1
5052 2076 -1
5640 2077 -1
5487 2077 -1
5334 2077 -1
5188 2077 -1
5793 2078 -1
5640 2078 -1
5487 2078 -1
5334 2078 -1
6252 2079 -1
6099 2079 -1
5946 2079 -1
6252 2080 -1
6099 2080 -1
6252 2081 -1
5335 2082 -1
5189 2082 -1
5053 2082 -1
5488 2083 -1
5335 2083 -1
5189 2083 -1
5641 2084 -1
5488 2084 -1
5335 2084 -1
6100 2085 -1
5947 2085 -1
5794 2085 -1
6253 2086 -1
6100 2086 -1
5947 2086 -1
5336 2087 -1
5190 2087 -1
5054 2087 -1
5489 2088 -1
5336 2088 -1
5190 2088 -1
6101 2089 -1
5948 2089 -1
5795 2089 -1
6254 2090 -1
6101 2090 -1
5948 2090 -1
6254 2091 -1
6101 2091 -1
6254 2092 -1
5337 2093 -1
5191 2093 -1
5055 2093 -1
5643 2094 -1
5490 2094 -1
5337 2094 -1
5796 2095 -1
5643 2095 -1
5490 2095 -1
5949 2096 -1
5796 2096 -1
5643 2096 -1
6102 2097 -1
5949 2097 -1
5796 2097 -1
6255 2098 -1
6102 2098 -1
5949 2098 -1
6255 2099 -1
6102 2099 -1
5491 2100 -1
5338 2100 -1
5192 2100 -1
5950 2101 -1
5797 2101 -1
5644 2101 -1
6256 2102 -1
6103 2102 -1
5950 2102 -1
6256 2103 -1
6103 2103 -1
5492 2104 -1
5339 2104 -1
5193 2104 -1
5057 2104 -1
5951 2105 -1
5798 2105 -1
5645 2105 -1
5492 2105 -1
6257 2106 -1
6104 2106 -1
6257 2107 -1
6259 2108 -1
6260 2109 -1
6107 2109 -1
5954 2109 -1
6260 2110 -1
6107 2110 -1
5497 2111 -1
5344 2111 -1
5198 2111 -1
5062 2111 -1
6109 2112 -1
5956 2112 -1
5803 2112 -1
5650 2112 -1
6262 2113 -1
5804 2114 -1
5651 2114 -1
5498 2114 -1
5345 2114 -1
6110 2115 -1
5957 2115 -1
5804 2115 -1
5651 2115 -1
6263 2116 -1
6110 2116 -1
5652 2117 -1
5499 2117 -1
5346 2117 -1
5200 2117 -1
6111 2118 -1
5958 2118 -1
5805 2118 -1
5652 2118 -1
6264 2119 -1
6111 2119 -1
5500 2120 -1
5347 2120 -1
5201 2120 -1
5065 2120 -1
5959 2121 -1
5806 2121 -1
5653 2121 -1
5500 2121 -1
6265 2122 -1
6112 2122 -1
5959 2122 -1
5806 2122 -1
6265 2123 -1
6112 2123 -1
6265 2124 -1
5501 2125 -1
5348 2125 -1
5202 2125 -1
5066 2125 -1
6266 2126 -1
6113 2126 -1
5960 2126 -1
5807 2126 -1
6266 2127 -1
6113 2127 -1
5960 2127 -1
6266 2128 -1
5502 2129 -1
5349 2129 -1
5203 2129 -1
5067 2129 -1
5655 2130 -1
5502 2130 -1
5349 2130 -1
5203 2130 -1
5808 2131 -1
5655 2131 -1
5502 2131 -1
5349 2131 -1
5961 2132 -1
5808 2132 -1
5655 2132 -1
5502 2132 -1
6114 2133 -1
5961 2133 -1
5808 2133 -1
5655 2133 -1
6267 2134 -1
6114 2134 -1
5961 2134 -1
5808 2134 -1
6267 2135 -1
6114 2135 -1
5961 2135 -1
6267 2136 -1
6114 2136 -1
6267 2137 -1
6268 2138 -1
6115 2138 -1
5962 2138 -1
6268 2139 -1
6271 2140 -1
6272 2141 -1
6119 2141 -1
5966 2141 -1
5813 2141 -1
5660 2141 -1
5507 2141 -1
5354 2141 -1
6272 2142 -1
6119 2142 -1
5966 2142 -1
6272 2143 -1
6273 2144 -1
6120 2144 -1
6277 2145 -1
6124 2145 -1
5971 2145 -1
6277 2146 -1
6124 2146 -1
6278 2147 -1
6125 2147 -1
5514 2148 -1
5361 2148 -1
5215 2148 -1
5079 2148 -1
5667 2149 -1
5514 2149 -1
5361 2149 -1
5215 2149 -1
5820 2150 -1
5667 2150 -1
5514 2150 -1
5361 2150 -1
5973 2151 -1
5820 2151 -1
5667 2151 -1
5514 2151 -1
6126 2152 -1
5973 2152 -1
5820 2152 -1
5667 2152 -1
6279 2153 -1
6126 2153 -1
5973 2153 -1
5820 2153 -1
6279 2154 -1
6126 2154 -1
5973 2154 -1
6279 2155 -1
6126 2155 -1
6279 2156 -1
5668 2157 -1
5515 2157 -1
5362 2157 -1
5216 2157 -1
6280 2158 -1
6127 2158 -1
5974 2158 -1
6280 2159 -1
6127 2159 -1
6280 2160 -1
6283 2161 -1
6130 2161 -1
5977 2161 -1
5824 2161 -1
5671 2161 -1
5518 2161 -1
5365 2161 -1
5219 2161 -1
5083 2161 -1
6283 2162 -1
6130 2162 -1
5977 2162 -1
5824 2162 -1
5671 2162 -1
5518 2162 -1
5365 2162 -1
6283 2163 -1
6130 2163 -1
5977 2163 -1
5824 2163 -1
5671 2163 -1
5518 2163 -1
6283 2164 -1
6130 2164 -1
5977 2164 -1
5824 2164 -1
5671 2164 -1
6283 2165 -1
6130 2165 -1
5977 2165 -1
6283 2166 -1
6284 2167 -1
5522 2168 -1
5369 2168 -1
5223 2168 -1
5087 2168 -1
6134 2169 -1
5981 2169 -1
5828 2169 -1
5675 2169 -1
6287 2170 -1
6289 2171 -1
6136 2171 -1
5983 2171 -1
6289 2172 -1
6136 2172 -1
6290 2173 -1
6137 2173 -1
5984 2173 -1
6138 2174 -1
5985 2174 -1
5832 2174 -1
5679 2174 -1
6291 2175 -1
6138 2175 -1
5527 2176 -1
5374 2176 -1
5228 2176 -1
5092 2176 -1
5680 2177 -1
5527 2177 -1
5374 2177 -1
5228 2177 -1
5833 2178 -1
5680 2178 -1
5527 2178 -1
5374 2178 -1
5986 2179 -1
5833 2179 -1
5680 2179 -1
5527 2179 -1
6292 2180 -1
6139 2180 -1
5986 2180 -1
5833 2180 -1
6292 2181 -1
6139 2181 -1
5986 2181 -1
6292 2182 -1
6139 2182 -1
5988 2183 -1
5835 2183 -1
5682 2183 -1
5529 2183 -1
6294 2184 -1
6141 2184 -1
5988 2184 -1
5835 2184 -1
6294 2185 -1
6141 2185 -1
6294 2186 -1
5530 2187 -1
5377 2187 -1
5231 2187 -1
5095 2187 -1
5989 2188 -1
5836 2188 -1
5683 2188 -1
5530 2188 -1
6142 2189 -1
5989 2189 -1
5836 2189 -1
5683 2189 -1
6295 2190 -1
6142 2190 -1
5989 2190 -1
5836 2190 -1
6295 2191 -1
6142 2191 -1
5989 2191 -1
6295 2192 -1
5684 2193 -1
5531 2193 -1
5378 2193 -1
5232 2193 -1
5837 2194 -1
5684 2194 -1
5531 2194 -1
5378 2194 -1
5990 2195 -1
5837 2195 -1
5684 2195 -1
5531 2195 -1
6143 2196 -1
5990 2196 -1
5837 2196 -1
5684 2196 -1
6296 2197 -1
6143 2197 -1
5990 2197 -1
5837 2197 -1
6296 2198 -1
6143 2198 -1
5990 2198 -1
6296 2199 -1
6143 2199 -1
6296 2200 -1
5533 2201 -1
5380 2201 -1
5234 2201 -1
5098 2201 -1
6298 2202 -1
6145 2202 -1
6298 2203 -1
5534 2204 -1
5381 2204 -1
5235 2204 -1
5099 2204 -1
6299 2205 -1
6146 2205 -1
5993 2205 -1
5840 2205 -1
6299 2206 -1
6146 2206 -1
5993 2206 -1
6299 2207 -1
6146 2207 -1
6299 2208 -1
5536 2209 -1
5383 2209 -1
5237 2209 -1
5101 2209 -1
5689 2210 -1
5536 2210 -1
5383 2210 -1
5237 2210 -1
5842 2211 -1
5689 2211 -1
5536 2211 -1
5383 2211 -1
5995 2212 -1
5842 2212 -1
5689 2212 -1
5536 2212 -1
6148 2213 -1
5995 2213 -1
5842 2213 -1
5689 2213 -1
6301 2214 -1
6148 2214 -1
5995 2214 -1
5842 2214 -1
6301 2215 -1
6148 2215 -1
5995 2215 -1
6301 2216 -1
6148 2216 -1
6301 2217 -1
6151 2218 -1
5998 2218 -1
5845 2218 -1
5692 2218 -1
5540 2219 -1
5387 2219 -1
5241 2219 -1
5105 2219 -1
5693 2220 -1
5540 2220 -1
5387 2220 -1
5241 2220 -1
5846 2221 -1
5693 2221 -1
5540 2221 -1
5387 2221 -1
5999 2222 -1
5846 2222 -1
5693 2222 -1
5540 2222 -1
6152 2223 -1
5999 2223 -1
5846 2223 -1
5693 2223 -1
6305 2224 -1
6152 2224 -1
5999 2224 -1
5846 2224 -1
6305 2225 -1
6152 2225 -1
5999 2225 -1
6305 2226 -1
6152 2226 -1
6305 2227 -1
5697 2228 -1
5544 2228 -1
5391 2228 -1
5245 2228 -1
5850 2229 -1
5697 2229 -1
5544 2229 -1
5391 2229 -1
6003 2230 -1
5850 2230 -1
5697 2230 -1
5544 2230 -1
6156 2231 -1
6003 2231 -1
5850 2231 -1
5697 2231 -1
6309 2232 -1
6156 2232 -1
6003 2232 -1
5850 2232 -1
6309 2233 -1
6156 2233 -1
6003 2233 -1
6309 2234 -1
6156 2234 -1
6309 2235 -1
5698 2236 -1
5545 2236 -1
5392 2236 -1
5246 2236 -1
5700 2237 -1
5547 2237 -1
5394 2237 -1
5248 2237 -1
5853 2238 -1
5700 2238 -1
5547 2238 -1
5394 2238 -1
6006 2239 -1
5853 2239 -1
5700 2239 -1
5547 2239 -1
6159 2240 -1
6006 2240 -1
5853 2240 -1
5700 2240 -1
6312 2241 -1
6159 2241 -1
6006 2241 -1
5853 2241 -1
6312 2242 -1
6159 2242 -1
6006 2242 -1
6312 2243 -1
6159 2243 -1
6312 2244 -1
5548 2245 -1
5395 2245 -1
5249 2245 -1
5113 2245 -1
5702 2246 -1
5549 2246 -1
5396 2246 -1
5250 2246 -1
5855 2247 -1
5702 2247 -1
5549 2247 -1
5396 2247 -1
6008 2248 -1
5855 2248 -1
5702 2248 -1
5549 2248 -1
6161 2249 -1
6008 2249 -1
5855 2249 -1
5702 2249 -1
6314 2250 -1
6161 2250 -1
6008 2250 -1
5855 2250 -1
6314 2251 -1
6161 2251 -1
6314 2252 -1
5703 2253 -1
5550 2253 -1
5397 2253 -1
5251 2253 -1
5856 2254 -1
5703 2254 -1
5550 2254 -1
5397 2254 -1
6009 2255 -1
5856 2255 -1
5703 2255 -1
5550 2255 -1
6162 2256 -1
6009 2256 -1
5856 2256 -1
5703 2256 -1
6315 2257 -1
6162 2257 -1
6009 2257 -1
5856 2257 -1
6315 2258 -1
6162 2258 -1
6009 2258 -1
6315 2259 -1
6162 2259 -1
6315 2260 -1
6011 2261 -1
5858 2261 -1
5705 2261 -1
5552 2261 -1
6012 2262 -1
5859 2262 -1
5706 2262 -1
5553 2262 -1
6318 2263 -1
5554 2264 -1
5401 2264 -1
5255 2264 -1
5119 2264 -1
6013 2265 -1
5860 2265 -1
5707 2265 -1
5554 2265 -1
6319 2266 -1
6166 2266 -1
6319 2267 -1
5555 2268 -1
5402 2268 -1
5256 2268 -1
5120 2268 -1
5557 2269 -1
5404 2269 -1
5258 2269 -1
5122 2269 -1
5710 2270 -1
5557 2270 -1
5404 2270 -1
5258 2270 -1
5863 2271 -1
5710 2271 -1
5557 2271 -1
5404 2271 -1
6016 2272 -1
5863 2272 -1
5710 2272 -1
5557 2272 -1
6169 2273 -1
6016 2273 -1
5863 2273 -1
5710 2273 -1
6322 2274 -1
6169 2274 -1
6016 2274 -1
5863 2274 -1
6322 2275 -1
6169 2275 -1
6016 2275 -1
6322 2276 -1
6169 2276 -1
6322 2277 -1
6324 2278 -1
6171 2278 -1
6018 2278 -1
5560 2279 -1
5407 2279 -1
5261 2279 -1
5125 2279 -1
5713 2280 -1
5560 2280 -1
5407 2280 -1
5261 2280 -1
5866 2281 -1
5713 2281 -1
5560 2281 -1
5407 2281 -1
6019 2282 -1
5866 2282 -1
5713 2282 -1
5560 2282 -1
6172 2283 -1
6019 2283 -1
5866 2283 -1
5713 2283 -1
6325 2284 -1
6172 2284 -1
6019 2284 -1
5866 2284 -1
6325 2285 -1
6172 2285 -1
6019 2285 -1
6325 2286 -1
6172 2286 -1
6325 2287 -1
6020 2288 -1
5867 2288 -1
5263 2289 -1
5127 2289 -1
5411 2290 -1
5265 2290 -1
5564 2291 -1
5411 2291 -1
5717 2292 -1
5564 2292 -1
5870 2293 -1
5717 2293 -1
6023 2294 -1
5870 2294 -1
6176 2295 -1
6023 2295 -1
6329 2296 -1
6176 2296 -1
6329 2297 -1
5565 2298 -1
5412 2298 -1
5266 2298 -1
5130 2298 -1
5718 2299 -1
5565 2299 -1
5412 2299 -1
5266 2299 -1
5871 2300 -1
5718 2300 -1
5565 2300 -1
5412 2300 -1
6024 2301 -1
5871 2301 -1
5718 2301 -1
5565 2301 -1
6330 2302 -1
6177 2302 -1
6024 2302 -1
5871 2302 -1
6330 2303 -1
6177 2303 -1
6024 2303 -1
6330 2304 -1
6177 2304 -1
6330 2305 -1
5872 2306 -1
5719 2306 -1
5566 2306 -1
5413 2306 -1
5267 2306 -1
5131 2306 -1
6331 2307 -1
6178 2307 -1
6025 2307 -1
5872 2307 -1
5719 2307 -1
6331 2308 -1
6178 2308 -1
6025 2308 -1
6331 2309 -1
6178 2309 -1
6331 2310 -1
6179 2311 -1
6026 2311 -1
5873 2311 -1
5720 2311 -1
6332 2312 -1
6179 2312 -1
6026 2312 -1
5568 2313 -1
5415 2313 -1
5269 2313 -1
5132 2313 -1
5721 2314 -1
5568 2314 -1
5415 2314 -1
5269 2314 -1
5874 2315 -1
5721 2315 -1
5568 2315 -1
5415 2315 -1
6027 2316 -1
5874 2316 -1
5721 2316 -1
5568 2316 -1
6180 2317 -1
6027 2317 -1
5874 2317 -1
5721 2317 -1
6333 2318 -1
6180 2318 -1
6027 2318 -1
5874 2318 -1
6333 2319 -1
6180 2319 -1
6027 2319 -1
6333 2320 -1
6180 2320 -1
6333 2321 -1
5270 2322 -1
5133 2322 -1
5416 2323 -1
5270 2323 -1
5569 2324 -1
5416 2324 -1
5722 2325 -1
5569 2325 -1
6028 2326 -1
5875 2326 -1
6181 2327 -1
6028 2327 -1
6334 2328 -1
6181 2328 -1
5417 2329 -1
5271 2329 -1
5570 2330 -1
5417 2330 -1
5723 2331 -1
5570 2331 -1
5876 2332 -1
5723 2332 -1
6029 2333 -1
5876 2333 -1
6182 2334 -1
6029 2334 -1
6335 2335 -1
6182 2335 -1
6335 2336 -1
5272 2337 -1
5135 2337 -1
5418 2338 -1
5272 2338 -1
5724 2339 -1
5571 2339 -1
5877 2340 -1
5724 2340 -1
6030 2341 -1
5877 2341 -1
6183 2342 -1
6030 2342 -1
6336 2343 -1
6183 2343 -1
6336 2344 -1
5273 2345 -1
5136 2345 -1
5572 2346 -1
5419 2346 -1
5725 2347 -1
5572 2347 -1
5878 2348 -1
5725 2348 -1
6031 2349 -1
5878 2349 -1
6184 2350 -1
6031 2350 -1
6337 2351 -1
6184 2351 -1
6337 2352 -1
5420 2353 -1
5274 2353 -1
5573 2354 -1
5420 2354 -1
5726 2355 -1
5573 2355 -1
5879 2356 -1
5726 2356 -1
6032 2357 -1
5879 2357 -1
6185 2358 -1
6032 2358 -1
6338 2359 -1
6185 2359 -1
6338 2360 -1
5275 2361 -1
5137 2361 -1
5421 2362 -1
5275 2362 -1
5574 2363 -1
5421 2363 -1
5727 2364 -1
5574 2364 -1
5880 2365 -1
5727 2365 -1
6033 2366 -1
5880 2366 -1
6186 2367 -1
6033 2367 -1
6339 2368 -1
6186 2368 -1
6339 2369 -1
5575 2370 -1
5422 2370 -1
5728 2371 -1
5575 2371 -1
6034 2372 -1
5881 2372 -1
6187 2373 -1
6034 2373 -1
6340 2374 -1
6187 2374 -1
5729 2375 -1
5576 2375 -1
6188 2376 -1
6035 2376 -1
6341 2377 -1
6188 2377 -1
6341 2378 -1
5276 2379 -1
5138 2379 -1
5424 2380 -1
5276 2380 -1
5577 2381 -1
5424 2381 -1
5730 2382 -1
5577 2382 -1
5883 2383 -1
5730 2383 -1
6036 2384 -1
5883 2384 -1
6189 2385 -1
6036 2385 -1
6342 2386 -1
6189 2386 -1
6342 2387 -1
5277 2388 -1
5139 2388 -1
5578 2389 -1
5425 2389 -1
5731 2390 -1
5578 2390 -1
6037 2391 -1
5884 2391 -1
6343 2392 -1
5579 2393 -1
5426 2393 -1
5885 2394 -1
5732 2394 -1
6344 2395 -1
5141 2396 -1
5279 2397 -1
5427 2398 -1
5580 2399 -1
5733 2400 -1
5886 2401 -1
6039 2402 -1
6192 2403 -1
6345 2404 -1
5142 2405 -1
5280 2406 -1
5429 2407 -1
5582 2408 -1
5735 2409 -1
5888 2410 -1
6041 2411 -1
6194 2412 -1
6347 2413 -1
5281 2414 -1
5430 2415 -1
5736 2416 -1
5889 2417 -1
6042 2418 -1
6195 2419 -1
6348 2420 -1
5282 2421 -1
5143 2421 -1
5431 2422 -1
5282 2422 -1
5584 2423 -1
5431 2423 -1
5737 2424 -1
5584 2424 -1
5890 2425 -1
5737 2425 -1
6043 2426 -1
5890 2426 -1
6196 2427 -1
6043 2427 -1
6349 2428 -1
6196 2428 -1
6349 2429 -1
5283 2430 -1
5144 2430 -1
5738 2431 -1
5585 2431 -1
5891 2432 -1
5738 2432 -1
6350 2433 -1
6197 2433 -1
6350 2434 -1
5433 2435 -1
5284 2435 -1
5739 2436 -1
5586 2436 -1
6045 2437 -1
5892 2437 -1
6351 2438 -1
6198 2438 -1
5587 2439 -1
5434 2439 -1
5740 2440 -1
5587 2440 -1
5893 2441 -1
5740 2441 -1
6352 2442 -1
5145 2443 -1
5285 2444 -1
5435 2445 -1
5588 2446 -1
5741 2447 -1
5894 2448 -1
6047 2449 -1
6200 2450 -1
6353 2451 -1
5146 2452 -1
5286 2453 -1
5436 2454 -1
5589 2455 -1
5742 2456 -1
5895 2457 -1
6048 2458 -1
6201 2459 -1
6354 2460 -1
5147 2461 -1
5287 2462 -1
5437 2463 -1
5590 2464 -1
5743 2465 -1
5896 2466 -1
6049 2467 -1
6202 2468 -1
6355 2469 -1
5148 2470 -1
5288 2471 -1
5438 2472 -1
5591 2473 -1
5744 2474 -1
5897 2475 -1
6050 2476 -1
6203 2477 -1
6356 2478 -1
5289 2479 -1
5439 2480 -1
5745 2481 -1
5898 2482 -1
6051 2483 -1
6204 2484 -1
6357 2485 -1
5290 2486 -1
5149 2487 -1
5291 2488 -1
5442 2489 -1
5595 2490 -1
5748 2491 -1
5901 2492 -1
6054 2493 -1
6207 2494 -1
6360 2495 -1
5150 2496 -1
5292 2497 -1
5443 2498 -1
5596 2499 -1
5749 2500 -1
5902 2501 -1
6055 2502 -1
6208 2503 -1
6361 2504 -1
5151 2505 -1
5293 2506 -1
5444 2507 -1
5597 2508 -1
5750 2509 -1
5903 2510 -1
6056 2511 -1
6209 2512 -1
6362 2513 -1
5598 2514 -1
5904 2515 -1
6057 2516 -1
6210 2517 -1
5152 2518 -1
5295 2519 -1
5447 2520 -1
5600 2521 -1
5753 2522 -1
5906 2523 -1
6059 2524 -1
6212 2525 -1
6365 2526 -1
5296 2527 -1
5448 2528 -1
5601 2529 -1
5754 2530 -1
5907 2531 -1
6060 2532 -1
6213 2533 -1
6366 2534 -1
5297 2535 -1
5449 2536 -1
5602 2537 -1
5755 2538 -1
5908 2539 -1
6061 2540 -1
6214 2541 -1
6367 2542 -1
5298 2543 -1
5450 2544 -1
5603 2545 -1
5756 2546 -1
5909 2547 -1
6062 2548 -1
6215 2549 -1
6368 2550 -1
5451 2551 -1
5299 2551 -1
5155 2551 -1
5604 2552 -1
5451 2552 -1
5299 2552 -1
5757 2553 -1
5604 2553 -1
5451 2553 -1
5910 2554 -1
5757 2554 -1
5604 2554 -1
6063 2555 -1
5910 2555 -1
5757 2555 -1
6216 2556 -1
6063 2556 -1
5910 2556 -1
6369 2557 -1
6216 2557 -1
6063 2557 -1
5452 2558 -1
5300 2558 -1
5156 2558 -1
5605 2559 -1
5452 2559 -1
5300 2559 -1
5758 2560 -1
5605 2560 -1
5452 2560 -1
6217 2561 -1
6064 2561 -1
5911 2561 -1
6370 2562 -1
6217 2562 -1
6064 2562 -1
6370 2563 -1
6217 2563 -1
6370 2564 -1
6066 2565 -1
5913 2565 -1
5760 2565 -1
6219 2566 -1
6066 2566 -1
5913 2566 -1
6372 2567 -1
6219 2567 -1
6066 2567 -1
6372 2568 -1
6219 2568 -1
5455 2569 -1
5302 2569 -1
5157 2569 -1
5608 2570 -1
5455 2570 -1
5302 2570 -1
5761 2571 -1
5608 2571 -1
5455 2571 -1
6220 2572 -1
6067 2572 -1
5914 2572 -1
6373 2573 -1
6220 2573 -1
6067 2573 -1
6373 2574 -1
6220 2574 -1
6373 2575 -1
5609 2576 -1
5456 2576 -1
5303 2576 -1
5762 2577 -1
5609 2577 -1
5456 2577 -1
5915 2578 -1
5762 2578 -1
5609 2578 -1
6068 2579 -1
5915 2579 -1
5762 2579 -1
6374 2580 -1
6221 2580 -1
6068 2580 -1
6374 2581 -1
6221 2581 -1
6374 2582 -1
5158 2583 -1
5304 2584 -1
5457 2585 -1
5610 2586 -1
5763 2587 -1
5916 2588 -1
6069 2589 -1
6222 2590 -1
6375 2591 -1
6663 2592 1
6070 2592 1
2119 2592 -1149425
43 2592 297
25 2592 69156
7 2592 56851
6704 2593 1
6223 2593 1
2392 2593 -1149425
44 2593 297
26 2593 69156
8 2593 56851
6376 2594 1
5024 2594 1
208 2594 -1250000
36 2594 323
6417 2595 1
5160 2595 1
481 2595 -1250000
37 2595 323
6458 2596 1
5306 2596 1
754 2596 -1250000
38 2596 323
6540 2597 1
5612 2597 1
1300 2597 -1250000
40 2597 323
6376 2598 1
5025 2598 1
171 2598 -1333333
36 2598 148569
18 2598 82731
0 2598 98667
6417 2599 1
5161 2599 1
444 2599 -1333333
37 2599 148569
19 2599 82731
1 2599 98667
6458 2600 1
5307 2600 1
717 2600 -1333333
38 2600 148569
20 2600 82731
2 2600 98667
6499 2601 1
5460 2601 1
990 2601 -1333333
39 2601 148569
21 2601 82731
3 2601 98667
6540 2602 1
5613 2602 1
1263 2602 -1333333
40 2602 148569
22 2602 82731
4 2602 98667
6581 2603 1
5766 2603 1
1536 2603 -1333333
41 2603 148569
23 2603 82731
5 2603 98667
6622 2604 1
5919 2604 1
1809 2604 -1333333
42 2604 148569
24 2604 82731
6 2604 98667
6663 2605 1
6072 2605 1
2082 2605 -1333333
43 2605 148569
25 2605 82731
7 2605 98667
6704 2606 1
6225 2606 1
2355 2606 -1333333
44 2606 148569
26 2606 82731
8 2606 98667
8298 2607 -288046
8297 2607 -1728277
8246 2607 -108000
8245 2607 -180000
8248 2607 -36000
8247 2607 -60000
8244 2607 -216000
8243 2607 -360000
6376 2607 1
5027 2607 1
8300 2608 -288046
8299 2608 -1728277
8252 2608 -108000
8251 2608 -180000
8254 2608 -36000
8253 2608 -60000
8250 2608 -216000
8249 2608 -360000
6417 2608 1
5163 2608 1
8298 2609 -258041
8297 2609 -1548248
8246 2609 -96750
8245 2609 -161250
8248 2609 -32250
8247 2609 -53750
8244 2609 -193500
8243 2609 -322500
6376 2609 1
5028 2609 1
8300 2610 -258041
8299 2610 -1548248
8252 2610 -96750
8251 2610 -161250
8254 2610 -32250
8253 2610 -53750
8250 2610 -193500
8249 2610 -322500
6417 2610 1
5164 2610 1
8298 2611 -300048
8297 2611 -1800288
8246 2611 -112500
8245 2611 -187500
8248 2611 -37500
8247 2611 -62500
8244 2611 -225000
8243 2611 -375000
6376 2611 1
5029 2611 1
8298 2612 -288046
8297 2612 -1728277
8246 2612 -108000
8245 2612 -180000
8248 2612 -36000
8247 2612 -60000
8244 2612 -216000
8243 2612 -360000
6376 2612 1
5030 2612 1
8300 2613 -288046
8299 2613 -1728277
8252 2613 -108000
8251 2613 -180000
8254 2613 -36000
8253 2613 -60000
8250 2613 -216000
8249 2613 -360000
6417 2613 1
5166 2613 1
8298 2614 -258041
8297 2614 -1548248
8246 2614 -96750
8245 2614 -161250
8248 2614 -32250
8247 2614 -53750
8244 2614 -193500
8243 2614 -322500
6376 2614 1
5031 2614 1
8300 2615 -258041
8299 2615 -1548248
8252 2615 -96750
8251 2615 -161250
8254 2615 -32250
8253 2615 -53750
8250 2615 -193500
8249 2615 -322500
6417 2615 1
5167 2615 1
8298 2616 -1463091
8248 2616 -76190
8247 2616 -304762
6377 2616 1
5032 2616 1
8300 2617 -1437423
8254 2617 -74854
8253 2617 -299415
6418 2617 1
5168 2617 1
8302 2618 -1412640
8260 2618 -73563
8259 2618 -294253
6459 2618 1
5314 2618 1
8304 2619 -1388697
8266 2619 -72316
8265 2619 -289266
6500 2619 1
5467 2619 1
8306 2620 -1365552
8272 2620 -71111
8271 2620 -284444
6541 2620 1
5620 2620 1
8308 2621 -1343166
8278 2621 -69945
8277 2621 -279781
6582 2621 1
5773 2621 1
8310 2622 -1321502
8284 2622 -68817
8283 2622 -275269
6623 2622 1
5926 2622 1
8312 2623 -1300526
8290 2623 -67725
8289 2623 -270899
6664 2623 1
6079 2623 1
8314 2624 -1280205
8296 2624 -66667
8295 2624 -266667
6705 2624 1
6232 2624 1
8298 2625 -1419199
8248 2625 -73905
8247 2625 -295619
6377 2625 1
5033 2625 1
8302 2626 -1370261
8260 2626 -71356
8259 2626 -285425
6459 2626 1
5315 2626 1
8304 2627 -1347036
8266 2627 -70147
8265 2627 -280588
6500 2627 1
5468 2627 1
8306 2628 -1324585
8272 2628 -68978
8271 2628 -275911
6541 2628 1
5621 2628 1
8310 2629 -1281857
8284 2629 -66753
8283 2629 -267011
6623 2629 1
5927 2629 1
8312 2630 -1261510
8290 2630 -65693
8289 2630 -262772
6664 2630 1
6080 2630 1
8314 2631 -1241799
8296 2631 -64667
8295 2631 -258667
6705 2631 1
6233 2631 1
8298 2632 -1331413
8248 2632 -69333
8247 2632 -277333
6377 2632 1
5034 2632 1
8298 2633 -1141483
8297 2633 -1141483
8246 2633 -52287
8245 2633 -237771
8248 2633 -52200
8247 2633 -237771
8244 2633 -52200
8243 2633 -237771
6378 2633 1
5037 2633 1
8300 2634 -1141483
8299 2634 -1141483
8252 2634 -52287
8251 2634 -237771
8254 2634 -52200
8253 2634 -237771
8250 2634 -52200
8249 2634 -237771
6419 2634 1
5173 2634 1
8298 2635 -1062760
8297 2635 -1062760
8246 2635 -48681
8245 2635 -221373
8248 2635 -48600
8247 2635 -221373
8244 2635 -48600
8243 2635 -221373
6378 2635 1
5038 2635 1
8300 2636 -1062760
8299 2636 -1062760
8252 2636 -48681
8251 2636 -221373
8254 2636 -48600
8253 2636 -221373
8250 2636 -48600
8249 2636 -221373
6419 2636 1
5174 2636 1
8304 2637 -1062760
8303 2637 -1062760
8264 2637 -48681
8263 2637 -221373
8266 2637 -48600
8265 2637 -221373
8262 2637 -48600
8261 2637 -221373
6501 2637 1
5473 2637 1
8298 2638 -1010278
8297 2638 -1010278
8246 2638 -46277
8245 2638 -210441
8248 2638 -46200
8247 2638 -210441
8244 2638 -46200
8243 2638 -210441
6378 2638 1
5039 2638 1
8300 2639 -1010278
8299 2639 -1010278
8252 2639 -46277
8251 2639 -210441
8254 2639 -46200
8253 2639 -210441
8250 2639 -46200
8249 2639 -210441
6419 2639 1
5175 2639 1
8302 2640 -1010278
8301 2640 -1010278
8258 2640 -46277
8257 2640 -210441
8260 2640 -46200
8259 2640 -210441
8256 2640 -46200
8255 2640 -210441
6460 2640 1
5321 2640 1
8310 2641 -1010278
8309 2641 -1010278
8282 2641 -46277
8281 2641 -210441
8284 2641 -46200
8283 2641 -210441
8280 2641 -46200
8279 2641 -210441
6624 2641 1
5933 2641 1
8312 2642 -1010278
8311 2642 -1010278
8288 2642 -46277
8287 2642 -210441
8290 2642 -46200
8289 2642 -210441
8286 2642 -46200
8285 2642 -210441
6665 2642 1
6086 2642 1
8314 2643 -1010278
8313 2643 -1010278
8294 2643 -46277
8293 2643 -210441
8296 2643 -46200
8295 2643 -210441
8292 2643 -46200
8291 2643 -210441
6706 2643 1
6239 2643 1
8298 2644 -879073
8297 2644 -879073
8246 2644 -40267
8245 2644 -183111
8248 2644 -40200
8247 2644 -183111
8244 2644 -40200
8243 2644 -183111
6378 2644 1
5040 2644 1
8300 2645 -879073
8299 2645 -879073
8252 2645 -40267
8251 2645 -183111
8254 2645 -40200
8253 2645 -183111
8250 2645 -40200
8249 2645 -183111
6419 2645 1
5176 2645 1
8302 2646 -879073
8301 2646 -879073
8258 2646 -40267
8257 2646 -183111
8260 2646 -40200
8259 2646 -183111
8256 2646 -40200
8255 2646 -183111
6460 2646 1
5322 2646 1
8304 2647 -879073
8303 2647 -879073
8264 2647 -40267
8263 2647 -183111
8266 2647 -40200
8265 2647 -183111
8262 2647 -40200
8261 2647 -183111
6501 2647 1
5475 2647 1
8306 2648 -879073
8305 2648 -879073
8270 2648 -40267
8269 2648 -183111
8272 2648 -40200
8271 2648 -183111
8268 2648 -40200
8267 2648 -183111
6542 2648 1
5628 2648 1
8308 2649 -879073
8307 2649 -879073
8276 2649 -40267
8275 2649 -183111
8278 2649 -40200
8277 2649 -183111
8274 2649 -40200
8273 2649 -183111
6583 2649 1
5781 2649 1
8310 2650 -879073
8309 2650 -879073
8282 2650 -40267
8281 2650 -183111
8284 2650 -40200
8283 2650 -183111
8280 2650 -40200
8279 2650 -183111
6624 2650 1
5934 2650 1
8312 2651 -879073
8311 2651 -879073
8288 2651 -40267
8287 2651 -183111
8290 2651 -40200
8289 2651 -183111
8286 2651 -40200
8285 2651 -183111
6665 2651 1
6087 2651 1
8314 2652 -879073
8313 2652 -879073
8294 2652 -40267
8293 2652 -183111
8296 2652 -40200
8295 2652 -183111
8292 2652 -40200
8291 2652 -183111
6706 2652 1
6240 2652 1
8306 2653 -747868
8305 2653 -747868
8270 2653 -34257
8269 2653 -155781
8272 2653 -34200
8271 2653 -155781
8268 2653 -34200
8267 2653 -155781
6542 2653 1
5629 2653 1
8308 2654 -747868
8307 2654 -747868
8276 2654 -34257
8275 2654 -155781
8278 2654 -34200
8277 2654 -155781
8274 2654 -34200
8273 2654 -155781
6583 2654 1
5782 2654 1
8310 2655 -747868
8309 2655 -747868
8282 2655 -34257
8281 2655 -155781
8284 2655 -34200
8283 2655 -155781
8280 2655 -34200
8279 2655 -155781
6624 2655 1
5935 2655 1
8312 2656 -747868
8311 2656 -747868
8288 2656 -34257
8287 2656 -155781
8290 2656 -34200
8289 2656 -155781
8286 2656 -34200
8285 2656 -155781
6665 2656 1
6088 2656 1
8314 2657 -747868
8313 2657 -747868
8294 2657 -34257
8293 2657 -155781
8296 2657 -34200
8295 2657 -155781
8292 2657 -34200
8291 2657 -155781
6706 2657 1
6241 2657 1
8298 2658 -629784
8297 2658 -629784
8246 2658 -28848
8245 2658 -131184
8248 2658 -28800
8247 2658 -131184
8244 2658 -28800
8243 2658 -131184
6378 2658 1
5042 2658 1
8300 2659 -629784
8299 2659 -629784
8252 2659 -28848
8251 2659 -131184
8254 2659 -28800
8253 2659 -131184
8250 2659 -28800
8249 2659 -131184
6419 2659 1
5178 2659 1
8302 2660 -629784
8301 2660 -629784
8258 2660 -28848
8257 2660 -131184
8260 2660 -28800
8259 2660 -131184
8256 2660 -28800
8255 2660 -131184
6460 2660 1
5324 2660 1
8308 2661 -629784
8307 2661 -629784
8276 2661 -28848
8275 2661 -131184
8278 2661 -28800
8277 2661 -131184
8274 2661 -28800
8273 2661 -131184
6583 2661 1
5783 2661 1
6379 2662 1
5043 2662 1
208 2662 -1250000
36 2662 323
18 2662 75208
0 2662 61825
6420 2663 1
5179 2663 1
481 2663 -1250000
37 2663 323
19 2663 75208
1 2663 61825
6461 2664 1
5325 2664 1
754 2664 -1250000
38 2664 323
20 2664 75208
2 2664 61825
6502 2665 1
5478 2665 1
1027 2665 -1250000
39 2665 323
21 2665 75208
3 2665 61825
6543 2666 1
5631 2666 1
1300 2666 -1250000
40 2666 323
22 2666 75208
4 2666 61825
6584 2667 1
5784 2667 1
1573 2667 -1250000
41 2667 323
23 2667 75208
5 2667 61825
6625 2668 1
5937 2668 1
1846 2668 -1250000
42 2668 323
24 2668 75208
6 2668 61825
6666 2669 1
6090 2669 1
2119 2669 -1250000
43 2669 323
25 2669 75208
7 2669 61825
6707 2670 1
6243 2670 1
2392 2670 -1250000
44 2670 323
26 2670 75208
8 2670 61825
6379 2671 1
5045 2671 1
171 2671 -1333333
36 2671 148569
18 2671 82731
0 2671 98667
6420 2672 1
5181 2672 1
444 2672 -1333333
37 2672 148569
19 2672 82731
1 2672 98667
6461 2673 1
5327 2673 1
717 2673 -1333333
38 2673 148569
20 2673 82731
2 2673 98667
6502 2674 1
5480 2674 1
990 2674 -1333333
39 2674 148569
21 2674 82731
3 2674 98667
6543 2675 1
5633 2675 1
1263 2675 -1333333
40 2675 148569
22 2675 82731
4 2675 98667
6584 2676 1
5786 2676 1
1536 2676 -1333333
41 2676 148569
23 2676 82731
5 2676 98667
6625 2677 1
5939 2677 1
1809 2677 -1333333
42 2677 148569
24 2677 82731
6 2677 98667
6666 2678 1
6092 2678 1
2082 2678 -1333333
43 2678 148569
25 2678 82731
7 2678 98667
6707 2679 1
6245 2679 1
2355 2679 -1333333
44 2679 148569
26 2679 82731
8 2679 98667
6708 2680 9
6247 2680 1
2392 2680 -1058823
44 2680 112726
26 2680 79311
8 2680 55642
6380 2681 9
5048 2681 1
203 2681 -1034483
36 2681 112435
18 2681 11623
6421 2682 9
5184 2682 1
476 2682 -1034483
37 2682 112435
19 2682 11623
6462 2683 9
5330 2683 1
749 2683 -1034483
38 2683 112435
20 2683 11623
6503 2684 9
5483 2684 1
1022 2684 -1034483
39 2684 112435
21 2684 11623
6544 2685 9
5636 2685 1
1295 2685 -1034483
40 2685 112435
22 2685 11623
6585 2686 9
5789 2686 1
1568 2686 -1034483
41 2686 112435
23 2686 11623
6626 2687 9
5942 2687 1
1841 2687 -1034483
42 2687 112435
24 2687 11623
6667 2688 9
6095 2688 1
2114 2688 -1034483
43 2688 112435
25 2688 11623
6708 2689 9
6248 2689 1
2387 2689 -1034483
44 2689 112435
26 2689 11623
8298 2690 -30000
8297 2690 -30000
8246 2690 -3750
8245 2690 -6252
8248 2690 -3750
8247 2690 -6249
8244 2690 -3750
8243 2690 -6249
6381 2690 1
5052 2690 1
208 2690 -485000
205 2690 -97
36 2690 124941
18 2690 42096
0 2690 23988
8300 2691 -30000
8299 2691 -30000
8252 2691 -3750
8251 2691 -6252
8254 2691 -3750
8253 2691 -6249
8250 2691 -3750
8249 2691 -6249
6422 2691 1
5188 2691 1
481 2691 -485000
478 2691 -97
37 2691 124941
19 2691 42096
1 2691 23988
8302 2692 -30000
8301 2692 -30000
8258 2692 -3750
8257 2692 -6252
8260 2692 -3750
8259 2692 -6249
8256 2692 -3750
8255 2692 -6249
6463 2692 1
5334 2692 1
754 2692 -485000
751 2692 -97
38 2692 124941
20 2692 42096
2 2692 23988
8304 2693 -30000
8303 2693 -30000
8264 2693 -3750
8263 2693 -6252
8266 2693 -3750
8265 2693 -6249
8262 2693 -3750
8261 2693 -6249
6504 2693 1
5487 2693 1
1027 2693 -485000
1024 2693 -97
39 2693 124941
21 2693 42096
3 2693 23988
8306 2694 -30000
8305 2694 -30000
8270 2694 -3750
8269 2694 -6252
8272 2694 -3750
8271 2694 -6249
8268 2694 -3750
8267 2694 -6249
6545 2694 1
5640 2694 1
1300 2694 -485000
1297 2694 -97
40 2694 124941
22 2694 42096
4 2694 23988
8308 2695 -30000
8307 2695 -30000
8276 2695 -3750
8275 2695 -6252
8278 2695 -3750
8277 2695 -6249
8274 2695 -3750
8273 2695 -6249
6586 2695 1
5793 2695 1
1573 2695 -485000
1570 2695 -97
41 2695 124941
23 2695 42096
5 2695 23988
8310 2696 -30000
8309 2696 -30000
8282 2696 -3750
8281 2696 -6252
8284 2696 -3750
8283 2696 -6249
8280 2696 -3750
8279 2696 -6249
6627 2696 1
5946 2696 1
1846 2696 -485000
1843 2696 -97
42 2696 124941
24 2696 42096
6 2696 23988
8312 2697 -30000
8311 2697 -30000
8288 2697 -3750
8287 2697 -6252
8290 2697 -3750
8289 2697 -6249
8286 2697 -3750
8285 2697 -6249
6668 2697 1
6099 2697 1
2119 2697 -485000
2116 2697 -97
43 2697 124941
25 2697 42096
7 2697 23988
8314 2698 -30000
8313 2698 -30000
8294 2698 -3750
8293 2698 -6252
8296 2698 -3750
8295 2698 -6249
8292 2698 -3750
8291 2698 -6249
6709 2698 1
6252 2698 1
2392 2698 -485000
2389 2698 -97
44 2698 124941
26 2698 42096
8 2698 23988
8298 2699 -1312050
8297 2699 -1312050
8246 2699 -60000
8245 2699 -273400
8248 2699 -60000
8247 2699 -273300
8244 2699 -60000
8243 2699 -273300
6382 2699 1
5053 2699 1
36 2699 124928
18 2699 12915
8300 2700 -1312050
8299 2700 -1312050
8252 2700 -60000
8251 2700 -273400
8254 2700 -60000
8253 2700 -273300
8250 2700 -60000
8249 2700 -273300
6423 2700 1
5189 2700 1
37 2700 124928
19 2700 12915
8302 2701 -1312050
8301 2701 -1312050
8258 2701 -60000
8257 2701 -273400
8260 2701 -60000
8259 2701 -273300
8256 2701 -60000
8255 2701 -273300
6464 2701 1
5335 2701 1
38 2701 124928
20 2701 12915
8304 2702 -1312050
8303 2702 -1312050
8264 2702 -60000
8263 2702 -273400
8266 2702 -60000
8265 2702 -273300
8262 2702 -60000
8261 2702 -273300
6505 2702 1
5488 2702 1
39 2702 124928
21 2702 12915
8306 2703 -1312050
8305 2703 -1312050
8270 2703 -60000
8269 2703 -273400
8272 2703 -60000
8271 2703 -273300
8268 2703 -60000
8267 2703 -273300
6546 2703 1
5641 2703 1
40 2703 124928
22 2703 12915
8308 2704 -1312050
8307 2704 -1312050
8276 2704 -60000
8275 2704 -273400
8278 2704 -60000
8277 2704 -273300
8274 2704 -60000
8273 2704 -273300
6587 2704 1
5794 2704 1
41 2704 124928
23 2704 12915
8310 2705 -1312050
8309 2705 -1312050
8282 2705 -60000
8281 2705 -273400
8284 2705 -60000
8283 2705 -273300
8280 2705 -60000
8279 2705 -273300
6628 2705 1
5947 2705 1
42 2705 124928
24 2705 12915
8302 2706 -1180845
8301 2706 -1180845
8258 2706 -54000
8257 2706 -246060
8260 2706 -54000
8259 2706 -245970
8256 2706 -54000
8255 2706 -245970
6464 2706 1
5336 2706 1
8304 2707 -1180845
8303 2707 -1180845
8264 2707 -54000
8263 2707 -246060
8266 2707 -54000
8265 2707 -245970
8262 2707 -54000
8261 2707 -245970
6505 2707 1
5489 2707 1
8306 2708 -1180845
8305 2708 -1180845
8270 2708 -54000
8269 2708 -246060
8272 2708 -54000
8271 2708 -245970
8268 2708 -54000
8267 2708 -245970
6546 2708 1
5642 2708 1
8310 2709 -1180845
8309 2709 -1180845
8282 2709 -54000
8281 2709 -246060
8284 2709 -54000
8283 2709 -245970
8280 2709 -54000
8279 2709 -245970
6628 2709 1
5948 2709 1
8312 2710 -1180845
8311 2710 -1180845
8288 2710 -54000
8287 2710 -246060
8290 2710 -54000
8289 2710 -245970
8286 2710 -54000
8285 2710 -245970
6669 2710 1
6101 2710 1
8314 2711 -1180845
8313 2711 -1180845
8294 2711 -54000
8293 2711 -246060
8296 2711 -54000
8295 2711 -245970
8292 2711 -54000
8291 2711 -245970
6710 2711 1
6254 2711 1
8300 2712 -1075881
8299 2712 -1075881
8252 2712 -49200
8251 2712 -224188
8254 2712 -49200
8253 2712 -224106
8250 2712 -49200
8249 2712 -224106
6423 2712 1
5191 2712 1
8314 2713 -1075881
8313 2713 -1075881
8294 2713 -49200
8293 2713 -224188
8296 2713 -49200
8295 2713 -224106
8292 2713 -49200
8291 2713 -224106
6710 2713 1
6255 2713 1
8298 2714 -984037
8297 2714 -984037
8246 2714 -45000
8245 2714 -205050
8248 2714 -45000
8247 2714 -204975
8244 2714 -45000
8243 2714 -204975
6382 2714 1
5056 2714 1
8302 2715 -984037
8301 2715 -984037
8258 2715 -45000
8257 2715 -205050
8260 2715 -45000
8259 2715 -204975
8256 2715 -45000
8255 2715 -204975
6464 2715 1
5338 2715 1
8304 2716 -984037
8303 2716 -984037
8264 2716 -45000
8263 2716 -205050
8266 2716 -45000
8265 2716 -204975
8262 2716 -45000
8261 2716 -204975
6505 2716 1
5491 2716 1
8308 2717 -984037
8307 2717 -984037
8276 2717 -45000
8275 2717 -205050
8278 2717 -45000
8277 2717 -204975
8274 2717 -45000
8273 2717 -204975
6587 2717 1
5797 2717 1
8314 2718 -984037
8313 2718 -984037
8294 2718 -45000
8293 2718 -205050
8296 2718 -45000
8295 2718 -204975
8292 2718 -45000
8291 2718 -204975
6710 2718 1
6256 2718 1
8298 2719 -252040
8297 2719 -554489
8246 2719 -35000
8245 2719 -70000
8248 2719 -17500
8247 2719 -52500
8244 2719 -59500
8243 2719 -115500
6383 2719 1
5057 2719 1
208 2719 -530000
171 2719 -120000
36 2719 142883
18 2719 52324
0 2719 36075
8300 2720 -252040
8299 2720 -554489
8252 2720 -35000
8251 2720 -70000
8254 2720 -17500
8253 2720 -52500
8250 2720 -59500
8249 2720 -115500
6424 2720 1
5193 2720 1
481 2720 -550000
444 2720 -100000
37 2720 142883
19 2720 52324
1 2720 35584
8302 2721 -252040
8301 2721 -554489
8258 2721 -35000
8257 2721 -70000
8260 2721 -17500
8259 2721 -52500
8256 2721 -59500
8255 2721 -115500
6465 2721 1
5339 2721 1
754 2721 -570000
717 2721 -80000
38 2721 142883
20 2721 52324
2 2721 35094
8304 2722 -252040
8303 2722 -554489
8264 2722 -35000
8263 2722 -70000
8266 2722 -17500
8265 2722 -52500
8262 2722 -59500
8261 2722 -115500
6506 2722 1
5492 2722 1
1027 2722 -590000
990 2722 -60000
39 2722 142883
21 2722 52324
3 2722 34603
8306 2723 -252040
8305 2723 -554489
8270 2723 -35000
8269 2723 -70000
8272 2723 -17500
8271 2723 -52500
8268 2723 -59500
8267 2723 -115500
6547 2723 1
5645 2723 1
1300 2723 -610000
1263 2723 -40000
40 2723 142883
22 2723 52324
4 2723 34112
8308 2724 -252040
8307 2724 -554489
8276 2724 -35000
8275 2724 -70000
8278 2724 -17500
8277 2724 -52500
8274 2724 -59500
8273 2724 -115500
6588 2724 1
5798 2724 1
1573 2724 -630000
1536 2724 -20000
41 2724 142883
23 2724 52324
5 2724 33621
8310 2725 -252040
8309 2725 -554489
8282 2725 -35000
8281 2725 -70000
8284 2725 -17500
8283 2725 -52500
8280 2725 -59500
8279 2725 -115500
6629 2725 1
5951 2725 1
1846 2725 -650000
42 2725 142883
24 2725 52324
6 2725 33130
8312 2726 -252040
8311 2726 -554489
8288 2726 -35000
8287 2726 -70000
8290 2726 -17500
8289 2726 -52500
8286 2726 -59500
8285 2726 -115500
6670 2726 1
6104 2726 1
2119 2726 -650000
43 2726 142883
25 2726 52324
7 2726 32640
8314 2727 -252040
8313 2727 -554489
8294 2727 -35000
8293 2727 -70000
8296 2727 -17500
8295 2727 -52500
8292 2727 -59500
8291 2727 -115500
6711 2727 1
6257 2727 1
2392 2727 -650000
44 2727 142883
26 2727 52324
8 2727 32149
10276 2728 1
6384 2728 1
284 2728 -250
10277 2729 1
6425 2729 1
557 2729 -250
10278 2730 1
6466 2730 1
830 2730 -25
10279 2731 1
6507 2731 1
1103 2731 -250
10280 2732 1
6548 2732 1
1376 2732 -25
10281 2733 1
6589 2733 1
1649 2733 -250
10282 2734 1
6630 2734 1
1922 2734 -25
10283 2735 1
6671 2735 1
2195 2735 -250
10284 2736 1
6712 2736 1
2468 2736 -250
10276 2737 1
6385 2737 1
308 2737 -1
10277 2738 1
6426 2738 1
581 2738 -1
10278 2739 1
6467 2739 1
854 2739 -1
10279 2740 1
6508 2740 1
1127 2740 -1
10280 2741 1
6549 2741 1
1400 2741 -1
10281 2742 1
6590 2742 1
1673 2742 -1
10282 2743 1
6631 2743 1
1946 2743 -1
10283 2744 1
6672 2744 1
2219 2744 -1
10284 2745 1
6713 2745 1
2492 2745 -1
10276 2746 1
351 2746 -1
10277 2747 1
624 2747 -1
10278 2748 1
897 2748 -1
10279 2749 1
1170 2749 -1
10280 2750 1
1443 2750 -1
10281 2751 1
1716 2751 -1
10282 2752 1
1989 2752 -1
10283 2753 1
2262 2753 -1
10284 2754 1
2535 2754 -1
6386 2755 1
198 2755 -5000
6427 2756 1
471 2756 -5000
6468 2757 1
744 2757 -5000
6509 2758 1
1017 2758 -5000
6550 2759 1
1290 2759 -5000
6591 2760 1
1563 2760 -5000
6632 2761 1
1836 2761 -5000
6673 2762 1
2109 2762 -5000
6714 2763 1
2382 2763 -5000
6387 2764 1
236 2764 -10000
6428 2765 1
509 2765 -10000
6469 2766 1
782 2766 -10000
6510 2767 1
1055 2767 -10000
6551 2768 1
1328 2768 -10000
6592 2769 1
1601 2769 -10000
6633 2770 1
1874 2770 -10000
6674 2771 1
2147 2771 -10000
6715 2772 1
2420 2772 -10000
6388 2773 1
89 2773 -10000
6429 2774 1
362 2774 -10000
6470 2775 1
635 2775 -10000
6511 2776 1
908 2776 -10000
6552 2777 1
1181 2777 -10000
6593 2778 1
1454 2778 -10000
6634 2779 1
1727 2779 -10000
6675 2780 1
2000 2780 -10000
6716 2781 1
2273 2781 -10000
6389 2782 1
184 2782 -100000
6430 2783 1
457 2783 -100000
6471 2784 1
730 2784 -100000
6512 2785 1
1003 2785 -100000
6553 2786 1
1276 2786 -100000
6594 2787 1
1549 2787 -100000
6635 2788 1
1822 2788 -100000
6676 2789 1
2095 2789 -100000
6717 2790 1
2368 2790 -100000
6390 2791 1
189 2791 -100000
6431 2792 1
462 2792 -100000
6472 2793 1
735 2793 -100000
6513 2794 1
1008 2794 -100000
6554 2795 1
1281 2795 -100000
6595 2796 1
1554 2796 -100000
6636 2797 1
1827 2797 -100000
6677 2798 1
2100 2798 -100000
6718 2799 1
2373 2799 -100000
6391 2800 1
90 2800 -10000
6432 2801 1
363 2801 -10000
6473 2802 1
636 2802 -10000
6514 2803 1
909 2803 -10000
6555 2804 1
1182 2804 -10000
6596 2805 1
1455 2805 -10000
6637 2806 1
1728 2806 -10000
6678 2807 1
2001 2807 -10000
6719 2808 1
2274 2808 -10000
8297 2809 -336761
8246 2809 -33217
8245 2809 -39406
8248 2809 -10316
8244 2809 -53229
8243 2809 -70147
6392 2809 1
5059 2809 1
208 2809 -214737
36 2809 99
18 2809 50750
0 2809 14130
10234 2810 -72
8299 2810 -336761
8252 2810 -33217
8251 2810 -39406
8254 2810 -10316
8250 2810 -53229
8249 2810 -70147
6433 2810 1
5195 2810 1
481 2810 -214737
37 2810 99
19 2810 50750
1 2810 14130
10235 2811 -72
8301 2811 -336761
8258 2811 -33217
8257 2811 -39406
8260 2811 -10316
8256 2811 -53229
8255 2811 -70147
6474 2811 1
5341 2811 1
754 2811 -214737
38 2811 99
20 2811 50750
2 2811 14130
10236 2812 -72
8303 2812 -336761
8264 2812 -33217
8263 2812 -39406
8266 2812 -10316
8262 2812 -53229
8261 2812 -70147
6515 2812 1
5494 2812 1
1027 2812 -214737
39 2812 99
21 2812 50750
3 2812 14130
10237 2813 -72
8305 2813 -336761
8270 2813 -33217
8269 2813 -39406
8272 2813 -10316
8268 2813 -53229
8267 2813 -70147
6556 2813 1
5647 2813 1
1300 2813 -214737
40 2813 99
22 2813 50750
4 2813 14130
10238 2814 -72
8307 2814 -336761
8276 2814 -33217
8275 2814 -39406
8278 2814 -10316
8274 2814 -53229
8273 2814 -70147
6597 2814 1
5800 2814 1
1573 2814 -214737
41 2814 99
23 2814 50750
5 2814 14130
10239 2815 -72
8309 2815 -336761
8282 2815 -33217
8281 2815 -39406
8284 2815 -10316
8280 2815 -53229
8279 2815 -70147
6638 2815 1
5953 2815 1
1846 2815 -214737
42 2815 99
24 2815 50750
6 2815 14130
8297 2816 -337501
8246 2816 -33290
8245 2816 -39493
8248 2816 -10338
8244 2816 -53346
8243 2816 -70302
6392 2816 1
5060 2816 1
171 2816 -224000
36 2816 31620
18 2816 61210
0 2816 21550
10239 2817 -72
8309 2817 -337501
8282 2817 -33290
8281 2817 -39493
8284 2817 -10338
8280 2817 -53346
8279 2817 -70302
6638 2817 1
5954 2817 1
1809 2817 -224000
42 2817 31620
24 2817 61210
6 2817 21550
10241 2818 -72
8313 2818 -337501
8294 2818 -33290
8293 2818 -39493
8296 2818 -10338
8292 2818 -53346
8291 2818 -70302
6720 2818 1
6260 2818 1
2355 2818 -224000
44 2818 31620
26 2818 61210
8 2818 21550
8297 2819 -613467
8246 2819 -60510
8245 2819 -71785
8248 2819 -18792
8244 2819 -96966
8243 2819 -127785
6392 2819 1
5061 2819 1
10239 2820 -72
8309 2820 -613467
8282 2820 -60510
8281 2820 -71785
8284 2820 -18792
8280 2820 -96966
8279 2820 -127785
6638 2820 1
5955 2820 1
6433 2821 1
5198 2821 1
59 2821 -849333
481 2821 -84000
19 2821 241370
1 2821 2490
6474 2822 1
5344 2822 1
62 2822 -849333
754 2822 -84000
20 2822 241370
2 2822 2490
6515 2823 1
5497 2823 1
65 2823 -849333
1027 2823 -84000
21 2823 241370
3 2823 2490
6597 2824 1
5803 2824 1
71 2824 -849333
1573 2824 -84000
23 2824 241370
5 2824 2490
6392 2825 1
5063 2825 1
56 2825 -849333
171 2825 -84000
36 2825 5470
18 2825 244240
0 2825 3730
6433 2826 1
5199 2826 1
59 2826 -849333
444 2826 -84000
37 2826 5470
19 2826 244240
1 2826 3730
6515 2827 1
5498 2827 1
65 2827 -849333
990 2827 -84000
39 2827 5470
21 2827 244240
3 2827 3730
6597 2828 1
5804 2828 1
71 2828 -849333
1536 2828 -84000
41 2828 5470
23 2828 244240
5 2828 3730
8297 2829 -79981
8246 2829 -7889
8245 2829 -9359
8248 2829 -2450
8244 2829 -12642
8243 2829 -16660
6392 2829 1
5064 2829 1
56 2829 -651000
18 2829 238790
8301 2830 -79981
8258 2830 -7889
8257 2830 -9359
8260 2830 -2450
8256 2830 -12642
8255 2830 -16660
6474 2830 1
5346 2830 1
62 2830 -651000
20 2830 238790
8303 2831 -79981
8264 2831 -7889
8263 2831 -9359
8266 2831 -2450
8262 2831 -12642
8261 2831 -16660
6515 2831 1
5499 2831 1
65 2831 -651000
21 2831 238790
8307 2832 -79981
8276 2832 -7889
8275 2832 -9359
8278 2832 -2450
8274 2832 -12642
8273 2832 -16660
6597 2832 1
5805 2832 1
71 2832 -651000
23 2832 238790
8299 2833 -91407
8252 2833 -9016
8251 2833 -10696
8254 2833 -2800
8250 2833 -14448
8249 2833 -19040
6433 2833 1
5201 2833 1
8301 2834 -91407
8258 2834 -9016
8257 2834 -10696
8260 2834 -2800
8256 2834 -14448
8255 2834 -19040
6474 2834 1
5347 2834 1
8305 2835 -91407
8270 2835 -9016
8269 2835 -10696
8272 2835 -2800
8268 2835 -14448
8267 2835 -19040
6556 2835 1
5653 2835 1
8309 2836 -91407
8282 2836 -9016
8281 2836 -10696
8284 2836 -2800
8280 2836 -14448
8279 2836 -19040
6638 2836 1
5959 2836 1
6392 2837 1
5067 2837 1
171 2837 -861538
36 2837 60820
18 2837 117710
0 2837 41440
6433 2838 1
5203 2838 1
444 2838 -861538
37 2838 60820
19 2838 117710
1 2838 41440
6474 2839 1
5349 2839 1
717 2839 -861538
38 2839 60820
20 2839 117710
2 2839 41440
6515 2840 1
5502 2840 1
990 2840 -861538
39 2840 60820
21 2840 117710
3 2840 41440
6556 2841 1
5655 2841 1
1263 2841 -861538
40 2841 60820
22 2841 117710
4 2841 41440
6597 2842 1
5808 2842 1
1536 2842 -861538
41 2842 60820
23 2842 117710
5 2842 41440
6638 2843 1
5961 2843 1
1809 2843 -861538
42 2843 60820
24 2843 117710
6 2843 41440
6679 2844 1
6114 2844 1
2082 2844 -861538
43 2844 60820
25 2844 117710
7 2844 41440
6720 2845 1
6267 2845 1
2355 2845 -861538
44 2845 60820
26 2845 117710
8 2845 41440
8297 2846 -914066
8246 2846 -90160
8245 2846 -106960
8248 2846 -28000
8244 2846 -144480
8243 2846 -190400
6392 2846 1
5068 2846 1
6392 2847 1
5071 2847 1
6433 2848 1
5207 2848 1
6474 2849 1
5353 2849 1
6515 2850 1
5506 2850 1
6556 2851 1
5659 2851 1
6597 2852 1
5812 2852 1
6638 2853 1
5965 2853 1
6679 2854 1
6118 2854 1
6392 2855 1
5072 2855 1
6433 2856 1
5208 2856 1
6515 2857 1
5507 2857 1
6556 2858 1
5660 2858 1
6597 2859 1
5813 2859 1
6679 2860 1
6119 2860 1
8297 2861 -270612
8246 2861 -26692
8245 2861 -31666
8248 2861 -8289
8244 2861 -42774
8243 2861 -56368
6393 2861 1
5073 2861 1
208 2861 -172556
36 2861 70
18 2861 40780
0 2861 11350
10242 2862 -72
8299 2862 -270612
8252 2862 -26692
8251 2862 -31666
8254 2862 -8289
8250 2862 -42774
8249 2862 -56368
6434 2862 1
5209 2862 1
481 2862 -172556
37 2862 70
19 2862 40780
1 2862 11350
10243 2863 -72
8301 2863 -270612
8258 2863 -26692
8257 2863 -31666
8260 2863 -8289
8256 2863 -42774
8255 2863 -56368
6475 2863 1
5355 2863 1
754 2863 -172556
38 2863 70
20 2863 40780
2 2863 11350
10244 2864 -72
8303 2864 -270612
8264 2864 -26692
8263 2864 -31666
8266 2864 -8289
8262 2864 -42774
8261 2864 -56368
6516 2864 1
5508 2864 1
1027 2864 -172556
39 2864 70
21 2864 40780
3 2864 11350
10245 2865 -72
8305 2865 -270612
8270 2865 -26692
8269 2865 -31666
8272 2865 -8289
8268 2865 -42774
8267 2865 -56368
6557 2865 1
5661 2865 1
1300 2865 -172556
40 2865 70
22 2865 40780
4 2865 11350
10246 2866 -72
8307 2866 -270612
8276 2866 -26692
8275 2866 -31666
8278 2866 -8289
8274 2866 -42774
8273 2866 -56368
6598 2866 1
5814 2866 1
1573 2866 -172556
41 2866 70
23 2866 40780
5 2866 11350
10247 2867 -72
8309 2867 -270612
8282 2867 -26692
8281 2867 -31666
8284 2867 -8289
8280 2867 -42774
8279 2867 -56368
6639 2867 1
5967 2867 1
1846 2867 -172556
42 2867 70
24 2867 40780
6 2867 11350
10248 2868 -72
8311 2868 -270612
8288 2868 -26692
8287 2868 -31666
8290 2868 -8289
8286 2868 -42774
8285 2868 -56368
6680 2868 1
6120 2868 1
2119 2868 -172556
43 2868 70
25 2868 40780
7 2868 11350
10249 2869 -72
8313 2869 -270612
8294 2869 -26692
8293 2869 -31666
8296 2869 -8289
8292 2869 -42774
8291 2869 -56368
6721 2869 1
6273 2869 1
2392 2869 -172556
44 2869 70
26 2869 40780
8 2869 11350
10242 2870 -72
8299 2870 -271206
8252 2870 -26751
8251 2870 -31735
8254 2870 -8308
8250 2870 -42868
8249 2870 -56492
6434 2870 1
5210 2870 1
444 2870 -180000
37 2870 25410
19 2870 49190
1 2870 17320
10243 2871 -72
8301 2871 -271206
8258 2871 -26751
8257 2871 -31735
8260 2871 -8308
8256 2871 -42868
8255 2871 -56492
6475 2871 1
5356 2871 1
717 2871 -180000
38 2871 25410
20 2871 49190
2 2871 17320
10244 2872 -72
8303 2872 -271206
8264 2872 -26751
8263 2872 -31735
8266 2872 -8308
8262 2872 -42868
8261 2872 -56492
6516 2872 1
5509 2872 1
990 2872 -180000
39 2872 25410
21 2872 49190
3 2872 17320
10245 2873 -72
8305 2873 -271206
8270 2873 -26751
8269 2873 -31735
8272 2873 -8308
8268 2873 -42868
8267 2873 -56492
6557 2873 1
5662 2873 1
1263 2873 -180000
40 2873 25410
22 2873 49190
4 2873 17320
10246 2874 -72
8307 2874 -271206
8276 2874 -26751
8275 2874 -31735
8278 2874 -8308
8274 2874 -42868
8273 2874 -56492
6598 2874 1
5815 2874 1
1536 2874 -180000
41 2874 25410
23 2874 49190
5 2874 17320
10248 2875 -72
8311 2875 -271206
8288 2875 -26751
8287 2875 -31735
8290 2875 -8308
8286 2875 -42868
8285 2875 -56492
6680 2875 1
6121 2875 1
2082 2875 -180000
43 2875 25410
25 2875 49190
7 2875 17320
10242 2876 -72
8299 2876 -494060
8252 2876 -48732
8251 2876 -57813
8254 2876 -15134
8250 2876 -78093
8249 2876 -102913
6434 2876 1
5211 2876 1
10243 2877 -72
8301 2877 -494060
8258 2877 -48732
8257 2877 -57813
8260 2877 -15134
8256 2877 -78093
8255 2877 -102913
6475 2877 1
5357 2877 1
10244 2878 -72
8303 2878 -494060
8264 2878 -48732
8263 2878 -57813
8266 2878 -15134
8262 2878 -78093
8261 2878 -102913
6516 2878 1
5510 2878 1
10245 2879 -72
8305 2879 -494060
8270 2879 -48732
8269 2879 -57813
8272 2879 -15134
8268 2879 -78093
8267 2879 -102913
6557 2879 1
5663 2879 1
10246 2880 -72
8307 2880 -494060
8276 2880 -48732
8275 2880 -57813
8278 2880 -15134
8274 2880 -78093
8273 2880 -102913
6598 2880 1
5816 2880 1
10248 2881 -72
8311 2881 -494060
8288 2881 -48732
8287 2881 -57813
8290 2881 -15134
8286 2881 -78093
8285 2881 -102913
6680 2881 1
6122 2881 1
10249 2882 -72
8313 2882 -494060
8294 2882 -48732
8293 2882 -57813
8296 2882 -15134
8292 2882 -78093
8291 2882 -102913
6721 2882 1
6275 2882 1
6393 2883 1
5076 2883 1
56 2883 -682500
208 2883 -67500
36 2883 10
18 2883 194960
0 2883 2000
6434 2884 1
5212 2884 1
59 2884 -682500
481 2884 -67500
37 2884 10
19 2884 194960
1 2884 2000
6516 2885 1
5511 2885 1
65 2885 -682500
1027 2885 -67500
39 2885 10
21 2885 194960
3 2885 2000
6598 2886 1
5817 2886 1
71 2886 -682500
1573 2886 -67500
41 2886 10
23 2886 194960
5 2886 2000
6393 2887 1
5077 2887 1
56 2887 -682500
171 2887 -67500
36 2887 4400
18 2887 196270
0 2887 3000
6434 2888 1
5213 2888 1
59 2888 -682500
444 2888 -67500
37 2888 4400
19 2888 196270
1 2888 3000
6475 2889 1
5359 2889 1
62 2889 -682500
717 2889 -67500
38 2889 4400
20 2889 196270
2 2889 3000
6516 2890 1
5512 2890 1
65 2890 -682500
990 2890 -67500
39 2890 4400
21 2890 196270
3 2890 3000
6598 2891 1
5818 2891 1
71 2891 -682500
1536 2891 -67500
41 2891 4400
23 2891 196270
5 2891 3000
8297 2892 -64270
8246 2892 -6339
8245 2892 -7521
8248 2892 -1969
8244 2892 -10159
8243 2892 -13388
6393 2892 1
5078 2892 1
56 2892 -523125
18 2892 191880
8299 2893 -64270
8252 2893 -6339
8251 2893 -7521
8254 2893 -1969
8250 2893 -10159
8249 2893 -13388
6434 2893 1
5214 2893 1
59 2893 -523125
19 2893 191880
8303 2894 -64270
8264 2894 -6339
8263 2894 -7521
8266 2894 -1969
8262 2894 -10159
8261 2894 -13388
6516 2894 1
5513 2894 1
65 2894 -523125
21 2894 191880
8307 2895 -64270
8276 2895 -6339
8275 2895 -7521
8278 2895 -1969
8274 2895 -10159
8273 2895 -13388
6598 2895 1
5819 2895 1
71 2895 -523125
23 2895 191880
6393 2896 1
5079 2896 1
171 2896 -585714
36 2896 48980
18 2896 94800
0 2896 33370
6434 2897 1
5215 2897 1
444 2897 -585714
37 2897 48980
19 2897 94800
1 2897 33370
6475 2898 1
5361 2898 1
717 2898 -585714
38 2898 48980
20 2898 94800
2 2898 33370
6516 2899 1
5514 2899 1
990 2899 -585714
39 2899 48980
21 2899 94800
3 2899 33370
6557 2900 1
5667 2900 1
1263 2900 -585714
40 2900 48980
22 2900 94800
4 2900 33370
6598 2901 1
5820 2901 1
1536 2901 -585714
41 2901 48980
23 2901 94800
5 2901 33370
6639 2902 1
5973 2902 1
1809 2902 -585714
42 2902 48980
24 2902 94800
6 2902 33370
6680 2903 1
6126 2903 1
2082 2903 -585714
43 2903 48980
25 2903 94800
7 2903 33370
6721 2904 1
6279 2904 1
2355 2904 -585714
44 2904 48980
26 2904 94800
8 2904 33370
6393 2905 1
5080 2905 1
208 2905 -550000
36 2905 140
18 2905 80140
0 2905 22310
6475 2906 1
5362 2906 1
754 2906 -550000
38 2906 140
20 2906 80140
2 2906 22310
6516 2907 1
5515 2907 1
1027 2907 -550000
39 2907 140
21 2907 80140
3 2907 22310
6557 2908 1
5668 2908 1
1300 2908 -550000
40 2908 140
22 2908 80140
4 2908 22310
6598 2909 1
5821 2909 1
1573 2909 -550000
41 2909 140
23 2909 80140
5 2909 22310
8297 2910 -411330
8246 2910 -40572
8245 2910 -48132
8248 2910 -12600
8244 2910 -65016
8243 2910 -85680
6393 2910 1
5081 2910 1
8299 2911 -411330
8252 2911 -40572
8251 2911 -48132
8254 2911 -12600
8250 2911 -65016
8249 2911 -85680
6434 2911 1
5217 2911 1
8301 2912 -411330
8258 2912 -40572
8257 2912 -48132
8260 2912 -12600
8256 2912 -65016
8255 2912 -85680
6475 2912 1
5363 2912 1
8303 2913 -411330
8264 2913 -40572
8263 2913 -48132
8266 2913 -12600
8262 2913 -65016
8261 2913 -85680
6516 2913 1
5516 2913 1
8305 2914 -411330
8270 2914 -40572
8269 2914 -48132
8272 2914 -12600
8268 2914 -65016
8267 2914 -85680
6557 2914 1
5669 2914 1
8307 2915 -411330
8276 2915 -40572
8275 2915 -48132
8278 2915 -12600
8274 2915 -65016
8273 2915 -85680
6598 2915 1
5822 2915 1
8309 2916 -411330
8282 2916 -40572
8281 2916 -48132
8284 2916 -12600
8280 2916 -65016
8279 2916 -85680
6639 2916 1
5975 2916 1
8311 2917 -411330
8288 2917 -40572
8287 2917 -48132
8290 2917 -12600
8286 2917 -65016
8285 2917 -85680
6680 2917 1
6128 2917 1
8313 2918 -411330
8294 2918 -40572
8293 2918 -48132
8296 2918 -12600
8292 2918 -65016
8291 2918 -85680
6721 2918 1
6281 2918 1
8297 2919 -362362
8246 2919 -35742
8245 2919 -42402
8248 2919 -11100
8244 2919 -57276
8243 2919 -75480
6393 2919 1
5082 2919 1
8299 2920 -362362
8252 2920 -35742
8251 2920 -42402
8254 2920 -11100
8250 2920 -57276
8249 2920 -75480
6434 2920 1
5218 2920 1
8301 2921 -362362
8258 2921 -35742
8257 2921 -42402
8260 2921 -11100
8256 2921 -57276
8255 2921 -75480
6475 2921 1
5364 2921 1
8303 2922 -362362
8264 2922 -35742
8263 2922 -42402
8266 2922 -11100
8262 2922 -57276
8261 2922 -75480
6516 2922 1
5517 2922 1
8305 2923 -362362
8270 2923 -35742
8269 2923 -42402
8272 2923 -11100
8268 2923 -57276
8267 2923 -75480
6557 2923 1
5670 2923 1
8307 2924 -362362
8276 2924 -35742
8275 2924 -42402
8278 2924 -11100
8274 2924 -57276
8273 2924 -75480
6598 2924 1
5823 2924 1
8309 2925 -362362
8282 2925 -35742
8281 2925 -42402
8284 2925 -11100
8280 2925 -57276
8279 2925 -75480
6639 2925 1
5976 2925 1
8311 2926 -362362
8288 2926 -35742
8287 2926 -42402
8290 2926 -11100
8286 2926 -57276
8285 2926 -75480
6680 2926 1
6129 2926 1
8313 2927 -362362
8294 2927 -35742
8293 2927 -42402
8296 2927 -11100
8292 2927 -57276
8291 2927 -75480
6721 2927 1
6282 2927 1
6434 2928 1
5219 2928 1
481 2928 -246667
37 2928 70
19 2928 39450
1 2928 10980
6598 2929 1
5824 2929 1
1573 2929 -246667
41 2929 70
23 2929 39450
5 2929 10980
6680 2930 1
6130 2930 1
2119 2930 -246667
43 2930 70
25 2930 39450
7 2930 10980
6393 2931 1
5084 2931 1
171 2931 -246667
36 2931 24110
18 2931 46660
0 2931 16430
6434 2932 1
5220 2932 1
444 2932 -246667
37 2932 24110
19 2932 46660
1 2932 16430
6475 2933 1
5366 2933 1
717 2933 -246667
38 2933 24110
20 2933 46660
2 2933 16430
6516 2934 1
5519 2934 1
990 2934 -246667
39 2934 24110
21 2934 46660
3 2934 16430
6557 2935 1
5672 2935 1
1263 2935 -246667
40 2935 24110
22 2935 46660
4 2935 16430
6598 2936 1
5825 2936 1
1536 2936 -246667
41 2936 24110
23 2936 46660
5 2936 16430
6639 2937 1
5978 2937 1
1809 2937 -246667
42 2937 24110
24 2937 46660
6 2937 16430
6680 2938 1
6131 2938 1
2082 2938 -246667
43 2938 24110
25 2938 46660
7 2938 16430
8313 2939 -258830
8294 2939 -25530
8293 2939 -30287
8296 2939 -7929
8292 2939 -40911
8291 2939 -53914
6721 2939 1
6285 2939 1
8297 2940 -736150
8246 2940 -72611
8245 2940 -86141
8248 2940 -22550
8244 2940 -116358
8243 2940 -153340
6393 2940 1
5087 2940 1
6394 2941 1
5088 2941 1
208 2941 -359770
36 2941 90
18 2941 55620
0 2941 15480
10255 2942 -72
6640 2942 1
5982 2942 1
1846 2942 -359770
42 2942 90
24 2942 55620
6 2942 15480
10256 2943 -72
6681 2943 1
6135 2943 1
2119 2943 -359770
43 2943 90
25 2943 55620
7 2943 15480
6394 2944 1
5089 2944 1
208 2944 -391250
36 2944 90
18 2944 55620
0 2944 15480
6394 2945 1
5090 2945 1
171 2945 -417333
36 2945 33990
18 2945 65790
0 2945 23160
10250 2946 -72
6435 2946 1
5226 2946 1
444 2946 -417333
37 2946 33990
19 2946 65790
1 2946 23160
10251 2947 -72
6476 2947 1
5372 2947 1
717 2947 -417333
38 2947 33990
20 2947 65790
2 2947 23160
10252 2948 -72
6517 2948 1
5525 2948 1
990 2948 -417333
39 2948 33990
21 2948 65790
3 2948 23160
10253 2949 -72
6558 2949 1
5678 2949 1
1263 2949 -417333
40 2949 33990
22 2949 65790
4 2949 23160
10254 2950 -72
6599 2950 1
5831 2950 1
1536 2950 -417333
41 2950 33990
23 2950 65790
5 2950 23160
10255 2951 -72
6640 2951 1
5984 2951 1
1809 2951 -417333
42 2951 33990
24 2951 65790
6 2951 23160
10256 2952 -72
6681 2952 1
6137 2952 1
2082 2952 -417333
43 2952 33990
25 2952 65790
7 2952 23160
10257 2953 -72
6722 2953 1
6290 2953 1
2355 2953 -417333
44 2953 33990
26 2953 65790
8 2953 23160
8297 2954 -510898
8246 2954 -50393
8245 2954 -59783
8248 2954 -15650
8244 2954 -80754
8243 2954 -106420
6394 2954 1
5091 2954 1
8299 2955 -510898
8252 2955 -50393
8251 2955 -59783
8254 2955 -15650
8250 2955 -80754
8249 2955 -106420
6435 2955 1
5227 2955 1
8301 2956 -510898
8258 2956 -50393
8257 2956 -59783
8260 2956 -15650
8256 2956 -80754
8255 2956 -106420
6476 2956 1
5373 2956 1
8303 2957 -510898
8264 2957 -50393
8263 2957 -59783
8266 2957 -15650
8262 2957 -80754
8261 2957 -106420
6517 2957 1
5526 2957 1
8307 2958 -510898
8276 2958 -50393
8275 2958 -59783
8278 2958 -15650
8274 2958 -80754
8273 2958 -106420
6599 2958 1
5832 2958 1
8309 2959 -510898
8282 2959 -50393
8281 2959 -59783
8284 2959 -15650
8280 2959 -80754
8279 2959 -106420
6640 2959 1
5985 2959 1
8297 2960 -510898
8246 2960 -50393
8245 2960 -59783
8248 2960 -15650
8244 2960 -80754
8243 2960 -106420
6394 2960 1
5092 2960 1
8299 2961 -510898
8252 2961 -50393
8251 2961 -59783
8254 2961 -15650
8250 2961 -80754
8249 2961 -106420
6435 2961 1
5228 2961 1
8301 2962 -510898
8258 2962 -50393
8257 2962 -59783
8260 2962 -15650
8256 2962 -80754
8255 2962 -106420
6476 2962 1
5374 2962 1
8303 2963 -510898
8264 2963 -50393
8263 2963 -59783
8266 2963 -15650
8262 2963 -80754
8261 2963 -106420
6517 2963 1
5527 2963 1
8305 2964 -510898
8270 2964 -50393
8269 2964 -59783
8272 2964 -15650
8268 2964 -80754
8267 2964 -106420
6558 2964 1
5680 2964 1
8307 2965 -510898
8276 2965 -50393
8275 2965 -59783
8278 2965 -15650
8274 2965 -80754
8273 2965 -106420
6599 2965 1
5833 2965 1
8309 2966 -510898
8282 2966 -50393
8281 2966 -59783
8284 2966 -15650
8280 2966 -80754
8279 2966 -106420
6640 2966 1
5986 2966 1
8311 2967 -510898
8288 2967 -50393
8287 2967 -59783
8290 2967 -15650
8286 2967 -80754
8285 2967 -106420
6681 2967 1
6139 2967 1
8313 2968 -510898
8294 2968 -50393
8293 2968 -59783
8296 2968 -15650
8292 2968 -80754
8291 2968 -106420
6722 2968 1
6292 2968 1
8297 2969 -168027
8246 2969 -16574
8245 2969 -19662
8248 2969 -5147
8244 2969 -26559
8243 2969 -35000
6394 2969 1
5093 2969 1
56 2969 -1367647
8299 2970 -168027
8252 2970 -16574
8251 2970 -19662
8254 2970 -5147
8250 2970 -26559
8249 2970 -35000
6435 2970 1
5229 2970 1
59 2970 -1367647
8301 2971 -168027
8258 2971 -16574
8257 2971 -19662
8260 2971 -5147
8256 2971 -26559
8255 2971 -35000
6476 2971 1
5375 2971 1
62 2971 -1367647
8303 2972 -168027
8264 2972 -16574
8263 2972 -19662
8266 2972 -5147
8262 2972 -26559
8261 2972 -35000
6517 2972 1
5528 2972 1
65 2972 -1367647
8305 2973 -168027
8270 2973 -16574
8269 2973 -19662
8272 2973 -5147
8268 2973 -26559
8267 2973 -35000
6558 2973 1
5681 2973 1
68 2973 -1367647
8307 2974 -168027
8276 2974 -16574
8275 2974 -19662
8278 2974 -5147
8274 2974 -26559
8273 2974 -35000
6599 2974 1
5834 2974 1
71 2974 -1367647
8309 2975 -168027
8282 2975 -16574
8281 2975 -19662
8284 2975 -5147
8280 2975 -26559
8279 2975 -35000
6640 2975 1
5987 2975 1
74 2975 -1367647
8311 2976 -168027
8288 2976 -16574
8287 2976 -19662
8290 2976 -5147
8286 2976 -26559
8285 2976 -35000
6681 2976 1
6140 2976 1
77 2976 -1367647
8313 2977 -168027
8294 2977 -16574
8293 2977 -19662
8296 2977 -5147
8292 2977 -26559
8291 2977 -35000
6722 2977 1
6293 2977 1
80 2977 -1367647
6395 2978 1
5094 2978 1
208 2978 -216092
36 2978 60
18 2978 33410
0 2978 9300
6436 2979 1
5231 2979 1
481 2979 -235000
37 2979 60
19 2979 33410
1 2979 9300
6477 2980 1
5377 2980 1
754 2980 -235000
38 2980 60
20 2980 33410
2 2980 9300
6682 2981 1
6142 2981 1
2119 2981 -235000
43 2981 60
25 2981 33410
7 2981 9300
6395 2982 1
5096 2982 1
171 2982 -250667
36 2982 20420
18 2982 39520
0 2982 13910
6436 2983 1
5232 2983 1
444 2983 -250667
37 2983 20420
19 2983 39520
1 2983 13910
6477 2984 1
5378 2984 1
717 2984 -250667
38 2984 20420
20 2984 39520
2 2984 13910
6518 2985 1
5531 2985 1
990 2985 -250667
39 2985 20420
21 2985 39520
3 2985 13910
6559 2986 1
5684 2986 1
1263 2986 -250667
40 2986 20420
22 2986 39520
4 2986 13910
6600 2987 1
5837 2987 1
1536 2987 -250667
41 2987 20420
23 2987 39520
5 2987 13910
6641 2988 1
5990 2988 1
1809 2988 -250667
42 2988 20420
24 2988 39520
6 2988 13910
6682 2989 1
6143 2989 1
2082 2989 -250667
43 2989 20420
25 2989 39520
7 2989 13910
6723 2990 1
6296 2990 1
2355 2990 -250667
44 2990 20420
26 2990 39520
8 2990 13910
8297 2991 -306865
8246 2991 -30268
8245 2991 -35908
8248 2991 -9400
8244 2991 -48504
8243 2991 -63920
6395 2991 1
5097 2991 1
8299 2992 -306865
8252 2992 -30268
8251 2992 -35908
8254 2992 -9400
8250 2992 -48504
8249 2992 -63920
6436 2992 1
5233 2992 1
8297 2993 -306865
8246 2993 -30268
8245 2993 -35908
8248 2993 -9400
8244 2993 -48504
8243 2993 -63920
6395 2993 1
5098 2993 1
8299 2994 -306865
8252 2994 -30268
8251 2994 -35908
8254 2994 -9400
8250 2994 -48504
8249 2994 -63920
6436 2994 1
5234 2994 1
8301 2995 -306865
8258 2995 -30268
8257 2995 -35908
8260 2995 -9400
8256 2995 -48504
8255 2995 -63920
6477 2995 1
5380 2995 1
8305 2996 -306865
8270 2996 -30268
8269 2996 -35908
8272 2996 -9400
8268 2996 -48504
8267 2996 -63920
6559 2996 1
5686 2996 1
8307 2997 -306865
8276 2997 -30268
8275 2997 -35908
8278 2997 -9400
8274 2997 -48504
8273 2997 -63920
6600 2997 1
5839 2997 1
8309 2998 -306865
8282 2998 -30268
8281 2998 -35908
8284 2998 -9400
8280 2998 -48504
8279 2998 -63920
6641 2998 1
5992 2998 1
8300 2999 -91612
8299 2999 -91612
8252 2999 -3903
8251 2999 -19076
8254 2999 -3910
8253 2999 -19083
8250 2999 -3910
8249 2999 -19083
6437 2999 1
5235 2999 1
481 2999 -379310
37 2999 98
19 2999 22822
1 2999 18761
8302 3000 -91612
8301 3000 -91612
8258 3000 -3903
8257 3000 -19076
8260 3000 -3910
8259 3000 -19083
8256 3000 -3910
8255 3000 -19083
6478 3000 1
5381 3000 1
754 3000 -379310
38 3000 98
20 3000 22822
2 3000 18761
8304 3001 -91612
8303 3001 -91612
8264 3001 -3903
8263 3001 -19076
8266 3001 -3910
8265 3001 -19083
8262 3001 -3910
8261 3001 -19083
6519 3001 1
5534 3001 1
1027 3001 -379310
39 3001 98
21 3001 22822
3 3001 18761
8306 3002 -91612
8305 3002 -91612
8270 3002 -3903
8269 3002 -19076
8272 3002 -3910
8271 3002 -19083
8268 3002 -3910
8267 3002 -19083
6560 3002 1
5687 3002 1
1300 3002 -379310
40 3002 98
22 3002 22822
4 3002 18761
8298 3003 -499925
8297 3003 -499925
8246 3003 -21301
8245 3003 -104097
8248 3003 -21339
8247 3003 -104134
8244 3003 -21339
8243 3003 -104134
6396 3003 1
5100 3003 1
8300 3004 -499925
8299 3004 -499925
8252 3004 -21301
8251 3004 -104097
8254 3004 -21339
8253 3004 -104134
8250 3004 -21339
8249 3004 -104134
6437 3004 1
5236 3004 1
6396 3005 1
5101 3005 1
208 3005 -1250000
36 3005 323
18 3005 75208
0 3005 61825
6437 3006 1
5237 3006 1
481 3006 -1250000
37 3006 323
19 3006 75208
1 3006 61825
6478 3007 1
5383 3007 1
754 3007 -1250000
38 3007 323
20 3007 75208
2 3007 61825
6519 3008 1
5536 3008 1
1027 3008 -1250000
39 3008 323
21 3008 75208
3 3008 61825
6560 3009 1
5689 3009 1
1300 3009 -1250000
40 3009 323
22 3009 75208
4 3009 61825
6601 3010 1
5842 3010 1
1573 3010 -1250000
41 3010 323
23 3010 75208
5 3010 61825
6642 3011 1
5995 3011 1
1846 3011 -1250000
42 3011 323
24 3011 75208
6 3011 61825
6683 3012 1
6148 3012 1
2119 3012 -1250000
43 3012 323
25 3012 75208
7 3012 61825
6724 3013 1
6301 3013 1
2392 3013 -1250000
44 3013 323
26 3013 75208
8 3013 61825
6396 3014 1
5103 3014 1
208 3014 -1538462
36 3014 397
18 3014 92563
0 3014 76092
6437 3015 1
5239 3015 1
481 3015 -1538462
37 3015 397
19 3015 92563
1 3015 76092
6478 3016 1
5385 3016 1
754 3016 -1538462
38 3016 397
20 3016 92563
2 3016 76092
6519 3017 1
5538 3017 1
1027 3017 -1538462
39 3017 397
21 3017 92563
3 3017 76092
6560 3018 1
5691 3018 1
1300 3018 -1538462
40 3018 397
22 3018 92563
4 3018 76092
6601 3019 1
5844 3019 1
1573 3019 -1538462
41 3019 397
23 3019 92563
5 3019 76092
6642 3020 1
5997 3020 1
1846 3020 -1538462
42 3020 397
24 3020 92563
6 3020 76092
6683 3021 1
6150 3021 1
2119 3021 -1538462
43 3021 397
25 3021 92563
7 3021 76092
6724 3022 1
6303 3022 1
2392 3022 -1538462
44 3022 397
26 3022 92563
8 3022 76092
6397 3023 1
5105 3023 1
208 3023 -1250000
36 3023 323
18 3023 75208
0 3023 61825
6438 3024 1
5241 3024 1
481 3024 -1250000
37 3024 323
19 3024 75208
1 3024 61825
6479 3025 1
5387 3025 1
754 3025 -1250000
38 3025 323
20 3025 75208
2 3025 61825
6520 3026 1
5540 3026 1
1027 3026 -1250000
39 3026 323
21 3026 75208
3 3026 61825
6561 3027 1
5693 3027 1
1300 3027 -1250000
40 3027 323
22 3027 75208
4 3027 61825
6602 3028 1
5846 3028 1
1573 3028 -1250000
41 3028 323
23 3028 75208
5 3028 61825
6643 3029 1
5999 3029 1
1846 3029 -1250000
42 3029 323
24 3029 75208
6 3029 61825
6684 3030 1
6152 3030 1
2119 3030 -1250000
43 3030 323
25 3030 75208
7 3030 61825
6725 3031 1
6305 3031 1
2392 3031 -1250000
44 3031 323
26 3031 75208
8 3031 61825
6397 3032 1
5107 3032 1
171 3032 -1333333
36 3032 148569
18 3032 82731
0 3032 98667
6438 3033 1
5243 3033 1
444 3033 -1333333
37 3033 148569
19 3033 82731
1 3033 98667
6479 3034 1
5389 3034 1
717 3034 -1333333
38 3034 148569
20 3034 82731
2 3034 98667
6520 3035 1
5542 3035 1
990 3035 -1333333
39 3035 148569
21 3035 82731
3 3035 98667
6561 3036 1
5695 3036 1
1263 3036 -1333333
40 3036 148569
22 3036 82731
4 3036 98667
6602 3037 1
5848 3037 1
1536 3037 -1333333
41 3037 148569
23 3037 82731
5 3037 98667
6643 3038 1
6001 3038 1
1809 3038 -1333333
42 3038 148569
24 3038 82731
6 3038 98667
6684 3039 1
6154 3039 1
2082 3039 -1333333
43 3039 148569
25 3039 82731
7 3039 98667
6725 3040 1
6307 3040 1
2355 3040 -1333333
44 3040 148569
26 3040 82731
8 3040 98667
8298 3041 -1353359
8248 3041 -99048
8247 3041 -281905
6398 3041 1
5109 3041 1
8300 3042 -1329616
8254 3042 -97310
8253 3042 -276959
6439 3042 1
5245 3042 1
8302 3043 -1306692
8260 3043 -95632
8259 3043 -272184
6480 3043 1
5391 3043 1
8304 3044 -1284545
8266 3044 -94011
8265 3044 -267571
6521 3044 1
5544 3044 1
8306 3045 -1263135
8272 3045 -92444
8271 3045 -263111
6562 3045 1
5697 3045 1
8308 3046 -1242428
8278 3046 -90929
8277 3046 -258798
6603 3046 1
5850 3046 1
8310 3047 -1222389
8284 3047 -89462
8283 3047 -254624
6644 3047 1
6003 3047 1
8312 3048 -1202986
8290 3048 -88042
8289 3048 -250582
6685 3048 1
6156 3048 1
8314 3049 -1184190
8296 3049 -86667
8295 3049 -246667
6726 3049 1
6309 3049 1
8298 3050 -1258624
8248 3050 -92114
8247 3050 -262171
6398 3050 1
5110 3050 1
8302 3051 -1215223
8260 3051 -88938
8259 3051 -253131
6480 3051 1
5392 3051 1
8304 3052 -1194626
8266 3052 -87431
8265 3052 -248841
6521 3052 1
5545 3052 1
8306 3053 -1174716
8272 3053 -85973
8271 3053 -244693
6562 3053 1
5698 3053 1
8308 3054 -1155458
8278 3054 -84564
8277 3054 -240682
6603 3054 1
5851 3054 1
8310 3055 -1136822
8284 3055 -83200
8283 3055 -236800
6644 3055 1
6004 3055 1
8312 3056 -1118777
8290 3056 -81879
8289 3056 -233041
6685 3056 1
6157 3056 1
8314 3057 -1101296
8296 3057 -80600
8295 3057 -229400
6726 3057 1
6310 3057 1
8298 3058 -1218023
8248 3058 -89143
8247 3058 -253714
6398 3058 1
5111 3058 1
8300 3059 -1196655
8254 3059 -87579
8253 3059 -249263
6439 3059 1
5247 3059 1
8302 3060 -1176023
8260 3060 -86069
8259 3060 -244966
6480 3060 1
5393 3060 1
8304 3061 -1156090
8266 3061 -84610
8265 3061 -240814
6521 3061 1
5546 3061 1
8306 3062 -1136822
8272 3062 -83200
8271 3062 -236800
6562 3062 1
5699 3062 1
8308 3063 -1118185
8278 3063 -81836
8277 3063 -232918
6603 3063 1
5852 3063 1
8310 3064 -1100150
8284 3064 -80516
8283 3064 -229161
6644 3064 1
6005 3064 1
8312 3065 -1082688
8290 3065 -79238
8289 3065 -225524
6685 3065 1
6158 3065 1
8314 3066 -1065771
8296 3066 -78000
8295 3066 -222000
6726 3066 1
6311 3066 1
8298 3067 -1163889
8248 3067 -85181
8247 3067 -242438
6398 3067 1
5112 3067 1
8298 3068 -1353359
8248 3068 -99048
8247 3068 -281905
6399 3068 1
5113 3068 1
10250 3069 741
10242 3069 741
10234 3069 741
10226 3069 39
8300 3069 -1329616
8254 3069 -97310
8253 3069 -276959
6440 3069 1
5249 3069 1
10251 3070 741
10243 3070 741
10235 3070 741
10227 3070 39
8302 3070 -1306692
8260 3070 -95632
8259 3070 -272184
6481 3070 1
5395 3070 1
10252 3071 741
10244 3071 741
10236 3071 741
10228 3071 39
8304 3071 -1284545
8266 3071 -94011
8265 3071 -267571
6522 3071 1
5548 3071 1
10253 3072 741
10245 3072 741
10237 3072 741
10229 3072 39
8306 3072 -1263135
8272 3072 -92444
8271 3072 -263111
6563 3072 1
5701 3072 1
10254 3073 741
10246 3073 741
10238 3073 741
10230 3073 39
8308 3073 -1242428
8278 3073 -90929
8277 3073 -258798
6604 3073 1
5854 3073 1
10255 3074 741
10247 3074 741
10239 3074 741
10231 3074 39
8310 3074 -1222389
8284 3074 -89462
8283 3074 -254624
6645 3074 1
6007 3074 1
10256 3075 741
10248 3075 741
10240 3075 741
10232 3075 39
8312 3075 -1202986
8290 3075 -88042
8289 3075 -250582
6686 3075 1
6160 3075 1
10257 3076 741
10249 3076 741
10241 3076 741
10233 3076 39
8314 3076 -1184190
8296 3076 -86667
8295 3076 -246667
6727 3076 1
6313 3076 1
10231 3077 39
8310 3077 -444071
8284 3077 -32500
8283 3077 -92500
6645 3077 1
6008 3077 1
10226 3078 -61
8300 3078 -1329616
8254 3078 -97310
8253 3078 -276959
6440 3078 1
5251 3078 1
10227 3079 -61
8302 3079 -1306692
8260 3079 -95632
8259 3079 -272184
6481 3079 1
5397 3079 1
10228 3080 -61
8304 3080 -1284545
8266 3080 -94011
8265 3080 -267571
6522 3080 1
5550 3080 1
10229 3081 -61
8306 3081 -1263135
8272 3081 -92444
8271 3081 -263111
6563 3081 1
5703 3081 1
10230 3082 -61
8308 3082 -1242428
8278 3082 -90929
8277 3082 -258798
6604 3082 1
5856 3082 1
10231 3083 -61
8310 3083 -1222389
8284 3083 -89462
8283 3083 -254624
6645 3083 1
6009 3083 1
10232 3084 -61
8312 3084 -1202986
8290 3084 -88042
8289 3084 -250582
6686 3084 1
6162 3084 1
10233 3085 -61
8314 3085 -1184190
8296 3085 -86667
8295 3085 -246667
6727 3085 1
6315 3085 1
10226 3086 -61
8300 3086 -983916
8254 3086 -72009
8253 3086 -204950
6440 3086 1
5252 3086 1
10227 3087 -61
8302 3087 -966952
8260 3087 -70768
8259 3087 -201416
6481 3087 1
5398 3087 1
10228 3088 -61
8304 3088 -950563
8266 3088 -69568
8265 3088 -198002
6522 3088 1
5551 3088 1
10229 3089 -61
8306 3089 -934720
8272 3089 -68409
8271 3089 -194702
6563 3089 1
5704 3089 1
10230 3090 -61
8308 3090 -919397
8278 3090 -67287
8277 3090 -191510
6604 3090 1
5857 3090 1
10231 3091 -61
8310 3091 -904568
8284 3091 -66202
8283 3091 -188422
6645 3091 1
6010 3091 1
10232 3092 -61
8312 3092 -890210
8290 3092 -65151
8289 3092 -185431
6686 3092 1
6163 3092 1
10233 3093 -61
8314 3093 -876300
8296 3093 -64133
8295 3093 -182533
6727 3093 1
6316 3093 1
8298 3094 -784948
8248 3094 -57448
8247 3094 -163505
6399 3094 1
5117 3094 1
10226 3095 -61
8300 3095 -771177
8254 3095 -56440
8253 3095 -160636
6440 3095 1
5253 3095 1
10227 3096 -61
8302 3096 -757881
8260 3096 -55467
8259 3096 -157867
6481 3096 1
5399 3096 1
10229 3097 -61
8306 3097 -732619
8272 3097 -53618
8271 3097 -152604
6563 3097 1
5705 3097 1
10230 3098 -61
8308 3098 -720608
8278 3098 -52739
8277 3098 -150103
6604 3098 1
5858 3098 1
10231 3099 -61
8310 3099 -708986
8284 3099 -51888
8283 3099 -147682
6645 3099 1
6011 3099 1
10232 3100 -61
8312 3100 -697732
8290 3100 -51065
8289 3100 -145338
6686 3100 1
6164 3100 1
10233 3101 -61
8314 3101 -686830
8296 3101 -50267
8295 3101 -143067
6727 3101 1
6317 3101 1
8298 3102 -703747
8248 3102 -51505
8247 3102 -146590
6399 3102 1
5118 3102 1
10226 3103 -61
8300 3103 -691400
8254 3103 -50601
8253 3103 -144019
6440 3103 1
5254 3103 1
10227 3104 -61
8302 3104 -679480
8260 3104 -49729
8259 3104 -141536
6481 3104 1
5400 3104 1
10229 3105 -61
8306 3105 -656830
8272 3105 -48071
8271 3105 -136818
6563 3105 1
5706 3105 1
10230 3106 -61
8308 3106 -646063
8278 3106 -47283
8277 3106 -134575
6604 3106 1
5859 3106 1
10231 3107 -61
8310 3107 -635642
8284 3107 -46520
8283 3107 -132404
6645 3107 1
6012 3107 1
10232 3108 -61
8312 3108 -625553
8290 3108 -45782
8289 3108 -130303
6686 3108 1
6165 3108 1
8298 3109 -1360058
8297 3109 -1360538
8246 3109 -50000
8245 3109 -283300
8248 3109 -50000
8247 3109 -283300
8244 3109 -50000
8243 3109 -283400
6400 3109 1
5119 3109 1
8300 3110 -1360058
8299 3110 -1360538
8252 3110 -50000
8251 3110 -283300
8254 3110 -50000
8253 3110 -283300
8250 3110 -50000
8249 3110 -283400
6441 3110 1
5255 3110 1
8302 3111 -1360058
8301 3111 -1360538
8258 3111 -50000
8257 3111 -283300
8260 3111 -50000
8259 3111 -283300
8256 3111 -50000
8255 3111 -283400
6482 3111 1
5401 3111 1
8304 3112 -1360058
8303 3112 -1360538
8264 3112 -50000
8263 3112 -283300
8266 3112 -50000
8265 3112 -283300
8262 3112 -50000
8261 3112 -283400
6523 3112 1
5554 3112 1
8306 3113 -1360058
8305 3113 -1360538
8270 3113 -50000
8269 3113 -283300
8272 3113 -50000
8271 3113 -283300
8268 3113 -50000
8267 3113 -283400
6564 3113 1
5707 3113 1
8308 3114 -1360058
8307 3114 -1360538
8276 3114 -50000
8275 3114 -283300
8278 3114 -50000
8277 3114 -283300
8274 3114 -50000
8273 3114 -283400
6605 3114 1
5860 3114 1
8310 3115 -1360058
8309 3115 -1360538
8282 3115 -50000
8281 3115 -283300
8284 3115 -50000
8283 3115 -283300
8280 3115 -50000
8279 3115 -283400
6646 3115 1
6013 3115 1
8312 3116 -1360058
8311 3116 -1360538
8288 3116 -50000
8287 3116 -283300
8290 3116 -50000
8289 3116 -283300
8286 3116 -50000
8285 3116 -283400
6687 3116 1
6166 3116 1
8314 3117 -1360058
8313 3117 -1360538
8294 3117 -50000
8293 3117 -283300
8296 3117 -50000
8295 3117 -283300
8292 3117 -50000
8291 3117 -283400
6728 3117 1
6319 3117 1
8298 3118 -600000
8297 3118 -600000
8246 3118 -75000
8245 3118 -125040
8248 3118 -75000
8247 3118 -124980
8244 3118 -75000
8243 3118 -124980
6401 3118 1
5121 3118 1
8300 3119 -600000
8299 3119 -600000
8252 3119 -75000
8251 3119 -125040
8254 3119 -75000
8253 3119 -124980
8250 3119 -75000
8249 3119 -124980
6442 3119 1
5257 3119 1
8302 3120 -600000
8301 3120 -600000
8258 3120 -75000
8257 3120 -125040
8260 3120 -75000
8259 3120 -124980
8256 3120 -75000
8255 3120 -124980
6483 3120 1
5403 3120 1
8304 3121 -600000
8303 3121 -600000
8264 3121 -75000
8263 3121 -125040
8266 3121 -75000
8265 3121 -124980
8262 3121 -75000
8261 3121 -124980
6524 3121 1
5556 3121 1
8306 3122 -600000
8305 3122 -600000
8270 3122 -75000
8269 3122 -125040
8272 3122 -75000
8271 3122 -124980
8268 3122 -75000
8267 3122 -124980
6565 3122 1
5709 3122 1
8308 3123 -600000
8307 3123 -600000
8276 3123 -75000
8275 3123 -125040
8278 3123 -75000
8277 3123 -124980
8274 3123 -75000
8273 3123 -124980
6606 3123 1
5862 3123 1
8310 3124 -600000
8309 3124 -600000
8282 3124 -75000
8281 3124 -125040
8284 3124 -75000
8283 3124 -124980
8280 3124 -75000
8279 3124 -124980
6647 3124 1
6015 3124 1
8312 3125 -600000
8311 3125 -600000
8288 3125 -75000
8287 3125 -125040
8290 3125 -75000
8289 3125 -124980
8286 3125 -75000
8285 3125 -124980
6688 3125 1
6168 3125 1
8314 3126 -600000
8313 3126 -600000
8294 3126 -75000
8293 3126 -125040
8296 3126 -75000
8295 3126 -124980
8292 3126 -75000
8291 3126 -124980
6729 3126 1
6321 3126 1
8298 3127 -520000
8297 3127 -520000
8246 3127 -65000
8245 3127 -108368
8248 3127 -65000
8247 3127 -108316
8244 3127 -65000
8243 3127 -108316
6401 3127 1
5122 3127 1
8300 3128 -520000
8299 3128 -520000
8252 3128 -65000
8251 3128 -108368
8254 3128 -65000
8253 3128 -108316
8250 3128 -65000
8249 3128 -108316
6442 3128 1
5258 3128 1
8302 3129 -520000
8301 3129 -520000
8258 3129 -65000
8257 3129 -108368
8260 3129 -65000
8259 3129 -108316
8256 3129 -65000
8255 3129 -108316
6483 3129 1
5404 3129 1
8304 3130 -520000
8303 3130 -520000
8264 3130 -65000
8263 3130 -108368
8266 3130 -65000
8265 3130 -108316
8262 3130 -65000
8261 3130 -108316
6524 3130 1
5557 3130 1
8306 3131 -520000
8305 3131 -520000
8270 3131 -65000
8269 3131 -108368
8272 3131 -65000
8271 3131 -108316
8268 3131 -65000
8267 3131 -108316
6565 3131 1
5710 3131 1
8308 3132 -520000
8307 3132 -520000
8276 3132 -65000
8275 3132 -108368
8278 3132 -65000
8277 3132 -108316
8274 3132 -65000
8273 3132 -108316
6606 3132 1
5863 3132 1
8310 3133 -520000
8309 3133 -520000
8282 3133 -65000
8281 3133 -108368
8284 3133 -65000
8283 3133 -108316
8280 3133 -65000
8279 3133 -108316
6647 3133 1
6016 3133 1
8312 3134 -520000
8311 3134 -520000
8288 3134 -65000
8287 3134 -108368
8290 3134 -65000
8289 3134 -108316
8286 3134 -65000
8285 3134 -108316
6688 3134 1
6169 3134 1
8314 3135 -520000
8313 3135 -520000
8294 3135 -65000
8293 3135 -108368
8296 3135 -65000
8295 3135 -108316
8292 3135 -65000
8291 3135 -108316
6729 3135 1
6322 3135 1
8298 3136 -580000
8297 3136 -580000
8246 3136 -72500
8245 3136 -120872
8248 3136 -72500
8247 3136 -120814
8244 3136 -72500
8243 3136 -120814
6402 3136 1
5124 3136 1
8300 3137 -580000
8299 3137 -580000
8252 3137 -72500
8251 3137 -120872
8254 3137 -72500
8253 3137 -120814
8250 3137 -72500
8249 3137 -120814
6443 3137 1
5260 3137 1
8302 3138 -580000
8301 3138 -580000
8258 3138 -72500
8257 3138 -120872
8260 3138 -72500
8259 3138 -120814
8256 3138 -72500
8255 3138 -120814
6484 3138 1
5406 3138 1
8304 3139 -580000
8303 3139 -580000
8264 3139 -72500
8263 3139 -120872
8266 3139 -72500
8265 3139 -120814
8262 3139 -72500
8261 3139 -120814
6525 3139 1
5559 3139 1
8306 3140 -580000
8305 3140 -580000
8270 3140 -72500
8269 3140 -120872
8272 3140 -72500
8271 3140 -120814
8268 3140 -72500
8267 3140 -120814
6566 3140 1
5712 3140 1
8308 3141 -580000
8307 3141 -580000
8276 3141 -72500
8275 3141 -120872
8278 3141 -72500
8277 3141 -120814
8274 3141 -72500
8273 3141 -120814
6607 3141 1
5865 3141 1
8312 3142 -580000
8311 3142 -580000
8288 3142 -72500
8287 3142 -120872
8290 3142 -72500
8289 3142 -120814
8286 3142 -72500
8285 3142 -120814
6689 3142 1
6171 3142 1
8314 3143 -580000
8313 3143 -580000
8294 3143 -72500
8293 3143 -120872
8296 3143 -72500
8295 3143 -120814
8292 3143 -72500
8291 3143 -120814
6730 3143 1
6324 3143 1
8298 3144 -498000
8297 3144 -498000
8246 3144 -62250
8245 3144 -103783
8248 3144 -62250
8247 3144 -103733
8244 3144 -62250
8243 3144 -103733
6402 3144 1
5125 3144 1
8300 3145 -498000
8299 3145 -498000
8252 3145 -62250
8251 3145 -103783
8254 3145 -62250
8253 3145 -103733
8250 3145 -62250
8249 3145 -103733
6443 3145 1
5261 3145 1
8302 3146 -498000
8301 3146 -498000
8258 3146 -62250
8257 3146 -103783
8260 3146 -62250
8259 3146 -103733
8256 3146 -62250
8255 3146 -103733
6484 3146 1
5407 3146 1
8304 3147 -498000
8303 3147 -498000
8264 3147 -62250
8263 3147 -103783
8266 3147 -62250
8265 3147 -103733
8262 3147 -62250
8261 3147 -103733
6525 3147 1
5560 3147 1
8306 3148 -498000
8305 3148 -498000
8270 3148 -62250
8269 3148 -103783
8272 3148 -62250
8271 3148 -103733
8268 3148 -62250
8267 3148 -103733
6566 3148 1
5713 3148 1
8308 3149 -498000
8307 3149 -498000
8276 3149 -62250
8275 3149 -103783
8278 3149 -62250
8277 3149 -103733
8274 3149 -62250
8273 3149 -103733
6607 3149 1
5866 3149 1
8310 3150 -498000
8309 3150 -498000
8282 3150 -62250
8281 3150 -103783
8284 3150 -62250
8283 3150 -103733
8280 3150 -62250
8279 3150 -103733
6648 3150 1
6019 3150 1
8312 3151 -498000
8311 3151 -498000
8288 3151 -62250
8287 3151 -103783
8290 3151 -62250
8289 3151 -103733
8286 3151 -62250
8285 3151 -103733
6689 3151 1
6172 3151 1
8314 3152 -498000
8313 3152 -498000
8294 3152 -62250
8293 3152 -103783
8296 3152 -62250
8295 3152 -103733
8292 3152 -62250
8291 3152 -103733
6730 3152 1
6325 3152 1
8298 3153 -1238598
8297 3153 -1238598
8246 3153 -28638
8245 3153 -258000
8248 3153 -28638
8247 3153 -258000
8244 3153 -28724
8243 3153 -258000
6403 3153 1
5127 3153 1
8300 3154 -1238598
8299 3154 -1238598
8252 3154 -28638
8251 3154 -258000
8254 3154 -28638
8253 3154 -258000
8250 3154 -28724
8249 3154 -258000
6444 3154 1
5263 3154 1
8298 3155 -892943
8297 3155 -892943
8246 3155 -20646
8245 3155 -186000
8248 3155 -20646
8247 3155 -186000
8244 3155 -20708
8243 3155 -186000
6403 3155 1
5128 3155 1
8300 3156 -892943
8299 3156 -892943
8252 3156 -20646
8251 3156 -186000
8254 3156 -20646
8253 3156 -186000
8250 3156 -20708
8249 3156 -186000
6444 3156 1
5264 3156 1
8302 3157 -892943
8301 3157 -892943
8258 3157 -20646
8257 3157 -186000
8260 3157 -20646
8259 3157 -186000
8256 3157 -20708
8255 3157 -186000
6485 3157 1
5410 3157 1
8304 3158 -892943
8303 3158 -892943
8264 3158 -20646
8263 3158 -186000
8266 3158 -20646
8265 3158 -186000
8262 3158 -20708
8261 3158 -186000
6526 3158 1
5563 3158 1
8306 3159 -892943
8305 3159 -892943
8270 3159 -20646
8269 3159 -186000
8272 3159 -20646
8271 3159 -186000
8268 3159 -20708
8267 3159 -186000
6567 3159 1
5716 3159 1
8308 3160 -892943
8307 3160 -892943
8276 3160 -20646
8275 3160 -186000
8278 3160 -20646
8277 3160 -186000
8274 3160 -20708
8273 3160 -186000
6608 3160 1
5869 3160 1
8310 3161 -892943
8309 3161 -892943
8282 3161 -20646
8281 3161 -186000
8284 3161 -20646
8283 3161 -186000
8280 3161 -20708
8279 3161 -186000
6649 3161 1
6022 3161 1
8312 3162 -892943
8311 3162 -892943
8288 3162 -20646
8287 3162 -186000
8290 3162 -20646
8289 3162 -186000
8286 3162 -20708
8285 3162 -186000
6690 3162 1
6175 3162 1
8314 3163 -892943
8313 3163 -892943
8294 3163 -20646
8293 3163 -186000
8296 3163 -20646
8295 3163 -186000
8292 3163 -20708
8291 3163 -186000
6731 3163 1
6328 3163 1
8298 3164 -691311
8297 3164 -691311
8246 3164 -15984
8245 3164 -144000
8248 3164 -15984
8247 3164 -144000
8244 3164 -16032
8243 3164 -144000
6403 3164 1
5129 3164 1
8300 3165 -691311
8299 3165 -691311
8252 3165 -15984
8251 3165 -144000
8254 3165 -15984
8253 3165 -144000
8250 3165 -16032
8249 3165 -144000
6444 3165 1
5265 3165 1
8302 3166 -691311
8301 3166 -691311
8258 3166 -15984
8257 3166 -144000
8260 3166 -15984
8259 3166 -144000
8256 3166 -16032
8255 3166 -144000
6485 3166 1
5411 3166 1
8304 3167 -691311
8303 3167 -691311
8264 3167 -15984
8263 3167 -144000
8266 3167 -15984
8265 3167 -144000
8262 3167 -16032
8261 3167 -144000
6526 3167 1
5564 3167 1
8306 3168 -691311
8305 3168 -691311
8270 3168 -15984
8269 3168 -144000
8272 3168 -15984
8271 3168 -144000
8268 3168 -16032
8267 3168 -144000
6567 3168 1
5717 3168 1
8308 3169 -691311
8307 3169 -691311
8276 3169 -15984
8275 3169 -144000
8278 3169 -15984
8277 3169 -144000
8274 3169 -16032
8273 3169 -144000
6608 3169 1
5870 3169 1
8310 3170 -691311
8309 3170 -691311
8282 3170 -15984
8281 3170 -144000
8284 3170 -15984
8283 3170 -144000
8280 3170 -16032
8279 3170 -144000
6649 3170 1
6023 3170 1
8312 3171 -691311
8311 3171 -691311
8288 3171 -15984
8287 3171 -144000
8290 3171 -15984
8289 3171 -144000
8286 3171 -16032
8285 3171 -144000
6690 3171 1
6176 3171 1
8314 3172 -691311
8313 3172 -691311
8294 3172 -15984
8293 3172 -144000
8296 3172 -15984
8295 3172 -144000
8292 3172 -16032
8291 3172 -144000
6731 3172 1
6329 3172 1
6404 3173 1
5130 3173 1
114 3173 -91667
36 3173 175800
18 3173 1137500
0 3173 69070
6445 3174 1
5266 3174 1
387 3174 -90000
37 3174 175800
19 3174 1137500
1 3174 67835
6486 3175 1
5412 3175 1
660 3175 -88750
38 3175 175800
20 3175 1137500
2 3175 66600
6527 3176 1
5565 3176 1
933 3176 -87500
39 3176 175800
21 3176 1137500
3 3176 65983
6568 3177 1
5718 3177 1
1206 3177 -86250
40 3177 175800
22 3177 1137500
4 3177 65367
6609 3178 1
5871 3178 1
1479 3178 -85000
41 3178 175800
23 3178 1137500
5 3178 64750
6650 3179 1
6024 3179 1
1752 3179 -85000
42 3179 175800
24 3179 1137500
6 3179 64133
6691 3180 1
6177 3180 1
2025 3180 -85000
43 3180 175800
25 3180 1137500
7 3180 63517
6732 3181 1
6330 3181 1
2298 3181 -85000
44 3181 175800
26 3181 1137500
8 3181 62900
8300 3182 -315000
8299 3182 -315000
8252 3182 -39375
8251 3182 -65646
8254 3182 -39375
8253 3182 -65614
8250 3182 -39375
8249 3182 -65614
6445 3182 1
5267 3182 1
8302 3183 -310625
8301 3183 -310625
8258 3183 -38828
8257 3183 -64734
8260 3183 -38828
8259 3183 -64703
8256 3183 -38828
8255 3183 -64703
6486 3183 1
5413 3183 1
8304 3184 -306250
8303 3184 -306250
8264 3184 -38281
8263 3184 -63823
8266 3184 -38281
8265 3184 -63792
8262 3184 -38281
8261 3184 -63792
6527 3184 1
5566 3184 1
8306 3185 -301875
8305 3185 -301875
8270 3185 -37734
8269 3185 -62911
8272 3185 -37734
8271 3185 -62881
8268 3185 -37734
8267 3185 -62881
6568 3185 1
5719 3185 1
8308 3186 -297500
8307 3186 -297500
8276 3186 -37188
8275 3186 -61999
8278 3186 -37188
8277 3186 -61969
8274 3186 -37188
8273 3186 -61969
6609 3186 1
5872 3186 1
6446 3187 1
5268 3187 1
527 3187 -119
6487 3188 1
5414 3188 1
800 3188 -119
6610 3189 1
5873 3189 1
1619 3189 -119
6651 3190 1
6026 3190 1
1892 3190 -119
6405 3191 1
5132 3191 1
134 3191 -2025
36 3191 12549
18 3191 211490
0 3191 60790
6446 3192 1
5269 3192 1
407 3192 -230
37 3192 12549
19 3192 211490
1 3192 59645
6487 3193 1
5415 3193 1
680 3193 -345
38 3193 12549
20 3193 211490
2 3193 58500
6528 3194 1
5568 3194 1
953 3194 -115
39 3194 12549
21 3194 211490
3 3194 58500
6569 3195 1
5721 3195 1
1226 3195 -115
40 3195 12549
22 3195 211490
4 3195 58500
6610 3196 1
5874 3196 1
41 3196 12549
23 3196 211490
5 3196 58500
6651 3197 1
6027 3197 1
42 3197 12549
24 3197 211490
6 3197 58500
6692 3198 1
6180 3198 1
43 3198 12549
25 3198 211490
7 3198 58500
6733 3199 1
6333 3199 1
44 3199 12549
26 3199 211490
8 3199 58500
6406 3200 1
159 3200 -100000
6447 3201 1
432 3201 -100000
6488 3202 1
705 3202 -100000
6529 3203 1
978 3203 -100000
6570 3204 1
1251 3204 -100000
6611 3205 1
1524 3205 -100000
6652 3206 1
1797 3206 -100000
6693 3207 1
2070 3207 -100000
6734 3208 1
2343 3208 -100000
6407 3209 1
5133 3209 1
135 3209 -4711
36 3209 60000
18 3209 880000
6448 3210 1
5270 3210 1
408 3210 -9190
37 3210 50000
19 3210 705000
6489 3211 1
5416 3211 1
681 3211 -9190
38 3211 40000
20 3211 530000
6530 3212 1
5569 3212 1
954 3212 -9190
39 3212 30000
21 3212 510000
6571 3213 1
5722 3213 1
1227 3213 -9190
40 3213 30000
22 3213 510000
6612 3214 1
5875 3214 1
1500 3214 -9190
41 3214 30000
23 3214 510000
6653 3215 1
6028 3215 1
1773 3215 -9190
42 3215 30000
24 3215 510000
6407 3216 1
5134 3216 1
115 3216 -4673
36 3216 60000
18 3216 370000
6448 3217 1
5271 3217 1
388 3217 -18231
37 3217 60000
19 3217 355000
6530 3218 1
5570 3218 1
934 3218 -18231
39 3218 60000
21 3218 340000
6612 3219 1
5876 3219 1
1480 3219 -18231
41 3219 60000
23 3219 340000
6407 3220 1
5135 3220 1
101 3220 -18273
18 3220 250000
6489 3221 1
5418 3221 1
647 3221 -17823
20 3221 150000
6448 3222 1
5273 3222 1
458 3222 -9017
19 3222 705000
6530 3223 1
5573 3223 1
1074 3223 -3557
21 3223 360000
6612 3224 1
5879 3224 1
1620 3224 -3557
23 3224 360000
6407 3225 1
5137 3225 1
247 3225 -19059
6448 3226 1
5275 3226 1
520 3226 -1859
6489 3227 1
5421 3227 1
793 3227 -1859
6530 3228 1
5574 3228 1
1066 3228 -1859
6571 3229 1
5727 3229 1
1339 3229 -1859
6612 3230 1
5880 3230 1
1612 3230 -1859
6653 3231 1
6033 3231 1
1885 3231 -1859
6694 3232 1
6186 3232 1
2158 3232 -1859
6735 3233 1
6339 3233 1
2431 3233 -1859
6489 3234 1
5422 3234 1
794 3234 -15991
6530 3235 1
5575 3235 1
1067 3235 -15991
6571 3236 1
5728 3236 1
1340 3236 -15991
6612 3237 1
5881 3237 1
1613 3237 -15991
6653 3238 1
6034 3238 1
1886 3238 -15991
6735 3239 1
6340 3239 1
2432 3239 -15991
8260 3240 -186381
8258 3240 -186437
8256 3240 -186381
6489 3240 1
5423 3240 1
8272 3241 -186381
8270 3241 -186437
8268 3241 -186381
6571 3241 1
5729 3241 1
8278 3242 -186381
8276 3242 -186437
8274 3242 -186381
6612 3242 1
5882 3242 1
6408 3243 1
5138 3243 1
137 3243 -4889
36 3243 10000
18 3243 170000
6449 3244 1
5276 3244 1
410 3244 -4769
37 3244 10000
19 3244 170000
6490 3245 1
5424 3245 1
683 3245 -4769
38 3245 10000
20 3245 170000
6531 3246 1
5577 3246 1
956 3246 -4769
39 3246 10000
21 3246 170000
6572 3247 1
5730 3247 1
1229 3247 -4769
40 3247 10000
22 3247 170000
6613 3248 1
5883 3248 1
1502 3248 -4769
41 3248 10000
23 3248 170000
6654 3249 1
6036 3249 1
1775 3249 -4769
42 3249 10000
24 3249 170000
6695 3250 1
6189 3250 1
2048 3250 -4769
43 3250 10000
25 3250 170000
6736 3251 1
6342 3251 1
2321 3251 -4769
44 3251 10000
26 3251 170000
6449 3252 1
5277 3252 1
460 3252 -4483
19 3252 170000
6572 3253 1
5731 3253 1
1279 3253 -4483
22 3253 170000
6613 3254 1
5884 3254 1
1552 3254 -4483
23 3254 170000
6695 3255 1
6190 3255 1
2098 3255 -4483
25 3255 170000
6408 3256 1
5140 3256 1
103 3256 -4439
18 3256 50000
6449 3257 1
5278 3257 1
376 3257 -433
19 3257 50000
6531 3258 1
5579 3258 1
922 3258 -433
21 3258 50000
6572 3259 1
5732 3259 1
1195 3259 -433
22 3259 50000
6654 3260 1
6038 3260 1
1741 3260 -433
24 3260 50000
6695 3261 1
6191 3261 1
2014 3261 -433
25 3261 50000
6409 3262 1
195 3262 -73440
114 3262 -17780
36 3262 822900
18 3262 766800
0 3262 71820
6450 3263 1
468 3263 -71570
387 3263 -17900
37 3263 822900
19 3263 766800
1 3263 70445
6491 3264 1
741 3264 -71570
660 3264 -17900
38 3264 822900
20 3264 766800
2 3264 69070
6532 3265 1
1014 3265 -71570
933 3265 -17900
39 3265 822900
21 3265 766800
3 3265 69070
6573 3266 1
1287 3266 -71570
1206 3266 -17900
40 3266 822900
22 3266 766800
4 3266 69070
6614 3267 1
1560 3267 -71570
1479 3267 -17900
41 3267 822900
23 3267 766800
5 3267 69070
6655 3268 1
1833 3268 -71570
1752 3268 -17900
42 3268 822900
24 3268 766800
6 3268 69070
6696 3269 1
2106 3269 -71570
2025 3269 -17900
43 3269 822900
25 3269 766800
7 3269 69070
6737 3270 1
2379 3270 -71570
2298 3270 -17900
44 3270 822900
26 3270 766800
8 3270 69070
6410 3271 1
5141 3271 1
118 3271 -6849
36 3271 30000
18 3271 510000
6451 3272 1
5279 3272 1
391 3272 -6680
37 3272 26667
19 3272 455000
6492 3273 1
5427 3273 1
664 3273 -6680
38 3273 23333
20 3273 400000
6533 3274 1
5580 3274 1
937 3274 -6680
39 3274 20000
21 3274 390000
6615 3275 1
5886 3275 1
1483 3275 -6680
41 3275 20000
23 3275 390000
6492 3276 1
5428 3276 1
806 3276 -6890
20 3276 80000
6574 3277 1
5734 3277 1
1352 3277 -689
22 3277 80000
6615 3278 1
5887 3278 1
1625 3278 -1378
23 3278 80000
6656 3279 1
6040 3279 1
1898 3279 -1378
24 3279 80000
6697 3280 1
6193 3280 1
2171 3280 -1378
25 3280 80000
6738 3281 1
6346 3281 1
2444 3281 -6890
26 3281 80000
6410 3282 1
5142 3282 1
211 3282 -6921
36 3282 10000
18 3282 260000
6492 3283 1
5429 3283 1
757 3283 -6751
38 3283 10000
20 3283 240000
6574 3284 1
5735 3284 1
1303 3284 -6751
40 3284 10000
22 3284 240000
6656 3285 1
6041 3285 1
1849 3285 -6751
42 3285 10000
24 3285 240000
6697 3286 1
6194 3286 1
2122 3286 -6751
43 3286 10000
25 3286 240000
6738 3287 1
6347 3287 1
2395 3287 -6751
44 3287 10000
26 3287 240000
6492 3288 1
5430 3288 1
811 3288 -3269
20 3288 80000
6533 3289 1
5583 3289 1
1084 3289 -3269
21 3289 80000
6615 3290 1
5889 3290 1
1630 3290 -6538
23 3290 80000
6411 3291 1
5143 3291 1
118 3291 -5607
36 3291 40000
18 3291 573000
6452 3292 1
5282 3292 1
391 3292 -5469
37 3292 36667
19 3292 511500
6493 3293 1
5431 3293 1
664 3293 -5469
38 3293 33333
20 3293 450000
6534 3294 1
5584 3294 1
937 3294 -5469
39 3294 30000
21 3294 440000
6575 3295 1
5737 3295 1
1210 3295 -5469
40 3295 30000
22 3295 440000
6616 3296 1
5890 3296 1
1483 3296 -5469
41 3296 30000
23 3296 440000
6657 3297 1
6043 3297 1
1756 3297 -5469
42 3297 30000
24 3297 440000
6698 3298 1
6196 3298 1
2029 3298 -5469
43 3298 30000
25 3298 440000
6739 3299 1
6349 3299 1
2302 3299 -5469
44 3299 30000
26 3299 440000
6452 3300 1
5283 3300 1
461 3300 -3139
19 3300 225000
6493 3301 1
5432 3301 1
734 3301 -3139
20 3301 230000
6616 3302 1
5891 3302 1
1553 3302 -3139
23 3302 220000
6657 3303 1
6044 3303 1
1826 3303 -3139
24 3303 220000
6739 3304 1
6350 3304 1
2372 3304 -3139
26 3304 220000
6493 3305 1
5433 3305 1
803 3305 -3139
20 3305 90000
6575 3306 1
5739 3306 1
1349 3306 -3139
22 3306 90000
6657 3307 1
6045 3307 1
1895 3307 -3139
24 3307 90000
6739 3308 1
6351 3308 1
2441 3308 -3139
26 3308 90000
6616 3309 1
5893 3309 1
1625 3309 -1123
23 3309 90000
6657 3310 1
6046 3310 1
1898 3310 -1123
24 3310 90000
6698 3311 1
6199 3311 1
2171 3311 -1123
25 3311 90000
6412 3312 1
5145 3312 1
136 3312 -138021
36 3312 650000
18 3312 9860000
6453 3313 1
5285 3313 1
409 3313 -67311
37 3313 563333
19 3313 8430000
6494 3314 1
5435 3314 1
682 3314 -67311
38 3314 476667
20 3314 7000000
6535 3315 1
5588 3315 1
955 3315 -67311
39 3315 390000
21 3315 5970000
6576 3316 1
5741 3316 1
1228 3316 -67311
40 3316 390000
22 3316 5970000
6617 3317 1
5894 3317 1
1501 3317 -67311
41 3317 390000
23 3317 5970000
6658 3318 1
6047 3318 1
1774 3318 -67311
42 3318 390000
24 3318 5970000
6699 3319 1
6200 3319 1
2047 3319 -67311
43 3319 390000
25 3319 5970000
6740 3320 1
6353 3320 1
2320 3320 -67311
44 3320 390000
26 3320 5970000
6453 3321 1
5286 3321 1
389 3321 -27903
37 3321 203333
19 3321 2930000
6494 3322 1
5436 3322 1
662 3322 -27903
38 3322 196667
20 3322 2760000
6535 3323 1
5589 3323 1
935 3323 -27903
39 3323 190000
21 3323 2760000
6576 3324 1
5742 3324 1
1208 3324 -27903
40 3324 190000
22 3324 2760000
6658 3325 1
6048 3325 1
1754 3325 -27903
42 3325 190000
24 3325 2760000
6699 3326 1
6201 3326 1
2027 3326 -27903
43 3326 190000
25 3326 2760000
6740 3327 1
6354 3327 1
2300 3327 -27903
44 3327 190000
26 3327 2760000
6412 3328 1
5147 3328 1
102 3328 -131029
18 3328 2750000
6453 3329 1
5287 3329 1
375 3329 -63901
19 3329 2360000
6494 3330 1
5437 3330 1
648 3330 -63901
20 3330 1970000
6576 3331 1
5743 3331 1
1194 3331 -63901
22 3331 1690000
6617 3332 1
5896 3332 1
1467 3332 -63901
23 3332 1690000
6658 3333 1
6049 3333 1
1740 3333 -63901
24 3333 1690000
6699 3334 1
6202 3334 1
2013 3334 -63901
25 3334 1690000
6412 3335 1
5148 3335 1
186 3335 -133591
18 3335 9860000
6453 3336 1
5288 3336 1
459 3336 -130301
19 3336 8430000
6494 3337 1
5438 3337 1
732 3337 -130301
20 3337 7000000
6535 3338 1
5591 3338 1
1005 3338 -130301
21 3338 5970000
6576 3339 1
5744 3339 1
1278 3339 -130301
22 3339 5970000
6617 3340 1
5897 3340 1
1551 3340 -130301
23 3340 5970000
6658 3341 1
6050 3341 1
1824 3341 -130301
24 3341 5970000
6699 3342 1
6203 3342 1
2097 3342 -130301
25 3342 5970000
6453 3343 1
5289 3343 1
529 3343 -8078
19 3343 5900000
6494 3344 1
5439 3344 1
802 3344 -8078
20 3344 4900000
6535 3345 1
5592 3345 1
1075 3345 -8078
21 3345 4180000
6576 3346 1
5745 3346 1
1348 3346 -8078
22 3346 4180000
6617 3347 1
5898 3347 1
1621 3347 -8078
23 3347 4180000
6658 3348 1
6051 3348 1
1894 3348 -8078
24 3348 4180000
6699 3349 1
6204 3349 1
2167 3349 -8078
25 3349 4180000
6740 3350 1
6357 3350 1
2440 3350 -8078
26 3350 4180000
6453 3351 1
5290 3351 1
536 3351 -114279
19 3351 5060000
6494 3352 1
5440 3352 1
809 3352 -114279
20 3352 4200000
6535 3353 1
5593 3353 1
1082 3353 -114279
21 3353 3580000
6576 3354 1
5746 3354 1
1355 3354 -114279
22 3354 3580000
6617 3355 1
5899 3355 1
1628 3355 -114279
23 3355 3580000
6658 3356 1
6052 3356 1
1901 3356 -114279
24 3356 3580000
6699 3357 1
6205 3357 1
2174 3357 -114279
25 3357 3580000
6740 3358 1
6358 3358 1
2447 3358 -114279
26 3358 3580000
6494 3359 1
5441 3359 1
804 3359 -138527
20 3359 4200000
6535 3360 1
5594 3360 1
1077 3360 -138527
21 3360 3580000
6576 3361 1
5747 3361 1
1350 3361 -138527
22 3361 3580000
6617 3362 1
5900 3362 1
1623 3362 -138527
23 3362 3580000
6658 3363 1
6053 3363 1
1896 3363 -138527
24 3363 3580000
6699 3364 1
6206 3364 1
2169 3364 -138527
25 3364 3580000
6740 3365 1
6359 3365 1
2442 3365 -138527
26 3365 3580000
6413 3366 1
5149 3366 1
137 3366 -104513
36 3366 650000
18 3366 9860000
6454 3367 1
5291 3367 1
410 3367 -101939
37 3367 563333
19 3367 8430000
6495 3368 1
5442 3368 1
683 3368 -101939
38 3368 476667
20 3368 7000000
6536 3369 1
5595 3369 1
956 3369 -101939
39 3369 390000
21 3369 5970000
6577 3370 1
5748 3370 1
1229 3370 -101939
40 3370 390000
22 3370 5970000
6618 3371 1
5901 3371 1
1502 3371 -101939
41 3371 390000
23 3371 5970000
6659 3372 1
6054 3372 1
1775 3372 -101939
42 3372 390000
24 3372 5970000
6495 3373 1
5443 3373 1
663 3373 -10393
38 3373 196667
20 3373 2760000
6577 3374 1
5749 3374 1
1209 3374 -10393
40 3374 190000
22 3374 2760000
6659 3375 1
6055 3375 1
1755 3375 -10393
42 3375 190000
24 3375 2760000
6700 3376 1
6208 3376 1
2028 3376 -10393
43 3376 190000
25 3376 2760000
6741 3377 1
6361 3377 1
2301 3377 -10393
44 3377 190000
26 3377 2760000
6454 3378 1
5293 3378 1
460 3378 -95735
19 3378 8430000
6536 3379 1
5597 3379 1
1006 3379 -19147
21 3379 5970000
6618 3380 1
5903 3380 1
1552 3380 -95735
23 3380 5970000
6454 3381 1
5294 3381 1
537 3381 -97867
19 3381 2020000
6495 3382 1
5445 3382 1
810 3382 -97867
20 3382 1680000
6577 3383 1
5751 3383 1
1356 3383 -97867
22 3383 1430000
6618 3384 1
5904 3384 1
1629 3384 -97867
23 3384 1430000
6659 3385 1
6057 3385 1
1902 3385 -97867
24 3385 1430000
6700 3386 1
6210 3386 1
2175 3386 -97867
25 3386 1430000
6741 3387 1
6363 3387 1
2448 3387 -97867
26 3387 1430000
6495 3388 1
5446 3388 1
805 3388 -13121
20 3388 1680000
6536 3389 1
5599 3389 1
1078 3389 -13121
21 3389 1430000
6577 3390 1
5752 3390 1
1351 3390 -13121
22 3390 1430000
6618 3391 1
5905 3391 1
1624 3391 -13121
23 3391 1430000
6659 3392 1
6058 3392 1
1897 3392 -13121
24 3392 1430000
6700 3393 1
6211 3393 1
2170 3393 -13121
25 3393 1430000
6741 3394 1
6364 3394 1
2443 3394 -13121
26 3394 1430000
6455 3395 1
5295 3395 1
408 3395 -20911
37 3395 76667
19 3395 1045000
6496 3396 1
5447 3396 1
681 3396 -20911
38 3396 63333
20 3396 790000
6537 3397 1
5600 3397 1
954 3397 -20911
39 3397 50000
21 3397 760000
6578 3398 1
5753 3398 1
1227 3398 -20911
40 3398 50000
22 3398 760000
6619 3399 1
5906 3399 1
1500 3399 -20911
41 3399 50000
23 3399 760000
6660 3400 1
6059 3400 1
1773 3400 -20911
42 3400 50000
24 3400 760000
6701 3401 1
6212 3401 1
2046 3401 -20911
43 3401 50000
25 3401 760000
6742 3402 1
6365 3402 1
2319 3402 -20911
44 3402 50000
26 3402 760000
6455 3403 1
5296 3403 1
374 3403 -8079
19 3403 290000
6496 3404 1
5448 3404 1
647 3404 -40395
20 3404 220000
6619 3405 1
5907 3405 1
1466 3405 -8079
23 3405 210000
6701 3406 1
6213 3406 1
2012 3406 -8079
25 3406 210000
6742 3407 1
6366 3407 1
2285 3407 -8079
26 3407 210000
6455 3408 1
5297 3408 1
458 3408 -20499
19 3408 1045000
6496 3409 1
5449 3409 1
731 3409 -20499
20 3409 790000
6537 3410 1
5602 3410 1
1004 3410 -20499
21 3410 760000
6578 3411 1
5755 3411 1
1277 3411 -20499
22 3411 760000
6619 3412 1
5908 3412 1
1550 3412 -20499
23 3412 760000
6660 3413 1
6061 3413 1
1823 3413 -20499
24 3413 760000
6701 3414 1
6214 3414 1
2096 3414 -20499
25 3414 760000
6742 3415 1
6367 3415 1
2369 3415 -20499
26 3415 760000
6496 3416 1
5450 3416 1
801 3416 -2029
20 3416 550000
6660 3417 1
6062 3417 1
1893 3417 -2029
24 3417 530000
6701 3418 1
6215 3418 1
2166 3418 -2029
25 3418 530000
6742 3419 1
6368 3419 1
2439 3419 -2029
26 3419 530000
6415 3420 1
5155 3420 1
118 3420 -10785
36 3420 50000
18 3420 770000
6456 3421 1
5299 3421 1
391 3421 -10519
37 3421 46667
19 3421 685000
6497 3422 1
5451 3422 1
664 3422 -10519
38 3422 43333
20 3422 600000
6538 3423 1
5604 3423 1
937 3423 -10519
39 3423 40000
21 3423 590000
6579 3424 1
5757 3424 1
1210 3424 -10519
40 3424 40000
22 3424 590000
6620 3425 1
5910 3425 1
1483 3425 -10519
41 3425 40000
23 3425 590000
6661 3426 1
6063 3426 1
1756 3426 -10519
42 3426 40000
24 3426 590000
6702 3427 1
6216 3427 1
2029 3427 -10519
43 3427 40000
25 3427 590000
6743 3428 1
6369 3428 1
2302 3428 -10519
44 3428 40000
26 3428 590000
6538 3429 1
5605 3429 1
1007 3429 -12247
21 3429 300000
6579 3430 1
5758 3430 1
1280 3430 -12247
22 3430 300000
6456 3431 1
5301 3431 1
530 3431 -3077
19 3431 140000
6497 3432 1
5453 3432 1
803 3432 -6154
20 3432 120000
6538 3433 1
5606 3433 1
1076 3433 -3077
21 3433 120000
6579 3434 1
5759 3434 1
1349 3434 -6154
22 3434 120000
6620 3435 1
5912 3435 1
1622 3435 -3077
23 3435 120000
6661 3436 1
6065 3436 1
1895 3436 -6154
24 3436 120000
6702 3437 1
6218 3437 1
2168 3437 -3077
25 3437 120000
6743 3438 1
6371 3438 1
2441 3438 -6154
26 3438 120000
6497 3439 1
5454 3439 1
806 3439 -10839
20 3439 120000
6538 3440 1
5607 3440 1
1079 3440 -10839
21 3440 120000
6743 3441 1
6372 3441 1
2444 3441 -10839
26 3441 120000
6538 3442 1
5608 3442 1
1030 3442 -531
39 3442 10000
21 3442 360000
6579 3443 1
5761 3443 1
1303 3443 -10620
40 3443 10000
22 3443 360000
6702 3444 1
6220 3444 1
2122 3444 -10620
43 3444 10000
25 3444 360000
6743 3445 1
6373 3445 1
2395 3445 -10620
44 3445 10000
26 3445 360000
6456 3446 1
5303 3446 1
538 3446 -10297
19 3446 140000
6579 3447 1
5762 3447 1
1357 3447 -10297
22 3447 120000
6620 3448 1
5915 3448 1
1630 3448 -10297
23 3448 120000
6661 3449 1
6068 3449 1
1903 3449 -10297
24 3449 120000
6702 3450 1
6221 3450 1
2176 3450 -10297
25 3450 120000
6743 3451 1
6374 3451 1
2449 3451 -10297
26 3451 120000
8298 3452 -1440231
8297 3452 -1440231
8246 3452 -33300
8245 3452 -300100
8248 3452 -33300
8247 3452 -300000
8244 3452 -33300
8243 3452 -300000
6416 3452 1
5158 3452 1
8300 3453 -1440231
8299 3453 -1440231
8252 3453 -33300
8251 3453 -300100
8254 3453 -33300
8253 3453 -300000
8250 3453 -33300
8249 3453 -300000
6457 3453 1
5304 3453 1
8302 3454 -1440231
8301 3454 -1440231
8258 3454 -33300
8257 3454 -300100
8260 3454 -33300
8259 3454 -300000
8256 3454 -33300
8255 3454 -300000
6498 3454 1
5457 3454 1
8304 3455 -1440231
8303 3455 -1440231
8264 3455 -33300
8263 3455 -300100
8266 3455 -33300
8265 3455 -300000
8262 3455 -33300
8261 3455 -300000
6539 3455 1
5610 3455 1
8306 3456 -1440231
8305 3456 -1440231
8270 3456 -33300
8269 3456 -300100
8272 3456 -33300
8271 3456 -300000
8268 3456 -33300
8267 3456 -300000
6580 3456 1
5763 3456 1
8308 3457 -1440231
8307 3457 -1440231
8276 3457 -33300
8275 3457 -300100
8278 3457 -33300
8277 3457 -300000
8274 3457 -33300
8273 3457 -300000
6621 3457 1
5916 3457 1
8310 3458 -1440231
8309 3458 -1440231
8282 3458 -33300
8281 3458 -300100
8284 3458 -33300
8283 3458 -300000
8280 3458 -33300
8279 3458 -300000
6662 3458 1
6069 3458 1
8312 3459 -1440231
8311 3459 -1440231
8288 3459 -33300
8287 3459 -300100
8290 3459 -33300
8289 3459 -300000
8286 3459 -33300
8285 3459 -300000
6703 3459 1
6222 3459 1
8314 3460 -1440231
8313 3460 -1440231
8294 3460 -33300
8293 3460 -300100
8296 3460 -33300
8295 3460 -300000
8292 3460 -33300
8291 3460 -300000
6744 3460 1
6375 3460 1
6745 3461 -19
2558 3461 1
6885 3462 -19
2805 3462 1
7039 3463 -19
3068 3463 1
7198 3464 -19
3338 3464 1
7359 3465 -19
3611 3465 1
7521 3466 -19
3885 3466 1
7688 3467 -19
4164 3467 1
7873 3468 -19
4461 3468 1
8058 3469 -19
4758 3469 1
9803 3470 -727
9686 3470 1
2559 3470 1
344 3470 -727
297 3470 1
286 3470 -1
36 3470 7000000
9804 3471 -727
9687 3471 1
2806 3471 1
617 3471 -727
570 3471 1
559 3471 -1
37 3471 7000000
9805 3472 -727
9688 3472 1
3069 3472 1
890 3472 -727
843 3472 1
832 3472 -1
38 3472 7000000
9806 3473 -727
9689 3473 1
3339 3473 1
1163 3473 -727
1116 3473 1
1105 3473 -1
39 3473 7000000
9807 3474 -727
9690 3474 1
3612 3474 1
1436 3474 -727
1389 3474 1
1378 3474 -1
40 3474 7000000
9808 3475 -727
9691 3475 1
3886 3475 1
1709 3475 -727
1662 3475 1
1651 3475 -1
41 3475 7000000
9809 3476 -727
9692 3476 1
4165 3476 1
1982 3476 -727
1935 3476 1
1924 3476 -1
42 3476 7000000
9810 3477 -727
9693 3477 1
4462 3477 1
2255 3477 -727
2208 3477 1
2197 3477 -1
43 3477 7000000
9811 3478 -727
9694 3478 1
4759 3478 1
2528 3478 -727
2481 3478 1
2470 3478 -1
44 3478 7000000
9794 3479 -80
9686 3479 1
2560 3479 1
343 3479 -80
297 3479 1
286 3479 -1
36 3479 72000000
9795 3480 -80
9687 3480 1
2807 3480 1
616 3480 -80
570 3480 1
559 3480 -1
37 3480 72000000
6746 3481 -19
2561 3481 1
6886 3482 -19
2808 3482 1
7040 3483 -19
3071 3483 1
7199 3484 -19
3341 3484 1
7360 3485 -19
3614 3485 1
7522 3486 -19
3888 3486 1
7689 3487 -19
4167 3487 1
7874 3488 -19
4464 3488 1
8059 3489 -19
4761 3489 1
9740 3490 -72
9686 3490 1
2562 3490 1
339 3490 -72
297 3490 1
287 3490 -1
36 3490 7000000
9741 3491 -72
9687 3491 1
2809 3491 1
612 3491 -72
570 3491 1
560 3491 -1
37 3491 7000000
9742 3492 -72
9688 3492 1
3072 3492 1
885 3492 -72
843 3492 1
833 3492 -1
38 3492 7000000
9743 3493 -72
9689 3493 1
3342 3493 1
1158 3493 -72
1116 3493 1
1106 3493 -1
39 3493 7000000
9744 3494 -72
9690 3494 1
3615 3494 1
1431 3494 -72
1389 3494 1
1379 3494 -1
40 3494 7000000
9745 3495 -72
9691 3495 1
3889 3495 1
1704 3495 -72
1662 3495 1
1652 3495 -1
41 3495 7000000
9746 3496 -72
9692 3496 1
4168 3496 1
1977 3496 -72
1935 3496 1
1925 3496 -1
42 3496 7000000
9747 3497 -72
9693 3497 1
4465 3497 1
2250 3497 -72
2208 3497 1
2198 3497 -1
43 3497 7000000
6747 3498 -19
2563 3498 1
6887 3499 -19
2810 3499 1
7041 3500 -19
3073 3500 1
7200 3501 -19
3343 3501 1
7361 3502 -19
3616 3502 1
7523 3503 -19
3890 3503 1
7690 3504 -19
4169 3504 1
7875 3505 -19
4466 3505 1
8060 3506 -19
4763 3506 1
274 3507 100000
192 3507 -100000
36 3507 461059
18 3507 158160
0 3507 78000
547 3508 100000
465 3508 -100000
37 3508 461059
19 3508 158160
1 3508 78000
274 3509 100000
193 3509 -100000
36 3509 691589
18 3509 158160
0 3509 78000
8298 3510 -10170
8297 3510 -10170
8246 3510 -1271
8245 3510 -2119
8248 3510 -1271
8247 3510 -2118
8244 3510 -1271
8243 3510 -2118
277 3510 90000
274 3510 -117000
8300 3511 -10170
8299 3511 -10170
8252 3511 -1271
8251 3511 -2119
8254 3511 -1271
8253 3511 -2118
8250 3511 -1271
8249 3511 -2118
550 3511 90000
547 3511 -108450
8302 3512 -10170
8301 3512 -10170
8258 3512 -1271
8257 3512 -2119
8260 3512 -1271
8259 3512 -2118
8256 3512 -1271
8255 3512 -2118
823 3512 900000
820 3512 -99900
8304 3513 -10170
8303 3513 -10170
8264 3513 -1271
8263 3513 -2119
8266 3513 -1271
8265 3513 -2118
8262 3513 -1271
8261 3513 -2118
1096 3513 90000
1093 3513 -99900
8306 3514 -10170
8305 3514 -10170
8270 3514 -1271
8269 3514 -2119
8272 3514 -1271
8271 3514 -2118
8268 3514 -1271
8267 3514 -2118
1369 3514 90000
1366 3514 -99900
8308 3515 -10170
8307 3515 -10170
8276 3515 -1271
8275 3515 -2119
8278 3515 -1271
8277 3515 -2118
8274 3515 -1271
8273 3515 -2118
1642 3515 90000
1639 3515 -99900
8310 3516 -10170
8309 3516 -10170
8282 3516 -1271
8281 3516 -2119
8284 3516 -1271
8283 3516 -2118
8280 3516 -1271
8279 3516 -2118
1915 3516 90000
1912 3516 -99900
8312 3517 -10170
8311 3517 -10170
8288 3517 -1271
8287 3517 -2119
8290 3517 -1271
8289 3517 -2118
8286 3517 -1271
8285 3517 -2118
2188 3517 90000
2185 3517 -99900
8314 3518 -10170
8313 3518 -10170
8294 3518 -1271
8293 3518 -2119
8296 3518 -1271
8295 3518 -2118
8292 3518 -1271
8291 3518 -2118
2461 3518 90000
2458 3518 -99900
234 3519 -87500
216 3519 -12500
134 3519 100000
507 3520 -90000
489 3520 -10000
407 3520 12500
780 3521 -90000
762 3521 -10000
680 3521 25000
1053 3522 -90000
1035 3522 -10000
953 3522 12500
1326 3523 -90000
1308 3523 -10000
1226 3523 25000
1599 3524 -90000
1581 3524 -10000
1499 3524 12500
1872 3525 -90000
1854 3525 -10000
1772 3525 12500
2145 3526 -90000
2127 3526 -10000
2045 3526 12500
2418 3527 -90000
2400 3527 -10000
2318 3527 12500
6888 3528 -9
2811 3528 1
7042 3529 -9
3074 3529 1
7201 3530 -9
3344 3530 1
7362 3531 -9
3617 3531 1
7524 3532 -9
3891 3532 1
7691 3533 -9
4170 3533 1
7876 3534 -9
4467 3534 1
8061 3535 -9
4764 3535 1
6749 3536 -9
2565 3536 1
6889 3537 -9
2812 3537 1
7043 3538 -9
3075 3538 1
7202 3539 -9
3345 3539 1
7363 3540 -9
3618 3540 1
7525 3541 -9
3892 3541 1
7692 3542 -9
4171 3542 1
7877 3543 -9
4468 3543 1
8062 3544 -9
4765 3544 1
6890 3545 -9
2813 3545 1
7044 3546 -9
3076 3546 1
7203 3547 -9
3346 3547 1
7364 3548 -9
3619 3548 1
7526 3549 -9
3893 3549 1
7693 3550 -9
4172 3550 1
7878 3551 -9
4469 3551 1
8063 3552 -9
4766 3552 1
6751 3553 -9
2567 3553 1
6891 3554 -9
2814 3554 1
7045 3555 -9
3077 3555 1
7204 3556 -9
3347 3556 1
7365 3557 -9
3620 3557 1
7527 3558 -9
3894 3558 1
7694 3559 -9
4173 3559 1
7879 3560 -9
4470 3560 1
8064 3561 -9
4767 3561 1
6752 3562 -19
2568 3562 1
6892 3563 -19
2815 3563 1
7046 3564 -19
3078 3564 1
7205 3565 -19
3348 3565 1
7366 3566 -19
3621 3566 1
7528 3567 -19
3895 3567 1
7695 3568 -19
4174 3568 1
7880 3569 -19
4471 3569 1
8065 3570 -19
4768 3570 1
6753 3571 -9
2569 3571 1
6893 3572 -9
2816 3572 1
7047 3573 -9
3079 3573 1
7206 3574 -9
3349 3574 1
7367 3575 -9
3622 3575 1
7529 3576 -9
3896 3576 1
7696 3577 -9
4175 3577 1
7881 3578 -9
4472 3578 1
8066 3579 -9
4769 3579 1
6754 3580 -19
2570 3580 1
6894 3581 -19
2817 3581 1
7048 3582 -19
3080 3582 1
7207 3583 -19
3350 3583 1
7368 3584 -19
3623 3584 1
7530 3585 -19
3897 3585 1
7697 3586 -19
4176 3586 1
7882 3587 -19
4473 3587 1
8067 3588 -19
4770 3588 1
6755 3589 -19
2571 3589 1
6895 3590 -19
2818 3590 1
7049 3591 -19
3081 3591 1
7208 3592 -19
3351 3592 1
7369 3593 -19
3624 3593 1
7531 3594 -19
3898 3594 1
7698 3595 -19
4177 3595 1
7883 3596 -19
4474 3596 1
8068 3597 -19
4771 3597 1
312 3598 1
310 3598 -1000
585 3599 1
583 3599 -1000
858 3600 1
856 3600 -1000
1131 3601 1
1129 3601 -1000
1404 3602 1
1402 3602 -1000
1677 3603 1
1675 3603 -1000
1950 3604 1
1948 3604 -1000
2223 3605 1
2221 3605 -1000
2496 3606 1
2494 3606 -1000
2574 3607 1
312 3607 1
311 3607 -1
2821 3608 1
585 3608 1
584 3608 -1
3084 3609 1
858 3609 1
857 3609 -1
3354 3610 1
1131 3610 1
1130 3610 -1
3627 3611 1
1404 3611 1
1403 3611 -1
3901 3612 1
1677 3612 1
1676 3612 -1
4180 3613 1
1950 3613 1
1949 3613 -1
4477 3614 1
2223 3614 1
2222 3614 -1
4774 3615 1
2496 3615 1
2495 3615 -1
2577 3616 1
202 3616 -10000
123 3616 100
36 3616 1563820
18 3616 469283
0 3616 87740
2824 3617 1
475 3617 -10000
396 3617 100
37 3617 1563820
19 3617 469283
1 3617 87740
3087 3618 1
748 3618 -10000
669 3618 100
38 3618 1563820
20 3618 469283
2 3618 87740
3357 3619 1
1021 3619 -10000
942 3619 100
39 3619 1563820
21 3619 469283
3 3619 87740
3630 3620 1
1294 3620 -10000
1215 3620 100
40 3620 1563820
22 3620 469283
4 3620 87740
3904 3621 1
1567 3621 -10000
1488 3621 100
41 3621 1563820
23 3621 469283
5 3621 87740
4184 3622 1
1844 3622 -1
1761 3622 100
42 3622 75000
24 3622 469283
6 3622 87740
4481 3623 1
2117 3623 -1
2034 3623 100
43 3623 75000
25 3623 469283
7 3623 87740
4778 3624 1
2390 3624 -1
2307 3624 100
44 3624 75000
26 3624 469283
8 3624 87740
2579 3625 1
335 3625 10000
326 3625 -1
2826 3626 1
608 3626 10000
599 3626 -1
3089 3627 1
881 3627 10000
872 3627 -1
3359 3628 1
1154 3628 10000
1145 3628 -1
3632 3629 1
1427 3629 10000
1418 3629 -1
3906 3630 1
1700 3630 10000
1691 3630 -1
4185 3631 1
1973 3631 10000
1964 3631 -1
4482 3632 1
2246 3632 10000
2237 3632 -1
4779 3633 1
2519 3633 10000
2510 3633 -1
2580 3634 1
335 3634 10000
295 3634 -650
2827 3635 1
608 3635 10000
568 3635 -260
3090 3636 1
881 3636 10000
841 3636 -650
3360 3637 1
1154 3637 10000
1114 3637 -130
3633 3638 1
1427 3638 10000
1387 3638 -130
3907 3639 1
1700 3639 10000
1660 3639 -130
4186 3640 1
1973 3640 10000
1933 3640 -130
4483 3641 1
2246 3641 10000
2206 3641 -130
4780 3642 1
2519 3642 10000
2479 3642 -130
4187 3643 1
1830 3643 -100000
1766 3643 10000
42 3643 454111
24 3643 63098
6 3643 31200
4484 3644 1
2103 3644 -100000
2039 3644 10000
43 3644 454111
25 3644 63098
7 3644 31200
4781 3645 1
2376 3645 -100000
2312 3645 10000
44 3645 454111
26 3645 63098
8 3645 31200
2584 3646 1
195 3646 -100000
128 3646 10000
36 3646 1135280
0 3646 78000
2831 3647 1
468 3647 -100000
401 3647 10000
37 3647 1135280
1 3647 78000
3094 3648 1
741 3648 -100000
674 3648 10000
38 3648 1135280
2 3648 78000
3364 3649 1
1014 3649 -100000
947 3649 10000
39 3649 1135280
3 3649 78000
3637 3650 1
1287 3650 -100000
1220 3650 10000
40 3650 1135280
4 3650 78000
3911 3651 1
1560 3651 -100000
1493 3651 10000
41 3651 1135280
5 3651 78000
4190 3652 1
1833 3652 -100000
1766 3652 10000
42 3652 1135280
6 3652 78000
4487 3653 1
2106 3653 -100000
2039 3653 10000
43 3653 1135280
7 3653 78000
4784 3654 1
2379 3654 -100000
2312 3654 10000
44 3654 1135280
8 3654 78000
3098 3655 1
821 3655 10000
819 3655 -1320
786 3655 -1
741 3655 -66000
38 3655 749283
20 3655 104111
2 3655 51480
3365 3656 1
1094 3656 100000
1092 3656 -1320
1059 3656 -1
1011 3656 -66000
39 3656 299713
21 3656 104111
3 3656 51480
3641 3657 1
1367 3657 10000
1365 3657 -1320
1332 3657 -1
1287 3657 -66000
40 3657 749283
22 3657 104111
4 3657 51480
3912 3658 1
1640 3658 100000
1638 3658 -1320
1605 3658 -1
1557 3658 -66000
41 3658 299713
23 3658 104111
5 3658 51480
4191 3659 1
1913 3659 100000
1911 3659 -1320
1878 3659 -1
1830 3659 -66000
42 3659 299713
24 3659 104111
6 3659 51480
4488 3660 1
2186 3660 100000
2184 3660 -1320
2151 3660 -1
2103 3660 -66000
43 3660 299713
25 3660 104111
7 3660 51480
3728 3661 1
1295 3661 1000000
1285 3661 -100000
40 3661 681166
22 3661 157744
4 3661 78000
4601 3662 1
2116 3662 200
2104 3662 -100000
43 3662 681166
25 3662 157744
7 3662 78000
2588 3663 1
275 3663 100000
273 3663 -1320
240 3663 -1
195 3663 -66000
36 3663 749283
18 3663 104111
0 3663 51480
2835 3664 1
548 3664 100000
546 3664 -1320
513 3664 -1
468 3664 -66000
37 3664 749283
19 3664 104111
1 3664 51480
3369 3665 1
1094 3665 100000
1060 3665 -1
1011 3665 -124000
39 3665 563097
21 3665 195602
3 3665 96720
3916 3666 1
1640 3666 100000
1606 3666 -1
1557 3666 -124000
41 3666 563097
23 3666 195602
5 3666 96720
4195 3667 1
1913 3667 100000
1879 3667 -1
1830 3667 -124000
42 3667 563097
24 3667 195602
6 3667 96720
4492 3668 1
2186 3668 100000
2152 3668 -1
2103 3668 -124000
43 3668 563097
25 3668 195602
7 3668 96720
3102 3669 1
821 3669 10000
787 3669 -1
741 3669 -124000
38 3669 1407740
20 3669 195602
2 3669 96720
3371 3670 1
1094 3670 100000
1060 3670 -1
1013 3670 -124000
39 3670 1126190
21 3670 195602
3 3670 96720
3918 3671 1
1640 3671 100000
1606 3671 -1
1559 3671 -124000
41 3671 1126190
23 3671 195602
5 3671 96720
4197 3672 1
1913 3672 100000
1879 3672 -1
1832 3672 -124000
42 3672 1126190
24 3672 195602
6 3672 96720
2592 3673 1
275 3673 100000
241 3673 -1
195 3673 -124000
36 3673 1407740
18 3673 195602
0 3673 96720
2839 3674 1
548 3674 100000
514 3674 -1
468 3674 -124000
37 3674 1407740
19 3674 195602
1 3674 96720
3645 3675 1
1367 3675 10000
1333 3675 -1
1287 3675 -124000
40 3675 1407740
22 3675 195602
4 3675 96720
9878 3676 -1
9870 3676 -1
6756 3676 -9
2594 3676 1
9878 3677 1
9879 3677 -1
9870 3677 1
9871 3677 -1
6896 3677 -9
2841 3677 1
9879 3678 1
9880 3678 -1
9871 3678 1
9872 3678 -1
7050 3678 -9
3104 3678 1
9880 3679 1
9881 3679 -1
9872 3679 1
9873 3679 -1
7209 3679 -9
3374 3679 1
9881 3680 1
9882 3680 -1
9873 3680 1
9874 3680 -1
7370 3680 -9
3647 3680 1
9882 3681 1
9883 3681 -1
9874 3681 1
9875 3681 -1
7532 3681 -9
3921 3681 1
9883 3682 1
9884 3682 -1
9875 3682 1
9876 3682 -1
7699 3682 -9
4200 3682 1
9884 3683 1
9885 3683 -1
9876 3683 1
9877 3683 -1
7884 3683 -9
4497 3683 1
9885 3684 1
9877 3684 1
8069 3684 -9
4794 3684 1
9878 3685 -1
6757 3685 -9
2595 3685 1
9879 3686 1
9880 3686 -1
7051 3686 -9
3105 3686 1
9881 3687 1
9882 3687 -1
7371 3687 -9
3648 3687 1
9882 3688 1
9883 3688 -1
7533 3688 -9
3922 3688 1
9883 3689 1
9884 3689 -1
7700 3689 -9
4201 3689 1
9884 3690 1
9885 3690 -1
7885 3690 -9
4498 3690 1
9885 3691 1
8070 3691 -9
4795 3691 1
9878 3692 1
9879 3692 -1
6898 3692 -9
2843 3692 1
1 3692 3773020
9879 3693 1
9880 3693 -1
7052 3693 -9
3106 3693 1
2 3693 3773020
9881 3694 1
9882 3694 -1
7372 3694 -9
3649 3694 1
4 3694 3773020
9882 3695 1
9883 3695 -1
7534 3695 -9
3923 3695 1
5 3695 3773020
9883 3696 1
9884 3696 -1
7701 3696 -9
4202 3696 1
6 3696 3773020
9884 3697 1
9885 3697 -1
7886 3697 -9
4499 3697 1
7 3697 3773020
9885 3698 1
8071 3698 -9
4796 3698 1
8 3698 3773020
6758 3699 -9
2596 3699 1
0 3699 3773020
6899 3700 -9
2844 3700 1
1 3700 3773020
7053 3701 -9
3107 3701 1
2 3701 3773020
7212 3702 -9
3377 3702 1
3 3702 3773020
7373 3703 -9
3650 3703 1
4 3703 3773020
7535 3704 -9
3924 3704 1
5 3704 3773020
7702 3705 -9
4203 3705 1
6 3705 3773020
7887 3706 -9
4500 3706 1
7 3706 3773020
8072 3707 -9
4797 3707 1
8 3707 3773020
6759 3708 -9
2597 3708 1
6900 3709 -9
2845 3709 1
7054 3710 -9
3108 3710 1
7213 3711 -9
3378 3711 1
7374 3712 -9
3651 3712 1
7536 3713 -9
3925 3713 1
7703 3714 -9
4204 3714 1
7888 3715 -9
4501 3715 1
8073 3716 -9
4798 3716 1
7704 3717 -9
4205 3717 1
7889 3718 -9
4502 3718 1
8074 3719 -9
4799 3719 1
7705 3720 -9
4206 3720 1
7890 3721 -9
4503 3721 1
8075 3722 -9
4800 3722 1
9853 3723 1
9844 3723 1
9836 3723 1
8314 3723 -81000
8313 3723 -81000
8294 3723 -10125
8293 3723 -16880
8296 3723 -10125
8295 3723 -16872
8292 3723 -10125
8291 3723 -16872
4801 3723 1
2519 3723 -243
2517 3723 -1467
2516 3723 90
2467 3723 -27000
2459 3723 -147150
2457 3723 3492
2312 3723 -10161
9845 3724 1
9837 3724 -1
9829 3724 -1
8298 3724 -81000
8297 3724 -81000
8246 3724 -10125
8245 3724 -16880
8248 3724 -10125
8247 3724 -16872
8244 3724 -10125
8243 3724 -16872
2599 3724 1
335 3724 -243
333 3724 -1467
332 3724 90
283 3724 -18000
275 3724 -147150
273 3724 3492
195 3724 -414000
128 3724 -10161
36 3724 4700043
18 3724 653060
0 3724 322920
9846 3725 1
9837 3725 1
9838 3725 -1
9829 3725 1
9830 3725 -1
8300 3725 -81000
8299 3725 -81000
8252 3725 -10125
8251 3725 -16880
8254 3725 -10125
8253 3725 -16872
8250 3725 -10125
8249 3725 -16872
2847 3725 1
608 3725 -243
606 3725 -1467
605 3725 90
556 3725 -18000
548 3725 -147150
546 3725 3492
468 3725 -414000
401 3725 -10161
37 3725 4700043
19 3725 653060
1 3725 322920
9847 3726 1
9838 3726 1
9839 3726 -1
9830 3726 1
9831 3726 -1
8302 3726 -81000
8301 3726 -81000
8258 3726 -10125
8257 3726 -16880
8260 3726 -10125
8259 3726 -16872
8256 3726 -10125
8255 3726 -16872
3110 3726 1
881 3726 -243
879 3726 -1467
878 3726 90
829 3726 -18000
821 3726 -14715
819 3726 3492
741 3726 -414000
674 3726 -10161
38 3726 4700043
20 3726 653060
2 3726 322920
9848 3727 1
9839 3727 1
9840 3727 -1
9831 3727 1
9832 3727 -1
8304 3727 -81000
8303 3727 -81000
8264 3727 -10125
8263 3727 -16880
8266 3727 -10125
8265 3727 -16872
8262 3727 -10125
8261 3727 -16872
3380 3727 1
1154 3727 -243
1152 3727 -1467
1151 3727 90
1102 3727 -18000
1094 3727 -147150
1092 3727 3492
1014 3727 -414000
947 3727 -10161
39 3727 4700043
21 3727 653060
3 3727 322920
9849 3728 1
9840 3728 1
9841 3728 -1
9832 3728 1
9833 3728 -1
8306 3728 -81000
8305 3728 -81000
8270 3728 -10125
8269 3728 -16880
8272 3728 -10125
8271 3728 -16872
8268 3728 -10125
8267 3728 -16872
3653 3728 1
1427 3728 -243
1425 3728 -1467
1424 3728 90
1375 3728 -18000
1367 3728 -14715
1365 3728 3492
1287 3728 -414000
1220 3728 -10161
40 3728 4700043
22 3728 653060
4 3728 322920
9850 3729 1
9841 3729 1
9842 3729 -1
9833 3729 1
9834 3729 -1
8308 3729 -81000
8307 3729 -81000
8276 3729 -10125
8275 3729 -16880
8278 3729 -10125
8277 3729 -16872
8274 3729 -10125
8273 3729 -16872
3927 3729 1
1700 3729 -243
1698 3729 -1467
1697 3729 90
1648 3729 -18000
1640 3729 -147150
1638 3729 3492
1560 3729 -414000
1493 3729 -10161
41 3729 4700043
23 3729 653060
5 3729 322920
9851 3730 1
9842 3730 1
9843 3730 -1
9834 3730 1
9835 3730 -1
8310 3730 -81000
8309 3730 -81000
8282 3730 -10125
8281 3730 -16880
8284 3730 -10125
8283 3730 -16872
8280 3730 -10125
8279 3730 -16872
4208 3730 1
1973 3730 -243
1971 3730 -1467
1970 3730 90
1921 3730 -18000
1913 3730 -147150
1911 3730 3492
1833 3730 -414000
1766 3730 -10161
42 3730 4700043
24 3730 653060
6 3730 322920
9852 3731 1
9843 3731 1
9844 3731 -1
9835 3731 1
9836 3731 -1
8312 3731 -81000
8311 3731 -81000
8288 3731 -10125
8287 3731 -16880
8290 3731 -10125
8289 3731 -16872
8286 3731 -10125
8285 3731 -16872
4505 3731 1
2246 3731 -243
2244 3731 -1467
2243 3731 90
2194 3731 -18000
2186 3731 -147150
2184 3731 3492
2106 3731 -414000
2039 3731 -10161
43 3731 4700043
25 3731 653060
7 3731 322920
9837 3732 -1
9829 3732 -1
6760 3732 -9
2600 3732 1
9838 3733 1
9839 3733 -1
9830 3733 1
9831 3733 -1
7055 3733 -9
3111 3733 1
9841 3734 1
9842 3734 -1
9833 3734 1
9834 3734 -1
7537 3734 -9
3928 3734 1
9843 3735 1
9844 3735 -1
9835 3735 1
9836 3735 -1
7891 3735 -9
4506 3735 1
9844 3736 1
9836 3736 1
8076 3736 -9
4803 3736 1
9837 3737 -1
9829 3737 -1
6761 3737 -9
2601 3737 1
9837 3738 1
9838 3738 -1
9829 3738 1
9830 3738 -1
6902 3738 -9
2849 3738 1
9838 3739 1
9839 3739 -1
9830 3739 1
9831 3739 -1
7056 3739 -9
3112 3739 1
9839 3740 1
9840 3740 -1
9831 3740 1
9832 3740 -1
7215 3740 -9
3382 3740 1
9840 3741 1
9841 3741 -1
9832 3741 1
9833 3741 -1
7376 3741 -9
3655 3741 1
9841 3742 1
9842 3742 -1
9833 3742 1
9834 3742 -1
7538 3742 -9
3929 3742 1
9842 3743 1
9843 3743 -1
9834 3743 1
9835 3743 -1
7707 3743 -9
4210 3743 1
9843 3744 1
9844 3744 -1
9835 3744 1
9836 3744 -1
7892 3744 -9
4507 3744 1
9844 3745 1
9836 3745 1
8077 3745 -9
4804 3745 1
9837 3746 -1
6762 3746 -9
2602 3746 1
9837 3747 1
9838 3747 -1
6903 3747 -9
2850 3747 1
9838 3748 1
9839 3748 -1
7057 3748 -9
3113 3748 1
9839 3749 1
9840 3749 -1
7216 3749 -9
3383 3749 1
9840 3750 1
9841 3750 -1
7377 3750 -9
3656 3750 1
9841 3751 1
9842 3751 -1
7539 3751 -9
3930 3751 1
9842 3752 1
9843 3752 -1
7708 3752 -9
4211 3752 1
9843 3753 1
9844 3753 -1
7893 3753 -9
4508 3753 1
9844 3754 1
8078 3754 -9
4805 3754 1
9837 3755 1
9838 3755 -1
6904 3755 -9
2851 3755 1
9838 3756 1
9839 3756 -1
7058 3756 -9
3114 3756 1
9839 3757 1
9840 3757 -1
7217 3757 -9
3384 3757 1
9840 3758 1
9841 3758 -1
7378 3758 -9
3657 3758 1
9841 3759 1
9842 3759 -1
7540 3759 -9
3931 3759 1
9842 3760 1
9843 3760 -1
7709 3760 -9
4212 3760 1
9843 3761 1
9844 3761 -1
7894 3761 -9
4509 3761 1
9844 3762 1
8079 3762 -9
4806 3762 1
9837 3763 -1
6763 3763 -9
2603 3763 1
9837 3764 1
9838 3764 -1
6905 3764 -9
2852 3764 1
9838 3765 1
9839 3765 -1
7059 3765 -9
3115 3765 1
9839 3766 1
9840 3766 -1
7218 3766 -9
3385 3766 1
9840 3767 1
9841 3767 -1
7379 3767 -9
3658 3767 1
9841 3768 1
9842 3768 -1
7541 3768 -9
3932 3768 1
9842 3769 1
9843 3769 -1
7710 3769 -9
4213 3769 1
9843 3770 1
9844 3770 -1
7895 3770 -9
4510 3770 1
9844 3771 1
8080 3771 -9
4807 3771 1
9837 3772 1
9838 3772 -1
6906 3772 -9
2853 3772 1
9838 3773 1
9839 3773 -1
7060 3773 -9
3116 3773 1
9839 3774 1
9840 3774 -1
7219 3774 -9
3386 3774 1
9840 3775 1
9841 3775 -1
7380 3775 -9
3659 3775 1
9841 3776 1
9842 3776 -1
7542 3776 -9
3933 3776 1
9842 3777 1
9843 3777 -1
7711 3777 -9
4214 3777 1
9843 3778 1
9844 3778 -1
7896 3778 -9
4511 3778 1
9844 3779 1
8081 3779 -9
4808 3779 1
6907 3780 -9
2854 3780 1
7061 3781 -9
3117 3781 1
7381 3782 -9
3660 3782 1
7543 3783 -9
3934 3783 1
7712 3784 -9
4215 3784 1
7897 3785 -9
4512 3785 1
8082 3786 -9
4809 3786 1
6765 3787 -9
2605 3787 1
6908 3788 -9
2855 3788 1
7062 3789 -9
3118 3789 1
7221 3790 -9
3388 3790 1
7382 3791 -9
3661 3791 1
7544 3792 -9
3935 3792 1
7713 3793 -9
4216 3793 1
7898 3794 -9
4513 3794 1
8083 3795 -9
4810 3795 1
6766 3796 -9
2606 3796 1
6909 3797 -9
2856 3797 1
7063 3798 -9
3119 3798 1
7222 3799 -9
3389 3799 1
7383 3800 -9
3662 3800 1
7545 3801 -9
3936 3801 1
7714 3802 -9
4217 3802 1
7899 3803 -9
4514 3803 1
8084 3804 -9
4811 3804 1
6767 3805 -9
2607 3805 1
6910 3806 -9
2857 3806 1
7064 3807 -9
3120 3807 1
7223 3808 -9
3390 3808 1
7384 3809 -9
3663 3809 1
7546 3810 -9
3937 3810 1
7715 3811 -9
4218 3811 1
7900 3812 -9
4515 3812 1
8085 3813 -9
4812 3813 1
7716 3814 -9
4219 3814 1
7901 3815 -9
4516 3815 1
8086 3816 -9
4813 3816 1
7717 3817 -9
4220 3817 1
7902 3818 -9
4517 3818 1
8087 3819 -9
4814 3819 1
7718 3820 -9
4221 3820 1
7903 3821 -9
4518 3821 1
8088 3822 -9
4815 3822 1
7719 3823 -9
4222 3823 1
7904 3824 -9
4519 3824 1
8089 3825 -9
4816 3825 1
6768 3826 -9
2609 3826 1
6911 3827 -9
2859 3827 1
7065 3828 -9
3122 3828 1
7224 3829 -9
3392 3829 1
7386 3830 -9
3666 3830 1
7548 3831 -9
3940 3831 1
7721 3832 -9
4225 3832 1
7906 3833 -9
4522 3833 1
8091 3834 -9
4819 3834 1
7722 3835 -9
4226 3835 1
7907 3836 -9
4523 3836 1
8092 3837 -9
4820 3837 1
2610 3838 1
338 3838 -1
335 3838 10000
2860 3839 1
611 3839 -1
608 3839 10000
3123 3840 1
884 3840 -1
881 3840 10000
3393 3841 1
1157 3841 -1
1154 3841 10000
3667 3842 1
1430 3842 -1
1427 3842 10000
3941 3843 1
1703 3843 -1
1700 3843 10000
4227 3844 1
1976 3844 -1
1973 3844 10000
4524 3845 1
2249 3845 -1
2246 3845 10000
4821 3846 1
2522 3846 -1
2519 3846 10000
9862 3847 1
9863 3847 -1
9854 3847 1
9855 3847 -1
8300 3847 -97200
8299 3847 -97200
8252 3847 -12150
8251 3847 -20256
8254 3847 -12150
8253 3847 -20247
8250 3847 -12150
8249 3847 -20247
2861 3847 1
618 3847 45
608 3847 -2880
605 3847 -72
568 3847 9
548 3847 -3780
401 3847 -1899
9862 3848 -1
6769 3848 -9
2612 3848 1
9863 3849 1
9864 3849 -1
7066 3849 -9
3125 3849 1
9865 3850 1
9866 3850 -1
7387 3850 -9
3669 3850 1
9868 3851 1
9869 3851 -1
7908 3851 -9
4526 3851 1
9869 3852 1
8093 3852 -9
4823 3852 1
9862 3853 1
9863 3853 -1
6913 3853 -9
2863 3853 1
9863 3854 1
9864 3854 -1
7067 3854 -9
3126 3854 1
9866 3855 1
9867 3855 -1
7550 3855 -9
3944 3855 1
9867 3856 1
9868 3856 -1
7724 3856 -9
4230 3856 1
9869 3857 1
8094 3857 -9
4824 3857 1
9862 3858 -1
9854 3858 -1
6771 3858 -9
2614 3858 1
9863 3859 1
9864 3859 -1
9855 3859 1
9856 3859 -1
7068 3859 -9
3127 3859 1
9865 3860 1
9866 3860 -1
9857 3860 1
9858 3860 -1
7389 3860 -9
3671 3860 1
9862 3861 1
9863 3861 -1
6915 3861 -9
2865 3861 1
9863 3862 1
9864 3862 -1
7069 3862 -9
3128 3862 1
9864 3863 1
9865 3863 -1
7228 3863 -9
3398 3863 1
9865 3864 1
9866 3864 -1
7390 3864 -9
3672 3864 1
9866 3865 1
9867 3865 -1
7552 3865 -9
3946 3865 1
9867 3866 1
9868 3866 -1
7726 3866 -9
4232 3866 1
9868 3867 1
9869 3867 -1
7911 3867 -9
4529 3867 1
9869 3868 1
8096 3868 -9
4826 3868 1
9862 3869 1
9863 3869 -1
6916 3869 -9
2866 3869 1
9863 3870 1
9864 3870 -1
7070 3870 -9
3129 3870 1
9864 3871 1
9865 3871 -1
7229 3871 -9
3399 3871 1
9865 3872 1
9866 3872 -1
7391 3872 -9
3673 3872 1
9866 3873 1
9867 3873 -1
7553 3873 -9
3947 3873 1
9867 3874 1
9868 3874 -1
7727 3874 -9
4233 3874 1
9868 3875 1
9869 3875 -1
7912 3875 -9
4530 3875 1
9869 3876 1
8097 3876 -9
4827 3876 1
6772 3877 -9
2615 3877 1
6917 3878 -9
2867 3878 1
7071 3879 -9
3130 3879 1
7230 3880 -9
3400 3880 1
7392 3881 -9
3674 3881 1
7728 3882 -9
4234 3882 1
6773 3883 -9
2616 3883 1
6918 3884 -9
2868 3884 1
7072 3885 -9
3131 3885 1
7231 3886 -9
3401 3886 1
7393 3887 -9
3675 3887 1
7555 3888 -9
3949 3888 1
7729 3889 -9
4235 3889 1
7914 3890 -9
4532 3890 1
6774 3891 -9
2617 3891 1
6919 3892 -9
2869 3892 1
7073 3893 -9
3132 3893 1
7232 3894 -9
3402 3894 1
7394 3895 -9
3676 3895 1
7556 3896 -9
3950 3896 1
7730 3897 -9
4236 3897 1
7915 3898 -9
4533 3898 1
8100 3899 -9
4830 3899 1
7731 3900 -9
4237 3900 1
7916 3901 -9
4534 3901 1
8101 3902 -9
4831 3902 1
7732 3903 -9
4238 3903 1
7917 3904 -9
4535 3904 1
8102 3905 -9
4832 3905 1
7733 3906 -9
4239 3906 1
7918 3907 -9
4536 3907 1
8103 3908 -9
4833 3908 1
9900 3909 -1
6775 3909 -9
2619 3909 1
9900 3910 1
9901 3910 -1
6920 3910 -9
2871 3910 1
9901 3911 1
9902 3911 -1
7074 3911 -9
3134 3911 1
9902 3912 1
9903 3912 -1
7233 3912 -9
3404 3912 1
9903 3913 1
9904 3913 -1
7395 3913 -9
3678 3913 1
9904 3914 1
9905 3914 -1
7557 3914 -9
3952 3914 1
9905 3915 1
9906 3915 -1
7734 3915 -9
4241 3915 1
9906 3916 1
9907 3916 -1
7919 3916 -9
4538 3916 1
9907 3917 1
8104 3917 -9
4835 3917 1
9901 3918 1
9902 3918 -1
9893 3918 1
9894 3918 -1
7075 3918 -9
3135 3918 1
9902 3919 1
9903 3919 -1
9894 3919 1
9895 3919 -1
7234 3919 -9
3405 3919 1
9903 3920 1
9904 3920 -1
9895 3920 1
9896 3920 -1
7396 3920 -9
3679 3920 1
9904 3921 1
9905 3921 -1
9896 3921 1
9897 3921 -1
7558 3921 -9
3953 3921 1
9905 3922 1
9906 3922 -1
9897 3922 1
9898 3922 -1
7735 3922 -9
4242 3922 1
9906 3923 1
9907 3923 -1
9898 3923 1
9899 3923 -1
7920 3923 -9
4539 3923 1
9900 3924 1
9901 3924 -1
6921 3924 -9
2872 3924 1
9901 3925 1
9902 3925 -1
7076 3925 -9
3136 3925 1
9902 3926 1
9903 3926 -1
7235 3926 -9
3406 3926 1
9903 3927 1
9904 3927 -1
7397 3927 -9
3680 3927 1
9904 3928 1
9905 3928 -1
7559 3928 -9
3954 3928 1
9905 3929 1
9906 3929 -1
7736 3929 -9
4243 3929 1
9906 3930 1
9907 3930 -1
7921 3930 -9
4540 3930 1
9907 3931 1
8106 3931 -9
4837 3931 1
6776 3932 -9
2620 3932 1
6922 3933 -9
2873 3933 1
7077 3934 -9
3137 3934 1
7236 3935 -9
3407 3935 1
7398 3936 -9
3681 3936 1
7560 3937 -9
3955 3937 1
7737 3938 -9
4244 3938 1
7922 3939 -9
4541 3939 1
8107 3940 -9
4838 3940 1
6777 3941 -9
2621 3941 1
6923 3942 -9
2874 3942 1
7078 3943 -9
3138 3943 1
7237 3944 -9
3408 3944 1
7399 3945 -9
3682 3945 1
7561 3946 -9
3956 3946 1
7738 3947 -9
4245 3947 1
7923 3948 -9
4542 3948 1
8108 3949 -9
4839 3949 1
7739 3950 -9
4246 3950 1
7924 3951 -9
4543 3951 1
7740 3952 -9
4247 3952 1
7925 3953 -9
4544 3953 1
8110 3954 -9
4841 3954 1
10068 3955 1
10069 3955 -1
6924 3955 -9
2876 3955 1
10070 3956 1
10071 3956 -1
7238 3956 -9
3410 3956 1
10071 3957 1
10072 3957 -1
7400 3957 -9
3684 3957 1
10072 3958 1
10073 3958 -1
7562 3958 -9
3958 3958 1
10073 3959 1
10074 3959 -1
7741 3959 -9
4249 3959 1
10074 3960 1
10075 3960 -1
7926 3960 -9
4546 3960 1
7080 3961 -9
3141 3961 1
7239 3962 -9
3411 3962 1
7401 3963 -9
3685 3963 1
7563 3964 -9
3959 3964 1
7742 3965 -9
4250 3965 1
7927 3966 -9
4547 3966 1
8112 3967 -9
4844 3967 1
7743 3968 -9
4251 3968 1
7928 3969 -9
4548 3969 1
8113 3970 -9
4845 3970 1
9886 3971 1
9887 3971 -1
7240 3971 -9
3413 3971 1
9887 3972 1
9888 3972 -1
7402 3972 -9
3687 3972 1
9888 3973 1
9889 3973 -1
7564 3973 -9
3961 3973 1
9889 3974 1
9890 3974 -1
7744 3974 -9
4253 3974 1
9890 3975 1
9891 3975 -1
7929 3975 -9
4550 3975 1
9891 3976 1
8114 3976 -9
4847 3976 1
6780 3977 -9
2626 3977 1
6926 3978 -9
2879 3978 1
7081 3979 -9
3143 3979 1
7241 3980 -9
3414 3980 1
7403 3981 -9
3688 3981 1
7565 3982 -9
3962 3982 1
7745 3983 -9
4254 3983 1
7930 3984 -9
4551 3984 1
8115 3985 -9
4848 3985 1
7746 3986 -9
4255 3986 1
7931 3987 -9
4552 3987 1
8116 3988 -9
4849 3988 1
10218 3989 -1
8298 3989 -92700
8297 3989 -92700
8246 3989 -11587
8245 3989 -19319
8248 3989 -11587
8247 3989 -19309
8244 3989 -11587
8243 3989 -19309
2627 3989 1
340 3989 -261
336 3989 45
295 3989 72
10219 3990 1
10220 3990 -1
8302 3990 -92700
8301 3990 -92700
8258 3990 -11587
8257 3990 -19319
8260 3990 -11587
8259 3990 -19309
8256 3990 -11587
8255 3990 -19309
3144 3990 1
886 3990 -261
882 3990 45
841 3990 72
10218 3991 1
10219 3991 -1
6927 3991 -9
2881 3991 1
10222 3992 1
10223 3992 -1
7566 3992 -9
3964 3992 1
10224 3993 1
10225 3993 -1
7932 3993 -9
4554 3993 1
7083 3994 -9
3146 3994 1
7243 3995 -9
3417 3995 1
7405 3996 -9
3691 3996 1
7567 3997 -9
3965 3997 1
7748 3998 -9
4258 3998 1
7933 3999 -9
4555 3999 1
8118 4000 -9
4852 4000 1
7749 4001 -9
4259 4001 1
7934 4002 -9
4556 4002 1
10210 4003 -1
6783 4003 -9
2631 4003 1
10210 4004 1
10211 4004 -1
6929 4004 -9
2884 4004 1
10211 4005 1
10212 4005 -1
7084 4005 -9
3148 4005 1
10212 4006 1
10213 4006 -1
7244 4006 -9
3419 4006 1
10213 4007 1
10214 4007 -1
7406 4007 -9
3693 4007 1
10214 4008 1
10215 4008 -1
7568 4008 -9
3967 4008 1
10215 4009 1
10216 4009 -1
7750 4009 -9
4261 4009 1
10216 4010 1
10217 4010 -1
7935 4010 -9
4558 4010 1
10217 4011 1
8120 4011 -9
4855 4011 1
6784 4012 -9
2632 4012 1
6930 4013 -9
2885 4013 1
7085 4014 -9
3149 4014 1
7245 4015 -9
3420 4015 1
7407 4016 -9
3694 4016 1
7569 4017 -9
3968 4017 1
7751 4018 -9
4262 4018 1
7936 4019 -9
4559 4019 1
8121 4020 -9
4856 4020 1
7752 4021 -9
4263 4021 1
7937 4022 -9
4560 4022 1
8122 4023 -9
4857 4023 1
10060 4024 -1
6785 4024 -9
2634 4024 1
10060 4025 1
10061 4025 -1
6931 4025 -9
2887 4025 1
10061 4026 1
10062 4026 -1
7086 4026 -9
3151 4026 1
10062 4027 1
10063 4027 -1
7246 4027 -9
3422 4027 1
10063 4028 1
10064 4028 -1
7408 4028 -9
3696 4028 1
10064 4029 1
10065 4029 -1
7570 4029 -9
3970 4029 1
10065 4030 1
10066 4030 -1
7753 4030 -9
4265 4030 1
10066 4031 1
10067 4031 -1
7938 4031 -9
4562 4031 1
10067 4032 1
8123 4032 -9
4859 4032 1
6786 4033 -9
2635 4033 1
6932 4034 -9
2888 4034 1
7087 4035 -9
3152 4035 1
7247 4036 -9
3423 4036 1
7409 4037 -9
3697 4037 1
7571 4038 -9
3971 4038 1
7754 4039 -9
4266 4039 1
7939 4040 -9
4563 4040 1
8124 4041 -9
4860 4041 1
7755 4042 -9
4267 4042 1
7940 4043 -9
4564 4043 1
8125 4044 -9
4861 4044 1
6933 4045 -9
2889 4045 1
37 4045 1032120
19 4045 309727
1 4045 57908
7410 4046 -9
3698 4046 1
40 4046 1032120
22 4046 309727
4 4046 57908
8126 4047 -9
4862 4047 1
44 4047 1032120
26 4047 309727
8 4047 57908
6788 4048 -9
2637 4048 1
6934 4049 -9
2890 4049 1
7089 4050 -9
3154 4050 1
7249 4051 -9
3425 4051 1
7411 4052 -9
3699 4052 1
7573 4053 -9
3973 4053 1
7757 4054 -9
4269 4054 1
7942 4055 -9
4566 4055 1
8127 4056 -9
4863 4056 1
7090 4057 -9
3155 4057 1
38 4057 170
20 4057 39710
2 4057 32644
7250 4058 -9
3426 4058 1
39 4058 170
21 4058 39710
3 4058 32644
7412 4059 -9
3700 4059 1
40 4059 170
22 4059 39710
4 4059 32644
7574 4060 -9
3974 4060 1
41 4060 170
23 4060 39710
5 4060 32644
8128 4061 -9
4864 4061 1
44 4061 170
26 4061 39710
8 4061 32644
6790 4062 -9
2639 4062 1
36 4062 1939140
18 4062 581911
0 4062 108798
7091 4063 -9
3156 4063 1
38 4063 1939140
20 4063 581911
2 4063 108798
6791 4064 -9
2640 4064 1
18 4064 157744
6937 4065 -9
2893 4065 1
19 4065 157744
7092 4066 -9
3157 4066 1
20 4066 157744
7252 4067 -9
3428 4067 1
21 4067 157744
7414 4068 -9
3702 4068 1
22 4068 157744
7576 4069 -9
3976 4069 1
23 4069 157744
7760 4070 -9
4272 4070 1
24 4070 157744
7945 4071 -9
4569 4071 1
25 4071 157744
8130 4072 -9
4866 4072 1
26 4072 157744
6792 4073 -9
2641 4073 1
36 4073 320
18 4073 74606
0 4073 61330
6938 4074 -9
2894 4074 1
37 4074 320
19 4074 74606
1 4074 61330
7093 4075 -9
3158 4075 1
38 4075 320
20 4075 74606
2 4075 61330
7253 4076 -9
3429 4076 1
39 4076 320
21 4076 74606
3 4076 61330
7415 4077 -9
3703 4077 1
40 4077 320
22 4077 74606
4 4077 61330
7577 4078 -9
3977 4078 1
41 4078 320
23 4078 74606
5 4078 61330
7761 4079 -9
4273 4079 1
42 4079 320
24 4079 74606
6 4079 61330
7946 4080 -9
4570 4080 1
43 4080 320
25 4080 74606
7 4080 61330
8131 4081 -9
4867 4081 1
44 4081 320
26 4081 74606
8 4081 61330
6939 4082 -9
2895 4082 1
7094 4083 -9
3159 4083 1
7254 4084 -9
3430 4084 1
7416 4085 -9
3704 4085 1
7578 4086 -9
3978 4086 1
7762 4087 -9
4274 4087 1
7947 4088 -9
4571 4088 1
8132 4089 -9
4868 4089 1
3160 4090 1
883 4090 1
882 4090 -50
3705 4091 1
1429 4091 1
1428 4091 -50
3979 4092 1
1702 4092 1
1701 4092 -50
4275 4093 1
1975 4093 1
1974 4093 -50
4572 4094 1
2248 4094 1
2247 4094 -50
4869 4095 1
2521 4095 1
2520 4095 -50
2644 4096 1
294 4096 1
293 4096 -1
2897 4097 1
567 4097 1
566 4097 -1
3161 4098 1
840 4098 1
839 4098 -1
3432 4099 1
1113 4099 1
1112 4099 -1
3706 4100 1
1386 4100 1
1385 4100 -1
3980 4101 1
1659 4101 1
1658 4101 -1
4276 4102 1
1932 4102 1
1931 4102 -1
4573 4103 1
2205 4103 1
2204 4103 -1
4870 4104 1
2478 4104 1
2477 4104 -1
9650 4105 3942
2645 4105 1
316 4105 -239
0 4105 7537100
9651 4106 3942
2898 4106 1
589 4106 -239
1 4106 7537100
9652 4107 3942
3162 4107 1
862 4107 -239
2 4107 7537100
9653 4108 3942
3433 4108 1
1135 4108 -239
3 4108 7537100
9654 4109 3942
3707 4109 1
1408 4109 -239
4 4109 7537100
9655 4110 3942
3981 4110 1
1681 4110 -239
5 4110 7537100
9656 4111 3942
4277 4111 1
1954 4111 -239
6 4111 7537100
9657 4112 3942
4574 4112 1
2227 4112 -239
7 4112 7537100
9658 4113 3942
4871 4113 1
2500 4113 -239
8 4113 7537100
9659 4114 3942
2646 4114 1
317 4114 -239
0 4114 7537100
9660 4115 3942
2899 4115 1
590 4115 -239
1 4115 7537100
9661 4116 3942
3163 4116 1
863 4116 -239
2 4116 7537100
9662 4117 3942
3434 4117 1
1136 4117 -239
3 4117 7537100
9663 4118 3942
3708 4118 1
1409 4118 -239
4 4118 7537100
9664 4119 3942
3982 4119 1
1682 4119 -239
5 4119 7537100
9665 4120 3942
4278 4120 1
1955 4120 -239
6 4120 7537100
9666 4121 3942
4575 4121 1
2228 4121 -239
7 4121 7537100
9667 4122 3942
4872 4122 1
2501 4122 -239
8 4122 7537100
9668 4123 3942
2647 4123 1
318 4123 -239
0 4123 7537100
9669 4124 3942
2900 4124 1
591 4124 -239
1 4124 7537100
9670 4125 3942
3164 4125 1
864 4125 -239
2 4125 7537100
9671 4126 3942
3435 4126 1
1137 4126 -239
3 4126 7537100
9672 4127 3942
3709 4127 1
1410 4127 -239
4 4127 7537100
9673 4128 3942
3983 4128 1
1683 4128 -239
5 4128 7537100
9674 4129 3942
4279 4129 1
1956 4129 -239
6 4129 7537100
9675 4130 3942
4576 4130 1
2229 4130 -239
7 4130 7537100
9676 4131 3942
4873 4131 1
2502 4131 -239
8 4131 7537100
9677 4132 3942
2648 4132 1
319 4132 -239
0 4132 7537100
9678 4133 3942
2901 4133 1
592 4133 -239
1 4133 7537100
9679 4134 3942
3165 4134 1
865 4134 -239
2 4134 7537100
9680 4135 3942
3436 4135 1
1138 4135 -239
3 4135 7537100
9681 4136 3942
3710 4136 1
1411 4136 -239
4 4136 7537100
9682 4137 3942
3984 4137 1
1684 4137 -239
5 4137 7537100
9683 4138 3942
4280 4138 1
1957 4138 -239
6 4138 7537100
9684 4139 3942
4577 4139 1
2230 4139 -239
7 4139 7537100
9685 4140 3942
4874 4140 1
2503 4140 -239
8 4140 7537100
9731 4141 -400
2649 4141 1
315 4141 -400
0 4141 1000000
9732 4142 -400
2902 4142 1
588 4142 -400
1 4142 1000000
9733 4143 -400
3166 4143 1
861 4143 -400
2 4143 1000000
9734 4144 -400
3437 4144 1
1134 4144 -400
3 4144 1000000
9735 4145 -400
3711 4145 1
1407 4145 -400
4 4145 1000000
9736 4146 -400
3985 4146 1
1680 4146 -400
5 4146 1000000
9737 4147 -400
4281 4147 1
1953 4147 -400
6 4147 1000000
9738 4148 -400
4578 4148 1
2226 4148 -400
7 4148 1000000
9739 4149 -400
4875 4149 1
2499 4149 -400
8 4149 1000000
9695 4150 3942
2650 4150 1
320 4150 -611
18 4150 19268500
9696 4151 3942
2903 4151 1
593 4151 -611
19 4151 19268500
9704 4152 3942
2651 4152 1
321 4152 -611
18 4152 19268500
9705 4153 3942
2904 4153 1
594 4153 -611
19 4153 19268500
9713 4154 3942
2652 4154 1
322 4154 -403
18 4154 12709000
9714 4155 3942
2905 4155 1
595 4155 -403
19 4155 12709000
9715 4156 3942
3169 4156 1
868 4156 -403
20 4156 12709000
9716 4157 3942
3440 4157 1
1141 4157 -403
21 4157 12709000
9717 4158 3942
3714 4158 1
1414 4158 -403
22 4158 12709000
9718 4159 3942
3988 4159 1
1687 4159 -403
23 4159 12709000
9719 4160 3942
4284 4160 1
1960 4160 -403
24 4160 12709000
9720 4161 3942
4581 4161 1
2233 4161 -403
25 4161 12709000
9721 4162 3942
4878 4162 1
2506 4162 -403
26 4162 12709000
9722 4163 3942
2653 4163 1
323 4163 -611
18 4163 19268500
9758 4164 3942
2654 4164 1
327 4164 -1111
36 4164 140146000
6794 4165 -25623
2658 4165 1
6940 4166 -25623
2911 4166 1
7095 4167 -25623
3175 4167 1
7255 4168 -25623
3446 4168 1
7417 4169 -25623
3720 4169 1
7579 4170 -25623
3994 4170 1
7763 4171 -25623
4290 4171 1
7948 4172 -25623
4587 4172 1
8133 4173 -25623
4884 4173 1
6795 4174 -227059
2659 4174 1
6941 4175 -227059
2912 4175 1
7096 4176 -227059
3176 4176 1
7256 4177 -227059
3447 4177 1
7418 4178 -227059
3721 4178 1
7580 4179 -227059
3995 4179 1
7764 4180 -227059
4291 4180 1
7949 4181 -227059
4588 4181 1
8134 4182 -227059
4885 4182 1
6796 4183 -245981
2660 4183 1
6942 4184 -245981
2913 4184 1
7097 4185 -245981
3177 4185 1
7257 4186 -245981
3448 4186 1
7419 4187 -245981
3722 4187 1
7581 4188 -245981
3996 4188 1
7765 4189 -245981
4292 4189 1
7950 4190 -245981
4589 4190 1
8135 4191 -245981
4886 4191 1
6797 4192 -132451
2661 4192 1
6943 4193 -132451
2914 4193 1
7098 4194 -132451
3178 4194 1
7258 4195 -132451
3449 4195 1
7420 4196 -132451
3723 4196 1
7582 4197 -132451
3997 4197 1
7766 4198 -132451
4293 4198 1
7951 4199 -132451
4590 4199 1
8136 4200 -132451
4887 4200 1
7099 4201 -25623
3179 4201 1
7259 4202 -25623
3450 4202 1
7421 4203 -25623
3724 4203 1
7583 4204 -25623
3998 4204 1
7767 4205 -25623
4294 4205 1
7952 4206 -25623
4591 4206 1
8137 4207 -25623
4888 4207 1
6945 4208 -227059
2916 4208 1
7100 4209 -227059
3180 4209 1
7260 4210 -227059
3451 4210 1
7422 4211 -227059
3725 4211 1
7584 4212 -227059
3999 4212 1
7768 4213 -227059
4295 4213 1
7953 4214 -227059
4592 4214 1
8138 4215 -227059
4889 4215 1
6946 4216 -132451
2917 4216 1
7101 4217 -132451
3181 4217 1
7261 4218 -132451
3452 4218 1
7423 4219 -132451
3726 4219 1
7585 4220 -132451
4000 4220 1
7769 4221 -132451
4296 4221 1
7954 4222 -132451
4593 4222 1
8139 4223 -132451
4890 4223 1
2918 4224 1
476 4224 1000000
465 4224 -100000
37 4224 454111
19 4224 157744
1 4224 78000
3182 4225 1
749 4225 1000000
738 4225 -100000
38 4225 454111
20 4225 157744
2 4225 78000
3453 4226 1
1022 4226 1000000
1011 4226 -100000
39 4226 454111
21 4226 157744
3 4226 78000
3727 4227 1
1295 4227 1000000
1284 4227 -100000
40 4227 454111
22 4227 157744
4 4227 78000
4001 4228 1
1568 4228 1000000
1557 4228 -100000
41 4228 454111
23 4228 157744
5 4228 78000
4297 4229 1
1841 4229 1000000
1830 4229 -100000
42 4229 454111
24 4229 157744
6 4229 78000
4594 4230 1
2114 4230 1000000
2103 4230 -100000
43 4230 454111
25 4230 157744
7 4230 78000
4891 4231 1
2387 4231 1000000
2376 4231 -100000
44 4231 454111
26 4231 157744
8 4231 78000
2919 4232 1
476 4232 1000000
466 4232 -100000
37 4232 681166
19 4232 157744
1 4232 78000
3183 4233 1
749 4233 1000000
739 4233 -100000
38 4233 681166
20 4233 157744
2 4233 78000
3454 4234 1
1022 4234 1000000
1012 4234 -100000
39 4234 681166
21 4234 157744
3 4234 78000
4002 4235 1
1568 4235 1000000
1558 4235 -100000
41 4235 681166
23 4235 157744
5 4235 78000
4892 4236 1
2387 4236 1000000
2377 4236 -100000
44 4236 681166
26 4236 157744
8 4236 78000
2667 4237 1
203 4237 1000000
194 4237 -100000
36 4237 908222
18 4237 157744
0 4237 78000
2920 4238 1
476 4238 1000000
467 4238 -100000
37 4238 908222
19 4238 157744
1 4238 78000
3184 4239 1
749 4239 1000000
740 4239 -100000
38 4239 908222
20 4239 157744
2 4239 78000
3455 4240 1
1022 4240 1000000
1013 4240 -100000
39 4240 908222
21 4240 157744
3 4240 78000
4893 4241 1
2387 4241 1000000
2378 4241 -100000
44 4241 908222
26 4241 157744
8 4241 78000
2668 4242 1
203 4242 1000000
195 4242 -100000
36 4242 1135280
18 4242 157744
0 4242 78000
2921 4243 1
476 4243 1000000
468 4243 -100000
37 4243 1135280
19 4243 157744
1 4243 78000
3185 4244 1
749 4244 1000000
741 4244 -100000
38 4244 1135280
20 4244 157744
2 4244 78000
3730 4245 1
1295 4245 1000000
1287 4245 -100000
40 4245 1135280
22 4245 157744
4 4245 78000
6801 4246 -1
2669 4246 1
6947 4247 -1
2922 4247 1
7102 4248 -1
3186 4248 1
7262 4249 -1
3457 4249 1
7424 4250 -1
3731 4250 1
7586 4251 -1
4005 4251 1
7770 4252 -1
4301 4252 1
7955 4253 -1
4598 4253 1
8140 4254 -1
4895 4254 1
6802 4255 -19
2670 4255 1
6948 4256 -19
2923 4256 1
7103 4257 -19
3187 4257 1
7263 4258 -19
3458 4258 1
7425 4259 -19
3732 4259 1
7587 4260 -19
4006 4260 1
7771 4261 -19
4302 4261 1
7956 4262 -19
4599 4262 1
8141 4263 -19
4896 4263 1
3459 4264 1
1024 4264 200
1011 4264 -100000
39 4264 454111
21 4264 157744
3 4264 78000
3733 4265 1
1297 4265 200
1284 4265 -100000
40 4265 454111
22 4265 157744
4 4265 78000
4007 4266 1
1570 4266 200
1557 4266 -100000
41 4266 454111
23 4266 157744
5 4266 78000
4303 4267 1
1843 4267 200
1830 4267 -100000
42 4267 454111
24 4267 157744
6 4267 78000
4600 4268 1
2116 4268 200
2103 4268 -100000
43 4268 454111
25 4268 157744
7 4268 78000
4897 4269 1
2389 4269 200
2376 4269 -100000
44 4269 454111
26 4269 157744
8 4269 78000
4304 4270 1
1843 4270 200
1831 4270 -100000
42 4270 681166
24 4270 157744
6 4270 78000
3190 4271 1
751 4271 200
740 4271 -100000
38 4271 908222
20 4271 157744
2 4271 78000
3735 4272 1
1297 4272 200
1286 4272 -50000
40 4272 908222
22 4272 157744
4 4272 78000
2674 4273 1
205 4273 200
195 4273 -100000
36 4273 1135280
18 4273 157744
0 4273 78000
2927 4274 1
478 4274 200
468 4274 -100000
37 4274 1135280
19 4274 157744
1 4274 78000
2675 4275 1
331 4275 -1
292 4275 100
2928 4276 1
604 4276 -1
565 4276 100
3192 4277 1
877 4277 -1
838 4277 10
3463 4278 1
1150 4278 -1
1111 4278 10
3737 4279 1
1423 4279 -1
1384 4279 10
4011 4280 1
1696 4280 -1
1657 4280 10
4307 4281 1
1969 4281 -1
1930 4281 10
4604 4282 1
2242 4282 -1
2203 4282 10
4901 4283 1
2515 4283 -1
2476 4283 10
2677 4284 1
296 4284 -260
292 4284 100
2930 4285 1
569 4285 -1300
565 4285 100
3194 4286 1
842 4286 -1300
838 4286 10
3465 4287 1
1115 4287 -650
1111 4287 10
3739 4288 1
1388 4288 -130
1384 4288 10
4013 4289 1
1661 4289 -130
1657 4289 10
4309 4290 1
1934 4290 -130
1930 4290 10
4606 4291 1
2207 4291 -130
2203 4291 10
4903 4292 1
2480 4292 -130
2476 4292 10
3466 4293 1
1095 4293 500
1061 4293 -1
1011 4293 -124000
39 4293 563097
21 4293 195602
3 4293 96720
4607 4294 1
2187 4294 500
2153 4294 -1
2103 4294 -124000
43 4294 563097
25 4294 195602
7 4294 96720
3197 4295 1
822 4295 500
788 4295 -1
740 4295 -124000
38 4295 1126190
20 4295 195602
2 4295 96720
4016 4296 1
1641 4296 500
1607 4296 -1
1559 4296 -124000
41 4296 1126190
23 4296 195602
5 4296 96720
4609 4297 1
2187 4297 500
2153 4297 -1
2105 4297 -124000
43 4297 1126190
25 4297 195602
7 4297 96720
2681 4298 1
276 4298 5000
242 4298 -1
195 4298 -124000
36 4298 1407740
18 4298 195602
0 4298 96720
2934 4299 1
549 4299 5000
515 4299 -1
468 4299 -124000
37 4299 1407740
19 4299 195602
1 4299 96720
8298 4300 -1701000
8297 4300 -1701000
8246 4300 -212625
8245 4300 -354488
8248 4300 -212625
8247 4300 -354318
8244 4300 -212625
8243 4300 -354318
2682 4300 1
305 4300 45
296 4300 9
292 4300 -99
276 4300 -4761
8300 4301 -1701000
8299 4301 -1701000
8252 4301 -212625
8251 4301 -354488
8254 4301 -212625
8253 4301 -354318
8250 4301 -212625
8249 4301 -354318
2935 4301 1
578 4301 225
569 4301 45
565 4301 -99
549 4301 -4761
7104 4302 -9
3200 4302 1
7264 4303 -9
3471 4303 1
7426 4304 -9
3745 4304 1
7588 4305 -9
4019 4305 1
7772 4306 -9
4315 4306 1
7957 4307 -9
4612 4307 1
8142 4308 -9
4909 4308 1
6803 4309 -9
2683 4309 1
6949 4310 -9
2936 4310 1
7105 4311 -9
3201 4311 1
7265 4312 -9
3472 4312 1
7427 4313 -9
3746 4313 1
7589 4314 -9
4020 4314 1
7773 4315 -9
4316 4315 1
7958 4316 -9
4613 4316 1
8143 4317 -9
4910 4317 1
7590 4318 -9
4021 4318 1
7774 4319 -9
4317 4319 1
7959 4320 -9
4614 4320 1
8144 4321 -9
4911 4321 1
10182 4322 1
10183 4322 -1
3473 4322 1
1124 4322 -459
1123 4322 45
1115 4322 9
947 4322 -29808
10180 4323 -1
6804 4323 -9
2685 4323 1
10180 4324 1
10181 4324 -1
6950 4324 -9
2938 4324 1
10181 4325 1
10182 4325 -1
7106 4325 -9
3203 4325 1
10182 4326 1
10183 4326 -1
7266 4326 -9
3474 4326 1
10184 4327 1
10185 4327 -1
7591 4327 -9
4023 4327 1
6951 4328 -9
2939 4328 1
7107 4329 -9
3204 4329 1
7267 4330 -9
3475 4330 1
7592 4331 -9
4024 4331 1
7593 4332 -9
4025 4332 1
8300 4333 -48600
8299 4333 -48600
8252 4333 -6075
8251 4333 -10128
8254 4333 -6075
8253 4333 -10123
8250 4333 -6075
8249 4333 -10123
2940 4333 1
578 4333 -234
576 4333 90
569 4333 36
401 4333 -9684
10204 4334 -1
8302 4334 -48600
8301 4334 -48600
8258 4334 -6075
8257 4334 -10128
8260 4334 -6075
8259 4334 -10123
8256 4334 -6075
8255 4334 -10123
3205 4334 1
851 4334 -117
849 4334 900
842 4334 36
674 4334 -9684
10204 4335 1
10205 4335 -1
7268 4335 -9
3477 4335 1
10205 4336 1
10206 4336 -1
7430 4336 -9
3751 4336 1
10206 4337 1
10207 4337 -1
7594 4337 -9
4027 4337 1
10207 4338 1
10208 4338 -1
7778 4338 -9
4323 4338 1
10208 4339 1
10209 4339 -1
7963 4339 -9
4620 4339 1
10209 4340 1
8148 4340 -9
4917 4340 1
6806 4341 -9
2688 4341 1
6952 4342 -9
2941 4342 1
7108 4343 -9
3206 4343 1
7269 4344 -9
3478 4344 1
7431 4345 -9
3752 4345 1
7595 4346 -9
4028 4346 1
7964 4347 -9
4621 4347 1
7965 4348 -9
4622 4348 1
8150 4349 -9
4919 4349 1
10188 4350 1
10189 4350 -1
8300 4350 -90900
8299 4350 -90900
8252 4350 -11363
8251 4350 -18944
8254 4350 -11363
8253 4350 -18934
8250 4350 -11363
8249 4350 -18934
2942 4350 1
577 4350 -261
576 4350 90
569 4350 144
10189 4351 1
10190 4351 -1
8302 4351 -90900
8301 4351 -90900
8258 4351 -11363
8257 4351 -18944
8260 4351 -11363
8259 4351 -18934
8256 4351 -11363
8255 4351 -18934
3207 4351 1
850 4351 -261
849 4351 900
842 4351 144
10188 4352 1
10189 4352 -1
6953 4352 -9
2943 4352 1
10194 4353 1
10195 4353 -1
7966 4353 -9
4624 4353 1
6808 4354 -9
2691 4354 1
7110 4355 -9
3209 4355 1
7271 4356 -9
3481 4356 1
7433 4357 -9
3755 4357 1
7597 4358 -9
4031 4358 1
7782 4359 -9
4328 4359 1
7967 4360 -9
4625 4360 1
7598 4361 -9
4032 4361 1
7783 4362 -9
4329 4362 1
7968 4363 -9
4626 4363 1
10196 4364 -1
6809 4364 -9
2693 4364 1
10196 4365 1
10197 4365 -1
6955 4365 -9
2946 4365 1
10197 4366 1
10198 4366 -1
7111 4366 -9
3211 4366 1
10198 4367 1
10199 4367 -1
7272 4367 -9
3483 4367 1
10199 4368 1
10200 4368 -1
7434 4368 -9
3757 4368 1
10200 4369 1
10201 4369 -1
7599 4369 -9
4034 4369 1
10201 4370 1
10202 4370 -1
7784 4370 -9
4331 4370 1
10202 4371 1
10203 4371 -1
7969 4371 -9
4628 4371 1
10203 4372 1
8154 4372 -9
4925 4372 1
6810 4373 -9
2694 4373 1
6956 4374 -9
2947 4374 1
7112 4375 -9
3212 4375 1
7273 4376 -9
3484 4376 1
7435 4377 -9
3758 4377 1
7600 4378 -9
4035 4378 1
7785 4379 -9
4332 4379 1
7970 4380 -9
4629 4380 1
8155 4381 -9
4926 4381 1
7601 4382 -9
4036 4382 1
7786 4383 -9
4333 4383 1
7971 4384 -9
4630 4384 1
8156 4385 -9
4927 4385 1
9822 4386 1
9823 4386 -1
8302 4386 -388800
8301 4386 -388800
8258 4386 -48600
8257 4386 -81026
8260 4386 -48600
8259 4386 -80987
8256 4386 -48600
8255 4386 -80987
3213 4386 1
849 4386 -1017
847 4386 9
842 4386 117
822 4386 -522
9821 4387 -1
6811 4387 -9
2696 4387 1
9821 4388 1
9822 4388 -1
6957 4388 -9
2949 4388 1
9822 4389 1
9823 4389 -1
7113 4389 -9
3214 4389 1
9823 4390 1
9824 4390 -1
7274 4390 -9
3486 4390 1
9824 4391 1
9825 4391 -1
7436 4391 -9
3760 4391 1
9825 4392 1
9826 4392 -1
7602 4392 -9
4038 4392 1
9826 4393 1
9827 4393 -1
7787 4393 -9
4335 4393 1
9827 4394 1
9828 4394 -1
7972 4394 -9
4632 4394 1
9828 4395 1
8157 4395 -9
4929 4395 1
6958 4396 -9
2950 4396 1
7114 4397 -9
3215 4397 1
7275 4398 -9
3487 4398 1
7437 4399 -9
3761 4399 1
7603 4400 -9
4039 4400 1
7788 4401 -9
4336 4401 1
7973 4402 -9
4633 4402 1
8158 4403 -9
4930 4403 1
7604 4404 -9
4040 4404 1
7789 4405 -9
4337 4405 1
7974 4406 -9
4634 4406 1
8159 4407 -9
4931 4407 1
7115 4408 -9
3216 4408 1
38 4408 1939140
20 4408 581911
2 4408 108798
6814 4409 -9
2699 4409 1
6960 4410 -9
2952 4410 1
7116 4411 -9
3217 4411 1
7277 4412 -9
3489 4412 1
7439 4413 -9
3763 4413 1
7606 4414 -9
4042 4414 1
7791 4415 -9
4339 4415 1
7976 4416 -9
4636 4416 1
8161 4417 -9
4933 4417 1
6815 4418 -9
2700 4418 1
36 4418 320
18 4418 74606
0 4418 61330
6961 4419 -9
2953 4419 1
37 4419 320
19 4419 74606
1 4419 61330
7117 4420 -9
3218 4420 1
38 4420 320
20 4420 74606
2 4420 61330
7278 4421 -9
3490 4421 1
39 4421 320
21 4421 74606
3 4421 61330
7440 4422 -9
3764 4422 1
40 4422 320
22 4422 74606
4 4422 61330
7607 4423 -9
4043 4423 1
41 4423 320
23 4423 74606
5 4423 61330
7792 4424 -9
4340 4424 1
42 4424 320
24 4424 74606
6 4424 61330
7977 4425 -9
4637 4425 1
43 4425 320
25 4425 74606
7 4425 61330
8162 4426 -9
4934 4426 1
44 4426 320
26 4426 74606
8 4426 61330
6816 4427 -9
2701 4427 1
6962 4428 -9
2954 4428 1
7118 4429 -9
3219 4429 1
7279 4430 -9
3491 4430 1
7441 4431 -9
3765 4431 1
7608 4432 -9
4044 4432 1
7793 4433 -9
4341 4433 1
7978 4434 -9
4638 4434 1
8163 4435 -9
4935 4435 1
2702 4436 1
337 4436 1
303 4436 -100
2955 4437 1
610 4437 1
576 4437 -100
3492 4438 1
1156 4438 1
1122 4438 -100
4045 4439 1
1702 4439 1
1668 4439 -100
2703 4440 1
301 4440 -1
294 4440 1
2956 4441 1
574 4441 -1
567 4441 1
3221 4442 1
847 4442 -10
840 4442 1
3493 4443 1
1120 4443 -1
1113 4443 1
3767 4444 1
1393 4444 -1
1386 4444 1
4046 4445 1
1666 4445 -1
1659 4445 1
4343 4446 1
1939 4446 -1
1932 4446 1
4640 4447 1
2212 4447 -1
2205 4447 1
4937 4448 1
2485 4448 -1
2478 4448 1
6817 4449 -19
2704 4449 1
6963 4450 -19
2957 4450 1
7119 4451 -19
3222 4451 1
7280 4452 -19
3494 4452 1
7442 4453 -19
3768 4453 1
7609 4454 -19
4047 4454 1
7794 4455 -19
4344 4455 1
7979 4456 -19
4641 4456 1
8164 4457 -19
4938 4457 1
6818 4458 -19
2705 4458 1
6964 4459 -19
2958 4459 1
7120 4460 -19
3223 4460 1
7281 4461 -19
3495 4461 1
7443 4462 -19
3769 4462 1
7610 4463 -19
4048 4463 1
7795 4464 -19
4345 4464 1
7980 4465 -19
4642 4465 1
8165 4466 -19
4939 4466 1
6819 4467 -19
2706 4467 1
6965 4468 -19
2959 4468 1
7282 4469 -19
3496 4469 1
7444 4470 -19
3770 4470 1
7611 4471 -19
4049 4471 1
7981 4472 -19
4643 4472 1
8166 4473 -19
4940 4473 1
6820 4474 -19
2707 4474 1
6966 4475 -19
2960 4475 1
7122 4476 -19
3225 4476 1
7283 4477 -19
3497 4477 1
7445 4478 -19
3771 4478 1
7612 4479 -19
4050 4479 1
7797 4480 -19
4347 4480 1
7982 4481 -19
4644 4481 1
8167 4482 -19
4941 4482 1
6821 4483 -19
2708 4483 1
6967 4484 -19
2961 4484 1
7123 4485 -19
3226 4485 1
7284 4486 -19
3498 4486 1
7446 4487 -19
3772 4487 1
7798 4488 -19
4348 4488 1
7983 4489 -19
4645 4489 1
8168 4490 -19
4942 4490 1
6822 4491 -19
2709 4491 1
6968 4492 -19
2962 4492 1
7124 4493 -19
3227 4493 1
7285 4494 -19
3499 4494 1
7447 4495 -19
3773 4495 1
7614 4496 -19
4052 4496 1
7799 4497 -19
4349 4497 1
7984 4498 -19
4646 4498 1
8169 4499 -19
4943 4499 1
6823 4500 -19
2710 4500 1
6969 4501 -19
2963 4501 1
7125 4502 -19
3228 4502 1
7286 4503 -19
3500 4503 1
7448 4504 -19
3774 4504 1
7615 4505 -19
4053 4505 1
7800 4506 -19
4350 4506 1
7985 4507 -19
4647 4507 1
8170 4508 -19
4944 4508 1
2711 4509 1
271 4509 -90459
269 4509 90000
2964 4510 1
544 4510 -90459
542 4510 90000
3229 4511 1
817 4511 -90459
815 4511 90000
3501 4512 1
1090 4512 -90459
1088 4512 90000
3775 4513 1
1363 4513 -90459
1361 4513 90000
4054 4514 1
1636 4514 -90459
1634 4514 90000
4351 4515 1
1909 4515 -90459
1907 4515 90000
4648 4516 1
2182 4516 -90459
2180 4516 90000
4945 4517 1
2455 4517 -90459
2453 4517 90000
120 4518 -73000
113 4518 365
393 4519 -73000
386 4519 365
666 4520 -73000
659 4520 365
939 4521 -73000
932 4521 365
1212 4522 -73000
1205 4522 365
1485 4523 -73000
1478 4523 365
1758 4524 -73000
1751 4524 365
2031 4525 -73000
2024 4525 365
2304 4526 -73000
2297 4526 365
175 4527 -365
144 4527 365
448 4528 -365
417 4528 365
721 4529 -365
690 4529 365
994 4530 -365
963 4530 365
1267 4531 -365
1236 4531 365
1540 4532 -365
1509 4532 365
1813 4533 -365
1782 4533 365
2086 4534 -365
2055 4534 365
2359 4535 -365
2328 4535 365
173 4536 -2920
144 4536 365
446 4537 -2920
417 4537 365
719 4538 -2920
690 4538 365
992 4539 -2920
963 4539 365
1265 4540 -2920
1236 4540 365
1538 4541 -2920
1509 4541 365
1811 4542 -2920
1782 4542 365
2084 4543 -2920
2055 4543 365
2357 4544 -2920
2328 4544 365
172 4545 -73000
143 4545 365
445 4546 -73000
416 4546 365
718 4547 -73000
689 4547 365
991 4548 -73000
962 4548 365
1264 4549 -73000
1235 4549 365
1537 4550 -73000
1508 4550 365
1810 4551 -73000
1781 4551 365
2083 4552 -73000
2054 4552 365
2356 4553 -73000
2327 4553 365
145 4554 73000
96 4554 -36500
418 4555 73000
369 4555 -36500
691 4556 73000
642 4556 -36500
964 4557 73000
915 4557 -36500
1237 4558 73000
1188 4558 -36500
1510 4559 73000
1461 4559 -36500
1783 4560 73000
1734 4560 -36500
2056 4561 73000
2007 4561 -36500
2329 4562 73000
2280 4562 -36500
165 4563 73000
97 4563 -36500
438 4564 73000
370 4564 -36500
711 4565 73000
643 4565 -36500
984 4566 73000
916 4566 -36500
1257 4567 73000
1189 4567 -36500
1530 4568 73000
1462 4568 -36500
1803 4569 73000
1735 4569 -36500
2076 4570 73000
2008 4570 -36500
2349 4571 73000
2281 4571 -36500
199 4572 73000
152 4572 -36500
200 4573 73000
153 4573 -365
235 4574 -9125
91 4574 36500
508 4575 -9125
364 4575 36500
781 4576 -9125
637 4576 36500
1054 4577 -9125
910 4577 36500
1327 4578 -9125
1183 4578 36500
1600 4579 -9125
1456 4579 36500
1873 4580 -9125
1729 4580 36500
2146 4581 -9125
2002 4581 36500
2419 4582 -9125
2275 4582 36500
238 4583 -1825
199 4583 -21900
198 4583 10217847
180 4583 -1825
178 4583 -21900
152 4583 -10950
511 4584 -1825
472 4584 -21900
471 4584 10217847
453 4584 -1825
451 4584 -21900
425 4584 -10950
784 4585 -1825
745 4585 -21900
744 4585 10217847
726 4585 -1825
724 4585 -21900
698 4585 -10950
1057 4586 -1825
1018 4586 -21900
1017 4586 10217847
999 4586 -1825
997 4586 -21900
971 4586 -10950
1330 4587 -1825
1291 4587 -21900
1290 4587 10217847
1272 4587 -1825
1270 4587 -21900
1244 4587 -10950
1603 4588 -1825
1564 4588 -21900
1563 4588 10217847
1545 4588 -1825
1543 4588 -21900
1517 4588 -10950
1876 4589 -1825
1837 4589 -21900
1836 4589 10217847
1818 4589 -1825
1816 4589 -21900
1790 4589 -10950
2149 4590 -1825
2110 4590 -21900
2109 4590 10217847
2091 4590 -1825
2089 4590 -21900
2063 4590 -10950
2422 4591 -1825
2383 4591 -21900
2382 4591 10217847
2364 4591 -1825
2362 4591 -21900
2336 4591 -10950
236 4592 20787663
199 4592 -21900
178 4592 -21900
162 4592 -7300
152 4592 -10950
509 4593 20787663
472 4593 -21900
451 4593 -21900
435 4593 -7300
425 4593 -10950
782 4594 20787663
745 4594 -21900
724 4594 -21900
708 4594 -7300
698 4594 -10950
1055 4595 20787663
1018 4595 -21900
997 4595 -21900
981 4595 -7300
971 4595 -10950
1328 4596 20787663
1291 4596 -21900
1270 4596 -21900
1254 4596 -7300
1244 4596 -10950
1601 4597 20787663
1564 4597 -21900
1543 4597 -21900
1527 4597 -7300
1517 4597 -10950
1874 4598 20787663
1837 4598 -21900
1816 4598 -21900
1800 4598 -7300
1790 4598 -10950
2147 4599 20787663
2110 4599 -21900
2089 4599 -21900
2073 4599 -7300
2063 4599 -10950
2420 4600 20787663
2383 4600 -21900
2362 4600 -21900
2346 4600 -7300
2336 4600 -10950
277 4601 -592030
162 4601 -730
152 4601 -365
145 4601 -2190
91 4601 -34675
90 4601 24421019
550 4602 -592030
435 4602 -730
425 4602 -365
418 4602 -2190
364 4602 -34675
363 4602 24421019
823 4603 -5920300
708 4603 -730
698 4603 -365
691 4603 -2190
637 4603 -34675
636 4603 24421019
1096 4604 -592030
981 4604 -730
971 4604 -365
964 4604 -2190
910 4604 -34675
909 4604 24421019
1369 4605 -592030
1254 4605 -730
1244 4605 -365
1237 4605 -2190
1183 4605 -34675
1182 4605 24421019
1642 4606 -592030
1527 4606 -730
1517 4606 -365
1510 4606 -2190
1456 4606 -34675
1455 4606 24421019
1915 4607 -592030
1800 4607 -730
1790 4607 -365
1783 4607 -2190
1729 4607 -34675
1728 4607 24421019
2188 4608 -592030
2073 4608 -730
2063 4608 -365
2056 4608 -2190
2002 4608 -34675
2001 4608 24421019
2461 4609 -592030
2346 4609 -730
2336 4609 -365
2329 4609 -2190
2275 4609 -34675
2274 4609 24421019
215 4610 735956800
94 4610 -36500000
488 4611 735956800
367 4611 -73000
761 4612 735956800
640 4612 -7300000
1034 4613 735956800
913 4613 -73000
1307 4614 735956800
1186 4614 -73000
1580 4615 735956800
1459 4615 -73000
1853 4616 735956800
1732 4616 -73000
2126 4617 735956800
2005 4617 -73000
2399 4618 735956800
2278 4618 -73000
6824 4619 -8614
2712 4619 1
6970 4620 -8614
2965 4620 1
7126 4621 -8614
3230 4621 1
7287 4622 -8614
3502 4622 1
7449 4623 -8614
3776 4623 1
7616 4624 -8614
4055 4624 1
7801 4625 -8614
4352 4625 1
7986 4626 -8614
4649 4626 1
8171 4627 -8614
4946 4627 1
8298 4628 -945350
8297 4628 -945350
8246 4628 -118169
8245 4628 -197011
8248 4628 -118169
8247 4628 -196916
8244 4628 -118169
8243 4628 -196916
277 4628 -1223850
274 4628 -4310650
239 4628 1971
238 4628 73
237 4628 5110
212 4628 730
204 4628 -365
201 4628 511
199 4628 7300
196 4628 1533
180 4628 584
178 4628 6789
161 4628 3723
155 4628 511
154 4628 657
152 4628 1752
124 4628 949
99 4628 -365
94 4628 474500
82 4628 25769
8300 4629 -945350
8299 4629 -945350
8252 4629 -118169
8251 4629 -197011
8254 4629 -118169
8253 4629 -196916
8250 4629 -118169
8249 4629 -196916
550 4629 -1223850
547 4629 -4310650
512 4629 1971
511 4629 73
510 4629 5110
485 4629 730
477 4629 -365
474 4629 511
472 4629 7300
469 4629 1533
453 4629 584
451 4629 6789
434 4629 3723
428 4629 511
427 4629 657
425 4629 1752
397 4629 949
372 4629 -365
367 4629 949
355 4629 25769
8302 4630 -945350
8301 4630 -945350
8258 4630 -118169
8257 4630 -197011
8260 4630 -118169
8259 4630 -196916
8256 4630 -118169
8255 4630 -196916
823 4630 -12238500
820 4630 -4310650
785 4630 1971
784 4630 73
783 4630 127750
758 4630 2920
750 4630 -365
747 4630 511
745 4630 7300
742 4630 76650
726 4630 584
724 4630 6789
707 4630 3723
701 4630 511
700 4630 657
698 4630 1752
670 4630 949
645 4630 -365
640 4630 94900
628 4630 25769
8304 4631 -945350
8303 4631 -945350
8264 4631 -118169
8263 4631 -197011
8266 4631 -118169
8265 4631 -196916
8262 4631 -118169
8261 4631 -196916
1096 4631 -1223850
1093 4631 -4310650
1058 4631 1971
1057 4631 73
1056 4631 5110
1031 4631 730
1023 4631 -365
1020 4631 511
1018 4631 7300
1015 4631 1533
999 4631 584
997 4631 6789
980 4631 3723
974 4631 511
973 4631 657
971 4631 1752
943 4631 949
918 4631 -365
913 4631 949
901 4631 25769
8306 4632 -945350
8305 4632 -945350
8270 4632 -118169
8269 4632 -197011
8272 4632 -118169
8271 4632 -196916
8268 4632 -118169
8267 4632 -196916
1369 4632 -1223850
1366 4632 -4310650
1331 4632 1971
1330 4632 73
1329 4632 5110
1304 4632 730
1296 4632 -365
1293 4632 511
1291 4632 7300
1288 4632 1533
1272 4632 584
1270 4632 6789
1253 4632 3723
1247 4632 511
1246 4632 657
1244 4632 1752
1216 4632 949
1191 4632 -365
1186 4632 949
1174 4632 25769
8308 4633 -945350
8307 4633 -945350
8276 4633 -118169
8275 4633 -197011
8278 4633 -118169
8277 4633 -196916
8274 4633 -118169
8273 4633 -196916
1642 4633 -1223850
1639 4633 -4310650
1604 4633 1971
1603 4633 73
1602 4633 5110
1577 4633 730
1569 4633 -365
1566 4633 511
1564 4633 7300
1561 4633 1533
1545 4633 584
1543 4633 6789
1526 4633 3723
1520 4633 511
1519 4633 657
1517 4633 1752
1489 4633 949
1464 4633 -365
1459 4633 949
1447 4633 25769
8310 4634 -945350
8309 4634 -945350
8282 4634 -118169
8281 4634 -197011
8284 4634 -118169
8283 4634 -196916
8280 4634 -118169
8279 4634 -196916
1915 4634 -1223850
1912 4634 -4310650
1877 4634 1971
1876 4634 73
1875 4634 5110
1850 4634 730
1842 4634 -365
1839 4634 511
1837 4634 7300
1834 4634 1533
1818 4634 584
1816 4634 6789
1799 4634 3723
1793 4634 511
1792 4634 657
1790 4634 1752
1762 4634 949
1737 4634 -365
1732 4634 949
1720 4634 25769
8312 4635 -945350
8311 4635 -945350
8288 4635 -118169
8287 4635 -197011
8290 4635 -118169
8289 4635 -196916
8286 4635 -118169
8285 4635 -196916
2188 4635 -1223850
2185 4635 -4310650
2150 4635 1971
2149 4635 73
2148 4635 5110
2123 4635 730
2115 4635 -365
2112 4635 511
2110 4635 7300
2107 4635 1533
2091 4635 584
2089 4635 6789
2072 4635 3723
2066 4635 511
2065 4635 657
2063 4635 1752
2035 4635 949
2010 4635 -365
2005 4635 949
1993 4635 25769
8314 4636 -945350
8313 4636 -945350
8294 4636 -118169
8293 4636 -197011
8296 4636 -118169
8295 4636 -196916
8292 4636 -118169
8291 4636 -196916
2461 4636 -1223850
2458 4636 -4310650
2423 4636 1971
2422 4636 73
2421 4636 5110
2396 4636 730
2388 4636 -365
2385 4636 511
2383 4636 7300
2380 4636 1533
2364 4636 584
2362 4636 6789
2345 4636 3723
2339 4636 511
2338 4636 657
2336 4636 1752
2308 4636 949
2283 4636 -365
2278 4636 949
2266 4636 25769
8298 4637 -945350
8297 4637 -945350
8246 4637 -118169
8245 4637 -197011
8248 4637 -118169
8247 4637 -196916
8244 4637 -118169
8243 4637 -196916
277 4637 -1223850
274 4637 -4310650
246 4637 -365
238 4637 657
237 4637 949
212 4637 730
204 4637 -365
201 4637 657
199 4637 3212
196 4637 438
180 4637 730
178 4637 1533
162 4637 1241
160 4637 1533
155 4637 219
152 4637 1168
125 4637 2117
120 4637 4307
94 4637 146000
83 4637 4453
8300 4638 -945350
8299 4638 -945350
8252 4638 -118169
8251 4638 -197011
8254 4638 -118169
8253 4638 -196916
8250 4638 -118169
8249 4638 -196916
550 4638 -1223850
547 4638 -4310650
519 4638 -365
511 4638 657
510 4638 949
485 4638 730
477 4638 -365
474 4638 657
472 4638 3212
469 4638 438
453 4638 730
451 4638 1533
435 4638 1241
433 4638 1533
428 4638 219
425 4638 1168
398 4638 2117
393 4638 4307
367 4638 292
356 4638 4453
8302 4639 -945350
8301 4639 -945350
8258 4639 -118169
8257 4639 -197011
8260 4639 -118169
8259 4639 -196916
8256 4639 -118169
8255 4639 -196916
823 4639 -12238500
820 4639 -4310650
792 4639 -365
784 4639 657
783 4639 23725
758 4639 2920
750 4639 -365
747 4639 657
745 4639 3212
742 4639 21900
726 4639 730
724 4639 1533
708 4639 1241
706 4639 1533
701 4639 219
698 4639 1168
671 4639 2117
666 4639 4307
640 4639 29200
629 4639 4453
8304 4640 -945350
8303 4640 -945350
8264 4640 -118169
8263 4640 -197011
8266 4640 -118169
8265 4640 -196916
8262 4640 -118169
8261 4640 -196916
1096 4640 -1223850
1093 4640 -4310650
1065 4640 -365
1057 4640 657
1056 4640 949
1031 4640 730
1023 4640 -365
1020 4640 657
1018 4640 3212
1015 4640 438
999 4640 730
997 4640 1533
981 4640 1241
979 4640 1533
974 4640 219
971 4640 1168
944 4640 2117
939 4640 4307
913 4640 292
902 4640 4453
8306 4641 -945350
8305 4641 -945350
8270 4641 -118169
8269 4641 -197011
8272 4641 -118169
8271 4641 -196916
8268 4641 -118169
8267 4641 -196916
1369 4641 -1223850
1366 4641 -4310650
1338 4641 -365
1330 4641 657
1329 4641 949
1304 4641 730
1296 4641 -365
1293 4641 657
1291 4641 3212
1288 4641 438
1272 4641 730
1270 4641 1533
1254 4641 1241
1252 4641 1533
1247 4641 219
1244 4641 1168
1217 4641 2117
1212 4641 4307
1186 4641 292
1175 4641 4453
8308 4642 -945350
8307 4642 -945350
8276 4642 -118169
8275 4642 -197011
8278 4642 -118169
8277 4642 -196916
8274 4642 -118169
8273 4642 -196916
1642 4642 -1223850
1639 4642 -4310650
1611 4642 -365
1603 4642 657
1602 4642 949
1577 4642 730
1569 4642 -365
1566 4642 657
1564 4642 3212
1561 4642 438
1545 4642 730
1543 4642 1533
1527 4642 1241
1525 4642 1533
1520 4642 219
1517 4642 1168
1490 4642 2117
1485 4642 4307
1459 4642 292
1448 4642 4453
8310 4643 -945350
8309 4643 -945350
8282 4643 -118169
8281 4643 -197011
8284 4643 -118169
8283 4643 -196916
8280 4643 -118169
8279 4643 -196916
1915 4643 -1223850
1912 4643 -4310650
1884 4643 -365
1876 4643 657
1875 4643 949
1850 4643 730
1842 4643 -365
1839 4643 657
1837 4643 3212
1834 4643 438
1818 4643 730
1816 4643 1533
1800 4643 1241
1798 4643 1533
1793 4643 219
1790 4643 1168
1763 4643 2117
1758 4643 4307
1732 4643 292
1721 4643 4453
8312 4644 -945350
8311 4644 -945350
8288 4644 -118169
8287 4644 -197011
8290 4644 -118169
8289 4644 -196916
8286 4644 -118169
8285 4644 -196916
2188 4644 -1223850
2185 4644 -4310650
2157 4644 -365
2149 4644 657
2148 4644 949
2123 4644 730
2115 4644 -365
2112 4644 657
2110 4644 3212
2107 4644 438
2091 4644 730
2089 4644 1533
2073 4644 1241
2071 4644 1533
2066 4644 219
2063 4644 1168
2036 4644 2117
2031 4644 4307
2005 4644 292
1994 4644 4453
8314 4645 -945350
8313 4645 -945350
8294 4645 -118169
8293 4645 -197011
8296 4645 -118169
8295 4645 -196916
8292 4645 -118169
8291 4645 -196916
2461 4645 -1223850
2458 4645 -4310650
2430 4645 -365
2422 4645 657
2421 4645 949
2396 4645 730
2388 4645 -365
2385 4645 657
2383 4645 3212
2380 4645 438
2364 4645 730
2362 4645 1533
2346 4645 1241
2344 4645 1533
2339 4645 219
2336 4645 1168
2309 4645 2117
2304 4645 4307
2278 4645 292
2267 4645 4453
6825 4646 -16863
2713 4646 1
6971 4647 -16863
2966 4647 1
7127 4648 -16863
3231 4648 1
7288 4649 -16863
3503 4649 1
7450 4650 -16863
3777 4650 1
7617 4651 -16863
4056 4651 1
7802 4652 -16863
4353 4652 1
7987 4653 -16863
4650 4653 1
8172 4654 -16863
4947 4654 1
8298 4655 -540200
8297 4655 -540200
8246 4655 -67525
8245 4655 -112578
8248 4655 -67525
8247 4655 -112524
8244 4655 -67525
8243 4655 -112524
277 4655 -1719150
274 4655 -3479910
233 4655 876
232 4655 511
174 4655 4161
173 4655 1241
147 4655 3285
146 4655 26499
82 4655 -73000
81 4655 -365
8300 4656 -540200
8299 4656 -540200
8252 4656 -67525
8251 4656 -112578
8254 4656 -67525
8253 4656 -112524
8250 4656 -67525
8249 4656 -112524
550 4656 -1719150
547 4656 -3479910
506 4656 876
505 4656 511
447 4656 4161
446 4656 1241
420 4656 3285
419 4656 26499
355 4656 -73000
354 4656 -365
8302 4657 -540200
8301 4657 -540200
8258 4657 -67525
8257 4657 -112578
8260 4657 -67525
8259 4657 -112524
8256 4657 -67525
8255 4657 -112524
823 4657 -17191500
820 4657 -3479910
779 4657 876
778 4657 511
720 4657 4161
719 4657 1241
693 4657 3285
692 4657 26499
628 4657 -73000
627 4657 -365
8304 4658 -540200
8303 4658 -540200
8264 4658 -67525
8263 4658 -112578
8266 4658 -67525
8265 4658 -112524
8262 4658 -67525
8261 4658 -112524
1096 4658 -1719150
1093 4658 -3479910
1052 4658 876
1051 4658 511
993 4658 4161
992 4658 1241
966 4658 3285
965 4658 26499
901 4658 -73000
900 4658 -365
8306 4659 -540200
8305 4659 -540200
8270 4659 -67525
8269 4659 -112578
8272 4659 -67525
8271 4659 -112524
8268 4659 -67525
8267 4659 -112524
1369 4659 -1719150
1366 4659 -3479910
1325 4659 876
1324 4659 511
1266 4659 4161
1265 4659 1241
1239 4659 3285
1238 4659 26499
1174 4659 -73000
1173 4659 -365
8308 4660 -540200
8307 4660 -540200
8276 4660 -67525
8275 4660 -112578
8278 4660 -67525
8277 4660 -112524
8274 4660 -67525
8273 4660 -112524
1642 4660 -1719150
1639 4660 -3479910
1598 4660 876
1597 4660 511
1539 4660 4161
1538 4660 1241
1512 4660 3285
1511 4660 26499
1447 4660 -73000
1446 4660 -365
8310 4661 -540200
8309 4661 -540200
8282 4661 -67525
8281 4661 -112578
8284 4661 -67525
8283 4661 -112524
8280 4661 -67525
8279 4661 -112524
1915 4661 -1719150
1912 4661 -3479910
1871 4661 876
1870 4661 511
1812 4661 4161
1811 4661 1241
1785 4661 3285
1784 4661 26499
1720 4661 -73000
1719 4661 -365
8312 4662 -540200
8311 4662 -540200
8288 4662 -67525
8287 4662 -112578
8290 4662 -67525
8289 4662 -112524
8286 4662 -67525
8285 4662 -112524
2188 4662 -1719150
2185 4662 -3479910
2144 4662 876
2143 4662 511
2085 4662 4161
2084 4662 1241
2058 4662 3285
2057 4662 26499
1993 4662 -73000
1992 4662 -365
8314 4663 -540200
8313 4663 -540200
8294 4663 -67525
8293 4663 -112578
8296 4663 -67525
8295 4663 -112524
8292 4663 -67525
8291 4663 -112524
2461 4663 -1719150
2458 4663 -3479910
2417 4663 876
2416 4663 511
2358 4663 4161
2357 4663 1241
2331 4663 3285
2330 4663 26499
2266 4663 -73000
2265 4663 -365
8298 4664 -540200
8297 4664 -540200
8246 4664 -67525
8245 4664 -112578
8248 4664 -67525
8247 4664 -112524
8244 4664 -67525
8243 4664 -112524
277 4664 -1719150
274 4664 -3479910
235 4664 4161
174 4664 8103
172 4664 10439
147 4664 9344
145 4664 8614
91 4664 1606
83 4664 -7300
81 4664 -365
8300 4665 -540200
8299 4665 -540200
8252 4665 -67525
8251 4665 -112578
8254 4665 -67525
8253 4665 -112524
8250 4665 -67525
8249 4665 -112524
550 4665 -1719150
547 4665 -3479910
508 4665 4161
447 4665 8103
445 4665 10439
420 4665 9344
418 4665 8614
364 4665 1606
356 4665 -7300
354 4665 -365
8302 4666 -540200
8301 4666 -540200
8258 4666 -67525
8257 4666 -112578
8260 4666 -67525
8259 4666 -112524
8256 4666 -67525
8255 4666 -112524
823 4666 -17191500
820 4666 -3479910
781 4666 4161
720 4666 8103
718 4666 10439
693 4666 9344
691 4666 8614
637 4666 1606
629 4666 -7300
627 4666 -365
8304 4667 -540200
8303 4667 -540200
8264 4667 -67525
8263 4667 -112578
8266 4667 -67525
8265 4667 -112524
8262 4667 -67525
8261 4667 -112524
1096 4667 -1719150
1093 4667 -3479910
1054 4667 4161
993 4667 8103
991 4667 10439
966 4667 9344
964 4667 8614
910 4667 1606
902 4667 -7300
900 4667 -365
8306 4668 -540200
8305 4668 -540200
8270 4668 -67525
8269 4668 -112578
8272 4668 -67525
8271 4668 -112524
8268 4668 -67525
8267 4668 -112524
1369 4668 -1719150
1366 4668 -3479910
1327 4668 4161
1266 4668 8103
1264 4668 10439
1239 4668 9344
1237 4668 8614
1183 4668 1606
1175 4668 -7300
1173 4668 -365
8308 4669 -540200
8307 4669 -540200
8276 4669 -67525
8275 4669 -112578
8278 4669 -67525
8277 4669 -112524
8274 4669 -67525
8273 4669 -112524
1642 4669 -1719150
1639 4669 -3479910
1600 4669 4161
1539 4669 8103
1537 4669 10439
1512 4669 9344
1510 4669 8614
1456 4669 1606
1448 4669 -7300
1446 4669 -365
8310 4670 -540200
8309 4670 -540200
8282 4670 -67525
8281 4670 -112578
8284 4670 -67525
8283 4670 -112524
8280 4670 -67525
8279 4670 -112524
1915 4670 -1719150
1912 4670 -3479910
1873 4670 4161
1812 4670 8103
1810 4670 10439
1785 4670 9344
1783 4670 8614
1729 4670 1606
1721 4670 -7300
1719 4670 -365
8312 4671 -540200
8311 4671 -540200
8288 4671 -67525
8287 4671 -112578
8290 4671 -67525
8289 4671 -112524
8286 4671 -67525
8285 4671 -112524
2188 4671 -1719150
2185 4671 -3479910
2146 4671 4161
2085 4671 8103
2083 4671 10439
2058 4671 9344
2056 4671 8614
2002 4671 1606
1994 4671 -7300
1992 4671 -365
8314 4672 -540200
8313 4672 -540200
8294 4672 -67525
8293 4672 -112578
8296 4672 -67525
8295 4672 -112524
8292 4672 -67525
8291 4672 -112524
2461 4672 -1719150
2458 4672 -3479910
2419 4672 4161
2358 4672 8103
2356 4672 10439
2331 4672 9344
2329 4672 8614
2275 4672 1606
2267 4672 -7300
2265 4672 -365
8298 4673 -540200
8297 4673 -540200
8246 4673 -67525
8245 4673 -112578
8248 4673 -67525
8247 4673 -112524
8244 4673 -67525
8243 4673 -112524
277 4673 -1719150
274 4673 -3479910
172 4673 24893
145 4673 26791
91 4673 10658
84 4673 -365
81 4673 -365
8300 4674 -540200
8299 4674 -540200
8252 4674 -67525
8251 4674 -112578
8254 4674 -67525
8253 4674 -112524
8250 4674 -67525
8249 4674 -112524
550 4674 -1719150
547 4674 -3479910
445 4674 24893
418 4674 26791
364 4674 10658
357 4674 -365
354 4674 -365
8302 4675 -540200
8301 4675 -540200
8258 4675 -67525
8257 4675 -112578
8260 4675 -67525
8259 4675 -112524
8256 4675 -67525
8255 4675 -112524
823 4675 -17191500
820 4675 -3479910
718 4675 24893
691 4675 26791
637 4675 10658
630 4675 -365
627 4675 -365
8304 4676 -540200
8303 4676 -540200
8264 4676 -67525
8263 4676 -112578
8266 4676 -67525
8265 4676 -112524
8262 4676 -67525
8261 4676 -112524
1096 4676 -1719150
1093 4676 -3479910
991 4676 24893
964 4676 26791
910 4676 10658
903 4676 -365
900 4676 -365
8306 4677 -540200
8305 4677 -540200
8270 4677 -67525
8269 4677 -112578
8272 4677 -67525
8271 4677 -112524
8268 4677 -67525
8267 4677 -112524
1369 4677 -1719150
1366 4677 -3479910
1264 4677 24893
1237 4677 26791
1183 4677 10658
1176 4677 -365
1173 4677 -365
8308 4678 -540200
8307 4678 -540200
8276 4678 -67525
8275 4678 -112578
8278 4678 -67525
8277 4678 -112524
8274 4678 -67525
8273 4678 -112524
1642 4678 -1719150
1639 4678 -3479910
1537 4678 24893
1510 4678 26791
1456 4678 10658
1449 4678 -365
1446 4678 -365
8310 4679 -540200
8309 4679 -540200
8282 4679 -67525
8281 4679 -112578
8284 4679 -67525
8283 4679 -112524
8280 4679 -67525
8279 4679 -112524
1915 4679 -1719150
1912 4679 -3479910
1810 4679 24893
1783 4679 26791
1729 4679 10658
1722 4679 -365
1719 4679 -365
8312 4680 -540200
8311 4680 -540200
8288 4680 -67525
8287 4680 -112578
8290 4680 -67525
8289 4680 -112524
8286 4680 -67525
8285 4680 -112524
2188 4680 -1719150
2185 4680 -3479910
2083 4680 24893
2056 4680 26791
2002 4680 10658
1995 4680 -365
1992 4680 -365
8314 4681 -540200
8313 4681 -540200
8294 4681 -67525
8293 4681 -112578
8296 4681 -67525
8295 4681 -112524
8292 4681 -67525
8291 4681 -112524
2461 4681 -1719150
2458 4681 -3479910
2356 4681 24893
2329 4681 26791
2275 4681 10658
2268 4681 -365
2265 4681 -365
6826 4682 -68839
2714 4682 1
6972 4683 -68839
2967 4683 1
7128 4684 -68839
3232 4684 1
7289 4685 -68839
3504 4685 1
7451 4686 -68839
3778 4686 1
7618 4687 -68839
4057 4687 1
7803 4688 -68839
4354 4688 1
7988 4689 -68839
4651 4689 1
8173 4690 -68839
4948 4690 1
8298 4691 -788400
8297 4691 -788400
8246 4691 -98550
8245 4691 -164303
8248 4691 -98550
8247 4691 -164224
8244 4691 -98550
8243 4691 -164224
277 4691 -5690350
274 4691 -6051700
268 4691 1095
267 4691 1825
235 4691 -9125
212 4691 238710
196 4691 1095
169 4691 35770
155 4691 365
132 4691 -365
98 4691 949
97 4691 4307
96 4691 11607
94 4691 876000
8300 4692 -788400
8299 4692 -788400
8252 4692 -98550
8251 4692 -164303
8254 4692 -98550
8253 4692 -164224
8250 4692 -98550
8249 4692 -164224
550 4692 -5690350
547 4692 -6051700
541 4692 1095
540 4692 1825
508 4692 -9125
485 4692 238710
469 4692 1095
442 4692 35770
428 4692 365
405 4692 -365
371 4692 4745
370 4692 4307
369 4692 11607
367 4692 1752
8302 4693 -788400
8301 4693 -788400
8258 4693 -98550
8257 4693 -164303
8260 4693 -98550
8259 4693 -164224
8256 4693 -98550
8255 4693 -164224
823 4693 -56903500
820 4693 -6051700
814 4693 1095
813 4693 1825
781 4693 -9125
758 4693 954840
742 4693 54750
715 4693 178850
701 4693 365
678 4693 -365
644 4693 4745
643 4693 4307
642 4693 11607
640 4693 175200
8304 4694 -788400
8303 4694 -788400
8264 4694 -98550
8263 4694 -164303
8266 4694 -98550
8265 4694 -164224
8262 4694 -98550
8261 4694 -164224
1096 4694 -5690350
1093 4694 -6051700
1087 4694 1095
1086 4694 1825
1054 4694 -9125
1031 4694 238710
1015 4694 1095
988 4694 35770
974 4694 365
951 4694 -365
917 4694 4745
916 4694 4307
915 4694 11607
913 4694 1752
8306 4695 -788400
8305 4695 -788400
8270 4695 -98550
8269 4695 -164303
8272 4695 -98550
8271 4695 -164224
8268 4695 -98550
8267 4695 -164224
1369 4695 -5690350
1366 4695 -6051700
1360 4695 1095
1359 4695 1825
1327 4695 -9125
1304 4695 238710
1288 4695 1095
1261 4695 178850
1247 4695 365
1224 4695 -365
1190 4695 4745
1189 4695 4307
1188 4695 11607
1186 4695 1752
8308 4696 -788400
8307 4696 -788400
8276 4696 -98550
8275 4696 -164303
8278 4696 -98550
8277 4696 -164224
8274 4696 -98550
8273 4696 -164224
1642 4696 -5690350
1639 4696 -6051700
1633 4696 1095
1632 4696 1825
1600 4696 -9125
1577 4696 238710
1561 4696 1095
1534 4696 35770
1520 4696 365
1497 4696 -365
1463 4696 4745
1462 4696 4307
1461 4696 11607
1459 4696 1752
8310 4697 -788400
8309 4697 -788400
8282 4697 -98550
8281 4697 -164303
8284 4697 -98550
8283 4697 -164224
8280 4697 -98550
8279 4697 -164224
1915 4697 -5690350
1912 4697 -6051700
1906 4697 1095
1905 4697 1825
1873 4697 -9125
1850 4697 238710
1834 4697 1095
1807 4697 3577
1793 4697 365
1770 4697 -365
1736 4697 4745
1735 4697 4307
1734 4697 11607
1732 4697 1752
8312 4698 -788400
8311 4698 -788400
8288 4698 -98550
8287 4698 -164303
8290 4698 -98550
8289 4698 -164224
8286 4698 -98550
8285 4698 -164224
2188 4698 -5690350
2185 4698 -6051700
2179 4698 1095
2178 4698 1825
2146 4698 -9125
2123 4698 238710
2107 4698 1095
2080 4698 35770
2066 4698 365
2043 4698 -365
2009 4698 4745
2008 4698 4307
2007 4698 11607
2005 4698 1752
8314 4699 -788400
8313 4699 -788400
8294 4699 -98550
8293 4699 -164303
8296 4699 -98550
8295 4699 -164224
8292 4699 -98550
8291 4699 -164224
2461 4699 -5690350
2458 4699 -6051700
2452 4699 1095
2451 4699 1825
2419 4699 -9125
2396 4699 238710
2380 4699 1095
2353 4699 3577
2339 4699 365
2316 4699 -365
2282 4699 4745
2281 4699 4307
2280 4699 11607
2278 4699 1752
6827 4700 -33507
2715 4700 1
6973 4701 -33507
2968 4701 1
7129 4702 -33507
3233 4702 1
7290 4703 -33507
3505 4703 1
7452 4704 -33507
3779 4704 1
7619 4705 -33507
4058 4705 1
7804 4706 -33507
4355 4706 1
7989 4707 -33507
4652 4707 1
8298 4708 -394200
8297 4708 -394200
8246 4708 -49275
8245 4708 -82151
8248 4708 -49275
8247 4708 -82112
8244 4708 -49275
8243 4708 -82112
277 4708 -1000100
274 4708 -4358100
268 4708 292
267 4708 219
244 4708 657
243 4708 -365
238 4708 438
237 4708 1679
232 4708 -36500
212 4708 21900
196 4708 438
155 4708 219
98 4708 438
94 4708 109500
8300 4709 -394200
8299 4709 -394200
8252 4709 -49275
8251 4709 -82151
8254 4709 -49275
8253 4709 -82112
8250 4709 -49275
8249 4709 -82112
550 4709 -1000100
547 4709 -4358100
541 4709 292
540 4709 219
517 4709 657
516 4709 -365
511 4709 438
510 4709 1679
505 4709 -36500
485 4709 21900
469 4709 438
428 4709 219
371 4709 2190
367 4709 219
8302 4710 -394200
8301 4710 -394200
8258 4710 -49275
8257 4710 -82151
8260 4710 -49275
8259 4710 -82112
8256 4710 -49275
8255 4710 -82112
823 4710 -10001000
820 4710 -4358100
814 4710 292
813 4710 219
790 4710 657
789 4710 -365
784 4710 438
783 4710 41975
778 4710 -36500
758 4710 87600
742 4710 21900
701 4710 219
644 4710 2190
640 4710 21900
8304 4711 -394200
8303 4711 -394200
8264 4711 -49275
8263 4711 -82151
8266 4711 -49275
8265 4711 -82112
8262 4711 -49275
8261 4711 -82112
1096 4711 -1000100
1093 4711 -4358100
1087 4711 292
1086 4711 219
1063 4711 657
1062 4711 -365
1057 4711 438
1056 4711 1679
1051 4711 -36500
1031 4711 21900
1015 4711 438
974 4711 219
917 4711 2190
913 4711 219
8308 4712 -394200
8307 4712 -394200
8276 4712 -49275
8275 4712 -82151
8278 4712 -49275
8277 4712 -82112
8274 4712 -49275
8273 4712 -82112
1642 4712 -1000100
1639 4712 -4358100
1633 4712 292
1632 4712 219
1609 4712 657
1608 4712 -365
1603 4712 438
1602 4712 1679
1597 4712 -36500
1577 4712 21900
1561 4712 438
1520 4712 219
1463 4712 2190
1459 4712 219
8310 4713 -394200
8309 4713 -394200
8282 4713 -49275
8281 4713 -82151
8284 4713 -49275
8283 4713 -82112
8280 4713 -49275
8279 4713 -82112
1915 4713 -1000100
1912 4713 -4358100
1906 4713 292
1905 4713 219
1882 4713 657
1881 4713 -365
1876 4713 438
1875 4713 1679
1870 4713 -36500
1850 4713 21900
1834 4713 438
1793 4713 219
1736 4713 2190
1732 4713 219
8298 4714 -394200
8297 4714 -394200
8246 4714 -49275
8245 4714 -82151
8248 4714 -49275
8247 4714 -82112
8244 4714 -49275
8243 4714 -82112
277 4714 -1000100
274 4714 -4358100
268 4714 292
267 4714 219
245 4714 657
243 4714 -365
238 4714 438
237 4714 1679
233 4714 -9125
212 4714 21900
196 4714 438
155 4714 219
98 4714 438
94 4714 109500
8300 4715 -394200
8299 4715 -394200
8252 4715 -49275
8251 4715 -82151
8254 4715 -49275
8253 4715 -82112
8250 4715 -49275
8249 4715 -82112
550 4715 -1000100
547 4715 -4358100
541 4715 292
540 4715 219
518 4715 657
516 4715 -365
511 4715 438
510 4715 1679
506 4715 -9125
485 4715 21900
469 4715 438
428 4715 219
371 4715 2190
367 4715 219
8302 4716 -394200
8301 4716 -394200
8258 4716 -49275
8257 4716 -82151
8260 4716 -49275
8259 4716 -82112
8256 4716 -49275
8255 4716 -82112
823 4716 -10001000
820 4716 -4358100
814 4716 292
813 4716 219
791 4716 657
789 4716 -365
784 4716 438
783 4716 41975
779 4716 -9125
758 4716 87600
742 4716 21900
701 4716 219
644 4716 2190
640 4716 21900
8306 4717 -394200
8305 4717 -394200
8270 4717 -49275
8269 4717 -82151
8272 4717 -49275
8271 4717 -82112
8268 4717 -49275
8267 4717 -82112
1369 4717 -1000100
1366 4717 -4358100
1360 4717 292
1359 4717 219
1337 4717 657
1335 4717 -365
1330 4717 438
1329 4717 1679
1325 4717 -9125
1304 4717 21900
1288 4717 438
1247 4717 219
1190 4717 2190
1186 4717 219
8308 4718 -394200
8307 4718 -394200
8276 4718 -49275
8275 4718 -82151
8278 4718 -49275
8277 4718 -82112
8274 4718 -49275
8273 4718 -82112
1642 4718 -1000100
1639 4718 -4358100
1633 4718 292
1632 4718 219
1610 4718 657
1608 4718 -365
1603 4718 438
1602 4718 1679
1598 4718 -9125
1577 4718 21900
1561 4718 438
1520 4718 219
1463 4718 2190
1459 4718 219
8310 4719 -394200
8309 4719 -394200
8282 4719 -49275
8281 4719 -82151
8284 4719 -49275
8283 4719 -82112
8280 4719 -49275
8279 4719 -82112
1915 4719 -1000100
1912 4719 -4358100
1906 4719 292
1905 4719 219
1883 4719 657
1881 4719 -365
1876 4719 438
1875 4719 1679
1871 4719 -9125
1850 4719 21900
1834 4719 438
1793 4719 219
1736 4719 2190
1732 4719 219
8312 4720 -394200
8311 4720 -394200
8288 4720 -49275
8287 4720 -82151
8290 4720 -49275
8289 4720 -82112
8286 4720 -49275
8285 4720 -82112
2188 4720 -1000100
2185 4720 -4358100
2179 4720 292
2178 4720 219
2156 4720 657
2154 4720 -365
2149 4720 438
2148 4720 1679
2144 4720 -9125
2123 4720 21900
2107 4720 438
2066 4720 219
2009 4720 2190
2005 4720 219
8314 4721 -394200
8313 4721 -394200
8294 4721 -49275
8293 4721 -82151
8296 4721 -49275
8295 4721 -82112
8292 4721 -49275
8291 4721 -82112
2461 4721 -1000100
2458 4721 -4358100
2452 4721 292
2451 4721 219
2429 4721 657
2427 4721 -365
2422 4721 438
2421 4721 1679
2417 4721 -9125
2396 4721 21900
2380 4721 438
2339 4721 219
2282 4721 2190
2278 4721 219
6828 4722 -68839
2716 4722 1
6974 4723 -68839
2969 4723 1
7130 4724 -68839
3234 4724 1
7291 4725 -68839
3506 4725 1
7453 4726 -68839
3780 4726 1
7620 4727 -68839
4059 4727 1
7805 4728 -68839
4356 4728 1
7990 4729 -68839
4653 4729 1
8175 4730 -68839
4950 4730 1
8308 4731 -594950
8307 4731 -594950
8276 4731 -74369
8275 4731 -123988
8278 4731 -74369
8277 4731 -123928
8274 4731 -74369
8273 4731 -123928
1642 4731 -1570600
1639 4731 -2904670
1633 4731 4818
1632 4731 2920
1617 4731 730
1577 4731 24090
1561 4731 1168
1533 4731 161184
1531 4731 241557
1520 4731 3869
1505 4731 192209
1498 4731 -73000
1470 4731 4891
1460 4731 -1241
1459 4731 1460
8312 4732 -594950
8311 4732 -594950
8288 4732 -74369
8287 4732 -123988
8290 4732 -74369
8289 4732 -123928
8286 4732 -74369
8285 4732 -123928
2188 4732 -1570600
2185 4732 -2904670
2179 4732 4818
2178 4732 2920
2163 4732 730
2123 4732 24090
2107 4732 1168
2079 4732 161184
2077 4732 241557
2066 4732 3869
2051 4732 192209
2044 4732 -73000
2016 4732 4891
2006 4732 -1241
2005 4732 1460
8298 4733 -598600
8297 4733 -598600
8246 4733 -74825
8245 4733 -124748
8248 4733 -74825
8247 4733 -124688
8244 4733 -74825
8243 4733 -124688
277 4733 -1668420
274 4733 -2904670
268 4733 4599
267 4733 2190
252 4733 730
212 4733 16790
196 4733 1095
168 4733 172353
166 4733 243966
155 4733 3869
148 4733 -365
140 4733 205641
105 4733 4891
95 4733 -1241
94 4733 511000
8302 4734 -598600
8301 4734 -598600
8258 4734 -74825
8257 4734 -124748
8260 4734 -74825
8259 4734 -124688
8256 4734 -74825
8255 4734 -124688
823 4734 -16684200
820 4734 -2904670
814 4734 4599
813 4734 2190
798 4734 730
758 4734 67160
742 4734 54750
714 4734 172353
712 4734 1219830
701 4734 3869
694 4734 -365
686 4734 205641
651 4734 4891
641 4734 -1241
640 4734 102200
8304 4735 -598600
8303 4735 -598600
8264 4735 -74825
8263 4735 -124748
8266 4735 -74825
8265 4735 -124688
8262 4735 -74825
8261 4735 -124688
1096 4735 -1668420
1093 4735 -2904670
1087 4735 4599
1086 4735 2190
1071 4735 730
1031 4735 16790
1015 4735 1095
987 4735 172353
985 4735 243966
974 4735 3869
967 4735 -365
959 4735 205641
924 4735 4891
914 4735 -1241
913 4735 1022
8308 4736 -598600
8307 4736 -598600
8276 4736 -74825
8275 4736 -124748
8278 4736 -74825
8277 4736 -124688
8274 4736 -74825
8273 4736 -124688
1642 4736 -1668420
1639 4736 -2904670
1633 4736 4599
1632 4736 2190
1617 4736 730
1577 4736 16790
1561 4736 1095
1533 4736 172353
1531 4736 243966
1520 4736 3869
1513 4736 -365
1505 4736 205641
1470 4736 4891
1460 4736 -1241
1459 4736 1022
8312 4737 -598600
8311 4737 -598600
8288 4737 -74825
8287 4737 -124748
8290 4737 -74825
8289 4737 -124688
8286 4737 -74825
8285 4737 -124688
2188 4737 -1668420
2185 4737 -2904670
2179 4737 4599
2178 4737 2190
2163 4737 730
2123 4737 16790
2107 4737 1095
2079 4737 172353
2077 4737 243966
2066 4737 3869
2059 4737 -365
2051 4737 205641
2016 4737 4891
2006 4737 -1241
2005 4737 1022
8298 4738 -587650
8297 4738 -587650
8246 4738 -73456
8245 4738 -122466
8248 4738 -73456
8247 4738 -122407
8244 4738 -73456
8243 4738 -122407
277 4738 -1401600
274 4738 -2904670
268 4738 5037
267 4738 3723
252 4738 3650
212 4738 30660
196 4738 1314
168 4738 141766
166 4738 30733
165 4738 20659
155 4738 4234
145 4738 -73000
140 4738 169141
104 4738 4891
95 4738 -1241
94 4738 985500
8300 4739 -587650
8299 4739 -587650
8252 4739 -73456
8251 4739 -122466
8254 4739 -73456
8253 4739 -122407
8250 4739 -73456
8249 4739 -122407
550 4739 -1401600
547 4739 -2904670
541 4739 5037
540 4739 3723
525 4739 3650
485 4739 30660
469 4739 1314
441 4739 141766
439 4739 30733
438 4739 20659
428 4739 4234
418 4739 -73000
413 4739 169141
377 4739 4891
368 4739 -1241
367 4739 1971
8302 4740 -587650
8301 4740 -587650
8258 4740 -73456
8257 4740 -122466
8260 4740 -73456
8259 4740 -122407
8256 4740 -73456
8255 4740 -122407
823 4740 -14016000
820 4740 -2904670
814 4740 5037
813 4740 3723
798 4740 3650
758 4740 122640
742 4740 65700
714 4740 141766
712 4740 153665
711 4740 20659
701 4740 4234
691 4740 -73000
686 4740 169141
650 4740 4891
641 4740 -1241
640 4740 197100
8304 4741 -587650
8303 4741 -587650
8264 4741 -73456
8263 4741 -122466
8266 4741 -73456
8265 4741 -122407
8262 4741 -73456
8261 4741 -122407
1096 4741 -1401600
1093 4741 -2904670
1087 4741 5037
1086 4741 3723
1071 4741 3650
1031 4741 30660
1015 4741 1314
987 4741 141766
985 4741 30733
984 4741 20659
974 4741 4234
964 4741 -73000
959 4741 169141
923 4741 4891
914 4741 -1241
913 4741 1971
8306 4742 -587650
8305 4742 -587650
8270 4742 -73456
8269 4742 -122466
8272 4742 -73456
8271 4742 -122407
8268 4742 -73456
8267 4742 -122407
1369 4742 -1401600
1366 4742 -2904670
1360 4742 5037
1359 4742 3723
1344 4742 3650
1304 4742 30660
1288 4742 1314
1260 4742 70883
1258 4742 153665
1257 4742 20659
1247 4742 4234
1237 4742 -73000
1232 4742 169141
1196 4742 4891
1187 4742 -1241
1186 4742 1971
8308 4743 -587650
8307 4743 -587650
8276 4743 -73456
8275 4743 -122466
8278 4743 -73456
8277 4743 -122407
8274 4743 -73456
8273 4743 -122407
1642 4743 -1401600
1639 4743 -2904670
1633 4743 5037
1632 4743 3723
1617 4743 3650
1577 4743 30660
1561 4743 1314
1533 4743 141766
1531 4743 30733
1530 4743 20659
1520 4743 4234
1510 4743 -73000
1505 4743 169141
1469 4743 4891
1460 4743 -1241
1459 4743 1971
8310 4744 -587650
8309 4744 -587650
8282 4744 -73456
8281 4744 -122466
8284 4744 -73456
8283 4744 -122407
8280 4744 -73456
8279 4744 -122407
1915 4744 -1401600
1912 4744 -2904670
1906 4744 5037
1905 4744 3723
1890 4744 3650
1850 4744 30660
1834 4744 1314
1806 4744 70883
1804 4744 30733
1803 4744 20659
1793 4744 4234
1783 4744 -73000
1778 4744 169141
1742 4744 4891
1733 4744 -1241
1732 4744 1971
8312 4745 -587650
8311 4745 -587650
8288 4745 -73456
8287 4745 -122466
8290 4745 -73456
8289 4745 -122407
8286 4745 -73456
8285 4745 -122407
2188 4745 -1401600
2185 4745 -2904670
2179 4745 5037
2178 4745 3723
2163 4745 3650
2123 4745 30660
2107 4745 1314
2079 4745 141766
2077 4745 30733
2076 4745 20659
2066 4745 4234
2056 4745 -73000
2051 4745 169141
2015 4745 4891
2006 4745 -1241
2005 4745 1971
8314 4746 -587650
8313 4746 -587650
8294 4746 -73456
8293 4746 -122466
8296 4746 -73456
8295 4746 -122407
8292 4746 -73456
8291 4746 -122407
2461 4746 -1401600
2458 4746 -2904670
2452 4746 5037
2451 4746 3723
2436 4746 3650
2396 4746 30660
2380 4746 1314
2352 4746 70883
2350 4746 30733
2349 4746 20659
2339 4746 4234
2329 4746 -73000
2324 4746 169141
2288 4746 4891
2279 4746 -1241
2278 4746 1971
8300 4747 -594950
8299 4747 -594950
8252 4747 -74369
8251 4747 -123988
8254 4747 -74369
8253 4747 -123928
8250 4747 -74369
8249 4747 -123928
550 4747 -1564390
547 4747 -2904670
541 4747 5767
540 4747 4964
525 4747 3650
485 4747 41610
469 4747 1752
443 4747 3139
442 4747 78475
439 4747 34018
438 4747 13651
428 4747 5402
418 4747 -73000
415 4747 46793
414 4747 46793
377 4747 4599
368 4747 -1460
367 4747 2628
8304 4748 -594950
8303 4748 -594950
8264 4748 -74369
8263 4748 -123988
8266 4748 -74369
8265 4748 -123928
8262 4748 -74369
8261 4748 -123928
1096 4748 -1564390
1093 4748 -2904670
1087 4748 5767
1086 4748 4964
1071 4748 3650
1031 4748 41610
1015 4748 1752
989 4748 78475
988 4748 78475
985 4748 34018
984 4748 13651
974 4748 5402
964 4748 -73000
961 4748 93586
960 4748 46793
923 4748 4599
914 4748 -1460
913 4748 2628
8302 4749 -594950
8301 4749 -594950
8258 4749 -74369
8257 4749 -123988
8260 4749 -74369
8259 4749 -123928
8256 4749 -74369
8255 4749 -123928
823 4749 -16213300
820 4749 -2904670
814 4749 6132
813 4749 5913
798 4749 3650
758 4749 183960
742 4749 98550
716 4749 808840
712 4749 175565
711 4749 10147
701 4749 6205
691 4749 -73000
688 4749 192939
650 4749 4453
641 4749 -1606
640 4749 299300
8304 4750 -594950
8303 4750 -594950
8264 4750 -74369
8263 4750 -123988
8266 4750 -74369
8265 4750 -123928
8262 4750 -74369
8261 4750 -123928
1096 4750 -1621330
1093 4750 -2904670
1087 4750 6132
1086 4750 5913
1071 4750 3650
1031 4750 45990
1015 4750 1971
989 4750 161768
985 4750 35113
984 4750 10147
974 4750 6205
964 4750 -73000
961 4750 192939
923 4750 4453
914 4750 -1606
913 4750 2993
8306 4751 -594950
8305 4751 -594950
8270 4751 -74369
8269 4751 -123988
8272 4751 -74369
8271 4751 -123928
8268 4751 -74369
8267 4751 -123928
1369 4751 -1621330
1366 4751 -2904670
1360 4751 6132
1359 4751 5913
1344 4751 3650
1304 4751 45990
1288 4751 1971
1262 4751 202210
1258 4751 175565
1257 4751 10147
1247 4751 6205
1237 4751 -73000
1234 4751 192939
1196 4751 4453
1187 4751 -1606
1186 4751 2993
8308 4752 -594950
8307 4752 -594950
8276 4752 -74369
8275 4752 -123988
8278 4752 -74369
8277 4752 -123928
8274 4752 -74369
8273 4752 -123928
1642 4752 -1621330
1639 4752 -2904670
1633 4752 6132
1632 4752 5913
1617 4752 3650
1577 4752 45990
1561 4752 1971
1535 4752 20221
1531 4752 35113
1530 4752 10147
1520 4752 6205
1510 4752 -73000
1507 4752 192939
1469 4752 4453
1460 4752 -1606
1459 4752 2993
8310 4753 -594950
8309 4753 -594950
8282 4753 -74369
8281 4753 -123988
8284 4753 -74369
8283 4753 -123928
8280 4753 -74369
8279 4753 -123928
1915 4753 -1621330
1912 4753 -2904670
1906 4753 6132
1905 4753 5913
1890 4753 3650
1850 4753 45990
1834 4753 1971
1808 4753 20221
1804 4753 35113
1803 4753 10147
1793 4753 6205
1783 4753 -73000
1780 4753 192939
1742 4753 4453
1733 4753 -1606
1732 4753 2993
8312 4754 -594950
8311 4754 -594950
8288 4754 -74369
8287 4754 -123988
8290 4754 -74369
8289 4754 -123928
8286 4754 -74369
8285 4754 -123928
2188 4754 -1621330
2185 4754 -2904670
2179 4754 6132
2178 4754 5913
2163 4754 3650
2123 4754 45990
2107 4754 1971
2081 4754 20221
2077 4754 35113
2076 4754 10147
2066 4754 6205
2056 4754 -73000
2053 4754 192939
2015 4754 4453
2006 4754 -1606
2005 4754 2993
8314 4755 -594950
8313 4755 -594950
8294 4755 -74369
8293 4755 -123988
8296 4755 -74369
8295 4755 -123928
8292 4755 -74369
8291 4755 -123928
2461 4755 -1621330
2458 4755 -2904670
2452 4755 6132
2451 4755 5913
2436 4755 3650
2396 4755 45990
2380 4755 1971
2354 4755 101105
2350 4755 35113
2349 4755 10147
2339 4755 6205
2329 4755 -73000
2326 4755 964695
2288 4755 4453
2279 4755 -1606
2278 4755 2993
8298 4756 -576700
8297 4756 -576700
8246 4756 -72088
8245 4756 -120184
8248 4756 -72088
8247 4756 -120127
8244 4756 -72088
8243 4756 -120127
277 4756 -1208880
274 4756 -3872650
268 4756 4015
267 4756 2263
252 4756 1460
212 4756 21900
196 4756 730
168 4756 119647
166 4756 383688
155 4756 2774
140 4756 142715
113 4756 -365
105 4756 730
95 4756 -1606
94 4756 584000
8300 4757 -576700
8299 4757 -576700
8252 4757 -72088
8251 4757 -120184
8254 4757 -72088
8253 4757 -120127
8250 4757 -72088
8249 4757 -120127
550 4757 -1208880
547 4757 -3872650
541 4757 4015
540 4757 2263
525 4757 1460
485 4757 21900
469 4757 730
441 4757 119647
439 4757 383688
428 4757 2774
413 4757 142715
386 4757 -365
378 4757 73
368 4757 -1606
367 4757 1168
8298 4758 -591300
8297 4758 -591300
8246 4758 -73912
8245 4758 -123227
8248 4758 -73912
8247 4758 -123168
8244 4758 -73912
8243 4758 -123168
277 4758 -1526430
274 4758 -2904670
268 4758 6716
267 4758 5913
252 4758 4380
212 4758 33580
196 4758 1095
169 4758 150891
167 4758 11680
166 4758 32704
155 4758 3212
141 4758 179945
119 4758 -365
106 4758 7738
95 4758 -1606
94 4758 730000
8306 4759 -591300
8305 4759 -591300
8270 4759 -73912
8269 4759 -123227
8272 4759 -73912
8271 4759 -123168
8268 4759 -73912
8267 4759 -123168
1369 4759 -1526430
1366 4759 -2904670
1360 4759 6716
1359 4759 5913
1344 4759 4380
1304 4759 33580
1288 4759 1095
1261 4759 754455
1259 4759 11680
1258 4759 163520
1247 4759 3212
1233 4759 179945
1211 4759 -365
1198 4759 7738
1187 4759 -1606
1186 4759 1460
8302 4760 -594950
8301 4760 -594950
8258 4760 -74369
8257 4760 -123988
8260 4760 -74369
8259 4760 -123928
8256 4760 -74369
8255 4760 -123928
823 4760 -16162200
820 4760 -2904670
814 4760 7081
813 4760 6424
798 4760 4380
758 4760 140160
742 4760 65700
716 4760 402924
715 4760 402924
713 4760 7738
712 4760 174762
701 4760 3869
688 4760 96119
687 4760 96119
665 4760 -365
652 4760 7446
641 4760 -1606
640 4760 167900
8306 4761 -594950
8305 4761 -594950
8270 4761 -74369
8269 4761 -123988
8272 4761 -74369
8271 4761 -123928
8268 4761 -74369
8267 4761 -123928
1369 4761 -1616220
1366 4761 -2904670
1360 4761 7081
1359 4761 6424
1344 4761 4380
1304 4761 35040
1288 4761 1314
1262 4761 100731
1261 4761 402924
1259 4761 7738
1258 4761 174762
1247 4761 3869
1234 4761 96119
1233 4761 96119
1211 4761 -365
1198 4761 7446
1187 4761 -1606
1186 4761 1679
8298 4762 -594950
8297 4762 -594950
8246 4762 -74369
8245 4762 -123988
8248 4762 -74369
8247 4762 -123928
8244 4762 -74369
8243 4762 -123928
277 4762 -1600160
274 4762 -2904670
268 4762 5256
267 4762 3942
252 4762 2190
212 4762 32120
196 4762 1460
169 4762 159359
167 4762 17155
166 4762 34529
155 4762 4599
147 4762 -73000
141 4762 190092
106 4762 4745
95 4762 -1314
94 4762 949000
8300 4763 -594950
8299 4763 -594950
8252 4763 -74369
8251 4763 -123988
8254 4763 -74369
8253 4763 -123928
8250 4763 -74369
8249 4763 -123928
550 4763 -1600160
547 4763 -2904670
541 4763 5256
540 4763 3942
525 4763 2190
485 4763 32120
469 4763 1460
442 4763 159359
440 4763 3431
439 4763 34529
428 4763 4599
420 4763 -73000
414 4763 95046
379 4763 949
368 4763 -1314
367 4763 1898
8302 4764 -594950
8301 4764 -594950
8258 4764 -74369
8257 4764 -123988
8260 4764 -74369
8259 4764 -123928
8256 4764 -74369
8255 4764 -123928
823 4764 -16001600
820 4764 -2904670
814 4764 5256
813 4764 3942
798 4764 2190
758 4764 128480
742 4764 73000
715 4764 796795
713 4764 17155
712 4764 172645
701 4764 4599
693 4764 -73000
687 4764 190092
652 4764 4745
641 4764 -1314
640 4764 189800
8304 4765 -594950
8303 4765 -594950
8264 4765 -74369
8263 4765 -123988
8266 4765 -74369
8265 4765 -123928
8262 4765 -74369
8261 4765 -123928
1096 4765 -1600160
1093 4765 -2904670
1087 4765 5256
1086 4765 3942
1071 4765 2190
1031 4765 32120
1015 4765 1460
988 4765 159359
986 4765 3431
985 4765 34529
974 4765 4599
966 4765 -73000
960 4765 95046
925 4765 949
914 4765 -1314
913 4765 1898
8306 4766 -594950
8305 4766 -594950
8270 4766 -74369
8269 4766 -123988
8272 4766 -74369
8271 4766 -123928
8268 4766 -74369
8267 4766 -123928
1369 4766 -1600160
1366 4766 -2904670
1360 4766 5256
1359 4766 3942
1344 4766 2190
1304 4766 32120
1288 4766 1460
1261 4766 796795
1259 4766 17155
1258 4766 172645
1247 4766 4599
1239 4766 -73000
1233 4766 190092
1198 4766 4745
1187 4766 -1314
1186 4766 1898
8308 4767 -594950
8307 4767 -594950
8276 4767 -74369
8275 4767 -123988
8278 4767 -74369
8277 4767 -123928
8274 4767 -74369
8273 4767 -123928
1642 4767 -1600160
1639 4767 -2904670
1633 4767 5256
1632 4767 3942
1617 4767 2190
1577 4767 32120
1561 4767 1460
1534 4767 159359
1532 4767 3431
1531 4767 34529
1520 4767 4599
1512 4767 -73000
1506 4767 47523
1471 4767 949
1460 4767 -1314
1459 4767 1898
8312 4768 -594950
8311 4768 -594950
8288 4768 -74369
8287 4768 -123988
8290 4768 -74369
8289 4768 -123928
8286 4768 -74369
8285 4768 -123928
2188 4768 -1600160
2185 4768 -2904670
2179 4768 5256
2178 4768 3942
2163 4768 2190
2123 4768 32120
2107 4768 1460
2080 4768 159359
2078 4768 3431
2077 4768 34529
2066 4768 4599
2058 4768 -73000
2052 4768 47523
2017 4768 949
2006 4768 -1314
2005 4768 1898
8298 4769 -598600
8297 4769 -598600
8246 4769 -74825
8245 4769 -124748
8248 4769 -74825
8247 4769 -124688
8244 4769 -74825
8243 4769 -124688
277 4769 -1671700
274 4769 -2904670
268 4769 5621
267 4769 4380
252 4769 2190
212 4769 36500
196 4769 1679
170 4769 16717
169 4769 83950
167 4769 13651
166 4769 36354
155 4769 5256
147 4769 -73000
142 4769 49859
141 4769 100083
106 4769 4599
95 4769 -1460
94 4769 1095000
8302 4770 -598600
8301 4770 -598600
8258 4770 -74825
8257 4770 -124748
8260 4770 -74825
8259 4770 -124688
8256 4770 -74825
8255 4770 -124688
823 4770 -16717000
820 4770 -2904670
814 4770 5621
813 4770 4380
798 4770 2190
758 4770 146000
742 4770 83950
716 4770 417925
715 4770 419750
713 4770 13651
712 4770 181770
701 4770 5256
693 4770 -73000
688 4770 99718
687 4770 100083
652 4770 4599
641 4770 -1460
640 4770 219000
8314 4771 -602250
8313 4771 -602250
8294 4771 -75281
8293 4771 -125509
8296 4771 -75281
8295 4771 -125449
8292 4771 -75281
8291 4771 -125449
2461 4771 -1716590
2458 4771 -2904670
2452 4771 5986
2451 4771 5110
2436 4771 2190
2396 4771 40150
2380 4771 1971
2354 4771 107926
2351 4771 10147
2350 4771 37449
2339 4771 5986
2331 4771 -73000
2326 4771 1029848
2290 4771 4453
2279 4771 -1606
2278 4771 2555
6829 4772 -1241
2717 4772 1
6975 4773 -1241
2970 4773 1
7131 4774 -1241
3235 4774 1
7292 4775 -1241
3507 4775 1
7454 4776 -1241
3781 4776 1
7621 4777 -1241
4060 4777 1
7806 4778 -1241
4357 4778 1
7991 4779 -1241
4654 4779 1
8176 4780 -1241
4951 4780 1
8298 4781 -13140000
8297 4781 -13140000
8246 4781 -1642500
8245 4781 -2738376
8248 4781 -1642500
8247 4781 -2737062
8244 4781 -1642500
8243 4781 -2737062
274 4781 -8712550
253 4781 -386900
252 4781 730
212 4781 8760
200 4781 5694
199 4781 25988
196 4781 4380
191 4781 21608
176 4781 23506
155 4781 10220
144 4781 -365
139 4781 -365
94 4781 1715500
8300 4782 -13140000
8299 4782 -13140000
8252 4782 -1642500
8251 4782 -2738376
8254 4782 -1642500
8253 4782 -2737062
8250 4782 -1642500
8249 4782 -2737062
547 4782 -8712550
526 4782 -386900
525 4782 730
485 4782 8760
473 4782 5694
472 4782 25988
469 4782 4380
464 4782 21608
449 4782 23506
428 4782 10220
417 4782 -365
412 4782 -365
367 4782 3431
8302 4783 -13140000
8301 4783 -13140000
8258 4783 -1642500
8257 4783 -2738376
8260 4783 -1642500
8259 4783 -2737062
8256 4783 -1642500
8255 4783 -2737062
820 4783 -8712550
799 4783 -773800
798 4783 730
758 4783 35040
746 4783 5694
745 4783 25988
742 4783 219000
737 4783 21608
722 4783 23506
701 4783 10220
690 4783 -365
685 4783 -365
640 4783 343100
8304 4784 -13140000
8303 4784 -13140000
8264 4784 -1642500
8263 4784 -2738376
8266 4784 -1642500
8265 4784 -2737062
8262 4784 -1642500
8261 4784 -2737062
1093 4784 -8712550
1072 4784 -386900
1071 4784 730
1031 4784 8760
1019 4784 5694
1018 4784 25988
1015 4784 4380
1010 4784 21608
995 4784 23506
974 4784 10220
963 4784 -365
958 4784 -365
913 4784 3431
8306 4785 -13140000
8305 4785 -13140000
8270 4785 -1642500
8269 4785 -2738376
8272 4785 -1642500
8271 4785 -2737062
8268 4785 -1642500
8267 4785 -2737062
1366 4785 -8712550
1345 4785 -386900
1344 4785 730
1304 4785 8760
1292 4785 5694
1291 4785 25988
1288 4785 4380
1283 4785 21608
1268 4785 23506
1247 4785 10220
1236 4785 -365
1231 4785 -365
1186 4785 3431
8308 4786 -13140000
8307 4786 -13140000
8276 4786 -1642500
8275 4786 -2738376
8278 4786 -1642500
8277 4786 -2737062
8274 4786 -1642500
8273 4786 -2737062
1639 4786 -8712550
1618 4786 -386900
1617 4786 730
1577 4786 8760
1565 4786 5694
1564 4786 25988
1561 4786 4380
1556 4786 21608
1541 4786 23506
1520 4786 10220
1509 4786 -365
1504 4786 -365
1459 4786 3431
8310 4787 -13140000
8309 4787 -13140000
8282 4787 -1642500
8281 4787 -2738376
8284 4787 -1642500
8283 4787 -2737062
8280 4787 -1642500
8279 4787 -2737062
1912 4787 -8712550
1891 4787 -386900
1890 4787 730
1850 4787 8760
1838 4787 5694
1837 4787 25988
1834 4787 4380
1829 4787 21608
1814 4787 23506
1793 4787 10220
1782 4787 -365
1777 4787 -365
1732 4787 3431
8312 4788 -13140000
8311 4788 -13140000
8288 4788 -1642500
8287 4788 -2738376
8290 4788 -1642500
8289 4788 -2737062
8286 4788 -1642500
8285 4788 -2737062
2185 4788 -8712550
2164 4788 -386900
2163 4788 730
2123 4788 8760
2111 4788 5694
2110 4788 25988
2107 4788 4380
2102 4788 21608
2087 4788 23506
2066 4788 10220
2055 4788 -365
2050 4788 -365
2005 4788 3431
8314 4789 -13140000
8313 4789 -13140000
8294 4789 -1642500
8293 4789 -2738376
8296 4789 -1642500
8295 4789 -2737062
8292 4789 -1642500
8291 4789 -2737062
2458 4789 -8712550
2437 4789 -386900
2436 4789 730
2396 4789 8760
2384 4789 5694
2383 4789 25988
2380 4789 4380
2375 4789 21608
2360 4789 23506
2339 4789 10220
2328 4789 -365
2323 4789 -365
2278 4789 3431
8298 4790 -13140000
8297 4790 -13140000
8246 4790 -1642500
8245 4790 -2738376
8248 4790 -1642500
8247 4790 -2737062
8244 4790 -1642500
8243 4790 -2737062
274 4790 -8712550
253 4790 -390550
252 4790 2920
212 4790 8760
200 4790 5621
199 4790 25769
196 4790 4380
191 4790 21389
176 4790 23287
174 4790 -73000
155 4790 10293
139 4790 -365
94 4790 1715500
8300 4791 -13140000
8299 4791 -13140000
8252 4791 -1642500
8251 4791 -2738376
8254 4791 -1642500
8253 4791 -2737062
8250 4791 -1642500
8249 4791 -2737062
547 4791 -8712550
526 4791 -390550
525 4791 2920
485 4791 8760
473 4791 5621
472 4791 25769
469 4791 4380
464 4791 21389
449 4791 23287
447 4791 -73000
428 4791 10293
412 4791 -365
367 4791 3431
8302 4792 -13140000
8301 4792 -13140000
8258 4792 -1642500
8257 4792 -2738376
8260 4792 -1642500
8259 4792 -2737062
8256 4792 -1642500
8255 4792 -2737062
820 4792 -8712550
799 4792 -781100
798 4792 2920
758 4792 35040
746 4792 5621
745 4792 25769
742 4792 219000
737 4792 21389
722 4792 23287
720 4792 -73000
701 4792 10293
685 4792 -365
640 4792 343100
8304 4793 -13140000
8303 4793 -13140000
8264 4793 -1642500
8263 4793 -2738376
8266 4793 -1642500
8265 4793 -2737062
8262 4793 -1642500
8261 4793 -2737062
1093 4793 -8712550
1072 4793 -390550
1071 4793 2920
1031 4793 8760
1019 4793 5621
1018 4793 25769
1015 4793 4380
1010 4793 21389
995 4793 23287
993 4793 -73000
974 4793 10293
958 4793 -365
913 4793 3431
8306 4794 -13140000
8305 4794 -13140000
8270 4794 -1642500
8269 4794 -2738376
8272 4794 -1642500
8271 4794 -2737062
8268 4794 -1642500
8267 4794 -2737062
1366 4794 -8712550
1345 4794 -390550
1344 4794 2920
1304 4794 8760
1292 4794 5621
1291 4794 25769
1288 4794 4380
1283 4794 21389
1268 4794 23287
1266 4794 -73000
1247 4794 10293
1231 4794 -365
1186 4794 3431
8308 4795 -13140000
8307 4795 -13140000
8276 4795 -1642500
8275 4795 -2738376
8278 4795 -1642500
8277 4795 -2737062
8274 4795 -1642500
8273 4795 -2737062
1639 4795 -8712550
1618 4795 -390550
1617 4795 2920
1577 4795 8760
1565 4795 5621
1564 4795 25769
1561 4795 4380
1556 4795 21389
1541 4795 23287
1539 4795 -73000
1520 4795 10293
1504 4795 -365
1459 4795 3431
8310 4796 -13140000
8309 4796 -13140000
8282 4796 -1642500
8281 4796 -2738376
8284 4796 -1642500
8283 4796 -2737062
8280 4796 -1642500
8279 4796 -2737062
1912 4796 -8712550
1891 4796 -390550
1890 4796 2920
1850 4796 8760
1838 4796 5621
1837 4796 25769
1834 4796 4380
1829 4796 21389
1814 4796 23287
1812 4796 -73000
1793 4796 10293
1777 4796 -365
1732 4796 3431
8312 4797 -13140000
8311 4797 -13140000
8288 4797 -1642500
8287 4797 -2738376
8290 4797 -1642500
8289 4797 -2737062
8286 4797 -1642500
8285 4797 -2737062
2185 4797 -8712550
2164 4797 -390550
2163 4797 2920
2123 4797 8760
2111 4797 5621
2110 4797 25769
2107 4797 4380
2102 4797 21389
2087 4797 23287
2085 4797 -73000
2066 4797 10293
2050 4797 -365
2005 4797 3431
8314 4798 -13140000
8313 4798 -13140000
8294 4798 -1642500
8293 4798 -2738376
8296 4798 -1642500
8295 4798 -2737062
8292 4798 -1642500
8291 4798 -2737062
2458 4798 -8712550
2437 4798 -390550
2436 4798 2920
2396 4798 8760
2384 4798 5621
2383 4798 25769
2380 4798 4380
2375 4798 21389
2360 4798 23287
2358 4798 -73000
2339 4798 10293
2323 4798 -365
2278 4798 3431
8302 4799 -13140000
8301 4799 -13140000
8258 4799 -1642500
8257 4799 -2738376
8260 4799 -1642500
8259 4799 -2737062
8256 4799 -1642500
8255 4799 -2737062
820 4799 -7259850
799 4799 -584000
798 4799 2920
758 4799 23360
746 4799 219
745 4799 2774
742 4799 135050
737 4799 13505
722 4799 12191
720 4799 -73000
701 4799 4234
697 4799 21973
685 4799 -365
657 4799 29200
640 4799 146000
8304 4800 -13140000
8303 4800 -13140000
8264 4800 -1642500
8263 4800 -2738376
8266 4800 -1642500
8265 4800 -2737062
8262 4800 -1642500
8261 4800 -2737062
1093 4800 -7259850
1072 4800 -292000
1071 4800 2920
1031 4800 5840
1019 4800 219
1018 4800 2774
1015 4800 2701
1010 4800 13505
995 4800 12191
993 4800 -73000
974 4800 4234
970 4800 21973
958 4800 -365
930 4800 29200
913 4800 1460
8298 4801 -13140000
8297 4801 -13140000
8246 4801 -1642500
8245 4801 -2738376
8248 4801 -1642500
8247 4801 -2737062
8244 4801 -1642500
8243 4801 -2737062
274 4801 -8712550
253 4801 -397850
252 4801 5110
212 4801 8760
200 4801 5621
199 4801 25550
196 4801 4307
191 4801 21243
176 4801 23068
155 4801 10366
143 4801 -365
139 4801 -365
94 4801 1679000
8300 4802 -13140000
8299 4802 -13140000
8252 4802 -1642500
8251 4802 -2738376
8254 4802 -1642500
8253 4802 -2737062
8250 4802 -1642500
8249 4802 -2737062
547 4802 -8712550
526 4802 -397850
525 4802 5110
485 4802 8760
473 4802 5621
472 4802 25550
469 4802 4307
464 4802 21243
449 4802 23068
428 4802 10366
416 4802 -365
412 4802 -365
367 4802 3358
8306 4803 -13140000
8305 4803 -13140000
8270 4803 -1642500
8269 4803 -2738376
8272 4803 -1642500
8271 4803 -2737062
8268 4803 -1642500
8267 4803 -2737062
1366 4803 -8712550
1345 4803 -397850
1344 4803 5110
1304 4803 8760
1292 4803 5621
1291 4803 25550
1288 4803 4307
1283 4803 21243
1268 4803 23068
1247 4803 10366
1235 4803 -365
1231 4803 -365
1186 4803 3358
8310 4804 -13140000
8309 4804 -13140000
8282 4804 -1642500
8281 4804 -2738376
8284 4804 -1642500
8283 4804 -2737062
8280 4804 -1642500
8279 4804 -2737062
1912 4804 -8712550
1891 4804 -397850
1890 4804 5110
1850 4804 8760
1838 4804 5621
1837 4804 25550
1834 4804 4307
1829 4804 21243
1814 4804 23068
1793 4804 10366
1781 4804 -365
1777 4804 -365
1732 4804 3358
8312 4805 -13140000
8311 4805 -13140000
8288 4805 -1642500
8287 4805 -2738376
8290 4805 -1642500
8289 4805 -2737062
8286 4805 -1642500
8285 4805 -2737062
2185 4805 -8712550
2164 4805 -397850
2163 4805 5110
2123 4805 8760
2111 4805 5621
2110 4805 25550
2107 4805 4307
2102 4805 21243
2087 4805 23068
2066 4805 10366
2054 4805 -365
2050 4805 -365
2005 4805 3358
8298 4806 -13140000
8297 4806 -13140000
8246 4806 -1642500
8245 4806 -2738376
8248 4806 -1642500
8247 4806 -2737062
8244 4806 -1642500
8243 4806 -2737062
274 4806 -7259850
253 4806 -259150
252 4806 5110
212 4806 5840
200 4806 219
199 4806 2774
196 4806 2701
191 4806 13505
176 4806 12191
155 4806 4234
151 4806 21973
143 4806 -365
139 4806 -365
111 4806 29200
94 4806 730000
8300 4807 -13140000
8299 4807 -13140000
8252 4807 -1642500
8251 4807 -2738376
8254 4807 -1642500
8253 4807 -2737062
8250 4807 -1642500
8249 4807 -2737062
547 4807 -7259850
526 4807 -259150
525 4807 5110
485 4807 5840
473 4807 219
472 4807 2774
469 4807 2701
464 4807 13505
449 4807 12191
428 4807 4234
424 4807 21973
416 4807 -365
412 4807 -365
384 4807 29200
367 4807 1460
8302 4808 -13140000
8301 4808 -13140000
8258 4808 -1642500
8257 4808 -2738376
8260 4808 -1642500
8259 4808 -2737062
8256 4808 -1642500
8255 4808 -2737062
820 4808 -7259850
799 4808 -518300
798 4808 5110
758 4808 23360
746 4808 219
745 4808 2774
742 4808 135050
737 4808 13505
722 4808 12191
701 4808 4234
697 4808 21973
689 4808 -365
685 4808 -365
657 4808 29200
640 4808 146000
8304 4809 -13140000
8303 4809 -13140000
8264 4809 -1642500
8263 4809 -2738376
8266 4809 -1642500
8265 4809 -2737062
8262 4809 -1642500
8261 4809 -2737062
1093 4809 -7259850
1072 4809 -259150
1071 4809 5110
1031 4809 5840
1019 4809 219
1018 4809 2774
1015 4809 2701
1010 4809 13505
995 4809 12191
974 4809 4234
970 4809 21973
962 4809 -365
958 4809 -365
930 4809 29200
913 4809 1460
8306 4810 -13140000
8305 4810 -13140000
8270 4810 -1642500
8269 4810 -2738376
8272 4810 -1642500
8271 4810 -2737062
8268 4810 -1642500
8267 4810 -2737062
1366 4810 -7259850
1345 4810 -259150
1344 4810 5110
1304 4810 5840
1292 4810 219
1291 4810 2774
1288 4810 2701
1283 4810 13505
1268 4810 12191
1247 4810 4234
1243 4810 21973
1235 4810 -365
1231 4810 -365
1203 4810 29200
1186 4810 1460
8308 4811 -13140000
8307 4811 -13140000
8276 4811 -1642500
8275 4811 -2738376
8278 4811 -1642500
8277 4811 -2737062
8274 4811 -1642500
8273 4811 -2737062
1639 4811 -7259850
1618 4811 -259150
1617 4811 5110
1577 4811 5840
1565 4811 219
1564 4811 2774
1561 4811 2701
1556 4811 13505
1541 4811 12191
1520 4811 4234
1516 4811 21973
1508 4811 -365
1504 4811 -365
1476 4811 29200
1459 4811 1460
8310 4812 -13140000
8309 4812 -13140000
8282 4812 -1642500
8281 4812 -2738376
8284 4812 -1642500
8283 4812 -2737062
8280 4812 -1642500
8279 4812 -2737062
1912 4812 -7259850
1891 4812 -259150
1890 4812 5110
1850 4812 5840
1838 4812 219
1837 4812 2774
1834 4812 2701
1829 4812 13505
1814 4812 12191
1793 4812 4234
1789 4812 21973
1781 4812 -365
1777 4812 -365
1749 4812 29200
1732 4812 1460
8312 4813 -13140000
8311 4813 -13140000
8288 4813 -1642500
8287 4813 -2738376
8290 4813 -1642500
8289 4813 -2737062
8286 4813 -1642500
8285 4813 -2737062
2185 4813 -7259850
2164 4813 -259150
2163 4813 5110
2123 4813 5840
2111 4813 219
2110 4813 2774
2107 4813 2701
2102 4813 13505
2087 4813 12191
2066 4813 4234
2062 4813 21973
2054 4813 -365
2050 4813 -365
2022 4813 29200
2005 4813 1460
8314 4814 -13140000
8313 4814 -13140000
8294 4814 -1642500
8293 4814 -2738376
8296 4814 -1642500
8295 4814 -2737062
8292 4814 -1642500
8291 4814 -2737062
2458 4814 -7259850
2437 4814 -259150
2436 4814 5110
2396 4814 5840
2384 4814 219
2383 4814 2774
2380 4814 2701
2375 4814 13505
2360 4814 12191
2339 4814 4234
2335 4814 21973
2327 4814 -365
2323 4814 -365
2295 4814 29200
2278 4814 1460
8298 4815 -13140000
8297 4815 -13140000
8246 4815 -1642500
8245 4815 -2738376
8248 4815 -1642500
8247 4815 -2737062
8244 4815 -1642500
8243 4815 -2737062
274 4815 -8712550
253 4815 -657000
252 4815 5110
212 4815 9490
196 4815 4818
190 4815 23214
176 4815 25258
165 4815 -73000
155 4815 9490
149 4815 34091
139 4815 -365
94 4815 1788500
8306 4816 -13140000
8305 4816 -13140000
8270 4816 -1642500
8269 4816 -2738376
8272 4816 -1642500
8271 4816 -2737062
8268 4816 -1642500
8267 4816 -2737062
1366 4816 -8712550
1345 4816 -657000
1344 4816 5110
1304 4816 9490
1288 4816 4818
1282 4816 11607
1268 4816 25258
1257 4816 -73000
1247 4816 9490
1241 4816 34091
1231 4816 -365
1186 4816 3577
8298 4817 -13140000
8297 4817 -13140000
8246 4817 -1642500
8245 4817 -2738376
8248 4817 -1642500
8247 4817 -2737062
8244 4817 -1642500
8243 4817 -2737062
274 4817 -7745300
253 4817 -638750
252 4817 5110
212 4817 8030
196 4817 4015
190 4817 18469
176 4817 18469
165 4817 -73000
155 4817 7811
150 4817 37449
149 4817 10001
139 4817 -365
94 4817 1277500
8300 4818 -13140000
8299 4818 -13140000
8252 4818 -1642500
8251 4818 -2738376
8254 4818 -1642500
8253 4818 -2737062
8250 4818 -1642500
8249 4818 -2737062
547 4818 -7745300
526 4818 -638750
525 4818 5110
485 4818 8030
469 4818 4015
463 4818 18469
449 4818 18469
438 4818 -73000
428 4818 7811
423 4818 37449
422 4818 10001
412 4818 -365
367 4818 2555
8304 4819 -13140000
8303 4819 -13140000
8264 4819 -1642500
8263 4819 -2738376
8266 4819 -1642500
8265 4819 -2737062
8262 4819 -1642500
8261 4819 -2737062
1093 4819 -7745300
1072 4819 -638750
1071 4819 5110
1031 4819 8030
1015 4819 4015
1009 4819 18469
995 4819 18469
984 4819 -73000
974 4819 7811
969 4819 37449
968 4819 10001
958 4819 -365
913 4819 2555
8310 4820 -13140000
8309 4820 -13140000
8282 4820 -1642500
8281 4820 -2738376
8284 4820 -1642500
8283 4820 -2737062
8280 4820 -1642500
8279 4820 -2737062
1912 4820 -7745300
1891 4820 -638750
1890 4820 5110
1850 4820 8030
1834 4820 4015
1828 4820 18469
1814 4820 18469
1803 4820 -73000
1793 4820 7811
1788 4820 37449
1787 4820 10001
1777 4820 -365
1732 4820 2555
6830 4821 -3431
2718 4821 1
6976 4822 -3431
2971 4822 1
7132 4823 -3431
3236 4823 1
7293 4824 -3431
3508 4824 1
7455 4825 -3431
3782 4825 1
7622 4826 -3431
4061 4826 1
7807 4827 -3431
4358 4827 1
7992 4828 -3431
4655 4828 1
8177 4829 -3431
4952 4829 1
8298 4830 -1839600
8297 4830 -1839600
8246 4830 -229950
8245 4830 -383373
8248 4830 -229950
8247 4830 -383189
8244 4830 -229950
8243 4830 -383189
277 4830 -955935
274 4830 -2250960
253 4830 -7300
252 4830 73
231 4830 365
212 4830 1314
197 4830 -365
180 4830 -36500
8300 4831 -1839600
8299 4831 -1839600
8252 4831 -229950
8251 4831 -383373
8254 4831 -229950
8253 4831 -383189
8250 4831 -229950
8249 4831 -383189
550 4831 -955935
547 4831 -2250960
526 4831 -7300
525 4831 73
504 4831 365
485 4831 1314
470 4831 -365
453 4831 -36500
8302 4832 -1839600
8301 4832 -1839600
8258 4832 -229950
8257 4832 -383373
8260 4832 -229950
8259 4832 -383189
8256 4832 -229950
8255 4832 -383189
823 4832 -9559350
820 4832 -2250960
799 4832 -14600
798 4832 73
777 4832 365
758 4832 5256
743 4832 -365
726 4832 -36500
8304 4833 -1839600
8303 4833 -1839600
8264 4833 -229950
8263 4833 -383373
8266 4833 -229950
8265 4833 -383189
8262 4833 -229950
8261 4833 -383189
1096 4833 -955935
1093 4833 -2250960
1072 4833 -7300
1071 4833 73
1050 4833 365
1031 4833 1314
1016 4833 -365
999 4833 -36500
8306 4834 -1839600
8305 4834 -1839600
8270 4834 -229950
8269 4834 -383373
8272 4834 -229950
8271 4834 -383189
8268 4834 -229950
8267 4834 -383189
1369 4834 -955935
1366 4834 -2250960
1345 4834 -7300
1344 4834 73
1323 4834 365
1304 4834 1314
1289 4834 -365
1272 4834 -36500
8308 4835 -1839600
8307 4835 -1839600
8276 4835 -229950
8275 4835 -383373
8278 4835 -229950
8277 4835 -383189
8274 4835 -229950
8273 4835 -383189
1642 4835 -955935
1639 4835 -2250960
1618 4835 -7300
1617 4835 73
1596 4835 365
1577 4835 1314
1562 4835 -365
1545 4835 -36500
8310 4836 -1839600
8309 4836 -1839600
8282 4836 -229950
8281 4836 -383373
8284 4836 -229950
8283 4836 -383189
8280 4836 -229950
8279 4836 -383189
1915 4836 -955935
1912 4836 -2250960
1891 4836 -7300
1890 4836 73
1869 4836 365
1850 4836 1314
1835 4836 -365
1818 4836 -36500
8312 4837 -1839600
8311 4837 -1839600
8288 4837 -229950
8287 4837 -383373
8290 4837 -229950
8289 4837 -383189
8286 4837 -229950
8285 4837 -383189
2188 4837 -955935
2185 4837 -2250960
2164 4837 -7300
2163 4837 73
2142 4837 365
2123 4837 1314
2108 4837 -365
2091 4837 -36500
8314 4838 -1839600
8313 4838 -1839600
8294 4838 -229950
8293 4838 -383373
8296 4838 -229950
8295 4838 -383189
8292 4838 -229950
8291 4838 -383189
2461 4838 -955935
2458 4838 -2250960
2437 4838 -7300
2436 4838 73
2415 4838 365
2396 4838 1314
2381 4838 -365
2364 4838 -36500
8298 4839 -1839600
8297 4839 -1839600
8246 4839 -229950
8245 4839 -383373
8248 4839 -229950
8247 4839 -383189
8244 4839 -229950
8243 4839 -383189
277 4839 -955935
274 4839 -2250960
253 4839 -7300
252 4839 146
230 4839 365
212 4839 1241
197 4839 -365
179 4839 -365
8300 4840 -1839600
8299 4840 -1839600
8252 4840 -229950
8251 4840 -383373
8254 4840 -229950
8253 4840 -383189
8250 4840 -229950
8249 4840 -383189
550 4840 -955935
547 4840 -2250960
526 4840 -7300
525 4840 146
503 4840 365
485 4840 1241
470 4840 -365
452 4840 -365
8302 4841 -1839600
8301 4841 -1839600
8258 4841 -229950
8257 4841 -383373
8260 4841 -229950
8259 4841 -383189
8256 4841 -229950
8255 4841 -383189
823 4841 -9559350
820 4841 -2250960
799 4841 -14600
798 4841 146
776 4841 365
758 4841 4964
743 4841 -365
725 4841 -365
8304 4842 -1839600
8303 4842 -1839600
8264 4842 -229950
8263 4842 -383373
8266 4842 -229950
8265 4842 -383189
8262 4842 -229950
8261 4842 -383189
1096 4842 -955935
1093 4842 -2250960
1072 4842 -7300
1071 4842 146
1049 4842 365
1031 4842 1241
1016 4842 -365
998 4842 -365
8306 4843 -1839600
8305 4843 -1839600
8270 4843 -229950
8269 4843 -383373
8272 4843 -229950
8271 4843 -383189
8268 4843 -229950
8267 4843 -383189
1369 4843 -955935
1366 4843 -2250960
1345 4843 -7300
1344 4843 146
1322 4843 365
1304 4843 1241
1289 4843 -365
1271 4843 -365
8310 4844 -1839600
8309 4844 -1839600
8282 4844 -229950
8281 4844 -383373
8284 4844 -229950
8283 4844 -383189
8280 4844 -229950
8279 4844 -383189
1915 4844 -955935
1912 4844 -2250960
1891 4844 -7300
1890 4844 146
1868 4844 365
1850 4844 1241
1835 4844 -365
1817 4844 -365
8312 4845 -1839600
8311 4845 -1839600
8288 4845 -229950
8287 4845 -383373
8290 4845 -229950
8289 4845 -383189
8286 4845 -229950
8285 4845 -383189
2188 4845 -955935
2185 4845 -2250960
2164 4845 -7300
2163 4845 146
2141 4845 365
2123 4845 1241
2108 4845 -365
2090 4845 -365
8314 4846 -1839600
8313 4846 -1839600
8294 4846 -229950
8293 4846 -383373
8296 4846 -229950
8295 4846 -383189
8292 4846 -229950
8291 4846 -383189
2461 4846 -955935
2458 4846 -2250960
2437 4846 -7300
2436 4846 146
2414 4846 365
2396 4846 1241
2381 4846 -365
2363 4846 -365
8298 4847 -1839600
8297 4847 -1839600
8246 4847 -229950
8245 4847 -383373
8248 4847 -229950
8247 4847 -383189
8244 4847 -229950
8243 4847 -383189
277 4847 -955935
274 4847 -2250960
253 4847 -7300
252 4847 146
229 4847 365
212 4847 1241
197 4847 -365
178 4847 -73000
8300 4848 -1839600
8299 4848 -1839600
8252 4848 -229950
8251 4848 -383373
8254 4848 -229950
8253 4848 -383189
8250 4848 -229950
8249 4848 -383189
550 4848 -955935
547 4848 -2250960
526 4848 -7300
525 4848 146
502 4848 365
485 4848 1241
470 4848 -365
451 4848 -73000
8302 4849 -1839600
8301 4849 -1839600
8258 4849 -229950
8257 4849 -383373
8260 4849 -229950
8259 4849 -383189
8256 4849 -229950
8255 4849 -383189
823 4849 -9559350
820 4849 -2250960
799 4849 -14600
798 4849 146
775 4849 365
758 4849 4964
743 4849 -365
724 4849 -73000
8304 4850 -1839600
8303 4850 -1839600
8264 4850 -229950
8263 4850 -383373
8266 4850 -229950
8265 4850 -383189
8262 4850 -229950
8261 4850 -383189
1096 4850 -955935
1093 4850 -2250960
1072 4850 -7300
1071 4850 146
1048 4850 365
1031 4850 1241
1016 4850 -365
997 4850 -73000
8306 4851 -1839600
8305 4851 -1839600
8270 4851 -229950
8269 4851 -383373
8272 4851 -229950
8271 4851 -383189
8268 4851 -229950
8267 4851 -383189
1369 4851 -955935
1366 4851 -2250960
1345 4851 -7300
1344 4851 146
1321 4851 365
1304 4851 1241
1289 4851 -365
1270 4851 -73000
8308 4852 -1839600
8307 4852 -1839600
8276 4852 -229950
8275 4852 -383373
8278 4852 -229950
8277 4852 -383189
8274 4852 -229950
8273 4852 -383189
1642 4852 -955935
1639 4852 -2250960
1618 4852 -7300
1617 4852 146
1594 4852 365
1577 4852 1241
1562 4852 -365
1543 4852 -73000
8310 4853 -1839600
8309 4853 -1839600
8282 4853 -229950
8281 4853 -383373
8284 4853 -229950
8283 4853 -383189
8280 4853 -229950
8279 4853 -383189
1915 4853 -955935
1912 4853 -2250960
1891 4853 -7300
1890 4853 146
1867 4853 365
1850 4853 1241
1835 4853 -365
1816 4853 -73000
8312 4854 -1839600
8311 4854 -1839600
8288 4854 -229950
8287 4854 -383373
8290 4854 -229950
8289 4854 -383189
8286 4854 -229950
8285 4854 -383189
2188 4854 -955935
2185 4854 -2250960
2164 4854 -7300
2163 4854 146
2140 4854 365
2123 4854 1241
2108 4854 -365
2089 4854 -73000
8314 4855 -1839600
8313 4855 -1839600
8294 4855 -229950
8293 4855 -383373
8296 4855 -229950
8295 4855 -383189
8292 4855 -229950
8291 4855 -383189
2461 4855 -955935
2458 4855 -2250960
2437 4855 -7300
2436 4855 146
2413 4855 365
2396 4855 1241
2381 4855 -365
2362 4855 -73000
8298 4856 -1839600
8297 4856 -1839600
8246 4856 -229950
8245 4856 -383373
8248 4856 -229950
8247 4856 -383189
8244 4856 -229950
8243 4856 -383189
277 4856 -955935
274 4856 -2250960
253 4856 -7300
252 4856 73
228 4856 365
212 4856 1314
201 4856 -73000
197 4856 -365
8300 4857 -1839600
8299 4857 -1839600
8252 4857 -229950
8251 4857 -383373
8254 4857 -229950
8253 4857 -383189
8250 4857 -229950
8249 4857 -383189
550 4857 -955935
547 4857 -2250960
526 4857 -7300
525 4857 73
501 4857 365
485 4857 1314
474 4857 -73000
470 4857 -365
8302 4858 -1839600
8301 4858 -1839600
8258 4858 -229950
8257 4858 -383373
8260 4858 -229950
8259 4858 -383189
8256 4858 -229950
8255 4858 -383189
823 4858 -9559350
820 4858 -2250960
799 4858 -14600
798 4858 73
774 4858 365
758 4858 5256
747 4858 -73000
743 4858 -365
8304 4859 -1839600
8303 4859 -1839600
8264 4859 -229950
8263 4859 -383373
8266 4859 -229950
8265 4859 -383189
8262 4859 -229950
8261 4859 -383189
1096 4859 -955935
1093 4859 -2250960
1072 4859 -7300
1071 4859 73
1047 4859 365
1031 4859 1314
1020 4859 -73000
1016 4859 -365
8306 4860 -1839600
8305 4860 -1839600
8270 4860 -229950
8269 4860 -383373
8272 4860 -229950
8271 4860 -383189
8268 4860 -229950
8267 4860 -383189
1369 4860 -955935
1366 4860 -2250960
1345 4860 -7300
1344 4860 73
1320 4860 365
1304 4860 1314
1293 4860 -73000
1289 4860 -365
8308 4861 -1839600
8307 4861 -1839600
8276 4861 -229950
8275 4861 -383373
8278 4861 -229950
8277 4861 -383189
8274 4861 -229950
8273 4861 -383189
1642 4861 -955935
1639 4861 -2250960
1618 4861 -7300
1617 4861 73
1593 4861 365
1577 4861 1314
1566 4861 -73000
1562 4861 -365
8310 4862 -1839600
8309 4862 -1839600
8282 4862 -229950
8281 4862 -383373
8284 4862 -229950
8283 4862 -383189
8280 4862 -229950
8279 4862 -383189
1915 4862 -955935
1912 4862 -2250960
1891 4862 -7300
1890 4862 73
1866 4862 365
1850 4862 1314
1839 4862 -73000
1835 4862 -365
8312 4863 -1839600
8311 4863 -1839600
8288 4863 -229950
8287 4863 -383373
8290 4863 -229950
8289 4863 -383189
8286 4863 -229950
8285 4863 -383189
2188 4863 -955935
2185 4863 -2250960
2164 4863 -7300
2163 4863 73
2139 4863 365
2123 4863 1314
2112 4863 -73000
2108 4863 -365
8314 4864 -1839600
8313 4864 -1839600
8294 4864 -229950
8293 4864 -383373
8296 4864 -229950
8295 4864 -383189
8292 4864 -229950
8291 4864 -383189
2461 4864 -955935
2458 4864 -2250960
2437 4864 -7300
2436 4864 73
2412 4864 365
2396 4864 1314
2385 4864 -73000
2381 4864 -365
8298 4865 -1839600
8297 4865 -1839600
8246 4865 -229950
8245 4865 -383373
8248 4865 -229950
8247 4865 -383189
8244 4865 -229950
8243 4865 -383189
277 4865 -955935
274 4865 -2250960
253 4865 -7300
252 4865 146
227 4865 365
212 4865 1241
200 4865 -73000
197 4865 -365
8300 4866 -1839600
8299 4866 -1839600
8252 4866 -229950
8251 4866 -383373
8254 4866 -229950
8253 4866 -383189
8250 4866 -229950
8249 4866 -383189
550 4866 -955935
547 4866 -2250960
526 4866 -7300
525 4866 146
500 4866 365
485 4866 1241
473 4866 -73000
470 4866 -365
8302 4867 -1839600
8301 4867 -1839600
8258 4867 -229950
8257 4867 -383373
8260 4867 -229950
8259 4867 -383189
8256 4867 -229950
8255 4867 -383189
823 4867 -9559350
820 4867 -2250960
799 4867 -14600
798 4867 146
773 4867 365
758 4867 4964
746 4867 -73000
743 4867 -365
8304 4868 -1839600
8303 4868 -1839600
8264 4868 -229950
8263 4868 -383373
8266 4868 -229950
8265 4868 -383189
8262 4868 -229950
8261 4868 -383189
1096 4868 -955935
1093 4868 -2250960
1072 4868 -7300
1071 4868 146
1046 4868 365
1031 4868 1241
1019 4868 -73000
1016 4868 -365
8306 4869 -1839600
8305 4869 -1839600
8270 4869 -229950
8269 4869 -383373
8272 4869 -229950
8271 4869 -383189
8268 4869 -229950
8267 4869 -383189
1369 4869 -955935
1366 4869 -2250960
1345 4869 -7300
1344 4869 146
1319 4869 365
1304 4869 1241
1292 4869 -73000
1289 4869 -365
8308 4870 -1839600
8307 4870 -1839600
8276 4870 -229950
8275 4870 -383373
8278 4870 -229950
8277 4870 -383189
8274 4870 -229950
8273 4870 -383189
1642 4870 -955935
1639 4870 -2250960
1618 4870 -7300
1617 4870 146
1592 4870 365
1577 4870 1241
1565 4870 -73000
1562 4870 -365
8310 4871 -1839600
8309 4871 -1839600
8282 4871 -229950
8281 4871 -383373
8284 4871 -229950
8283 4871 -383189
8280 4871 -229950
8279 4871 -383189
1915 4871 -955935
1912 4871 -2250960
1891 4871 -7300
1890 4871 146
1865 4871 365
1850 4871 1241
1838 4871 -73000
1835 4871 -365
8312 4872 -1839600
8311 4872 -1839600
8288 4872 -229950
8287 4872 -383373
8290 4872 -229950
8289 4872 -383189
8286 4872 -229950
8285 4872 -383189
2188 4872 -955935
2185 4872 -2250960
2164 4872 -7300
2163 4872 146
2138 4872 365
2123 4872 1241
2111 4872 -73000
2108 4872 -365
8314 4873 -1839600
8313 4873 -1839600
8294 4873 -229950
8293 4873 -383373
8296 4873 -229950
8295 4873 -383189
8292 4873 -229950
8291 4873 -383189
2461 4873 -955935
2458 4873 -2250960
2437 4873 -7300
2436 4873 146
2411 4873 365
2396 4873 1241
2384 4873 -73000
2381 4873 -365
8298 4874 -1839600
8297 4874 -1839600
8246 4874 -229950
8245 4874 -383373
8248 4874 -229950
8247 4874 -383189
8244 4874 -229950
8243 4874 -383189
277 4874 -955935
274 4874 -2250960
253 4874 -7300
252 4874 146
225 4874 365
212 4874 1241
199 4874 -73000
197 4874 -365
8300 4875 -1839600
8299 4875 -1839600
8252 4875 -229950
8251 4875 -383373
8254 4875 -229950
8253 4875 -383189
8250 4875 -229950
8249 4875 -383189
550 4875 -955935
547 4875 -2250960
526 4875 -7300
525 4875 146
498 4875 365
485 4875 1241
472 4875 -73000
470 4875 -365
8302 4876 -1839600
8301 4876 -1839600
8258 4876 -229950
8257 4876 -383373
8260 4876 -229950
8259 4876 -383189
8256 4876 -229950
8255 4876 -383189
823 4876 -9559350
820 4876 -2250960
799 4876 -14600
798 4876 146
771 4876 365
758 4876 4964
745 4876 -73000
743 4876 -365
8304 4877 -1839600
8303 4877 -1839600
8264 4877 -229950
8263 4877 -383373
8266 4877 -229950
8265 4877 -383189
8262 4877 -229950
8261 4877 -383189
1096 4877 -955935
1093 4877 -2250960
1072 4877 -7300
1071 4877 146
1044 4877 365
1031 4877 1241
1018 4877 -73000
1016 4877 -365
8306 4878 -1839600
8305 4878 -1839600
8270 4878 -229950
8269 4878 -383373
8272 4878 -229950
8271 4878 -383189
8268 4878 -229950
8267 4878 -383189
1369 4878 -955935
1366 4878 -2250960
1345 4878 -7300
1344 4878 146
1317 4878 365
1304 4878 1241
1291 4878 -73000
1289 4878 -365
8308 4879 -1839600
8307 4879 -1839600
8276 4879 -229950
8275 4879 -383373
8278 4879 -229950
8277 4879 -383189
8274 4879 -229950
8273 4879 -383189
1642 4879 -955935
1639 4879 -2250960
1618 4879 -7300
1617 4879 146
1590 4879 365
1577 4879 1241
1564 4879 -73000
1562 4879 -365
8310 4880 -1839600
8309 4880 -1839600
8282 4880 -229950
8281 4880 -383373
8284 4880 -229950
8283 4880 -383189
8280 4880 -229950
8279 4880 -383189
1915 4880 -955935
1912 4880 -2250960
1891 4880 -7300
1890 4880 146
1863 4880 365
1850 4880 1241
1837 4880 -73000
1835 4880 -365
8312 4881 -1839600
8311 4881 -1839600
8288 4881 -229950
8287 4881 -383373
8290 4881 -229950
8289 4881 -383189
8286 4881 -229950
8285 4881 -383189
2188 4881 -955935
2185 4881 -2250960
2164 4881 -7300
2163 4881 146
2136 4881 365
2123 4881 1241
2110 4881 -73000
2108 4881 -365
8314 4882 -1839600
8313 4882 -1839600
8294 4882 -229950
8293 4882 -383373
8296 4882 -229950
8295 4882 -383189
8292 4882 -229950
8291 4882 -383189
2461 4882 -955935
2458 4882 -2250960
2437 4882 -7300
2436 4882 146
2409 4882 365
2396 4882 1241
2383 4882 -73000
2381 4882 -365
8298 4883 -1839600
8297 4883 -1839600
8246 4883 -229950
8245 4883 -383373
8248 4883 -229950
8247 4883 -383189
8244 4883 -229950
8243 4883 -383189
277 4883 -955935
274 4883 -2250960
253 4883 -36500
252 4883 657
223 4883 365
212 4883 6278
197 4883 -365
140 4883 -730000
8300 4884 -1839600
8299 4884 -1839600
8252 4884 -229950
8251 4884 -383373
8254 4884 -229950
8253 4884 -383189
8250 4884 -229950
8249 4884 -383189
550 4884 -955935
547 4884 -2250960
526 4884 -36500
525 4884 657
496 4884 365
485 4884 6278
470 4884 -365
413 4884 -730000
8302 4885 -1839600
8301 4885 -1839600
8258 4885 -229950
8257 4885 -383373
8260 4885 -229950
8259 4885 -383189
8256 4885 -229950
8255 4885 -383189
823 4885 -9559350
820 4885 -2250960
799 4885 -73000
798 4885 657
769 4885 365
758 4885 25112
743 4885 -365
686 4885 -730000
8304 4886 -1839600
8303 4886 -1839600
8264 4886 -229950
8263 4886 -383373
8266 4886 -229950
8265 4886 -383189
8262 4886 -229950
8261 4886 -383189
1096 4886 -955935
1093 4886 -2250960
1072 4886 -36500
1071 4886 657
1042 4886 365
1031 4886 6278
1016 4886 -365
959 4886 -730000
8306 4887 -1839600
8305 4887 -1839600
8270 4887 -229950
8269 4887 -383373
8272 4887 -229950
8271 4887 -383189
8268 4887 -229950
8267 4887 -383189
1369 4887 -955935
1366 4887 -2250960
1345 4887 -36500
1344 4887 657
1315 4887 365
1304 4887 6278
1289 4887 -365
1232 4887 -730000
8308 4888 -1839600
8307 4888 -1839600
8276 4888 -229950
8275 4888 -383373
8278 4888 -229950
8277 4888 -383189
8274 4888 -229950
8273 4888 -383189
1642 4888 -955935
1639 4888 -2250960
1618 4888 -36500
1617 4888 657
1588 4888 365
1577 4888 6278
1562 4888 -365
1505 4888 -730000
8310 4889 -1839600
8309 4889 -1839600
8282 4889 -229950
8281 4889 -383373
8284 4889 -229950
8283 4889 -383189
8280 4889 -229950
8279 4889 -383189
1915 4889 -955935
1912 4889 -2250960
1891 4889 -36500
1890 4889 657
1861 4889 365
1850 4889 6278
1835 4889 -365
1778 4889 -730000
8312 4890 -1839600
8311 4890 -1839600
8288 4890 -229950
8287 4890 -383373
8290 4890 -229950
8289 4890 -383189
8286 4890 -229950
8285 4890 -383189
2188 4890 -955935
2185 4890 -2250960
2164 4890 -36500
2163 4890 657
2134 4890 365
2123 4890 6278
2108 4890 -365
2051 4890 -730000
8314 4891 -1839600
8313 4891 -1839600
8294 4891 -229950
8293 4891 -383373
8296 4891 -229950
8295 4891 -383189
8292 4891 -229950
8291 4891 -383189
2461 4891 -955935
2458 4891 -2250960
2437 4891 -36500
2436 4891 657
2407 4891 365
2396 4891 6278
2381 4891 -365
2324 4891 -730000
8298 4892 -1839600
8297 4892 -1839600
8246 4892 -229950
8245 4892 -383373
8248 4892 -229950
8247 4892 -383189
8244 4892 -229950
8243 4892 -383189
277 4892 -955935
274 4892 -2250960
253 4892 -36500
252 4892 657
223 4892 365
212 4892 6278
197 4892 -365
141 4892 -730000
8298 4893 -1839600
8297 4893 -1839600
8246 4893 -229950
8245 4893 -383373
8248 4893 -229950
8247 4893 -383189
8244 4893 -229950
8243 4893 -383189
277 4893 -955935
274 4893 -2250960
253 4893 -36500
252 4893 1095
222 4893 365
212 4893 5913
197 4893 -365
98 4893 -7300
8300 4894 -1839600
8299 4894 -1839600
8252 4894 -229950
8251 4894 -383373
8254 4894 -229950
8253 4894 -383189
8250 4894 -229950
8249 4894 -383189
550 4894 -955935
547 4894 -2250960
526 4894 -36500
525 4894 1095
495 4894 365
485 4894 5913
470 4894 -365
371 4894 -36500
8302 4895 -1839600
8301 4895 -1839600
8258 4895 -229950
8257 4895 -383373
8260 4895 -229950
8259 4895 -383189
8256 4895 -229950
8255 4895 -383189
823 4895 -9559350
820 4895 -2250960
799 4895 -73000
798 4895 1095
768 4895 365
758 4895 23652
743 4895 -365
644 4895 -36500
8304 4896 -1839600
8303 4896 -1839600
8264 4896 -229950
8263 4896 -383373
8266 4896 -229950
8265 4896 -383189
8262 4896 -229950
8261 4896 -383189
1096 4896 -955935
1093 4896 -2250960
1072 4896 -36500
1071 4896 1095
1041 4896 365
1031 4896 5913
1016 4896 -365
917 4896 -36500
8306 4897 -1839600
8305 4897 -1839600
8270 4897 -229950
8269 4897 -383373
8272 4897 -229950
8271 4897 -383189
8268 4897 -229950
8267 4897 -383189
1369 4897 -955935
1366 4897 -2250960
1345 4897 -36500
1344 4897 1095
1314 4897 365
1304 4897 5913
1289 4897 -365
1190 4897 -36500
8308 4898 -1839600
8307 4898 -1839600
8276 4898 -229950
8275 4898 -383373
8278 4898 -229950
8277 4898 -383189
8274 4898 -229950
8273 4898 -383189
1642 4898 -955935
1639 4898 -2250960
1618 4898 -36500
1617 4898 1095
1587 4898 365
1577 4898 5913
1562 4898 -365
1463 4898 -36500
8310 4899 -1839600
8309 4899 -1839600
8282 4899 -229950
8281 4899 -383373
8284 4899 -229950
8283 4899 -383189
8280 4899 -229950
8279 4899 -383189
1915 4899 -955935
1912 4899 -2250960
1891 4899 -36500
1890 4899 1095
1860 4899 365
1850 4899 5913
1835 4899 -365
1736 4899 -36500
8312 4900 -1839600
8311 4900 -1839600
8288 4900 -229950
8287 4900 -383373
8290 4900 -229950
8289 4900 -383189
8286 4900 -229950
8285 4900 -383189
2188 4900 -955935
2185 4900 -2250960
2164 4900 -36500
2163 4900 1095
2133 4900 365
2123 4900 5913
2108 4900 -365
2009 4900 -36500
8314 4901 -1839600
8313 4901 -1839600
8294 4901 -229950
8293 4901 -383373
8296 4901 -229950
8295 4901 -383189
8292 4901 -229950
8291 4901 -383189
2461 4901 -955935
2458 4901 -2250960
2437 4901 -36500
2436 4901 1095
2406 4901 365
2396 4901 5913
2381 4901 -365
2282 4901 -36500
6831 4902 -33799
2719 4902 1
6977 4903 -33799
2972 4903 1
7133 4904 -33799
3237 4904 1
7294 4905 -33799
3509 4905 1
7456 4906 -33799
3783 4906 1
7623 4907 -33799
4062 4907 1
7808 4908 -33799
4359 4908 1
7993 4909 -33799
4656 4909 1
8178 4910 -33799
4953 4910 1
8298 4911 -1839600
8297 4911 -1839600
8246 4911 -229950
8245 4911 -383373
8248 4911 -229950
8247 4911 -383189
8244 4911 -229950
8243 4911 -383189
277 4911 -955935
274 4911 -2250960
253 4911 -8395
252 4911 146
212 4911 2044
154 4911 -73000
126 4911 72927
112 4911 -365
8300 4912 -1839600
8299 4912 -1839600
8252 4912 -229950
8251 4912 -383373
8254 4912 -229950
8253 4912 -383189
8250 4912 -229950
8249 4912 -383189
550 4912 -955935
547 4912 -2250960
526 4912 -8395
525 4912 146
485 4912 2044
427 4912 -73000
399 4912 72927
385 4912 -365
8302 4913 -1839600
8301 4913 -1839600
8258 4913 -229950
8257 4913 -383373
8260 4913 -229950
8259 4913 -383189
8256 4913 -229950
8255 4913 -383189
823 4913 -9559350
820 4913 -2250960
799 4913 -16790
798 4913 146
758 4913 8176
700 4913 -73000
672 4913 72927
658 4913 -365
8304 4914 -1839600
8303 4914 -1839600
8264 4914 -229950
8263 4914 -383373
8266 4914 -229950
8265 4914 -383189
8262 4914 -229950
8261 4914 -383189
1096 4914 -955935
1093 4914 -2250960
1072 4914 -8395
1071 4914 146
1031 4914 2044
973 4914 -73000
945 4914 72927
931 4914 -365
8306 4915 -1839600
8305 4915 -1839600
8270 4915 -229950
8269 4915 -383373
8272 4915 -229950
8271 4915 -383189
8268 4915 -229950
8267 4915 -383189
1369 4915 -955935
1366 4915 -2250960
1345 4915 -8395
1344 4915 146
1304 4915 2044
1246 4915 -73000
1218 4915 72927
1204 4915 -365
8308 4916 -1839600
8307 4916 -1839600
8276 4916 -229950
8275 4916 -383373
8278 4916 -229950
8277 4916 -383189
8274 4916 -229950
8273 4916 -383189
1642 4916 -955935
1639 4916 -2250960
1618 4916 -8395
1617 4916 146
1577 4916 2044
1519 4916 -73000
1491 4916 72927
1477 4916 -365
8310 4917 -1839600
8309 4917 -1839600
8282 4917 -229950
8281 4917 -383373
8284 4917 -229950
8283 4917 -383189
8280 4917 -229950
8279 4917 -383189
1915 4917 -955935
1912 4917 -2250960
1891 4917 -8395
1890 4917 146
1850 4917 2044
1792 4917 -73000
1764 4917 72927
1750 4917 -365
8312 4918 -1839600
8311 4918 -1839600
8288 4918 -229950
8287 4918 -383373
8290 4918 -229950
8289 4918 -383189
8286 4918 -229950
8285 4918 -383189
2188 4918 -955935
2185 4918 -2250960
2164 4918 -8395
2163 4918 146
2123 4918 2044
2065 4918 -73000
2037 4918 72927
2023 4918 -365
8314 4919 -1839600
8313 4919 -1839600
8294 4919 -229950
8293 4919 -383373
8296 4919 -229950
8295 4919 -383189
8292 4919 -229950
8291 4919 -383189
2461 4919 -955935
2458 4919 -2250960
2437 4919 -8395
2436 4919 146
2396 4919 2044
2338 4919 -73000
2310 4919 72927
2296 4919 -365
8298 4920 -1839600
8297 4920 -1839600
8246 4920 -229950
8245 4920 -383373
8248 4920 -229950
8247 4920 -383189
8244 4920 -229950
8243 4920 -383189
277 4920 -955935
274 4920 -2250960
253 4920 -8395
252 4920 73
212 4920 2117
153 4920 -365
127 4920 72927
112 4920 -365
8300 4921 -1839600
8299 4921 -1839600
8252 4921 -229950
8251 4921 -383373
8254 4921 -229950
8253 4921 -383189
8250 4921 -229950
8249 4921 -383189
550 4921 -955935
547 4921 -2250960
526 4921 -8395
525 4921 73
485 4921 2117
426 4921 -365
400 4921 72927
385 4921 -365
8302 4922 -1839600
8301 4922 -1839600
8258 4922 -229950
8257 4922 -383373
8260 4922 -229950
8259 4922 -383189
8256 4922 -229950
8255 4922 -383189
823 4922 -9559350
820 4922 -2250960
799 4922 -16790
798 4922 73
758 4922 8468
699 4922 -365
673 4922 72927
658 4922 -365
8304 4923 -1839600
8303 4923 -1839600
8264 4923 -229950
8263 4923 -383373
8266 4923 -229950
8265 4923 -383189
8262 4923 -229950
8261 4923 -383189
1096 4923 -955935
1093 4923 -2250960
1072 4923 -8395
1071 4923 73
1031 4923 2117
972 4923 -365
946 4923 72927
931 4923 -365
8306 4924 -1839600
8305 4924 -1839600
8270 4924 -229950
8269 4924 -383373
8272 4924 -229950
8271 4924 -383189
8268 4924 -229950
8267 4924 -383189
1369 4924 -955935
1366 4924 -2250960
1345 4924 -8395
1344 4924 73
1304 4924 2117
1245 4924 -365
1219 4924 72927
1204 4924 -365
8308 4925 -1839600
8307 4925 -1839600
8276 4925 -229950
8275 4925 -383373
8278 4925 -229950
8277 4925 -383189
8274 4925 -229950
8273 4925 -383189
1642 4925 -955935
1639 4925 -2250960
1618 4925 -8395
1617 4925 73
1577 4925 2117
1518 4925 -365
1492 4925 72927
1477 4925 -365
8310 4926 -1839600
8309 4926 -1839600
8282 4926 -229950
8281 4926 -383373
8284 4926 -229950
8283 4926 -383189
8280 4926 -229950
8279 4926 -383189
1915 4926 -955935
1912 4926 -2250960
1891 4926 -8395
1890 4926 73
1850 4926 2117
1791 4926 -365
1765 4926 72927
1750 4926 -365
8312 4927 -1839600
8311 4927 -1839600
8288 4927 -229950
8287 4927 -383373
8290 4927 -229950
8289 4927 -383189
8286 4927 -229950
8285 4927 -383189
2188 4927 -955935
2185 4927 -2250960
2164 4927 -8395
2163 4927 73
2123 4927 2117
2064 4927 -365
2038 4927 72927
2023 4927 -365
8314 4928 -1839600
8313 4928 -1839600
8294 4928 -229950
8293 4928 -383373
8296 4928 -229950
8295 4928 -383189
8292 4928 -229950
8291 4928 -383189
2461 4928 -955935
2458 4928 -2250960
2437 4928 -8395
2436 4928 73
2396 4928 2117
2337 4928 -365
2311 4928 72927
2296 4928 -365
8298 4929 -1839600
8297 4929 -1839600
8246 4929 -229950
8245 4929 -383373
8248 4929 -229950
8247 4929 -383189
8244 4929 -229950
8243 4929 -383189
277 4929 -955935
274 4929 -2250960
253 4929 -8395
252 4929 146
212 4929 2044
152 4929 -36500
126 4929 72927
112 4929 -365
8300 4930 -1839600
8299 4930 -1839600
8252 4930 -229950
8251 4930 -383373
8254 4930 -229950
8253 4930 -383189
8250 4930 -229950
8249 4930 -383189
550 4930 -955935
547 4930 -2250960
526 4930 -8395
525 4930 146
485 4930 2044
425 4930 -36500
399 4930 72927
385 4930 -365
8302 4931 -1839600
8301 4931 -1839600
8258 4931 -229950
8257 4931 -383373
8260 4931 -229950
8259 4931 -383189
8256 4931 -229950
8255 4931 -383189
823 4931 -9559350
820 4931 -2250960
799 4931 -16790
798 4931 146
758 4931 8176
698 4931 -36500
672 4931 72927
658 4931 -365
8304 4932 -1839600
8303 4932 -1839600
8264 4932 -229950
8263 4932 -383373
8266 4932 -229950
8265 4932 -383189
8262 4932 -229950
8261 4932 -383189
1096 4932 -955935
1093 4932 -2250960
1072 4932 -8395
1071 4932 146
1031 4932 2044
971 4932 -36500
945 4932 72927
931 4932 -365
8306 4933 -1839600
8305 4933 -1839600
8270 4933 -229950
8269 4933 -383373
8272 4933 -229950
8271 4933 -383189
8268 4933 -229950
8267 4933 -383189
1369 4933 -955935
1366 4933 -2250960
1345 4933 -8395
1344 4933 146
1304 4933 2044
1244 4933 -36500
1218 4933 72927
1204 4933 -365
8308 4934 -1839600
8307 4934 -1839600
8276 4934 -229950
8275 4934 -383373
8278 4934 -229950
8277 4934 -383189
8274 4934 -229950
8273 4934 -383189
1642 4934 -955935
1639 4934 -2250960
1618 4934 -8395
1617 4934 146
1577 4934 2044
1517 4934 -36500
1491 4934 72927
1477 4934 -365
8310 4935 -1839600
8309 4935 -1839600
8282 4935 -229950
8281 4935 -383373
8284 4935 -229950
8283 4935 -383189
8280 4935 -229950
8279 4935 -383189
1915 4935 -955935
1912 4935 -2250960
1891 4935 -8395
1890 4935 146
1850 4935 2044
1790 4935 -36500
1764 4935 72927
1750 4935 -365
8312 4936 -1839600
8311 4936 -1839600
8288 4936 -229950
8287 4936 -383373
8290 4936 -229950
8289 4936 -383189
8286 4936 -229950
8285 4936 -383189
2188 4936 -955935
2185 4936 -2250960
2164 4936 -8395
2163 4936 146
2123 4936 2044
2063 4936 -36500
2037 4936 72927
2023 4936 -365
8314 4937 -1839600
8313 4937 -1839600
8294 4937 -229950
8293 4937 -383373
8296 4937 -229950
8295 4937 -383189
8292 4937 -229950
8291 4937 -383189
2461 4937 -955935
2458 4937 -2250960
2437 4937 -8395
2436 4937 146
2396 4937 2044
2336 4937 -36500
2310 4937 72927
2296 4937 -365
8298 4938 -1839600
8297 4938 -1839600
8246 4938 -229950
8245 4938 -383373
8248 4938 -229950
8247 4938 -383189
8244 4938 -229950
8243 4938 -383189
277 4938 -955935
274 4938 -2250960
253 4938 -12410
252 4938 584
212 4938 2920
162 4938 -73000
122 4938 36427
112 4938 -365
8300 4939 -1839600
8299 4939 -1839600
8252 4939 -229950
8251 4939 -383373
8254 4939 -229950
8253 4939 -383189
8250 4939 -229950
8249 4939 -383189
550 4939 -955935
547 4939 -2250960
526 4939 -12410
525 4939 584
485 4939 2920
435 4939 -73000
395 4939 36427
385 4939 -365
8302 4940 -1839600
8301 4940 -1839600
8258 4940 -229950
8257 4940 -383373
8260 4940 -229950
8259 4940 -383189
8256 4940 -229950
8255 4940 -383189
823 4940 -9559350
820 4940 -2250960
799 4940 -24820
798 4940 584
758 4940 11680
708 4940 -73000
668 4940 36427
658 4940 -365
8304 4941 -1839600
8303 4941 -1839600
8264 4941 -229950
8263 4941 -383373
8266 4941 -229950
8265 4941 -383189
8262 4941 -229950
8261 4941 -383189
1096 4941 -955935
1093 4941 -2250960
1072 4941 -12410
1071 4941 584
1031 4941 2920
981 4941 -73000
941 4941 36427
931 4941 -365
8306 4942 -1839600
8305 4942 -1839600
8270 4942 -229950
8269 4942 -383373
8272 4942 -229950
8271 4942 -383189
8268 4942 -229950
8267 4942 -383189
1369 4942 -955935
1366 4942 -2250960
1345 4942 -12410
1344 4942 584
1304 4942 2920
1254 4942 -73000
1214 4942 36427
1204 4942 -365
8308 4943 -1839600
8307 4943 -1839600
8276 4943 -229950
8275 4943 -383373
8278 4943 -229950
8277 4943 -383189
8274 4943 -229950
8273 4943 -383189
1642 4943 -955935
1639 4943 -2250960
1618 4943 -12410
1617 4943 584
1577 4943 2920
1527 4943 -73000
1487 4943 36427
1477 4943 -365
8310 4944 -1839600
8309 4944 -1839600
8282 4944 -229950
8281 4944 -383373
8284 4944 -229950
8283 4944 -383189
8280 4944 -229950
8279 4944 -383189
1915 4944 -955935
1912 4944 -2250960
1891 4944 -12410
1890 4944 584
1850 4944 2920
1800 4944 -73000
1760 4944 36427
1750 4944 -365
8312 4945 -1839600
8311 4945 -1839600
8288 4945 -229950
8287 4945 -383373
8290 4945 -229950
8289 4945 -383189
8286 4945 -229950
8285 4945 -383189
2188 4945 -955935
2185 4945 -2250960
2164 4945 -12410
2163 4945 584
2123 4945 2920
2073 4945 -73000
2033 4945 36427
2023 4945 -365
8314 4946 -1839600
8313 4946 -1839600
8294 4946 -229950
8293 4946 -383373
8296 4946 -229950
8295 4946 -383189
8292 4946 -229950
8291 4946 -383189
2461 4946 -955935
2458 4946 -2250960
2437 4946 -12410
2436 4946 584
2396 4946 2920
2346 4946 -73000
2306 4946 36427
2296 4946 -365
8298 4947 -1839600
8297 4947 -1839600
8246 4947 -229950
8245 4947 -383373
8248 4947 -229950
8247 4947 -383189
8244 4947 -229950
8243 4947 -383189
277 4947 -955935
274 4947 -2250960
253 4947 -9125
252 4947 219
212 4947 2555
160 4947 -18250
121 4947 36427
112 4947 -365
8300 4948 -1839600
8299 4948 -1839600
8252 4948 -229950
8251 4948 -383373
8254 4948 -229950
8253 4948 -383189
8250 4948 -229950
8249 4948 -383189
550 4948 -955935
547 4948 -2250960
526 4948 -9125
525 4948 219
485 4948 2555
433 4948 -18250
394 4948 36427
385 4948 -365
8302 4949 -1839600
8301 4949 -1839600
8258 4949 -229950
8257 4949 -383373
8260 4949 -229950
8259 4949 -383189
8256 4949 -229950
8255 4949 -383189
823 4949 -9559350
820 4949 -2250960
799 4949 -18250
798 4949 219
758 4949 10220
706 4949 -18250
667 4949 36427
658 4949 -365
8304 4950 -1839600
8303 4950 -1839600
8264 4950 -229950
8263 4950 -383373
8266 4950 -229950
8265 4950 -383189
8262 4950 -229950
8261 4950 -383189
1096 4950 -955935
1093 4950 -2250960
1072 4950 -9125
1071 4950 219
1031 4950 2555
979 4950 -18250
940 4950 36427
931 4950 -365
8306 4951 -1839600
8305 4951 -1839600
8270 4951 -229950
8269 4951 -383373
8272 4951 -229950
8271 4951 -383189
8268 4951 -229950
8267 4951 -383189
1369 4951 -955935
1366 4951 -2250960
1345 4951 -9125
1344 4951 219
1304 4951 2555
1252 4951 -18250
1213 4951 36427
1204 4951 -365
8308 4952 -1839600
8307 4952 -1839600
8276 4952 -229950
8275 4952 -383373
8278 4952 -229950
8277 4952 -383189
8274 4952 -229950
8273 4952 -383189
1642 4952 -955935
1639 4952 -2250960
1618 4952 -9125
1617 4952 219
1577 4952 2555
1525 4952 -18250
1486 4952 36427
1477 4952 -365
8310 4953 -1839600
8309 4953 -1839600
8282 4953 -229950
8281 4953 -383373
8284 4953 -229950
8283 4953 -383189
8280 4953 -229950
8279 4953 -383189
1915 4953 -955935
1912 4953 -2250960
1891 4953 -9125
1890 4953 219
1850 4953 2555
1798 4953 -18250
1759 4953 36427
1750 4953 -365
8312 4954 -1839600
8311 4954 -1839600
8288 4954 -229950
8287 4954 -383373
8290 4954 -229950
8289 4954 -383189
8286 4954 -229950
8285 4954 -383189
2188 4954 -955935
2185 4954 -2250960
2164 4954 -9125
2163 4954 219
2123 4954 2555
2071 4954 -18250
2032 4954 36427
2023 4954 -365
8314 4955 -1839600
8313 4955 -1839600
8294 4955 -229950
8293 4955 -383373
8296 4955 -229950
8295 4955 -383189
8292 4955 -229950
8291 4955 -383189
2461 4955 -955935
2458 4955 -2250960
2437 4955 -9125
2436 4955 219
2396 4955 2555
2344 4955 -18250
2305 4955 36427
2296 4955 -365
8298 4956 -1839600
8297 4956 -1839600
8246 4956 -229950
8245 4956 -383373
8248 4956 -229950
8247 4956 -383189
8244 4956 -229950
8243 4956 -383189
277 4956 -955935
274 4956 -2250960
253 4956 -27010
252 4956 2409
212 4956 3650
120 4956 -73000
112 4956 -365
110 4956 72854
8300 4957 -1839600
8299 4957 -1839600
8252 4957 -229950
8251 4957 -383373
8254 4957 -229950
8253 4957 -383189
8250 4957 -229950
8249 4957 -383189
550 4957 -955935
547 4957 -2250960
526 4957 -27010
525 4957 2409
485 4957 3650
393 4957 -73000
385 4957 -365
383 4957 72854
8302 4958 -1839600
8301 4958 -1839600
8258 4958 -229950
8257 4958 -383373
8260 4958 -229950
8259 4958 -383189
8256 4958 -229950
8255 4958 -383189
823 4958 -9559350
820 4958 -2250960
799 4958 -54020
798 4958 2409
758 4958 14600
666 4958 -73000
658 4958 -365
656 4958 72854
8304 4959 -1839600
8303 4959 -1839600
8264 4959 -229950
8263 4959 -383373
8266 4959 -229950
8265 4959 -383189
8262 4959 -229950
8261 4959 -383189
1096 4959 -955935
1093 4959 -2250960
1072 4959 -27010
1071 4959 2409
1031 4959 3650
939 4959 -73000
931 4959 -365
929 4959 72854
8306 4960 -1839600
8305 4960 -1839600
8270 4960 -229950
8269 4960 -383373
8272 4960 -229950
8271 4960 -383189
8268 4960 -229950
8267 4960 -383189
1369 4960 -955935
1366 4960 -2250960
1345 4960 -27010
1344 4960 2409
1304 4960 3650
1212 4960 -73000
1204 4960 -365
1202 4960 72854
8308 4961 -1839600
8307 4961 -1839600
8276 4961 -229950
8275 4961 -383373
8278 4961 -229950
8277 4961 -383189
8274 4961 -229950
8273 4961 -383189
1642 4961 -955935
1639 4961 -2250960
1618 4961 -27010
1617 4961 2409
1577 4961 3650
1485 4961 -73000
1477 4961 -365
1475 4961 72854
8310 4962 -1839600
8309 4962 -1839600
8282 4962 -229950
8281 4962 -383373
8284 4962 -229950
8283 4962 -383189
8280 4962 -229950
8279 4962 -383189
1915 4962 -955935
1912 4962 -2250960
1891 4962 -27010
1890 4962 2409
1850 4962 3650
1758 4962 -73000
1750 4962 -365
1748 4962 72854
8312 4963 -1839600
8311 4963 -1839600
8288 4963 -229950
8287 4963 -383373
8290 4963 -229950
8289 4963 -383189
8286 4963 -229950
8285 4963 -383189
2188 4963 -955935
2185 4963 -2250960
2164 4963 -27010
2163 4963 2409
2123 4963 3650
2031 4963 -73000
2023 4963 -365
2021 4963 72854
8314 4964 -1839600
8313 4964 -1839600
8294 4964 -229950
8293 4964 -383373
8296 4964 -229950
8295 4964 -383189
8292 4964 -229950
8291 4964 -383189
2461 4964 -955935
2458 4964 -2250960
2437 4964 -27010
2436 4964 2409
2396 4964 3650
2304 4964 -73000
2296 4964 -365
2294 4964 72854
8298 4965 -1839600
8297 4965 -1839600
8246 4965 -229950
8245 4965 -383373
8248 4965 -229950
8247 4965 -383189
8244 4965 -229950
8243 4965 -383189
277 4965 -955935
274 4965 -2250960
253 4965 -17520
252 4965 1460
212 4965 2920
125 4965 -36500
112 4965 -365
111 4965 36427
110 4965 36427
8300 4966 -1839600
8299 4966 -1839600
8252 4966 -229950
8251 4966 -383373
8254 4966 -229950
8253 4966 -383189
8250 4966 -229950
8249 4966 -383189
550 4966 -955935
547 4966 -2250960
526 4966 -17520
525 4966 1460
485 4966 2920
398 4966 -36500
385 4966 -365
384 4966 36427
383 4966 36427
8302 4967 -1839600
8301 4967 -1839600
8258 4967 -229950
8257 4967 -383373
8260 4967 -229950
8259 4967 -383189
8256 4967 -229950
8255 4967 -383189
823 4967 -9559350
820 4967 -2250960
799 4967 -35040
798 4967 1460
758 4967 11680
671 4967 -36500
658 4967 -365
657 4967 36427
656 4967 36427
8304 4968 -1839600
8303 4968 -1839600
8264 4968 -229950
8263 4968 -383373
8266 4968 -229950
8265 4968 -383189
8262 4968 -229950
8261 4968 -383189
1096 4968 -955935
1093 4968 -2250960
1072 4968 -17520
1071 4968 1460
1031 4968 2920
944 4968 -36500
931 4968 -365
930 4968 36427
929 4968 36427
8306 4969 -1839600
8305 4969 -1839600
8270 4969 -229950
8269 4969 -383373
8272 4969 -229950
8271 4969 -383189
8268 4969 -229950
8267 4969 -383189
1369 4969 -955935
1366 4969 -2250960
1345 4969 -17520
1344 4969 1460
1304 4969 2920
1217 4969 -36500
1204 4969 -365
1203 4969 36427
1202 4969 36427
8308 4970 -1839600
8307 4970 -1839600
8276 4970 -229950
8275 4970 -383373
8278 4970 -229950
8277 4970 -383189
8274 4970 -229950
8273 4970 -383189
1642 4970 -955935
1639 4970 -2250960
1618 4970 -17520
1617 4970 1460
1577 4970 2920
1490 4970 -36500
1477 4970 -365
1476 4970 36427
1475 4970 36427
8310 4971 -1839600
8309 4971 -1839600
8282 4971 -229950
8281 4971 -383373
8284 4971 -229950
8283 4971 -383189
8280 4971 -229950
8279 4971 -383189
1915 4971 -955935
1912 4971 -2250960
1891 4971 -17520
1890 4971 1460
1850 4971 2920
1763 4971 -36500
1750 4971 -365
1749 4971 36427
1748 4971 36427
8312 4972 -1839600
8311 4972 -1839600
8288 4972 -229950
8287 4972 -383373
8290 4972 -229950
8289 4972 -383189
8286 4972 -229950
8285 4972 -383189
2188 4972 -955935
2185 4972 -2250960
2164 4972 -17520
2163 4972 1460
2123 4972 2920
2036 4972 -36500
2023 4972 -365
2022 4972 36427
2021 4972 36427
8314 4973 -1839600
8313 4973 -1839600
8294 4973 -229950
8293 4973 -383373
8296 4973 -229950
8295 4973 -383189
8292 4973 -229950
8291 4973 -383189
2461 4973 -955935
2458 4973 -2250960
2437 4973 -17520
2436 4973 1460
2396 4973 2920
2309 4973 -36500
2296 4973 -365
2295 4973 36427
2294 4973 36427
8302 4974 -1839600
8301 4974 -1839600
8258 4974 -229950
8257 4974 -383373
8260 4974 -229950
8259 4974 -383189
8256 4974 -229950
8255 4974 -383189
823 4974 -9559350
820 4974 -2250960
799 4974 -35040
798 4974 876
758 4974 14016
675 4974 -365
658 4974 -365
656 4974 72854
8314 4975 -1839600
8313 4975 -1839600
8294 4975 -229950
8293 4975 -383373
8296 4975 -229950
8295 4975 -383189
8292 4975 -229950
8291 4975 -383189
2461 4975 -955935
2458 4975 -2250960
2437 4975 -17520
2436 4975 876
2396 4975 3504
2313 4975 -365
2296 4975 -365
2294 4975 72854
8304 4976 -1839600
8303 4976 -1839600
8264 4976 -229950
8263 4976 -383373
8266 4976 -229950
8265 4976 -383189
8262 4976 -229950
8261 4976 -383189
1096 4976 -955935
1093 4976 -2250960
1072 4976 -50370
1071 4976 730
1031 4976 8760
985 4976 -730000
931 4976 -365
928 4976 73073
8308 4977 -1839600
8307 4977 -1839600
8276 4977 -229950
8275 4977 -383373
8278 4977 -229950
8277 4977 -383189
8274 4977 -229950
8273 4977 -383189
1642 4977 -955935
1639 4977 -2250960
1618 4977 -50370
1617 4977 730
1577 4977 8760
1531 4977 -730000
1477 4977 -365
1474 4977 73073
8310 4978 -1839600
8309 4978 -1839600
8282 4978 -229950
8281 4978 -383373
8284 4978 -229950
8283 4978 -383189
8280 4978 -229950
8279 4978 -383189
1915 4978 -955935
1912 4978 -2250960
1891 4978 -50370
1890 4978 730
1850 4978 8760
1804 4978 -730000
1750 4978 -365
1747 4978 73073
8314 4979 -1839600
8313 4979 -1839600
8294 4979 -229950
8293 4979 -383373
8296 4979 -229950
8295 4979 -383189
8292 4979 -229950
8291 4979 -383189
2461 4979 -955935
2458 4979 -2250960
2437 4979 -50370
2436 4979 730
2396 4979 8760
2350 4979 -730000
2296 4979 -365
2293 4979 73073
8298 4980 -1839600
8297 4980 -1839600
8246 4980 -229950
8245 4980 -383373
8248 4980 -229950
8247 4980 -383189
8244 4980 -229950
8243 4980 -383189
277 4980 -955935
274 4980 -2250960
253 4980 -64240
252 4980 3504
212 4980 8614
165 4980 -73000
112 4980 -365
108 4980 73073
8300 4981 -1839600
8299 4981 -1839600
8252 4981 -229950
8251 4981 -383373
8254 4981 -229950
8253 4981 -383189
8250 4981 -229950
8249 4981 -383189
550 4981 -955935
547 4981 -2250960
526 4981 -64240
525 4981 3504
485 4981 8614
438 4981 -73000
385 4981 -365
381 4981 73073
8302 4982 -1839600
8301 4982 -1839600
8258 4982 -229950
8257 4982 -383373
8260 4982 -229950
8259 4982 -383189
8256 4982 -229950
8255 4982 -383189
823 4982 -9559350
820 4982 -2250960
799 4982 -128480
798 4982 3504
758 4982 34456
711 4982 -73000
658 4982 -365
654 4982 73073
8304 4983 -1839600
8303 4983 -1839600
8264 4983 -229950
8263 4983 -383373
8266 4983 -229950
8265 4983 -383189
8262 4983 -229950
8261 4983 -383189
1096 4983 -955935
1093 4983 -2250960
1072 4983 -64240
1071 4983 3504
1031 4983 8614
984 4983 -73000
931 4983 -365
927 4983 73073
8306 4984 -1839600
8305 4984 -1839600
8270 4984 -229950
8269 4984 -383373
8272 4984 -229950
8271 4984 -383189
8268 4984 -229950
8267 4984 -383189
1369 4984 -955935
1366 4984 -2250960
1345 4984 -64240
1344 4984 3504
1304 4984 8614
1257 4984 -73000
1204 4984 -365
1200 4984 73073
8308 4985 -1839600
8307 4985 -1839600
8276 4985 -229950
8275 4985 -383373
8278 4985 -229950
8277 4985 -383189
8274 4985 -229950
8273 4985 -383189
1642 4985 -955935
1639 4985 -2250960
1618 4985 -64240
1617 4985 3504
1577 4985 8614
1530 4985 -73000
1477 4985 -365
1473 4985 73073
8310 4986 -1839600
8309 4986 -1839600
8282 4986 -229950
8281 4986 -383373
8284 4986 -229950
8283 4986 -383189
8280 4986 -229950
8279 4986 -383189
1915 4986 -955935
1912 4986 -2250960
1891 4986 -64240
1890 4986 3504
1850 4986 8614
1803 4986 -73000
1750 4986 -365
1746 4986 73073
8314 4987 -1839600
8313 4987 -1839600
8294 4987 -229950
8293 4987 -383373
8296 4987 -229950
8295 4987 -383189
8292 4987 -229950
8291 4987 -383189
2461 4987 -955935
2458 4987 -2250960
2437 4987 -64240
2436 4987 3504
2396 4987 8614
2349 4987 -73000
2296 4987 -365
2292 4987 73073
8298 4988 -1839600
8297 4988 -1839600
8246 4988 -229950
8245 4988 -383373
8248 4988 -229950
8247 4988 -383189
8244 4988 -229950
8243 4988 -383189
277 4988 -955935
274 4988 -2250960
253 4988 -234768
252 4988 4161
212 4988 6716
145 4988 -73000
133 4988 73073
112 4988 -365
8300 4989 -1839600
8299 4989 -1839600
8252 4989 -229950
8251 4989 -383373
8254 4989 -229950
8253 4989 -383189
8250 4989 -229950
8249 4989 -383189
550 4989 -955935
547 4989 -2250960
526 4989 -234768
525 4989 4161
485 4989 6716
418 4989 -73000
406 4989 73073
385 4989 -365
8302 4990 -1839600
8301 4990 -1839600
8258 4990 -229950
8257 4990 -383373
8260 4990 -229950
8259 4990 -383189
8256 4990 -229950
8255 4990 -383189
823 4990 -9559350
820 4990 -2250960
799 4990 -469536
798 4990 4161
758 4990 26864
691 4990 -73000
679 4990 73073
658 4990 -365
8304 4991 -1839600
8303 4991 -1839600
8264 4991 -229950
8263 4991 -383373
8266 4991 -229950
8265 4991 -383189
8262 4991 -229950
8261 4991 -383189
1096 4991 -955935
1093 4991 -2250960
1072 4991 -234768
1071 4991 4161
1031 4991 6716
964 4991 -73000
952 4991 73073
931 4991 -365
8306 4992 -1839600
8305 4992 -1839600
8270 4992 -229950
8269 4992 -383373
8272 4992 -229950
8271 4992 -383189
8268 4992 -229950
8267 4992 -383189
1369 4992 -955935
1366 4992 -2250960
1345 4992 -234768
1344 4992 4161
1304 4992 6716
1237 4992 -73000
1225 4992 73073
1204 4992 -365
8308 4993 -1839600
8307 4993 -1839600
8276 4993 -229950
8275 4993 -383373
8278 4993 -229950
8277 4993 -383189
8274 4993 -229950
8273 4993 -383189
1642 4993 -955935
1639 4993 -2250960
1618 4993 -234768
1617 4993 4161
1577 4993 6716
1510 4993 -73000
1498 4993 73073
1477 4993 -365
8310 4994 -1839600
8309 4994 -1839600
8282 4994 -229950
8281 4994 -383373
8284 4994 -229950
8283 4994 -383189
8280 4994 -229950
8279 4994 -383189
1915 4994 -955935
1912 4994 -2250960
1891 4994 -234768
1890 4994 4161
1850 4994 6716
1783 4994 -73000
1771 4994 73073
1750 4994 -365
8312 4995 -1839600
8311 4995 -1839600
8288 4995 -229950
8287 4995 -383373
8290 4995 -229950
8289 4995 -383189
8286 4995 -229950
8285 4995 -383189
2188 4995 -955935
2185 4995 -2250960
2164 4995 -234768
2163 4995 4161
2123 4995 6716
2056 4995 -73000
2044 4995 73073
2023 4995 -365
8314 4996 -1839600
8313 4996 -1839600
8294 4996 -229950
8293 4996 -383373
8296 4996 -229950
8295 4996 -383189
8292 4996 -229950
8291 4996 -383189
2461 4996 -955935
2458 4996 -2250960
2437 4996 -234768
2436 4996 4161
2396 4996 6716
2329 4996 -73000
2317 4996 73073
2296 4996 -365
6978 4997 -8249
2973 4997 1
7134 4998 -8249
3238 4998 1
7295 4999 -8249
3510 4999 1
7457 5000 -8249
3784 5000 1
7624 5001 -8249
4063 5001 1
7809 5002 -8249
4360 5002 1
7994 5003 -8249
4657 5003 1
8179 5004 -8249
4954 5004 1
8300 5005 -20367000
8299 5005 -20367000
8252 5005 -2545875
8251 5005 -4244483
8254 5005 -2545875
8253 5005 -4242446
8250 5005 -2545875
8249 5005 -4242446
550 5005 -2276500
547 5005 -11132500
526 5005 -138700
525 5005 5840
510 5005 219
508 5005 -9125
494 5005 -365
485 5005 3650
469 5005 219
428 5005 146
404 5005 36573
403 5005 365
371 5005 219
367 5005 365
8302 5006 -20367000
8301 5006 -20367000
8258 5006 -2545875
8257 5006 -4244483
8260 5006 -2545875
8259 5006 -4242446
8256 5006 -2545875
8255 5006 -4242446
823 5006 -22765000
820 5006 -11132500
799 5006 -277400
798 5006 5840
783 5006 5475
781 5006 -9125
767 5006 -365
758 5006 14600
742 5006 10950
701 5006 146
677 5006 36573
676 5006 365
644 5006 219
640 5006 36500
8304 5007 -20367000
8303 5007 -20367000
8264 5007 -2545875
8263 5007 -4244483
8266 5007 -2545875
8265 5007 -4242446
8262 5007 -2545875
8261 5007 -4242446
1096 5007 -2276500
1093 5007 -11132500
1072 5007 -138700
1071 5007 5840
1056 5007 219
1054 5007 -9125
1040 5007 -365
1031 5007 3650
1015 5007 219
974 5007 146
950 5007 36573
949 5007 365
917 5007 219
913 5007 365
8306 5008 -20367000
8305 5008 -20367000
8270 5008 -2545875
8269 5008 -4244483
8272 5008 -2545875
8271 5008 -4242446
8268 5008 -2545875
8267 5008 -4242446
1369 5008 -2276500
1366 5008 -11132500
1345 5008 -138700
1344 5008 5840
1329 5008 219
1327 5008 -9125
1313 5008 -365
1304 5008 3650
1288 5008 219
1247 5008 146
1223 5008 36573
1222 5008 365
1190 5008 219
1186 5008 365
8308 5009 -20367000
8307 5009 -20367000
8276 5009 -2545875
8275 5009 -4244483
8278 5009 -2545875
8277 5009 -4242446
8274 5009 -2545875
8273 5009 -4242446
1642 5009 -2276500
1639 5009 -11132500
1618 5009 -138700
1617 5009 5840
1602 5009 219
1600 5009 -9125
1586 5009 -365
1577 5009 3650
1561 5009 219
1520 5009 146
1496 5009 36573
1495 5009 365
1463 5009 219
1459 5009 365
8310 5010 -20367000
8309 5010 -20367000
8282 5010 -2545875
8281 5010 -4244483
8284 5010 -2545875
8283 5010 -4242446
8280 5010 -2545875
8279 5010 -4242446
1915 5010 -2276500
1912 5010 -11132500
1891 5010 -138700
1890 5010 5840
1875 5010 219
1873 5010 -9125
1859 5010 -365
1850 5010 3650
1834 5010 219
1793 5010 146
1769 5010 36573
1768 5010 365
1736 5010 219
1732 5010 365
8312 5011 -20367000
8311 5011 -20367000
8288 5011 -2545875
8287 5011 -4244483
8290 5011 -2545875
8289 5011 -4242446
8286 5011 -2545875
8285 5011 -4242446
2188 5011 -2276500
2185 5011 -11132500
2164 5011 -138700
2163 5011 5840
2148 5011 219
2146 5011 -9125
2132 5011 -365
2123 5011 3650
2107 5011 219
2066 5011 146
2042 5011 36573
2041 5011 365
2009 5011 219
2005 5011 365
8314 5012 -20367000
8313 5012 -20367000
8294 5012 -2545875
8293 5012 -4244483
8296 5012 -2545875
8295 5012 -4242446
8292 5012 -2545875
8291 5012 -4242446
2461 5012 -2276500
2458 5012 -11132500
2437 5012 -138700
2436 5012 5840
2421 5012 219
2419 5012 -9125
2405 5012 -365
2396 5012 3650
2380 5012 219
2339 5012 146
2315 5012 36573
2314 5012 365
2282 5012 219
2278 5012 365
8300 5013 -20367000
8299 5013 -20367000
8252 5013 -2545875
8251 5013 -4244483
8254 5013 -2545875
8253 5013 -4242446
8250 5013 -2545875
8249 5013 -4242446
550 5013 -2276500
547 5013 -11132500
526 5013 -138700
525 5013 5840
510 5013 219
494 5013 -365
485 5013 3650
469 5013 219
428 5013 146
418 5013 -49640
392 5013 73073
371 5013 219
367 5013 365
364 5013 -11680
8304 5014 -20367000
8303 5014 -20367000
8264 5014 -2545875
8263 5014 -4244483
8266 5014 -2545875
8265 5014 -4242446
8262 5014 -2545875
8261 5014 -4242446
1096 5014 -2276500
1093 5014 -11132500
1072 5014 -138700
1071 5014 5840
1056 5014 219
1040 5014 -365
1031 5014 3650
1015 5014 219
974 5014 146
964 5014 -49640
938 5014 73073
917 5014 219
913 5014 365
910 5014 -11680
8308 5015 -20367000
8307 5015 -20367000
8276 5015 -2545875
8275 5015 -4244483
8278 5015 -2545875
8277 5015 -4242446
8274 5015 -2545875
8273 5015 -4242446
1642 5015 -2276500
1639 5015 -11132500
1618 5015 -138700
1617 5015 5840
1602 5015 219
1586 5015 -365
1577 5015 3650
1561 5015 219
1520 5015 146
1510 5015 -49640
1484 5015 73073
1463 5015 219
1459 5015 365
1456 5015 -11680
8310 5016 -20367000
8309 5016 -20367000
8282 5016 -2545875
8281 5016 -4244483
8284 5016 -2545875
8283 5016 -4242446
8280 5016 -2545875
8279 5016 -4242446
1915 5016 -2276500
1912 5016 -11132500
1891 5016 -138700
1890 5016 5840
1875 5016 219
1859 5016 -365
1850 5016 3650
1834 5016 219
1793 5016 146
1783 5016 -49640
1757 5016 73073
1736 5016 219
1732 5016 365
1729 5016 -11680
8312 5017 -20367000
8311 5017 -20367000
8288 5017 -2545875
8287 5017 -4244483
8290 5017 -2545875
8289 5017 -4242446
8286 5017 -2545875
8285 5017 -4242446
2188 5017 -2276500
2185 5017 -11132500
2164 5017 -138700
2163 5017 5840
2148 5017 219
2132 5017 -365
2123 5017 3650
2107 5017 219
2066 5017 146
2056 5017 -49640
2030 5017 73073
2009 5017 219
2005 5017 365
2002 5017 -11680
8314 5018 -20367000
8313 5018 -20367000
8294 5018 -2545875
8293 5018 -4244483
8296 5018 -2545875
8295 5018 -4242446
8292 5018 -2545875
8291 5018 -4242446
2461 5018 -2276500
2458 5018 -11132500
2437 5018 -138700
2436 5018 5840
2421 5018 219
2405 5018 -365
2396 5018 3650
2380 5018 219
2339 5018 146
2329 5018 -49640
2303 5018 73073
2282 5018 219
2278 5018 365
2275 5018 -11680
6832 5019 -17009
2720 5019 1
6979 5020 -17009
2974 5020 1
7135 5021 -17009
3239 5021 1
7296 5022 -17009
3511 5022 1
7458 5023 -17009
3785 5023 1
7625 5024 -17009
4064 5024 1
7810 5025 -17009
4361 5025 1
7995 5026 -17009
4658 5026 1
8180 5027 -17009
4955 5027 1
8298 5028 -3416400
8297 5028 -3416400
8246 5028 -427050
8245 5028 -711978
8248 5028 -427050
8247 5028 -711636
8244 5028 -427050
8243 5028 -711636
277 5028 -3414570
274 5028 -10165250
253 5028 62050
228 5028 -365
224 5028 -657
218 5028 63729
212 5028 24820
196 5028 2190
155 5028 1606
94 5028 1241000
8300 5029 -3416400
8299 5029 -3416400
8252 5029 -427050
8251 5029 -711978
8254 5029 -427050
8253 5029 -711636
8250 5029 -427050
8249 5029 -711636
550 5029 -3414570
547 5029 -10165250
526 5029 62050
501 5029 -365
497 5029 -657
491 5029 63729
485 5029 24820
469 5029 2190
428 5029 1606
367 5029 2482
8302 5030 -3416400
8301 5030 -3416400
8258 5030 -427050
8257 5030 -711978
8260 5030 -427050
8259 5030 -711636
8256 5030 -427050
8255 5030 -711636
823 5030 -34145700
820 5030 -10165250
799 5030 124100
774 5030 -365
770 5030 -657
764 5030 63729
758 5030 99280
742 5030 109500
701 5030 1606
640 5030 248200
8304 5031 -3416400
8303 5031 -3416400
8264 5031 -427050
8263 5031 -711978
8266 5031 -427050
8265 5031 -711636
8262 5031 -427050
8261 5031 -711636
1096 5031 -3414570
1093 5031 -10165250
1072 5031 62050
1047 5031 -365
1043 5031 -657
1037 5031 63729
1031 5031 24820
1015 5031 2190
974 5031 1606
913 5031 2482
8308 5032 -3416400
8307 5032 -3416400
8276 5032 -427050
8275 5032 -711978
8278 5032 -427050
8277 5032 -711636
8274 5032 -427050
8273 5032 -711636
1642 5032 -3414570
1639 5032 -10165250
1618 5032 62050
1593 5032 -365
1589 5032 -657
1583 5032 63729
1577 5032 24820
1561 5032 2190
1520 5032 1606
1459 5032 2482
8312 5033 -3416400
8311 5033 -3416400
8288 5033 -427050
8287 5033 -711978
8290 5033 -427050
8289 5033 -711636
8286 5033 -427050
8285 5033 -711636
2188 5033 -3414570
2185 5033 -10165250
2164 5033 62050
2139 5033 -365
2135 5033 -657
2129 5033 63729
2123 5033 24820
2107 5033 2190
2066 5033 1606
2005 5033 2482
8300 5034 -3416400
8299 5034 -3416400
8252 5034 -427050
8251 5034 -711978
8254 5034 -427050
8253 5034 -711636
8250 5034 -427050
8249 5034 -711636
550 5034 -3414570
547 5034 -10891600
526 5034 83950
501 5034 -365
497 5034 -803
490 5034 50370
485 5034 60590
469 5034 5402
428 5034 3577
367 5034 7227
8302 5035 -3416400
8301 5035 -3416400
8258 5035 -427050
8257 5035 -711978
8260 5035 -427050
8259 5035 -711636
8256 5035 -427050
8255 5035 -711636
823 5035 -34145700
820 5035 -10891600
799 5035 167900
774 5035 -365
770 5035 -803
763 5035 50370
758 5035 242360
742 5035 270100
701 5035 3577
640 5035 722700
8304 5036 -3416400
8303 5036 -3416400
8264 5036 -427050
8263 5036 -711978
8266 5036 -427050
8265 5036 -711636
8262 5036 -427050
8261 5036 -711636
1096 5036 -3414570
1093 5036 -10891600
1072 5036 83950
1047 5036 -365
1043 5036 -803
1036 5036 50370
1031 5036 60590
1015 5036 5402
974 5036 3577
913 5036 7227
8314 5037 -3416400
8313 5037 -3416400
8294 5037 -427050
8293 5037 -711978
8296 5037 -427050
8295 5037 -711636
8292 5037 -427050
8291 5037 -711636
2461 5037 -3414570
2458 5037 -10891600
2437 5037 83950
2412 5037 -365
2408 5037 -803
2401 5037 50370
2396 5037 60590
2380 5037 5402
2339 5037 3577
2278 5037 7227
8314 5038 -3416400
8313 5038 -3416400
8294 5038 -427050
8293 5038 -711978
8296 5038 -427050
8295 5038 -711636
8292 5038 -427050
8291 5038 -711636
2461 5038 -3414570
2458 5038 -10165250
2437 5038 98550
2411 5038 -365
2408 5038 -657
2402 5038 69569
2396 5038 12410
2380 5038 292
2339 5038 219
2278 5038 730
8298 5039 -3416400
8297 5039 -3416400
8246 5039 -427050
8245 5039 -711978
8248 5039 -427050
8247 5039 -711636
8244 5039 -427050
8243 5039 -711636
277 5039 -3414570
274 5039 -10891600
253 5039 167900
227 5039 -365
224 5039 -803
217 5039 62123
212 5039 32850
196 5039 1679
155 5039 1095
94 5039 1204500
8300 5040 -3416400
8299 5040 -3416400
8252 5040 -427050
8251 5040 -711978
8254 5040 -427050
8253 5040 -711636
8250 5040 -427050
8249 5040 -711636
550 5040 -3414570
547 5040 -10891600
526 5040 167900
500 5040 -365
497 5040 -803
490 5040 62123
485 5040 32850
469 5040 1679
428 5040 1095
367 5040 2409
8302 5041 -3416400
8301 5041 -3416400
8258 5041 -427050
8257 5041 -711978
8260 5041 -427050
8259 5041 -711636
8256 5041 -427050
8255 5041 -711636
823 5041 -34145700
820 5041 -10891600
799 5041 335800
773 5041 -365
770 5041 -803
763 5041 62123
758 5041 131400
742 5041 83950
701 5041 1095
640 5041 240900
8298 5042 -3416400
8297 5042 -3416400
8246 5042 -427050
8245 5042 -711978
8248 5042 -427050
8247 5042 -711636
8244 5042 -427050
8243 5042 -711636
277 5042 -3414570
274 5042 -10891600
253 5042 124100
225 5042 -365
224 5042 -803
217 5042 56210
212 5042 47450
196 5042 3504
155 5042 2336
94 5042 2409000
8300 5043 -3416400
8299 5043 -3416400
8252 5043 -427050
8251 5043 -711978
8254 5043 -427050
8253 5043 -711636
8250 5043 -427050
8249 5043 -711636
550 5043 -3414570
547 5043 -10891600
526 5043 124100
498 5043 -365
497 5043 -803
490 5043 56210
485 5043 47450
469 5043 3504
428 5043 2336
367 5043 4818
8298 5044 -3416400
8297 5044 -3416400
8246 5044 -427050
8245 5044 -711978
8248 5044 -427050
8247 5044 -711636
8244 5044 -427050
8243 5044 -711636
277 5044 -3414570
274 5044 -10891600
253 5044 91250
224 5044 -803
223 5044 -365
217 5044 60079
212 5044 33580
196 5044 2555
155 5044 1606
94 5044 1752000
8300 5045 -3416400
8299 5045 -3416400
8252 5045 -427050
8251 5045 -711978
8254 5045 -427050
8253 5045 -711636
8250 5045 -427050
8249 5045 -711636
550 5045 -3414570
547 5045 -10891600
526 5045 91250
497 5045 -803
496 5045 -365
490 5045 60079
485 5045 33580
469 5045 2555
428 5045 1606
367 5045 3504
8306 5046 -3416400
8305 5046 -3416400
8270 5046 -427050
8269 5046 -711978
8272 5046 -427050
8271 5046 -711636
8268 5046 -427050
8267 5046 -711636
1369 5046 -3414570
1366 5046 -10891600
1345 5046 91250
1316 5046 -803
1315 5046 -365
1309 5046 60079
1304 5046 33580
1288 5046 2555
1247 5046 1606
1186 5046 3504
8314 5047 -3416400
8313 5047 -3416400
8294 5047 -427050
8293 5047 -711978
8296 5047 -427050
8295 5047 -711636
8292 5047 -427050
8291 5047 -711636
2461 5047 -3414570
2458 5047 -10891600
2437 5047 91250
2408 5047 -803
2407 5047 -365
2401 5047 60079
2396 5047 33580
2380 5047 2555
2339 5047 1606
2278 5047 3504
8298 5048 -3416400
8297 5048 -3416400
8246 5048 -427050
8245 5048 -711978
8248 5048 -427050
8247 5048 -711636
8244 5048 -427050
8243 5048 -711636
277 5048 -3414570
274 5048 -10165250
253 5048 91250
224 5048 -730
222 5048 -365
219 5048 12629
212 5048 26280
196 5048 1606
155 5048 1241
94 5048 1204500
8300 5049 -3416400
8299 5049 -3416400
8252 5049 -427050
8251 5049 -711978
8254 5049 -427050
8253 5049 -711636
8250 5049 -427050
8249 5049 -711636
550 5049 -3414570
547 5049 -10165250
526 5049 91250
497 5049 -730
495 5049 -365
492 5049 12629
485 5049 26280
469 5049 1606
428 5049 1241
367 5049 2409
8302 5050 -3416400
8301 5050 -3416400
8258 5050 -427050
8257 5050 -711978
8260 5050 -427050
8259 5050 -711636
8256 5050 -427050
8255 5050 -711636
823 5050 -34145700
820 5050 -10165250
799 5050 182500
770 5050 -730
768 5050 -365
765 5050 12629
758 5050 105120
742 5050 80300
701 5050 1241
640 5050 240900
8304 5051 -3416400
8303 5051 -3416400
8264 5051 -427050
8263 5051 -711978
8266 5051 -427050
8265 5051 -711636
8262 5051 -427050
8261 5051 -711636
1096 5051 -3414570
1093 5051 -10165250
1072 5051 91250
1043 5051 -730
1041 5051 -365
1038 5051 12629
1031 5051 26280
1015 5051 1606
974 5051 1241
913 5051 2409
8308 5052 -3416400
8307 5052 -3416400
8276 5052 -427050
8275 5052 -711978
8278 5052 -427050
8277 5052 -711636
8274 5052 -427050
8273 5052 -711636
1642 5052 -3414570
1639 5052 -10165250
1618 5052 91250
1589 5052 -730
1587 5052 -365
1584 5052 12629
1577 5052 26280
1561 5052 1606
1520 5052 1241
1459 5052 2409
8298 5053 -3416400
8297 5053 -3416400
8246 5053 -427050
8245 5053 -711978
8248 5053 -427050
8247 5053 -711636
8244 5053 -427050
8243 5053 -711636
277 5053 -3414570
274 5053 -10891600
253 5053 102200
224 5053 -803
222 5053 -365
217 5053 54239
212 5053 49640
196 5053 3504
155 5053 2774
94 5053 2628000
8300 5054 -3416400
8299 5054 -3416400
8252 5054 -427050
8251 5054 -711978
8254 5054 -427050
8253 5054 -711636
8250 5054 -427050
8249 5054 -711636
550 5054 -3414570
547 5054 -10891600
526 5054 102200
497 5054 -803
495 5054 -365
490 5054 54239
485 5054 49640
469 5054 3504
428 5054 2774
367 5054 5256
8302 5055 -3416400
8301 5055 -3416400
8258 5055 -427050
8257 5055 -711978
8260 5055 -427050
8259 5055 -711636
8256 5055 -427050
8255 5055 -711636
823 5055 -34145700
820 5055 -10891600
799 5055 204400
770 5055 -803
768 5055 -365
763 5055 54239
758 5055 198560
742 5055 175200
701 5055 2774
640 5055 525600
8308 5056 -3416400
8307 5056 -3416400
8276 5056 -427050
8275 5056 -711978
8278 5056 -427050
8277 5056 -711636
8274 5056 -427050
8273 5056 -711636
1642 5056 -3414570
1639 5056 -10891600
1618 5056 102200
1589 5056 -803
1587 5056 -365
1582 5056 54239
1577 5056 49640
1561 5056 3504
1520 5056 2774
1459 5056 5256
8314 5057 -3416400
8313 5057 -3416400
8294 5057 -427050
8293 5057 -711978
8296 5057 -427050
8295 5057 -711636
8292 5057 -427050
8291 5057 -711636
2461 5057 -3414570
2458 5057 -10891600
2437 5057 102200
2408 5057 -803
2406 5057 -365
2401 5057 54239
2396 5057 49640
2380 5057 3504
2339 5057 2774
2278 5057 5256
8298 5058 -3416400
8297 5058 -3416400
8246 5058 -427050
8245 5058 -711978
8248 5058 -427050
8247 5058 -711636
8244 5058 -427050
8243 5058 -711636
277 5058 -3414570
274 5058 -10891600
253 5058 175200
224 5058 -803
217 5058 58327
212 5058 47450
196 5058 1752
155 5058 1022
149 5058 -73000
94 5058 2044000
8300 5059 -3416400
8299 5059 -3416400
8252 5059 -427050
8251 5059 -711978
8254 5059 -427050
8253 5059 -711636
8250 5059 -427050
8249 5059 -711636
550 5059 -3414570
547 5059 -10891600
526 5059 175200
497 5059 -803
490 5059 58327
485 5059 47450
469 5059 1752
428 5059 1022
422 5059 -73000
367 5059 4088
8302 5060 -3416400
8301 5060 -3416400
8258 5060 -427050
8257 5060 -711978
8260 5060 -427050
8259 5060 -711636
8256 5060 -427050
8255 5060 -711636
823 5060 -34145700
820 5060 -10891600
799 5060 350400
770 5060 -803
763 5060 58327
758 5060 189800
742 5060 87600
701 5060 1022
695 5060 -365
640 5060 408800
8314 5061 -3416400
8313 5061 -3416400
8294 5061 -427050
8293 5061 -711978
8296 5061 -427050
8295 5061 -711636
8292 5061 -427050
8291 5061 -711636
2461 5061 -3414570
2458 5061 -10891600
2437 5061 175200
2408 5061 -803
2401 5061 58327
2396 5061 47450
2380 5061 1752
2339 5061 1022
2333 5061 -365
2278 5061 4088
6833 5062 -17009
2721 5062 1
6980 5063 -17009
2975 5063 1
7136 5064 -17009
3240 5064 1
7297 5065 -17009
3512 5065 1
7459 5066 -17009
3786 5066 1
7626 5067 -17009
4065 5067 1
7811 5068 -17009
4362 5068 1
7996 5069 -17009
4659 5069 1
8181 5070 -17009
4956 5070 1
8298 5071 -3416400
8297 5071 -3416400
8246 5071 -427050
8245 5071 -711978
8248 5071 -427050
8247 5071 -711636
8244 5071 -427050
8243 5071 -711636
277 5071 -3414570
274 5071 -10891600
253 5071 149650
228 5071 -365
226 5071 -1533
217 5071 53947
212 5071 50370
196 5071 3796
155 5071 2117
94 5071 2774000
8302 5072 -3416400
8301 5072 -3416400
8258 5072 -427050
8257 5072 -711978
8260 5072 -427050
8259 5072 -711636
8256 5072 -427050
8255 5072 -711636
823 5072 -34145700
820 5072 -10891600
799 5072 299300
774 5072 -365
772 5072 -1533
763 5072 53947
758 5072 201480
742 5072 189800
701 5072 2117
640 5072 554800
8304 5073 -3416400
8303 5073 -3416400
8264 5073 -427050
8263 5073 -711978
8266 5073 -427050
8265 5073 -711636
8262 5073 -427050
8261 5073 -711636
1096 5073 -3414570
1093 5073 -10891600
1072 5073 149650
1047 5073 -365
1045 5073 -1533
1036 5073 53947
1031 5073 50370
1015 5073 3796
974 5073 2117
913 5073 5548
8306 5074 -3416400
8305 5074 -3416400
8270 5074 -427050
8269 5074 -711978
8272 5074 -427050
8271 5074 -711636
8268 5074 -427050
8267 5074 -711636
1369 5074 -3414570
1366 5074 -10891600
1345 5074 149650
1320 5074 -365
1318 5074 -1533
1309 5074 53947
1304 5074 50370
1288 5074 3796
1247 5074 2117
1186 5074 5548
8308 5075 -3416400
8307 5075 -3416400
8276 5075 -427050
8275 5075 -711978
8278 5075 -427050
8277 5075 -711636
8274 5075 -427050
8273 5075 -711636
1642 5075 -3414570
1639 5075 -10891600
1618 5075 149650
1593 5075 -365
1591 5075 -1533
1582 5075 53947
1577 5075 50370
1561 5075 3796
1520 5075 2117
1459 5075 5548
8310 5076 -3416400
8309 5076 -3416400
8282 5076 -427050
8281 5076 -711978
8284 5076 -427050
8283 5076 -711636
8280 5076 -427050
8279 5076 -711636
1915 5076 -3414570
1912 5076 -10891600
1891 5076 149650
1866 5076 -365
1864 5076 -1533
1855 5076 53947
1850 5076 50370
1834 5076 3796
1793 5076 2117
1732 5076 5548
8312 5077 -3416400
8311 5077 -3416400
8288 5077 -427050
8287 5077 -711978
8290 5077 -427050
8289 5077 -711636
8286 5077 -427050
8285 5077 -711636
2188 5077 -3414570
2185 5077 -10891600
2164 5077 149650
2139 5077 -365
2137 5077 -1533
2128 5077 53947
2123 5077 50370
2107 5077 3796
2066 5077 2117
2005 5077 5548
8314 5078 -3416400
8313 5078 -3416400
8294 5078 -427050
8293 5078 -711978
8296 5078 -427050
8295 5078 -711636
8292 5078 -427050
8291 5078 -711636
2461 5078 -3414570
2458 5078 -10165250
2437 5078 171550
2411 5078 -365
2410 5078 -1387
2403 5078 6789
2396 5078 18250
2380 5078 365
2339 5078 219
2278 5078 1095
8304 5079 -3416400
8303 5079 -3416400
8264 5079 -427050
8263 5079 -711978
8266 5079 -427050
8265 5079 -711636
8262 5079 -427050
8261 5079 -711636
1096 5079 -3414570
1093 5079 -10891600
1072 5079 204400
1046 5079 -365
1045 5079 -1533
1036 5079 64678
1031 5079 26280
1015 5079 876
974 5079 511
913 5079 2190
8306 5080 -3416400
8305 5080 -3416400
8270 5080 -427050
8269 5080 -711978
8272 5080 -427050
8271 5080 -711636
8268 5080 -427050
8267 5080 -711636
1369 5080 -3414570
1366 5080 -10891600
1345 5080 204400
1319 5080 -365
1318 5080 -1533
1309 5080 64678
1304 5080 26280
1288 5080 876
1247 5080 511
1186 5080 2190
8308 5081 -3416400
8307 5081 -3416400
8276 5081 -427050
8275 5081 -711978
8278 5081 -427050
8277 5081 -711636
8274 5081 -427050
8273 5081 -711636
1642 5081 -3414570
1639 5081 -10891600
1618 5081 204400
1592 5081 -365
1591 5081 -1533
1582 5081 64678
1577 5081 26280
1561 5081 876
1520 5081 511
1459 5081 2190
8310 5082 -3416400
8309 5082 -3416400
8282 5082 -427050
8281 5082 -711978
8284 5082 -427050
8283 5082 -711636
8280 5082 -427050
8279 5082 -711636
1915 5082 -3414570
1912 5082 -10891600
1891 5082 204400
1865 5082 -365
1864 5082 -1533
1855 5082 64678
1850 5082 26280
1834 5082 876
1793 5082 511
1732 5082 2190
8312 5083 -3416400
8311 5083 -3416400
8288 5083 -427050
8287 5083 -711978
8290 5083 -427050
8289 5083 -711636
8286 5083 -427050
8285 5083 -711636
2188 5083 -3414570
2185 5083 -10891600
2164 5083 204400
2138 5083 -365
2137 5083 -1533
2128 5083 64678
2123 5083 26280
2107 5083 876
2066 5083 511
2005 5083 2190
8314 5084 -3416400
8313 5084 -3416400
8294 5084 -427050
8293 5084 -711978
8296 5084 -427050
8295 5084 -711636
8292 5084 -427050
8291 5084 -711636
2461 5084 -3414570
2458 5084 -10891600
2437 5084 204400
2411 5084 -365
2410 5084 -1533
2401 5084 64678
2396 5084 26280
2380 5084 876
2339 5084 511
2278 5084 2190
8298 5085 -3416400
8297 5085 -3416400
8246 5085 -427050
8245 5085 -711978
8248 5085 -427050
8247 5085 -711636
8244 5085 -427050
8243 5085 -711636
277 5085 -3414570
274 5085 -10891600
253 5085 175200
226 5085 -1533
225 5085 -365
217 5085 59349
212 5085 39420
196 5085 2336
155 5085 1314
94 5085 1934500
8300 5086 -3416400
8299 5086 -3416400
8252 5086 -427050
8251 5086 -711978
8254 5086 -427050
8253 5086 -711636
8250 5086 -427050
8249 5086 -711636
550 5086 -3414570
547 5086 -10891600
526 5086 175200
499 5086 -1533
498 5086 -365
490 5086 59349
485 5086 39420
469 5086 2336
428 5086 1314
367 5086 3869
8302 5087 -3416400
8301 5087 -3416400
8258 5087 -427050
8257 5087 -711978
8260 5087 -427050
8259 5087 -711636
8256 5087 -427050
8255 5087 -711636
823 5087 -34145700
820 5087 -10891600
799 5087 350400
772 5087 -1533
771 5087 -365
763 5087 59349
758 5087 157680
742 5087 116800
701 5087 1314
640 5087 386900
8304 5088 -3416400
8303 5088 -3416400
8264 5088 -427050
8263 5088 -711978
8266 5088 -427050
8265 5088 -711636
8262 5088 -427050
8261 5088 -711636
1096 5088 -3414570
1093 5088 -10891600
1072 5088 175200
1045 5088 -1533
1044 5088 -365
1036 5088 59349
1031 5088 39420
1015 5088 2336
974 5088 1314
913 5088 3869
8306 5089 -3416400
8305 5089 -3416400
8270 5089 -427050
8269 5089 -711978
8272 5089 -427050
8271 5089 -711636
8268 5089 -427050
8267 5089 -711636
1369 5089 -3414570
1366 5089 -10891600
1345 5089 175200
1318 5089 -1533
1317 5089 -365
1309 5089 59349
1304 5089 39420
1288 5089 2336
1247 5089 1314
1186 5089 3869
8308 5090 -3416400
8307 5090 -3416400
8276 5090 -427050
8275 5090 -711978
8278 5090 -427050
8277 5090 -711636
8274 5090 -427050
8273 5090 -711636
1642 5090 -3414570
1639 5090 -10891600
1618 5090 175200
1591 5090 -1533
1590 5090 -365
1582 5090 59349
1577 5090 39420
1561 5090 2336
1520 5090 1314
1459 5090 3869
8310 5091 -3416400
8309 5091 -3416400
8282 5091 -427050
8281 5091 -711978
8284 5091 -427050
8283 5091 -711636
8280 5091 -427050
8279 5091 -711636
1915 5091 -3414570
1912 5091 -10891600
1891 5091 175200
1864 5091 -1533
1863 5091 -365
1855 5091 59349
1850 5091 39420
1834 5091 2336
1793 5091 1314
1732 5091 3869
8312 5092 -3416400
8311 5092 -3416400
8288 5092 -427050
8287 5092 -711978
8290 5092 -427050
8289 5092 -711636
8286 5092 -427050
8285 5092 -711636
2188 5092 -3414570
2185 5092 -10891600
2164 5092 175200
2137 5092 -1533
2136 5092 -365
2128 5092 59349
2123 5092 39420
2107 5092 2336
2066 5092 1314
2005 5092 3869
8314 5093 -3416400
8313 5093 -3416400
8294 5093 -427050
8293 5093 -711978
8296 5093 -427050
8295 5093 -711636
8292 5093 -427050
8291 5093 -711636
2461 5093 -3414570
2458 5093 -10891600
2437 5093 175200
2410 5093 -1533
2409 5093 -365
2401 5093 59349
2396 5093 39420
2380 5093 2336
2339 5093 1314
2278 5093 3869
8306 5094 -3416400
8305 5094 -3416400
8270 5094 -427050
8269 5094 -711978
8272 5094 -427050
8271 5094 -711636
8268 5094 -427050
8267 5094 -711636
1369 5094 -3414570
1366 5094 -10165250
1345 5094 120450
1318 5094 -1387
1314 5094 -365
1311 5094 32631
1304 5094 22630
1288 5094 1241
1247 5094 876
1186 5094 1533
8310 5095 -3416400
8309 5095 -3416400
8282 5095 -427050
8281 5095 -711978
8284 5095 -427050
8283 5095 -711636
8280 5095 -427050
8279 5095 -711636
1915 5095 -3414570
1912 5095 -10165250
1891 5095 120450
1864 5095 -1387
1860 5095 -365
1857 5095 32631
1850 5095 22630
1834 5095 1241
1793 5095 876
1732 5095 1533
8312 5096 -3416400
8311 5096 -3416400
8288 5096 -427050
8287 5096 -711978
8290 5096 -427050
8289 5096 -711636
8286 5096 -427050
8285 5096 -711636
2188 5096 -3414570
2185 5096 -10165250
2164 5096 120450
2137 5096 -1387
2133 5096 -365
2130 5096 32631
2123 5096 22630
2107 5096 1241
2066 5096 876
2005 5096 1533
8304 5097 -3416400
8303 5097 -3416400
8264 5097 -427050
8263 5097 -711978
8266 5097 -427050
8265 5097 -711636
8262 5097 -427050
8261 5097 -711636
1096 5097 -3414570
1093 5097 -10891600
1072 5097 146000
1045 5097 -1533
1041 5097 -365
1036 5097 57451
1031 5097 42340
1015 5097 2555
974 5097 2044
913 5097 3869
8306 5098 -3416400
8305 5098 -3416400
8270 5098 -427050
8269 5098 -711978
8272 5098 -427050
8271 5098 -711636
8268 5098 -427050
8267 5098 -711636
1369 5098 -3414570
1366 5098 -10891600
1345 5098 146000
1318 5098 -1533
1314 5098 -365
1309 5098 57451
1304 5098 42340
1288 5098 2555
1247 5098 2044
1186 5098 3869
8308 5099 -3416400
8307 5099 -3416400
8276 5099 -427050
8275 5099 -711978
8278 5099 -427050
8277 5099 -711636
8274 5099 -427050
8273 5099 -711636
1642 5099 -3414570
1639 5099 -10891600
1618 5099 146000
1591 5099 -1533
1587 5099 -365
1582 5099 57451
1577 5099 42340
1561 5099 2555
1520 5099 2044
1459 5099 3869
8310 5100 -3416400
8309 5100 -3416400
8282 5100 -427050
8281 5100 -711978
8284 5100 -427050
8283 5100 -711636
8280 5100 -427050
8279 5100 -711636
1915 5100 -3414570
1912 5100 -10891600
1891 5100 146000
1864 5100 -1533
1860 5100 -365
1855 5100 57451
1850 5100 42340
1834 5100 2555
1793 5100 2044
1732 5100 3869
8312 5101 -3416400
8311 5101 -3416400
8288 5101 -427050
8287 5101 -711978
8290 5101 -427050
8289 5101 -711636
8286 5101 -427050
8285 5101 -711636
2188 5101 -3414570
2185 5101 -10891600
2164 5101 146000
2137 5101 -1533
2133 5101 -365
2128 5101 57451
2123 5101 42340
2107 5101 2555
2066 5101 2044
2005 5101 3869
8304 5102 -3416400
8303 5102 -3416400
8264 5102 -427050
8263 5102 -711978
8266 5102 -427050
8265 5102 -711636
8262 5102 -427050
8261 5102 -711636
1096 5102 -3414570
1093 5102 -10891600
1072 5102 226300
1045 5102 -1533
1036 5102 61247
1031 5102 37960
1015 5102 1022
974 5102 584
968 5102 -73000
913 5102 2409
8306 5103 -3416400
8305 5103 -3416400
8270 5103 -427050
8269 5103 -711978
8272 5103 -427050
8271 5103 -711636
8268 5103 -427050
8267 5103 -711636
1369 5103 -3414570
1366 5103 -10891600
1345 5103 226300
1318 5103 -1533
1309 5103 61247
1304 5103 37960
1288 5103 1022
1247 5103 584
1241 5103 -73000
1186 5103 2409
8308 5104 -3416400
8307 5104 -3416400
8276 5104 -427050
8275 5104 -711978
8278 5104 -427050
8277 5104 -711636
8274 5104 -427050
8273 5104 -711636
1642 5104 -3414570
1639 5104 -10891600
1618 5104 226300
1591 5104 -1533
1582 5104 61247
1577 5104 37960
1561 5104 1022
1520 5104 584
1514 5104 -365
1459 5104 2409
8310 5105 -3416400
8309 5105 -3416400
8282 5105 -427050
8281 5105 -711978
8284 5105 -427050
8283 5105 -711636
8280 5105 -427050
8279 5105 -711636
1915 5105 -3414570
1912 5105 -10891600
1891 5105 226300
1864 5105 -1533
1855 5105 61247
1850 5105 37960
1834 5105 1022
1793 5105 584
1787 5105 -73000
1732 5105 2409
8312 5106 -3416400
8311 5106 -3416400
8288 5106 -427050
8287 5106 -711978
8290 5106 -427050
8289 5106 -711636
8286 5106 -427050
8285 5106 -711636
2188 5106 -3414570
2185 5106 -10891600
2164 5106 226300
2137 5106 -1533
2128 5106 61247
2123 5106 37960
2107 5106 1022
2066 5106 584
2060 5106 -365
2005 5106 2409
8298 5107 -3416400
8297 5107 -3416400
8246 5107 -427050
8245 5107 -711978
8248 5107 -427050
8247 5107 -711636
8244 5107 -427050
8243 5107 -711636
277 5107 -3414570
274 5107 -10650700
253 5107 149650
231 5107 -365
226 5107 -1460
220 5107 28762
212 5107 37960
196 5107 3504
155 5107 1898
94 5107 1715500
8300 5108 -3416400
8299 5108 -3416400
8252 5108 -427050
8251 5108 -711978
8254 5108 -427050
8253 5108 -711636
8250 5108 -427050
8249 5108 -711636
550 5108 -3414570
547 5108 -10650700
526 5108 149650
504 5108 -365
499 5108 -1460
493 5108 28762
485 5108 37960
469 5108 3504
428 5108 1898
367 5108 3431
8302 5109 -3416400
8301 5109 -3416400
8258 5109 -427050
8257 5109 -711978
8260 5109 -427050
8259 5109 -711636
8256 5109 -427050
8255 5109 -711636
823 5109 -34145700
820 5109 -10650700
799 5109 299300
777 5109 -365
772 5109 -1460
766 5109 28762
758 5109 151840
742 5109 175200
701 5109 1898
640 5109 343100
8304 5110 -3416400
8303 5110 -3416400
8264 5110 -427050
8263 5110 -711978
8266 5110 -427050
8265 5110 -711636
8262 5110 -427050
8261 5110 -711636
1096 5110 -3414570
1093 5110 -10650700
1072 5110 149650
1050 5110 -365
1045 5110 -1460
1039 5110 28762
1031 5110 37960
1015 5110 3504
974 5110 1898
913 5110 3431
8306 5111 -3416400
8305 5111 -3416400
8270 5111 -427050
8269 5111 -711978
8272 5111 -427050
8271 5111 -711636
8268 5111 -427050
8267 5111 -711636
1369 5111 -3414570
1366 5111 -10650700
1345 5111 149650
1323 5111 -365
1318 5111 -1460
1312 5111 28762
1304 5111 37960
1288 5111 3504
1247 5111 1898
1186 5111 3431
8308 5112 -3416400
8307 5112 -3416400
8276 5112 -427050
8275 5112 -711978
8278 5112 -427050
8277 5112 -711636
8274 5112 -427050
8273 5112 -711636
1642 5112 -3414570
1639 5112 -10650700
1618 5112 149650
1596 5112 -365
1591 5112 -1460
1585 5112 28762
1577 5112 37960
1561 5112 3504
1520 5112 1898
1459 5112 3431
8310 5113 -3416400
8309 5113 -3416400
8282 5113 -427050
8281 5113 -711978
8284 5113 -427050
8283 5113 -711636
8280 5113 -427050
8279 5113 -711636
1915 5113 -3414570
1912 5113 -10650700
1891 5113 149650
1869 5113 -365
1864 5113 -1460
1858 5113 28762
1850 5113 37960
1834 5113 3504
1793 5113 1898
1732 5113 3431
8312 5114 -3416400
8311 5114 -3416400
8288 5114 -427050
8287 5114 -711978
8290 5114 -427050
8289 5114 -711636
8286 5114 -427050
8285 5114 -711636
2188 5114 -3414570
2185 5114 -10650700
2164 5114 149650
2142 5114 -365
2137 5114 -1460
2131 5114 28762
2123 5114 37960
2107 5114 3504
2066 5114 1898
2005 5114 3431
8314 5115 -3416400
8313 5115 -3416400
8294 5115 -427050
8293 5115 -711978
8296 5115 -427050
8295 5115 -711636
8292 5115 -427050
8291 5115 -711636
2461 5115 -3414570
2458 5115 -10650700
2437 5115 149650
2415 5115 -365
2410 5115 -1460
2404 5115 28762
2396 5115 37960
2380 5115 3504
2339 5115 1898
2278 5115 3431
8298 5116 -3416400
8297 5116 -3416400
8246 5116 -427050
8245 5116 -711978
8248 5116 -427050
8247 5116 -711636
8244 5116 -427050
8243 5116 -711636
277 5116 -3414570
274 5116 -10650700
253 5116 211700
230 5116 -365
226 5116 -1460
220 5116 32485
212 5116 27010
196 5116 657
155 5116 438
94 5116 949000
8300 5117 -3416400
8299 5117 -3416400
8252 5117 -427050
8251 5117 -711978
8254 5117 -427050
8253 5117 -711636
8250 5117 -427050
8249 5117 -711636
550 5117 -3414570
547 5117 -10650700
526 5117 211700
503 5117 -365
499 5117 -1460
493 5117 32485
485 5117 27010
469 5117 657
428 5117 438
367 5117 1898
8302 5118 -3416400
8301 5118 -3416400
8258 5118 -427050
8257 5118 -711978
8260 5118 -427050
8259 5118 -711636
8256 5118 -427050
8255 5118 -711636
823 5118 -34145700
820 5118 -10650700
799 5118 423400
776 5118 -365
772 5118 -1460
766 5118 32485
758 5118 108040
742 5118 32850
701 5118 438
640 5118 189800
8304 5119 -3416400
8303 5119 -3416400
8264 5119 -427050
8263 5119 -711978
8266 5119 -427050
8265 5119 -711636
8262 5119 -427050
8261 5119 -711636
1096 5119 -3414570
1093 5119 -10650700
1072 5119 211700
1049 5119 -365
1045 5119 -1460
1039 5119 32485
1031 5119 27010
1015 5119 657
974 5119 438
913 5119 1898
8306 5120 -3416400
8305 5120 -3416400
8270 5120 -427050
8269 5120 -711978
8272 5120 -427050
8271 5120 -711636
8268 5120 -427050
8267 5120 -711636
1369 5120 -3414570
1366 5120 -10650700
1345 5120 211700
1322 5120 -365
1318 5120 -1460
1312 5120 32485
1304 5120 27010
1288 5120 657
1247 5120 438
1186 5120 1898
8308 5121 -3416400
8307 5121 -3416400
8276 5121 -427050
8275 5121 -711978
8278 5121 -427050
8277 5121 -711636
8274 5121 -427050
8273 5121 -711636
1642 5121 -3414570
1639 5121 -10650700
1618 5121 211700
1595 5121 -365
1591 5121 -1460
1585 5121 32485
1577 5121 27010
1561 5121 657
1520 5121 438
1459 5121 1898
8310 5122 -3416400
8309 5122 -3416400
8282 5122 -427050
8281 5122 -711978
8284 5122 -427050
8283 5122 -711636
8280 5122 -427050
8279 5122 -711636
1915 5122 -3414570
1912 5122 -10650700
1891 5122 211700
1868 5122 -365
1864 5122 -1460
1858 5122 32485
1850 5122 27010
1834 5122 657
1793 5122 438
1732 5122 1898
8312 5123 -3416400
8311 5123 -3416400
8288 5123 -427050
8287 5123 -711978
8290 5123 -427050
8289 5123 -711636
8286 5123 -427050
8285 5123 -711636
2188 5123 -3414570
2185 5123 -10650700
2164 5123 211700
2141 5123 -365
2137 5123 -1460
2131 5123 32485
2123 5123 27010
2107 5123 657
2066 5123 438
2005 5123 1898
8314 5124 -3416400
8313 5124 -3416400
8294 5124 -427050
8293 5124 -711978
8296 5124 -427050
8295 5124 -711636
8292 5124 -427050
8291 5124 -711636
2461 5124 -3414570
2458 5124 -10650700
2437 5124 211700
2414 5124 -365
2410 5124 -1460
2404 5124 32485
2396 5124 27010
2380 5124 657
2339 5124 438
2278 5124 1898
8298 5125 -3416400
8297 5125 -3416400
8246 5125 -427050
8245 5125 -711978
8248 5125 -427050
8247 5125 -711636
8244 5125 -427050
8243 5125 -711636
277 5125 -3414570
274 5125 -10891600
253 5125 193450
229 5125 -365
226 5125 -1533
217 5125 57524
212 5125 44530
196 5125 2628
155 5125 1460
94 5125 2153500
8300 5126 -3416400
8299 5126 -3416400
8252 5126 -427050
8251 5126 -711978
8254 5126 -427050
8253 5126 -711636
8250 5126 -427050
8249 5126 -711636
550 5126 -3414570
547 5126 -10891600
526 5126 193450
502 5126 -365
499 5126 -1533
490 5126 57524
485 5126 44530
469 5126 2628
428 5126 1460
367 5126 4307
8302 5127 -3416400
8301 5127 -3416400
8258 5127 -427050
8257 5127 -711978
8260 5127 -427050
8259 5127 -711636
8256 5127 -427050
8255 5127 -711636
823 5127 -34145700
820 5127 -10891600
799 5127 386900
775 5127 -365
772 5127 -1533
763 5127 57524
758 5127 178120
742 5127 131400
701 5127 1460
640 5127 430700
8304 5128 -3416400
8303 5128 -3416400
8264 5128 -427050
8263 5128 -711978
8266 5128 -427050
8265 5128 -711636
8262 5128 -427050
8261 5128 -711636
1096 5128 -3414570
1093 5128 -10891600
1072 5128 193450
1048 5128 -365
1045 5128 -1533
1036 5128 57524
1031 5128 44530
1015 5128 2628
974 5128 1460
913 5128 4307
8306 5129 -3416400
8305 5129 -3416400
8270 5129 -427050
8269 5129 -711978
8272 5129 -427050
8271 5129 -711636
8268 5129 -427050
8267 5129 -711636
1369 5129 -3414570
1366 5129 -10891600
1345 5129 193450
1321 5129 -365
1318 5129 -1533
1309 5129 57524
1304 5129 44530
1288 5129 2628
1247 5129 1460
1186 5129 4307
8308 5130 -3416400
8307 5130 -3416400
8276 5130 -427050
8275 5130 -711978
8278 5130 -427050
8277 5130 -711636
8274 5130 -427050
8273 5130 -711636
1642 5130 -3414570
1639 5130 -10891600
1618 5130 193450
1594 5130 -365
1591 5130 -1533
1582 5130 57524
1577 5130 44530
1561 5130 2628
1520 5130 1460
1459 5130 4307
8310 5131 -3416400
8309 5131 -3416400
8282 5131 -427050
8281 5131 -711978
8284 5131 -427050
8283 5131 -711636
8280 5131 -427050
8279 5131 -711636
1915 5131 -3414570
1912 5131 -10891600
1891 5131 193450
1867 5131 -365
1864 5131 -1533
1855 5131 57524
1850 5131 44530
1834 5131 2628
1793 5131 1460
1732 5131 4307
8312 5132 -3416400
8311 5132 -3416400
8288 5132 -427050
8287 5132 -711978
8290 5132 -427050
8289 5132 -711636
8286 5132 -427050
8285 5132 -711636
2188 5132 -3414570
2185 5132 -10891600
2164 5132 193450
2140 5132 -365
2137 5132 -1533
2128 5132 57524
2123 5132 44530
2107 5132 2628
2066 5132 1460
2005 5132 4307
8314 5133 -3416400
8313 5133 -3416400
8294 5133 -427050
8293 5133 -711978
8296 5133 -427050
8295 5133 -711636
8292 5133 -427050
8291 5133 -711636
2461 5133 -3414570
2458 5133 -10891600
2437 5133 193450
2413 5133 -365
2410 5133 -1533
2401 5133 57524
2396 5133 44530
2380 5133 2628
2339 5133 1460
2278 5133 4307
6834 5134 -68109
2722 5134 1
6981 5135 -68109
2976 5135 1
7137 5136 -68109
3241 5136 1
7460 5137 -68109
3787 5137 1
7627 5138 -68109
4066 5138 1
7997 5139 -68109
4660 5139 1
8182 5140 -68109
4957 5140 1
8298 5141 -4599000
8297 5141 -4599000
8246 5141 -574875
8245 5141 -958432
8248 5141 -574875
8247 5141 -957972
8244 5141 -574875
8243 5141 -957972
277 5141 -22765050
274 5141 -7259850
267 5141 -41026
196 5141 1825
155 5141 -52925
87 5141 365
86 5141 -803
8300 5142 -4599000
8299 5142 -4599000
8252 5142 -574875
8251 5142 -958432
8254 5142 -574875
8253 5142 -957972
8250 5142 -574875
8249 5142 -957972
550 5142 -22765050
547 5142 -7259850
540 5142 -41026
469 5142 1825
428 5142 -52925
360 5142 365
359 5142 -803
8302 5143 -4599000
8301 5143 -4599000
8258 5143 -574875
8257 5143 -958432
8260 5143 -574875
8259 5143 -957972
8256 5143 -574875
8255 5143 -957972
823 5143 -227650500
820 5143 -7259850
813 5143 -41026
742 5143 91250
701 5143 -52925
633 5143 365
632 5143 -803
8304 5144 -4599000
8303 5144 -4599000
8264 5144 -574875
8263 5144 -958432
8266 5144 -574875
8265 5144 -957972
8262 5144 -574875
8261 5144 -957972
1096 5144 -22765050
1093 5144 -7259850
1086 5144 -41026
1015 5144 1825
974 5144 -52925
906 5144 365
905 5144 -803
8308 5145 -4599000
8307 5145 -4599000
8276 5145 -574875
8275 5145 -958432
8278 5145 -574875
8277 5145 -957972
8274 5145 -574875
8273 5145 -957972
1642 5145 -22765050
1639 5145 -7259850
1632 5145 -41026
1561 5145 1825
1520 5145 -52925
1452 5145 365
1451 5145 -803
8312 5146 -4599000
8311 5146 -4599000
8288 5146 -574875
8287 5146 -958432
8290 5146 -574875
8289 5146 -957972
8286 5146 -574875
8285 5146 -957972
2188 5146 -22765050
2185 5146 -7259850
2178 5146 -41026
2107 5146 1825
2066 5146 -52925
1998 5146 365
1997 5146 -803
8314 5147 -4599000
8313 5147 -4599000
8294 5147 -574875
8293 5147 -958432
8296 5147 -574875
8295 5147 -957972
8292 5147 -574875
8291 5147 -957972
2461 5147 -22765050
2458 5147 -7259850
2451 5147 -41026
2380 5147 1825
2339 5147 -52925
2271 5147 365
2270 5147 -803
8298 5148 -4599000
8297 5148 -4599000
8246 5148 -574875
8245 5148 -958432
8248 5148 -574875
8247 5148 -957972
8244 5148 -574875
8243 5148 -957972
277 5148 -22765050
274 5148 -7259850
268 5148 -42413
196 5148 1825
155 5148 -51319
86 5148 -730
85 5148 365
8300 5149 -4599000
8299 5149 -4599000
8252 5149 -574875
8251 5149 -958432
8254 5149 -574875
8253 5149 -957972
8250 5149 -574875
8249 5149 -957972
550 5149 -22765050
547 5149 -7259850
541 5149 -42413
469 5149 1825
428 5149 -51319
359 5149 -730
358 5149 365
8304 5150 -4599000
8303 5150 -4599000
8264 5150 -574875
8263 5150 -958432
8266 5150 -574875
8265 5150 -957972
8262 5150 -574875
8261 5150 -957972
1096 5150 -22765050
1093 5150 -7259850
1087 5150 -42413
1015 5150 1825
974 5150 -51319
905 5150 -730
904 5150 365
8306 5151 -4599000
8305 5151 -4599000
8270 5151 -574875
8269 5151 -958432
8272 5151 -574875
8271 5151 -957972
8268 5151 -574875
8267 5151 -957972
1369 5151 -22765050
1366 5151 -7259850
1360 5151 -42413
1288 5151 1825
1247 5151 -51319
1178 5151 -365
1177 5151 365
8308 5152 -4599000
8307 5152 -4599000
8276 5152 -574875
8275 5152 -958432
8278 5152 -574875
8277 5152 -957972
8274 5152 -574875
8273 5152 -957972
1642 5152 -22765050
1639 5152 -7259850
1633 5152 -42413
1561 5152 1825
1520 5152 -51319
1451 5152 -730
1450 5152 365
8310 5153 -4599000
8309 5153 -4599000
8282 5153 -574875
8281 5153 -958432
8284 5153 -574875
8283 5153 -957972
8280 5153 -574875
8279 5153 -957972
1915 5153 -22765050
1912 5153 -7259850
1906 5153 -42413
1834 5153 1825
1793 5153 -51319
1724 5153 -365
1723 5153 365
8312 5154 -4599000
8311 5154 -4599000
8288 5154 -574875
8287 5154 -958432
8290 5154 -574875
8289 5154 -957972
8286 5154 -574875
8285 5154 -957972
2188 5154 -22765050
2185 5154 -7259850
2179 5154 -42413
2107 5154 1825
2066 5154 -51319
1997 5154 -730
1996 5154 365
8314 5155 -4599000
8313 5155 -4599000
8294 5155 -574875
8293 5155 -958432
8296 5155 -574875
8295 5155 -957972
8292 5155 -574875
8291 5155 -957972
2461 5155 -22765050
2458 5155 -7259850
2452 5155 -42413
2380 5155 1825
2339 5155 -51319
2270 5155 -730
2269 5155 365
6835 5156 -68109
2723 5156 1
6982 5157 -68109
2977 5157 1
7138 5158 -68109
3242 5158 1
7299 5159 -68109
3514 5159 1
7461 5160 -68109
3788 5160 1
7628 5161 -68109
4067 5161 1
7813 5162 -68109
4364 5162 1
7998 5163 -68109
4661 5163 1
8183 5164 -68109
4958 5164 1
8298 5165 -3416400
8297 5165 -3416400
8246 5165 -427050
8245 5165 -711978
8248 5165 -427050
8247 5165 -711636
8244 5165 -427050
8243 5165 -711636
277 5165 -1821350
268 5165 -69350
214 5165 -1095
107 5165 1095
8300 5166 -3416400
8299 5166 -3416400
8252 5166 -427050
8251 5166 -711978
8254 5166 -427050
8253 5166 -711636
8250 5166 -427050
8249 5166 -711636
550 5166 -1821350
541 5166 -69350
487 5166 -1095
380 5166 1095
8302 5167 -3416400
8301 5167 -3416400
8258 5167 -427050
8257 5167 -711978
8260 5167 -427050
8259 5167 -711636
8256 5167 -427050
8255 5167 -711636
823 5167 -18213500
814 5167 -69350
760 5167 -1095
653 5167 1095
8304 5168 -3416400
8303 5168 -3416400
8264 5168 -427050
8263 5168 -711978
8266 5168 -427050
8265 5168 -711636
8262 5168 -427050
8261 5168 -711636
1096 5168 -1821350
1087 5168 -69350
1033 5168 -1095
926 5168 1095
8306 5169 -3416400
8305 5169 -3416400
8270 5169 -427050
8269 5169 -711978
8272 5169 -427050
8271 5169 -711636
8268 5169 -427050
8267 5169 -711636
1369 5169 -1821350
1360 5169 -69350
1306 5169 -1095
1199 5169 1095
8308 5170 -3416400
8307 5170 -3416400
8276 5170 -427050
8275 5170 -711978
8278 5170 -427050
8277 5170 -711636
8274 5170 -427050
8273 5170 -711636
1642 5170 -1821350
1633 5170 -69350
1579 5170 -1095
1472 5170 1095
8310 5171 -3416400
8309 5171 -3416400
8282 5171 -427050
8281 5171 -711978
8284 5171 -427050
8283 5171 -711636
8280 5171 -427050
8279 5171 -711636
1915 5171 -1821350
1906 5171 -69350
1852 5171 -1095
1745 5171 1095
8312 5172 -3416400
8311 5172 -3416400
8288 5172 -427050
8287 5172 -711978
8290 5172 -427050
8289 5172 -711636
8286 5172 -427050
8285 5172 -711636
2188 5172 -1821350
2179 5172 -69350
2125 5172 -1095
2018 5172 1095
8314 5173 -3416400
8313 5173 -3416400
8294 5173 -427050
8293 5173 -711978
8296 5173 -427050
8295 5173 -711636
8292 5173 -427050
8291 5173 -711636
2461 5173 -1821350
2452 5173 -69350
2398 5173 -1095
2291 5173 1095
8302 5174 -1614249
8301 5174 -1614249
8258 5174 -201781
8257 5174 -336409
8260 5174 -201781
8259 5174 -336248
8256 5174 -201781
8255 5174 -336248
3243 5174 1
823 5174 -7315859
820 5174 -1258980
799 5174 -13797
783 5174 60362
758 5174 13797
742 5174 -3552727
701 5174 68985
640 5174 151767
6983 5175 -13797
2979 5175 1
7139 5176 -13797
3244 5176 1
7300 5177 -13797
3516 5177 1
7462 5178 -13797
3790 5178 1
7629 5179 -13797
4069 5179 1
7814 5180 -13797
4366 5180 1
7999 5181 -13797
4663 5181 1
8184 5182 -13797
4960 5182 1
8302 5183 -1971000
8301 5183 -1971000
8258 5183 -246375
8257 5183 -410756
8260 5183 -246375
8259 5183 -410559
8256 5183 -246375
8255 5183 -410559
823 5183 -15950500
820 5183 -7259850
799 5183 -14600
785 5183 -73000
759 5183 -365
758 5183 58400
703 5183 3869
702 5183 803
8304 5184 -1971000
8303 5184 -1971000
8264 5184 -246375
8263 5184 -410756
8266 5184 -246375
8265 5184 -410559
8262 5184 -246375
8261 5184 -410559
1096 5184 -1595050
1093 5184 -7259850
1072 5184 -7300
1058 5184 -73000
1032 5184 -365
1031 5184 14600
976 5184 3869
975 5184 803
8308 5185 -1971000
8307 5185 -1971000
8276 5185 -246375
8275 5185 -410756
8278 5185 -246375
8277 5185 -410559
8274 5185 -246375
8273 5185 -410559
1642 5185 -1595050
1639 5185 -7259850
1618 5185 -7300
1604 5185 -73000
1578 5185 -365
1577 5185 14600
1522 5185 3869
1521 5185 803
8300 5186 -1971000
8299 5186 -1971000
8252 5186 -246375
8251 5186 -410756
8254 5186 -246375
8253 5186 -410559
8250 5186 -246375
8249 5186 -410559
550 5186 -1595050
547 5186 -7259850
526 5186 -7300
511 5186 -36500
486 5186 -365
485 5186 14600
430 5186 3869
429 5186 803
8306 5187 -1971000
8305 5187 -1971000
8270 5187 -246375
8269 5187 -410756
8272 5187 -246375
8271 5187 -410559
8268 5187 -246375
8267 5187 -410559
1369 5187 -1595050
1366 5187 -7259850
1345 5187 -7300
1330 5187 -36500
1305 5187 -365
1304 5187 14600
1249 5187 3869
1248 5187 803
8310 5188 -1971000
8309 5188 -1971000
8282 5188 -246375
8281 5188 -410756
8284 5188 -246375
8283 5188 -410559
8280 5188 -246375
8279 5188 -410559
1915 5188 -1595050
1912 5188 -7259850
1891 5188 -7300
1876 5188 -36500
1851 5188 -365
1850 5188 14600
1795 5188 3869
1794 5188 803
8312 5189 -1971000
8311 5189 -1971000
8288 5189 -246375
8287 5189 -410756
8290 5189 -246375
8289 5189 -410559
8286 5189 -246375
8285 5189 -410559
2188 5189 -1595050
2185 5189 -7259850
2164 5189 -7300
2149 5189 -36500
2124 5189 -365
2123 5189 14600
2068 5189 3869
2067 5189 803
8314 5190 -1971000
8313 5190 -1971000
8294 5190 -246375
8293 5190 -410756
8296 5190 -246375
8295 5190 -410559
8292 5190 -246375
8291 5190 -410559
2461 5190 -1595050
2458 5190 -7259850
2437 5190 -7300
2422 5190 -36500
2397 5190 -365
2396 5190 14600
2341 5190 3869
2340 5190 803
8298 5191 -1117557
8297 5191 -1117557
8246 5191 -139695
8245 5191 -232899
8248 5191 -139695
8247 5191 -232787
8244 5191 -139695
8243 5191 -232787
2724 5191 1
277 5191 -7743570
274 5191 -11437710
239 5191 27594
217 5191 -124173
201 5191 27594
89 5191 21946749
8300 5192 -1117557
8299 5192 -1117557
8252 5192 -139695
8251 5192 -232899
8254 5192 -139695
8253 5192 -232787
8250 5192 -139695
8249 5192 -232787
2980 5192 1
550 5192 -7743570
547 5192 -11437710
512 5192 27594
490 5192 -124173
474 5192 27594
362 5192 21946749
8302 5193 -1117557
8301 5193 -1117557
8258 5193 -139695
8257 5193 -232899
8260 5193 -139695
8259 5193 -232787
8256 5193 -139695
8255 5193 -232787
3245 5193 1
823 5193 -77435700
820 5193 -11437710
785 5193 27594
763 5193 -124173
747 5193 27594
635 5193 21946749
8304 5194 -1117557
8303 5194 -1117557
8264 5194 -139695
8263 5194 -232899
8266 5194 -139695
8265 5194 -232787
8262 5194 -139695
8261 5194 -232787
3517 5194 1
1096 5194 -7743570
1093 5194 -11437710
1058 5194 27594
1036 5194 -124173
1020 5194 27594
908 5194 21946749
8306 5195 -1117557
8305 5195 -1117557
8270 5195 -139695
8269 5195 -232899
8272 5195 -139695
8271 5195 -232787
8268 5195 -139695
8267 5195 -232787
3791 5195 1
1369 5195 -7743570
1366 5195 -11437710
1331 5195 27594
1309 5195 -124173
1293 5195 27594
1181 5195 21946749
8308 5196 -1117557
8307 5196 -1117557
8276 5196 -139695
8275 5196 -232899
8278 5196 -139695
8277 5196 -232787
8274 5196 -139695
8273 5196 -232787
4070 5196 1
1642 5196 -7743570
1639 5196 -11437710
1604 5196 27594
1582 5196 -124173
1566 5196 27594
1454 5196 21946749
8310 5197 -1117557
8309 5197 -1117557
8282 5197 -139695
8281 5197 -232899
8284 5197 -139695
8283 5197 -232787
8280 5197 -139695
8279 5197 -232787
4367 5197 1
1915 5197 -7743570
1912 5197 -11437710
1877 5197 27594
1855 5197 -124173
1839 5197 27594
1727 5197 21946749
8312 5198 -1117557
8311 5198 -1117557
8288 5198 -139695
8287 5198 -232899
8290 5198 -139695
8289 5198 -232787
8286 5198 -139695
8285 5198 -232787
4664 5198 1
2188 5198 -7743570
2185 5198 -11437710
2150 5198 27594
2128 5198 -124173
2112 5198 27594
2000 5198 21946749
8314 5199 -1117557
8313 5199 -1117557
8294 5199 -139695
8293 5199 -232899
8296 5199 -139695
8295 5199 -232787
8292 5199 -139695
8291 5199 -232787
4961 5199 1
2461 5199 -7743570
2458 5199 -11437710
2423 5199 27594
2401 5199 -124173
2385 5199 27594
2273 5199 21946749
6836 5200 -657
2725 5200 1
6984 5201 -657
2981 5201 1
7140 5202 -657
3246 5202 1
7301 5203 -657
3518 5203 1
7463 5204 -657
3792 5204 1
7630 5205 -657
4071 5205 1
7815 5206 -657
4368 5206 1
8000 5207 -657
4665 5207 1
8185 5208 -657
4962 5208 1
8298 5209 -18133200
8297 5209 -18133200
8246 5209 -2266650
8245 5209 -3778959
8248 5209 -2266650
8247 5209 -3777145
8244 5209 -2266650
8243 5209 -3777145
274 5209 -218806550
253 5209 3650000
239 5209 -107310
212 5209 71540
93 5209 -365
8300 5210 -18133200
8299 5210 -18133200
8252 5210 -2266650
8251 5210 -3778959
8254 5210 -2266650
8253 5210 -3777145
8250 5210 -2266650
8249 5210 -3777145
547 5210 -218806550
526 5210 3650000
512 5210 -107310
485 5210 71540
366 5210 -365
8302 5211 -18133200
8301 5211 -18133200
8258 5211 -2266650
8257 5211 -3778959
8260 5211 -2266650
8259 5211 -3777145
8256 5211 -2266650
8255 5211 -3777145
820 5211 -218806550
799 5211 7300000
785 5211 -107310
758 5211 286160
639 5211 -365
8304 5212 -18133200
8303 5212 -18133200
8264 5212 -2266650
8263 5212 -3778959
8266 5212 -2266650
8265 5212 -3777145
8262 5212 -2266650
8261 5212 -3777145
1093 5212 -218806550
1072 5212 3650000
1058 5212 -107310
1031 5212 71540
912 5212 -365
8306 5213 -18133200
8305 5213 -18133200
8270 5213 -2266650
8269 5213 -3778959
8272 5213 -2266650
8271 5213 -3777145
8268 5213 -2266650
8267 5213 -3777145
1366 5213 -218806550
1345 5213 3650000
1331 5213 -107310
1304 5213 71540
1185 5213 -365
8308 5214 -18133200
8307 5214 -18133200
8276 5214 -2266650
8275 5214 -3778959
8278 5214 -2266650
8277 5214 -3777145
8274 5214 -2266650
8273 5214 -3777145
1639 5214 -218806550
1618 5214 3650000
1604 5214 -107310
1577 5214 71540
1458 5214 -365
8310 5215 -18133200
8309 5215 -18133200
8282 5215 -2266650
8281 5215 -3778959
8284 5215 -2266650
8283 5215 -3777145
8280 5215 -2266650
8279 5215 -3777145
1912 5215 -218806550
1891 5215 3650000
1877 5215 -107310
1850 5215 71540
1731 5215 -365
8312 5216 -18133200
8311 5216 -18133200
8288 5216 -2266650
8287 5216 -3778959
8290 5216 -2266650
8289 5216 -3777145
8286 5216 -2266650
8285 5216 -3777145
2185 5216 -218806550
2164 5216 3650000
2150 5216 -107310
2123 5216 71540
2004 5216 -365
8314 5217 -18133200
8313 5217 -18133200
8294 5217 -2266650
8293 5217 -3778959
8296 5217 -2266650
8295 5217 -3777145
8292 5217 -2266650
8291 5217 -3777145
2458 5217 -218806550
2437 5217 3650000
2423 5217 -107310
2396 5217 71540
2277 5217 -365
6837 5218 -9
2726 5218 1
6985 5219 -9
2982 5219 1
7141 5220 -9
3247 5220 1
7302 5221 -9
3519 5221 1
7464 5222 -9
3793 5222 1
7631 5223 -9
4072 5223 1
7816 5224 -9
4369 5224 1
8001 5225 -9
4666 5225 1
8298 5226 -329800
8297 5226 -329800
8246 5226 -41225
8245 5226 -68730
8248 5226 -41225
8247 5226 -68697
8244 5226 -41225
8243 5226 -68697
346 5226 -1
342 5226 521
277 5226 -1206700
274 5226 -285100
252 5226 -5930
36 5226 21000000
8300 5227 -329800
8299 5227 -329800
8252 5227 -41225
8251 5227 -68730
8254 5227 -41225
8253 5227 -68697
8250 5227 -41225
8249 5227 -68697
619 5227 -1
615 5227 521
550 5227 -1206700
547 5227 -285100
525 5227 -5930
37 5227 21000000
8302 5228 -329800
8301 5228 -329800
8258 5228 -41225
8257 5228 -68730
8260 5228 -41225
8259 5228 -68697
8256 5228 -41225
8255 5228 -68697
892 5228 -1
888 5228 521
823 5228 -12067000
820 5228 -285100
798 5228 -5930
38 5228 21000000
8304 5229 -329800
8303 5229 -329800
8264 5229 -41225
8263 5229 -68730
8266 5229 -41225
8265 5229 -68697
8262 5229 -41225
8261 5229 -68697
1165 5229 -1
1161 5229 521
1096 5229 -1206700
1093 5229 -285100
1071 5229 -5930
39 5229 21000000
8308 5230 -329800
8307 5230 -329800
8276 5230 -41225
8275 5230 -68730
8278 5230 -41225
8277 5230 -68697
8274 5230 -41225
8273 5230 -68697
1711 5230 -1
1707 5230 521
1642 5230 -1206700
1639 5230 -285100
1617 5230 -5930
41 5230 21000000
6838 5231 -9
2727 5231 1
6986 5232 -9
2983 5232 1
7303 5233 -9
3520 5233 1
7465 5234 -9
3794 5234 1
7632 5235 -9
4073 5235 1
7817 5236 -9
4370 5236 1
8187 5237 -9
4964 5237 1
6987 5238 -9
2984 5238 1
7143 5239 -9
3249 5239 1
7304 5240 -9
3521 5240 1
7466 5241 -9
3795 5241 1
7633 5242 -9
4074 5242 1
7818 5243 -9
4371 5243 1
8003 5244 -9
4668 5244 1
8188 5245 -9
4965 5245 1
3522 5246 1
64 5246 -1
1069 5246 1000
3796 5247 1
67 5247 -1
1342 5247 1000
4075 5248 1
70 5248 -1
1615 5248 1000
4372 5249 1
73 5249 -1
1888 5249 1000
4669 5250 1
76 5250 -1
2161 5250 1000
4966 5251 1
79 5251 -1
2434 5251 1000
6840 5252 -4
2730 5252 1
6988 5253 -4
2986 5253 1
7144 5254 -4
3251 5254 1
7305 5255 -4
3523 5255 1
7467 5256 -4
3797 5256 1
7634 5257 -4
4076 5257 1
7819 5258 -4
4373 5258 1
8004 5259 -4
4670 5259 1
8189 5260 -4
4967 5260 1
6841 5261 -19
2731 5261 1
6989 5262 -19
2987 5262 1
7145 5263 -19
3252 5263 1
7306 5264 -19
3524 5264 1
7468 5265 -19
3798 5265 1
7635 5266 -19
4077 5266 1
7820 5267 -19
4374 5267 1
8005 5268 -19
4671 5268 1
8190 5269 -19
4968 5269 1
6842 5270 -9
2732 5270 1
6990 5271 -9
2988 5271 1
7146 5272 -9
3253 5272 1
7307 5273 -9
3525 5273 1
7469 5274 -9
3799 5274 1
7636 5275 -9
4078 5275 1
7821 5276 -9
4375 5276 1
8006 5277 -9
4672 5277 1
8191 5278 -9
4969 5278 1
6843 5279 -17
2733 5279 1
6991 5280 -17
2989 5280 1
7147 5281 -17
3254 5281 1
7308 5282 -17
3526 5282 1
7470 5283 -17
3800 5283 1
7637 5284 -17
4079 5284 1
7822 5285 -17
4376 5285 1
8007 5286 -17
4673 5286 1
8192 5287 -17
4970 5287 1
6844 5288 -9
2734 5288 1
6992 5289 -9
2990 5289 1
7148 5290 -9
3255 5290 1
7309 5291 -9
3527 5291 1
7471 5292 -9
3801 5292 1
7638 5293 -9
4080 5293 1
7823 5294 -9
4377 5294 1
8008 5295 -9
4674 5295 1
8193 5296 -9
4971 5296 1
6845 5297 -9
2735 5297 1
6993 5298 -9
2991 5298 1
7149 5299 -9
3256 5299 1
7310 5300 -9
3528 5300 1
7472 5301 -9
3802 5301 1
7639 5302 -9
4081 5302 1
7824 5303 -9
4378 5303 1
8009 5304 -9
4675 5304 1
8194 5305 -9
4972 5305 1
6846 5306 -9
2736 5306 1
6994 5307 -9
2992 5307 1
7150 5308 -9
3257 5308 1
7311 5309 -9
3529 5309 1
7473 5310 -9
3803 5310 1
7640 5311 -9
4082 5311 1
7825 5312 -9
4379 5312 1
8010 5313 -9
4676 5313 1
8195 5314 -9
4973 5314 1
6847 5315 -9
2737 5315 1
6995 5316 -9
2993 5316 1
7151 5317 -9
3258 5317 1
7312 5318 -9
3530 5318 1
7474 5319 -9
3804 5319 1
7641 5320 -9
4083 5320 1
7826 5321 -9
4380 5321 1
8011 5322 -9
4677 5322 1
8196 5323 -9
4974 5323 1
6848 5324 -9
2738 5324 1
6996 5325 -9
2994 5325 1
7152 5326 -9
3259 5326 1
7313 5327 -9
3531 5327 1
7475 5328 -9
3805 5328 1
7642 5329 -9
4084 5329 1
7827 5330 -9
4381 5330 1
8012 5331 -9
4678 5331 1
8197 5332 -9
4975 5332 1
6849 5333 -9
2739 5333 1
6997 5334 -9
2995 5334 1
7153 5335 -9
3260 5335 1
7314 5336 -9
3532 5336 1
7476 5337 -9
3806 5337 1
7643 5338 -9
4085 5338 1
7828 5339 -9
4382 5339 1
8013 5340 -9
4679 5340 1
8198 5341 -9
4976 5341 1
6850 5342 -19
2740 5342 1
6998 5343 -19
2996 5343 1
7154 5344 -19
3261 5344 1
7315 5345 -19
3533 5345 1
7477 5346 -19
3807 5346 1
7644 5347 -19
4086 5347 1
7829 5348 -19
4383 5348 1
8014 5349 -19
4680 5349 1
8199 5350 -19
4977 5350 1
6851 5351 -1
2741 5351 1
6999 5352 -1
2997 5352 1
7155 5353 -1
3262 5353 1
7316 5354 -1
3534 5354 1
7478 5355 -1
3808 5355 1
7645 5356 -1
4087 5356 1
7830 5357 -1
4384 5357 1
8015 5358 -1
4681 5358 1
8200 5359 -1
4978 5359 1
539 5360 -8243
534 5360 1
507 5360 -17570
1085 5361 -8243
1080 5361 1
1053 5361 -17570
1358 5362 -8243
1353 5362 1
1326 5362 -17570
2450 5363 -8243
2445 5363 1
2418 5363 -17570
812 5364 -1
808 5364 5391
1085 5365 -10000
1081 5365 5391
1358 5366 -10000
1354 5366 5391
1631 5367 -1
1627 5367 5391
1904 5368 -1
1900 5368 5391
2177 5369 -1
2173 5369 5391
2450 5370 -10000
2446 5370 5391
6852 5371 -9
2742 5371 1
7000 5372 -9
2998 5372 1
7156 5373 -9
3263 5373 1
7317 5374 -9
3535 5374 1
7479 5375 -9
3809 5375 1
7646 5376 -9
4088 5376 1
8016 5377 -9
4682 5377 1
2743 5378 1
209 5378 10000
202 5378 -10000
2999 5379 1
482 5379 10000
475 5379 -10000
3264 5380 1
755 5380 10000
748 5380 -10000
3536 5381 1
1028 5381 10000
1021 5381 -10000
3810 5382 1
1301 5382 10000
1294 5382 -10000
4089 5383 1
1574 5383 10000
1567 5383 -10000
4386 5384 1
1847 5384 10000
1840 5384 -10000
4980 5385 1
2393 5385 10000
2386 5385 -10000
2744 5386 1
210 5386 -1
209 5386 10000
3000 5387 1
483 5387 -10000
482 5387 10000
4387 5388 1
1848 5388 -10000
1847 5388 10000
4684 5389 1
2121 5389 -10000
2120 5389 10000
4981 5390 1
2394 5390 -10000
2393 5390 10000
6853 5391 -19
2745 5391 1
7157 5392 -19
3266 5392 1
7480 5393 -19
3812 5393 1
7647 5394 -19
4091 5394 1
8202 5395 -19
4982 5395 1
6854 5396 -97
2746 5396 1
7002 5397 -97
3002 5397 1
7158 5398 -97
3267 5398 1
7319 5399 -97
3539 5399 1
7481 5400 -97
3813 5400 1
7648 5401 -97
4092 5401 1
7833 5402 -97
4389 5402 1
8018 5403 -97
4686 5403 1
8203 5404 -97
4983 5404 1
6855 5405 -4
2747 5405 1
7003 5406 -4
3003 5406 1
7159 5407 -4
3268 5407 1
7320 5408 -4
3540 5408 1
7482 5409 -4
3814 5409 1
7649 5410 -4
4093 5410 1
7834 5411 -4
4390 5411 1
8019 5412 -4
4687 5412 1
8204 5413 -4
4984 5413 1
6856 5414 -4
2748 5414 1
7004 5415 -4
3004 5415 1
7160 5416 -4
3269 5416 1
7321 5417 -4
3541 5417 1
7483 5418 -4
3815 5418 1
7650 5419 -4
4094 5419 1
7835 5420 -4
4391 5420 1
8020 5421 -4
4688 5421 1
8205 5422 -4
4985 5422 1
6857 5423 -4
2749 5423 1
7005 5424 -4
3005 5424 1
7161 5425 -4
3270 5425 1
7322 5426 -4
3542 5426 1
7484 5427 -4
3816 5427 1
7651 5428 -4
4095 5428 1
7836 5429 -4
4392 5429 1
8021 5430 -4
4689 5430 1
8206 5431 -4
4986 5431 1
6858 5432 -4
2750 5432 1
7006 5433 -4
3006 5433 1
7162 5434 -4
3271 5434 1
7323 5435 -4
3543 5435 1
7485 5436 -4
3817 5436 1
7652 5437 -4
4096 5437 1
7837 5438 -4
4393 5438 1
8022 5439 -4
4690 5439 1
8207 5440 -4
4987 5440 1
6859 5441 -17
2751 5441 1
7007 5442 -17
3007 5442 1
7163 5443 -17
3272 5443 1
7324 5444 -17
3544 5444 1
7486 5445 -17
3818 5445 1
7653 5446 -17
4097 5446 1
7838 5447 -17
4394 5447 1
8023 5448 -17
4691 5448 1
8208 5449 -17
4988 5449 1
545 5450 50
465 5450 -100000
37 5450 454111
19 5450 63098
1 5450 31200
818 5451 50
738 5451 -100000
38 5451 454111
20 5451 63098
2 5451 31200
1091 5452 50
1011 5452 -100000
39 5452 454111
21 5452 63098
3 5452 31200
1364 5453 50
1284 5453 -100000
40 5453 454111
22 5453 63098
4 5453 31200
1637 5454 50
1557 5454 -100000
41 5454 454111
23 5454 63098
5 5454 31200
1910 5455 50
1830 5455 -100000
42 5455 454111
24 5455 63098
6 5455 31200
2183 5456 50
2103 5456 -100000
43 5456 454111
25 5456 63098
7 5456 31200
2456 5457 50
2376 5457 -100000
44 5457 454111
26 5457 63098
8 5457 31200
272 5458 50
195 5458 -100000
36 5458 1135280
18 5458 157744
0 5458 78000
6860 5459 -1
2752 5459 1
7008 5460 -1
3008 5460 1
7164 5461 -1
3273 5461 1
7325 5462 -1
3545 5462 1
7487 5463 -1
3819 5463 1
7654 5464 -1
4098 5464 1
7839 5465 -1
4395 5465 1
8024 5466 -1
4692 5466 1
8209 5467 -1
4989 5467 1
6861 5468 -1
2753 5468 1
7009 5469 -1
3009 5469 1
7165 5470 -1
3274 5470 1
7326 5471 -1
3546 5471 1
7488 5472 -1
3820 5472 1
7655 5473 -1
4099 5473 1
7840 5474 -1
4396 5474 1
8025 5475 -1
4693 5475 1
8210 5476 -1
4990 5476 1
6862 5477 -1
2754 5477 1
7010 5478 -1
3010 5478 1
7166 5479 -1
3275 5479 1
7327 5480 -1
3547 5480 1
7489 5481 -1
3821 5481 1
7656 5482 -1
4100 5482 1
7841 5483 -1
4397 5483 1
8026 5484 -1
4694 5484 1
8211 5485 -1
4991 5485 1
6863 5486 -1
2755 5486 1
7011 5487 -1
3011 5487 1
7167 5488 -1
3276 5488 1
7328 5489 -1
3548 5489 1
7490 5490 -1
3822 5490 1
7657 5491 -1
4101 5491 1
7842 5492 -1
4398 5492 1
8027 5493 -1
4695 5493 1
8212 5494 -1
4992 5494 1
7012 5495 -1
3012 5495 1
7168 5496 -1
3277 5496 1
7329 5497 -1
3549 5497 1
7491 5498 -1
3823 5498 1
7658 5499 -1
4102 5499 1
7843 5500 -1
4399 5500 1
8028 5501 -1
4696 5501 1
8213 5502 -1
4993 5502 1
7013 5503 -1
3013 5503 1
7169 5504 -1
3278 5504 1
7330 5505 -1
3550 5505 1
7492 5506 -1
3824 5506 1
7659 5507 -1
4103 5507 1
7844 5508 -1
4400 5508 1
8029 5509 -1
4697 5509 1
8214 5510 -1
4994 5510 1
7014 5511 -1
3014 5511 1
7170 5512 -1
3279 5512 1
7331 5513 -1
3551 5513 1
7493 5514 -1
3825 5514 1
7660 5515 -1
4104 5515 1
7845 5516 -1
4401 5516 1
8030 5517 -1
4698 5517 1
8215 5518 -1
4995 5518 1
6866 5519 -1
2758 5519 1
7015 5520 -1
3015 5520 1
7171 5521 -1
3280 5521 1
7332 5522 -1
3552 5522 1
7494 5523 -1
3826 5523 1
7661 5524 -1
4105 5524 1
7846 5525 -1
4402 5525 1
8031 5526 -1
4699 5526 1
8216 5527 -1
4996 5527 1
6867 5528 -1
2759 5528 1
7016 5529 -1
3016 5529 1
7172 5530 -1
3281 5530 1
7333 5531 -1
3553 5531 1
7495 5532 -1
3827 5532 1
7662 5533 -1
4106 5533 1
7847 5534 -1
4403 5534 1
8032 5535 -1
4700 5535 1
8217 5536 -1
4997 5536 1
6868 5537 -1
2760 5537 1
7017 5538 -1
3017 5538 1
7173 5539 -1
3282 5539 1
7334 5540 -1
3554 5540 1
7496 5541 -1
3828 5541 1
7663 5542 -1
4107 5542 1
7848 5543 -1
4404 5543 1
8033 5544 -1
4701 5544 1
8218 5545 -1
4998 5545 1
6869 5546 -1
2761 5546 1
7018 5547 -1
3018 5547 1
7174 5548 -1
3283 5548 1
7335 5549 -1
3555 5549 1
7497 5550 -1
3829 5550 1
7664 5551 -1
4108 5551 1
7849 5552 -1
4405 5552 1
8034 5553 -1
4702 5553 1
8219 5554 -1
4999 5554 1
7019 5555 -1
3019 5555 1
7175 5556 -1
3284 5556 1
7336 5557 -1
3556 5557 1
7498 5558 -1
3830 5558 1
7665 5559 -1
4109 5559 1
7850 5560 -1
4406 5560 1
8035 5561 -1
4703 5561 1
8220 5562 -1
5000 5562 1
7020 5563 -1
3020 5563 1
7176 5564 -1
3285 5564 1
7337 5565 -1
3557 5565 1
7499 5566 -1
3831 5566 1
7666 5567 -1
4110 5567 1
7851 5568 -1
4407 5568 1
8036 5569 -1
4704 5569 1
8221 5570 -1
5001 5570 1
7177 5571 -1
3286 5571 1
7338 5572 -1
3558 5572 1
7500 5573 -1
3832 5573 1
7667 5574 -1
4111 5574 1
7852 5575 -1
4408 5575 1
8037 5576 -1
4705 5576 1
8222 5577 -1
5002 5577 1
6870 5578 -1
2762 5578 1
7021 5579 -1
3021 5579 1
7178 5580 -1
3287 5580 1
7339 5581 -1
3559 5581 1
7501 5582 -1
3833 5582 1
7668 5583 -1
4112 5583 1
7853 5584 -1
4409 5584 1
8038 5585 -1
4706 5585 1
8223 5586 -1
5003 5586 1
6871 5587 -1
2763 5587 1
7022 5588 -1
3022 5588 1
7179 5589 -1
3288 5589 1
7340 5590 -1
3560 5590 1
7502 5591 -1
3834 5591 1
7669 5592 -1
4113 5592 1
7854 5593 -1
4410 5593 1
8039 5594 -1
4707 5594 1
8224 5595 -1
5004 5595 1
6872 5596 -1
2764 5596 1
7023 5597 -1
3023 5597 1
7180 5598 -1
3289 5598 1
7341 5599 -1
3561 5599 1
7503 5600 -1
3835 5600 1
7855 5601 -1
4411 5601 1
8040 5602 -1
4708 5602 1
8225 5603 -1
5005 5603 1
6873 5604 -1
2765 5604 1
7024 5605 -1
3024 5605 1
7181 5606 -1
3290 5606 1
7342 5607 -1
3562 5607 1
7504 5608 -1
3836 5608 1
7671 5609 -1
4115 5609 1
7856 5610 -1
4412 5610 1
8041 5611 -1
4709 5611 1
8226 5612 -1
5006 5612 1
7025 5613 -1
3025 5613 1
7182 5614 -1
3291 5614 1
7343 5615 -1
3563 5615 1
7505 5616 -1
3837 5616 1
7672 5617 -1
4116 5617 1
7857 5618 -1
4413 5618 1
8042 5619 -1
4710 5619 1
8227 5620 -1
5007 5620 1
7183 5621 -1
3292 5621 1
7344 5622 -1
3564 5622 1
7506 5623 -1
3838 5623 1
7673 5624 -1
4117 5624 1
7858 5625 -1
4414 5625 1
8043 5626 -1
4711 5626 1
8228 5627 -1
5008 5627 1
6874 5628 -1
2766 5628 1
7026 5629 -1
3026 5629 1
7184 5630 -1
3293 5630 1
7345 5631 -1
3565 5631 1
7507 5632 -1
3839 5632 1
7674 5633 -1
4118 5633 1
7859 5634 -1
4415 5634 1
8044 5635 -1
4712 5635 1
8229 5636 -1
5009 5636 1
7027 5637 -1
3027 5637 1
7185 5638 -1
3294 5638 1
7346 5639 -1
3566 5639 1
7508 5640 -1
3840 5640 1
7675 5641 -1
4119 5641 1
7860 5642 -1
4416 5642 1
8045 5643 -1
4713 5643 1
8230 5644 -1
5010 5644 1
7028 5645 -1
3028 5645 1
7186 5646 -1
3295 5646 1
7347 5647 -1
3567 5647 1
7509 5648 -1
3841 5648 1
7676 5649 -1
4120 5649 1
7861 5650 -1
4417 5650 1
8046 5651 -1
4714 5651 1
8231 5652 -1
5011 5652 1
7187 5653 -1
3296 5653 1
7348 5654 -1
3568 5654 1
7510 5655 -1
3842 5655 1
7677 5656 -1
4121 5656 1
7862 5657 -1
4418 5657 1
8047 5658 -1
4715 5658 1
8232 5659 -1
5012 5659 1
6876 5660 -1
2768 5660 1
7029 5661 -1
3029 5661 1
7188 5662 -1
3297 5662 1
7349 5663 -1
3569 5663 1
7511 5664 -1
3843 5664 1
7678 5665 -1
4122 5665 1
7863 5666 -1
4419 5666 1
8048 5667 -1
4716 5667 1
8233 5668 -1
5013 5668 1
7030 5669 -1
3030 5669 1
7189 5670 -1
3298 5670 1
7350 5671 -1
3570 5671 1
7512 5672 -1
3844 5672 1
7679 5673 -1
4123 5673 1
7864 5674 -1
4420 5674 1
8049 5675 -1
4717 5675 1
6877 5676 -19
2769 5676 1
7031 5677 -19
3031 5677 1
7190 5678 -19
3299 5678 1
7351 5679 -19
3571 5679 1
7513 5680 -19
3845 5680 1
7680 5681 -19
4124 5681 1
7865 5682 -19
4421 5682 1
8050 5683 -19
4718 5683 1
8235 5684 -19
5015 5684 1
6878 5685 -19
2770 5685 1
7032 5686 -19
3032 5686 1
7191 5687 -19
3300 5687 1
7352 5688 -19
3572 5688 1
7514 5689 -19
3846 5689 1
7681 5690 -19
4125 5690 1
7866 5691 -19
4422 5691 1
8051 5692 -19
4719 5692 1
8236 5693 -19
5016 5693 1
6879 5694 -19
2771 5694 1
7033 5695 -19
3033 5695 1
7192 5696 -19
3301 5696 1
7353 5697 -19
3573 5697 1
7515 5698 -19
3847 5698 1
7682 5699 -19
4126 5699 1
7867 5700 -19
4423 5700 1
8052 5701 -19
4720 5701 1
8237 5702 -19
5017 5702 1
6880 5703 -19
2772 5703 1
7034 5704 -19
3034 5704 1
7193 5705 -19
3302 5705 1
7354 5706 -19
3574 5706 1
7868 5707 -19
4424 5707 1
8053 5708 -19
4721 5708 1
6881 5709 -19
2773 5709 1
7355 5710 -19
3575 5710 1
7684 5711 -19
4128 5711 1
7869 5712 -19
4425 5712 1
8239 5713 -19
5019 5713 1
6882 5714 -19
2774 5714 1
7195 5715 -19
3304 5715 1
7356 5716 -19
3576 5716 1
7685 5717 -19
4129 5717 1
8055 5718 -19
4723 5718 1
6883 5719 -19
2775 5719 1
7196 5720 -19
3305 5720 1
7357 5721 -19
3577 5721 1
7519 5722 -19
3851 5722 1
6884 5723 -19
2776 5723 1
7038 5724 -19
3038 5724 1
7197 5725 -19
3306 5725 1
7358 5726 -19
3578 5726 1
7520 5727 -19
3852 5727 1
7687 5728 -19
4131 5728 1
7872 5729 -19
4428 5729 1
8057 5730 -19
4725 5730 1
8242 5731 -19
5022 5731 1
6745 5732 20
286 5732 1
285 5732 -1
6885 5733 20
559 5733 1
558 5733 -1
7039 5734 20
832 5734 1
831 5734 -1
7198 5735 20
1105 5735 1
1104 5735 -1
7359 5736 20
1378 5736 1
1377 5736 -1
7521 5737 20
1651 5737 1
1650 5737 -1
7688 5738 20
1924 5738 1
1923 5738 -1
7873 5739 20
2197 5739 1
2196 5739 -1
8058 5740 20
2470 5740 1
2469 5740 -1
9812 5741 -727
9686 5741 1
6746 5741 20
347 5741 -727
297 5741 1
36 5741 7000000
9813 5742 -727
9687 5742 1
6886 5742 20
620 5742 -727
570 5742 1
37 5742 7000000
9814 5743 -727
9688 5743 1
7040 5743 20
893 5743 -727
843 5743 1
38 5743 7000000
9815 5744 -727
9689 5744 1
7199 5744 20
1166 5744 -727
1116 5744 1
39 5744 7000000
9816 5745 -727
9690 5745 1
7360 5745 20
1439 5745 -727
1389 5745 1
40 5745 7000000
9817 5746 -727
9691 5746 1
7522 5746 20
1712 5746 -727
1662 5746 1
41 5746 7000000
9818 5747 -727
9692 5747 1
7689 5747 20
1985 5747 -727
1935 5747 1
42 5747 7000000
9819 5748 -727
9693 5748 1
7874 5748 20
2258 5748 -727
2208 5748 1
43 5748 7000000
9820 5749 -727
9694 5749 1
8059 5749 20
2531 5749 -727
2481 5749 1
44 5749 7000000
6747 5750 20
287 5750 1
285 5750 -1
6887 5751 20
560 5751 1
558 5751 -1
7041 5752 20
833 5752 1
831 5752 -1
7200 5753 20
1106 5753 1
1104 5753 -1
7361 5754 20
1379 5754 1
1377 5754 -1
7523 5755 20
1652 5755 1
1650 5755 -1
7690 5756 20
1925 5756 1
1923 5756 -1
7875 5757 20
2198 5757 1
2196 5757 -1
8060 5758 20
2471 5758 1
2469 5758 -1
9740 5759 102
8298 5759 -440000
8297 5759 -440000
8246 5759 -55000
8245 5759 -91696
8248 5759 -55000
8247 5759 -91652
8244 5759 -55000
8243 5759 -91652
6748 5759 1
339 5759 102
282 5759 -211
279 5759 50
272 5759 -37
9741 5760 102
8300 5760 -440000
8299 5760 -440000
8252 5760 -55000
8251 5760 -91696
8254 5760 -55000
8253 5760 -91652
8250 5760 -55000
8249 5760 -91652
6888 5760 10
612 5760 102
555 5760 -211
552 5760 50
545 5760 -37
9742 5761 102
8302 5761 -440000
8301 5761 -440000
8258 5761 -55000
8257 5761 -91696
8260 5761 -55000
8259 5761 -91652
8256 5761 -55000
8255 5761 -91652
7042 5761 10
885 5761 102
828 5761 -211
825 5761 50
818 5761 -37
9743 5762 102
8304 5762 -440000
8303 5762 -440000
8264 5762 -55000
8263 5762 -91696
8266 5762 -55000
8265 5762 -91652
8262 5762 -55000
8261 5762 -91652
7201 5762 10
1158 5762 102
1101 5762 -211
1098 5762 50
1091 5762 -37
9744 5763 102
8306 5763 -440000
8305 5763 -440000
8270 5763 -55000
8269 5763 -91696
8272 5763 -55000
8271 5763 -91652
8268 5763 -55000
8267 5763 -91652
7362 5763 10
1431 5763 102
1374 5763 -211
1371 5763 50
1364 5763 -37
9745 5764 102
8308 5764 -440000
8307 5764 -440000
8276 5764 -55000
8275 5764 -91696
8278 5764 -55000
8277 5764 -91652
8274 5764 -55000
8273 5764 -91652
7524 5764 10
1704 5764 102
1647 5764 -211
1644 5764 50
1637 5764 -37
9746 5765 102
8310 5765 -440000
8309 5765 -440000
8282 5765 -55000
8281 5765 -91696
8284 5765 -55000
8283 5765 -91652
8280 5765 -55000
8279 5765 -91652
7691 5765 10
1977 5765 102
1920 5765 -211
1917 5765 50
1910 5765 -37
9747 5766 102
8312 5766 -440000
8311 5766 -440000
8288 5766 -55000
8287 5766 -91696
8290 5766 -55000
8289 5766 -91652
8286 5766 -55000
8285 5766 -91652
7876 5766 10
2250 5766 102
2193 5766 -211
2190 5766 50
2183 5766 -37
9748 5767 102
8314 5767 -440000
8313 5767 -440000
8294 5767 -55000
8293 5767 -91696
8296 5767 -55000
8295 5767 -91652
8292 5767 -55000
8291 5767 -91652
8061 5767 10
2523 5767 102
2466 5767 -211
2463 5767 50
2456 5767 -37
9744 5768 102
8306 5768 -440000
8305 5768 -440000
8270 5768 -55000
8269 5768 -91696
8272 5768 -55000
8271 5768 -91652
8268 5768 -55000
8267 5768 -91652
7363 5768 10
1431 5768 102
1374 5768 -211
1371 5768 50
1364 5768 -37
9745 5769 102
8308 5769 -440000
8307 5769 -440000
8276 5769 -55000
8275 5769 -91696
8278 5769 -55000
8277 5769 -91652
8274 5769 -55000
8273 5769 -91652
7525 5769 10
1704 5769 102
1647 5769 -211
1644 5769 50
1637 5769 -37
9746 5770 102
8310 5770 -440000
8309 5770 -440000
8282 5770 -55000
8281 5770 -91696
8284 5770 -55000
8283 5770 -91652
8280 5770 -55000
8279 5770 -91652
7692 5770 10
1977 5770 102
1920 5770 -211
1917 5770 50
1910 5770 -37
9747 5771 102
8312 5771 -440000
8311 5771 -440000
8288 5771 -55000
8287 5771 -91696
8290 5771 -55000
8289 5771 -91652
8286 5771 -55000
8285 5771 -91652
7877 5771 10
2250 5771 102
2193 5771 -211
2190 5771 50
2183 5771 -37
9748 5772 102
8314 5772 -440000
8313 5772 -440000
8294 5772 -55000
8293 5772 -91696
8296 5772 -55000
8295 5772 -91652
8292 5772 -55000
8291 5772 -91652
8062 5772 10
2523 5772 102
2466 5772 -211
2463 5772 50
2456 5772 -37
9740 5773 673
8298 5773 -24590000
8297 5773 -24590000
8246 5773 -3073750
8245 5773 -5124556
8248 5773 -3073750
8247 5773 -5122097
8244 5773 -3073750
8243 5773 -5122097
6750 5773 1
339 5773 673
314 5773 9525
313 5773 -421
311 5773 1
208 5773 -23830000
195 5773 -403000
36 5773 4581320
18 5773 2069460
0 5773 1492970
9741 5774 673
8300 5774 -24590000
8299 5774 -24590000
8252 5774 -3073750
8251 5774 -5124556
8254 5774 -3073750
8253 5774 -5122097
8250 5774 -3073750
8249 5774 -5122097
6890 5774 10
612 5774 673
587 5774 9525
586 5774 -421
584 5774 1
481 5774 -23830000
468 5774 -403000
37 5774 4581320
19 5774 2069460
1 5774 1492970
9742 5775 673
8302 5775 -24590000
8301 5775 -24590000
8258 5775 -3073750
8257 5775 -5124556
8260 5775 -3073750
8259 5775 -5122097
8256 5775 -3073750
8255 5775 -5122097
7044 5775 10
885 5775 673
860 5775 9525
859 5775 -421
857 5775 1
754 5775 -23830000
741 5775 -403000
38 5775 4581320
20 5775 2069460
2 5775 1492970
9743 5776 673
8304 5776 -24590000
8303 5776 -24590000
8264 5776 -3073750
8263 5776 -5124556
8266 5776 -3073750
8265 5776 -5122097
8262 5776 -3073750
8261 5776 -5122097
7203 5776 10
1158 5776 673
1133 5776 9525
1132 5776 -421
1130 5776 1
1027 5776 -23830000
1014 5776 -403000
39 5776 4581320
21 5776 2069460
3 5776 1492970
9744 5777 673
8306 5777 -24590000
8305 5777 -24590000
8270 5777 -3073750
8269 5777 -5124556
8272 5777 -3073750
8271 5777 -5122097
8268 5777 -3073750
8267 5777 -5122097
7364 5777 10
1431 5777 673
1406 5777 9525
1405 5777 -421
1403 5777 1
1300 5777 -23830000
1287 5777 -403000
40 5777 4581320
22 5777 2069460
4 5777 1492970
9745 5778 673
8308 5778 -24590000
8307 5778 -24590000
8276 5778 -3073750
8275 5778 -5124556
8278 5778 -3073750
8277 5778 -5122097
8274 5778 -3073750
8273 5778 -5122097
7526 5778 10
1704 5778 673
1679 5778 9525
1678 5778 -421
1676 5778 1
1573 5778 -23830000
1560 5778 -403000
41 5778 4581320
23 5778 2069460
5 5778 1492970
9746 5779 673
8310 5779 -24590000
8309 5779 -24590000
8282 5779 -3073750
8281 5779 -5124556
8284 5779 -3073750
8283 5779 -5122097
8280 5779 -3073750
8279 5779 -5122097
7693 5779 10
1977 5779 673
1952 5779 9525
1951 5779 -421
1949 5779 1
1846 5779 -23830000
1833 5779 -403000
42 5779 4581320
24 5779 2069460
6 5779 1492970
9747 5780 673
8312 5780 -24590000
8311 5780 -24590000
8288 5780 -3073750
8287 5780 -5124556
8290 5780 -3073750
8289 5780 -5122097
8286 5780 -3073750
8285 5780 -5122097
7878 5780 10
2250 5780 673
2225 5780 9525
2224 5780 -421
2222 5780 1
2119 5780 -23830000
2106 5780 -403000
43 5780 4581320
25 5780 2069460
7 5780 1492970
9748 5781 673
8314 5781 -24590000
8313 5781 -24590000
8294 5781 -3073750
8293 5781 -5124556
8296 5781 -3073750
8295 5781 -5122097
8292 5781 -3073750
8291 5781 -5122097
8063 5781 10
2523 5781 673
2498 5781 9525
2497 5781 -421
2495 5781 1
2392 5781 -23830000
2379 5781 -403000
44 5781 4581320
26 5781 2069460
8 5781 1492970
9741 5782 673
8300 5782 -24590000
8299 5782 -24590000
8252 5782 -3073750
8251 5782 -5124556
8254 5782 -3073750
8253 5782 -5122097
8250 5782 -3073750
8249 5782 -5122097
6891 5782 10
612 5782 673
587 5782 9525
586 5782 -421
584 5782 1
481 5782 -23830000
468 5782 -403000
37 5782 4581320
19 5782 2069460
1 5782 1492970
9742 5783 673
8302 5783 -24590000
8301 5783 -24590000
8258 5783 -3073750
8257 5783 -5124556
8260 5783 -3073750
8259 5783 -5122097
8256 5783 -3073750
8255 5783 -5122097
7045 5783 10
885 5783 673
860 5783 9525
859 5783 -421
857 5783 1
754 5783 -23830000
741 5783 -403000
38 5783 4581320
20 5783 2069460
2 5783 1492970
9743 5784 673
8304 5784 -24590000
8303 5784 -24590000
8264 5784 -3073750
8263 5784 -5124556
8266 5784 -3073750
8265 5784 -5122097
8262 5784 -3073750
8261 5784 -5122097
7204 5784 10
1158 5784 673
1133 5784 9525
1132 5784 -421
1130 5784 1
1027 5784 -23830000
1014 5784 -403000
39 5784 4581320
21 5784 2069460
3 5784 1492970
9744 5785 673
8306 5785 -24590000
8305 5785 -24590000
8270 5785 -3073750
8269 5785 -5124556
8272 5785 -3073750
8271 5785 -5122097
8268 5785 -3073750
8267 5785 -5122097
7365 5785 10
1431 5785 673
1406 5785 9525
1405 5785 -421
1403 5785 1
1300 5785 -23830000
1287 5785 -403000
40 5785 4581320
22 5785 2069460
4 5785 1492970
9745 5786 673
8308 5786 -24590000
8307 5786 -24590000
8276 5786 -3073750
8275 5786 -5124556
8278 5786 -3073750
8277 5786 -5122097
8274 5786 -3073750
8273 5786 -5122097
7527 5786 10
1704 5786 673
1679 5786 9525
1678 5786 -421
1676 5786 1
1573 5786 -23830000
1560 5786 -403000
41 5786 4581320
23 5786 2069460
5 5786 1492970
9746 5787 673
8310 5787 -24590000
8309 5787 -24590000
8282 5787 -3073750
8281 5787 -5124556
8284 5787 -3073750
8283 5787 -5122097
8280 5787 -3073750
8279 5787 -5122097
7694 5787 10
1977 5787 673
1952 5787 9525
1951 5787 -421
1949 5787 1
1846 5787 -23830000
1833 5787 -403000
42 5787 4581320
24 5787 2069460
6 5787 1492970
9747 5788 673
8312 5788 -24590000
8311 5788 -24590000
8288 5788 -3073750
8287 5788 -5124556
8290 5788 -3073750
8289 5788 -5122097
8286 5788 -3073750
8285 5788 -5122097
7879 5788 10
2250 5788 673
2225 5788 9525
2224 5788 -421
2222 5788 1
2119 5788 -23830000
2106 5788 -403000
43 5788 4581320
25 5788 2069460
7 5788 1492970
9748 5789 673
8314 5789 -24590000
8313 5789 -24590000
8294 5789 -3073750
8293 5789 -5124556
8296 5789 -3073750
8295 5789 -5122097
8292 5789 -3073750
8291 5789 -5122097
8064 5789 10
2523 5789 673
2498 5789 9525
2497 5789 -421
2495 5789 1
2392 5789 -23830000
2379 5789 -403000
44 5789 4581320
26 5789 2069460
8 5789 1492970
9740 5790 183
8298 5790 -1400000
8297 5790 -1400000
8246 5790 -175000
8245 5790 -291760
8248 5790 -175000
8247 5790 -291620
8244 5790 -175000
8243 5790 -291620
6752 5790 20
339 5790 183
289 5790 -321
283 5790 -21000
280 5790 50
208 5790 -860000
195 5790 -638000
36 5790 7900090
18 5790 1255250
0 5790 587144
9741 5791 183
8300 5791 -1400000
8299 5791 -1400000
8252 5791 -175000
8251 5791 -291760
8254 5791 -175000
8253 5791 -291620
8250 5791 -175000
8249 5791 -291620
6892 5791 20
612 5791 183
562 5791 -321
556 5791 -21000
553 5791 50
481 5791 -860000
468 5791 -638000
37 5791 7900090
19 5791 1255250
1 5791 587144
9742 5792 183
8302 5792 -1400000
8301 5792 -1400000
8258 5792 -175000
8257 5792 -291760
8260 5792 -175000
8259 5792 -291620
8256 5792 -175000
8255 5792 -291620
7046 5792 20
885 5792 183
835 5792 -321
829 5792 -21000
826 5792 50
754 5792 -860000
741 5792 -638000
38 5792 7900090
20 5792 1255250
2 5792 587144
9743 5793 183
8304 5793 -1400000
8303 5793 -1400000
8264 5793 -175000
8263 5793 -291760
8266 5793 -175000
8265 5793 -291620
8262 5793 -175000
8261 5793 -291620
7205 5793 20
1158 5793 183
1108 5793 -321
1102 5793 -21000
1099 5793 50
1027 5793 -860000
1014 5793 -638000
39 5793 7900090
21 5793 1255250
3 5793 587144
9744 5794 183
8306 5794 -1400000
8305 5794 -1400000
8270 5794 -175000
8269 5794 -291760
8272 5794 -175000
8271 5794 -291620
8268 5794 -175000
8267 5794 -291620
7366 5794 20
1431 5794 183
1381 5794 -321
1375 5794 -21000
1372 5794 50
1300 5794 -860000
1287 5794 -638000
40 5794 7900090
22 5794 1255250
4 5794 587144
9745 5795 183
8308 5795 -1400000
8307 5795 -1400000
8276 5795 -175000
8275 5795 -291760
8278 5795 -175000
8277 5795 -291620
8274 5795 -175000
8273 5795 -291620
7528 5795 20
1704 5795 183
1654 5795 -321
1648 5795 -21000
1645 5795 50
1573 5795 -860000
1560 5795 -638000
41 5795 7900090
23 5795 1255250
5 5795 587144
9746 5796 183
8310 5796 -1400000
8309 5796 -1400000
8282 5796 -175000
8281 5796 -291760
8284 5796 -175000
8283 5796 -291620
8280 5796 -175000
8279 5796 -291620
7695 5796 20
1977 5796 183
1927 5796 -321
1921 5796 -21000
1918 5796 50
1846 5796 -860000
1833 5796 -638000
42 5796 7900090
24 5796 1255250
6 5796 587144
9747 5797 183
8312 5797 -1400000
8311 5797 -1400000
8288 5797 -175000
8287 5797 -291760
8290 5797 -175000
8289 5797 -291620
8286 5797 -175000
8285 5797 -291620
7880 5797 20
2250 5797 183
2200 5797 -321
2194 5797 -21000
2191 5797 50
2119 5797 -860000
2106 5797 -638000
43 5797 7900090
25 5797 1255250
7 5797 587144
9748 5798 183
8314 5798 -1400000
8313 5798 -1400000
8294 5798 -175000
8293 5798 -291760
8296 5798 -175000
8295 5798 -291620
8292 5798 -175000
8291 5798 -291620
8065 5798 20
2523 5798 183
2473 5798 -321
2467 5798 -21000
2464 5798 50
2392 5798 -860000
2379 5798 -638000
44 5798 7900090
26 5798 1255250
8 5798 587144
9740 5799 29
8298 5799 -380000
8297 5799 -380000
8246 5799 -47500
8245 5799 -79192
8248 5799 -47500
8247 5799 -79154
8244 5799 -47500
8243 5799 -79154
6753 5799 10
339 5799 29
282 5799 59
278 5799 -250
195 5799 -43000
36 5799 488169
18 5799 67830
0 5799 33540
9741 5800 29
8300 5800 -380000
8299 5800 -380000
8252 5800 -47500
8251 5800 -79192
8254 5800 -47500
8253 5800 -79154
8250 5800 -47500
8249 5800 -79154
6893 5800 10
612 5800 29
555 5800 59
551 5800 -250
468 5800 -43000
37 5800 488169
19 5800 67830
1 5800 33540
9742 5801 29
8302 5801 -380000
8301 5801 -380000
8258 5801 -47500
8257 5801 -79192
8260 5801 -47500
8259 5801 -79154
8256 5801 -47500
8255 5801 -79154
7047 5801 10
885 5801 29
828 5801 59
824 5801 -250
741 5801 -43000
38 5801 488169
20 5801 67830
2 5801 33540
9743 5802 29
8304 5802 -380000
8303 5802 -380000
8264 5802 -47500
8263 5802 -79192
8266 5802 -47500
8265 5802 -79154
8262 5802 -47500
8261 5802 -79154
7206 5802 10
1158 5802 29
1101 5802 59
1097 5802 -250
1014 5802 -43000
39 5802 488169
21 5802 67830
3 5802 33540
9744 5803 29
8306 5803 -380000
8305 5803 -380000
8270 5803 -47500
8269 5803 -79192
8272 5803 -47500
8271 5803 -79154
8268 5803 -47500
8267 5803 -79154
7367 5803 10
1431 5803 29
1374 5803 59
1370 5803 -250
1287 5803 -43000
40 5803 488169
22 5803 67830
4 5803 33540
9745 5804 29
8308 5804 -380000
8307 5804 -380000
8276 5804 -47500
8275 5804 -79192
8278 5804 -47500
8277 5804 -79154
8274 5804 -47500
8273 5804 -79154
7529 5804 10
1704 5804 29
1647 5804 59
1643 5804 -250
1560 5804 -43000
41 5804 488169
23 5804 67830
5 5804 33540
9746 5805 29
8310 5805 -380000
8309 5805 -380000
8282 5805 -47500
8281 5805 -79192
8284 5805 -47500
8283 5805 -79154
8280 5805 -47500
8279 5805 -79154
7696 5805 10
1977 5805 29
1920 5805 59
1916 5805 -250
1833 5805 -43000
42 5805 488169
24 5805 67830
6 5805 33540
9747 5806 29
8312 5806 -380000
8311 5806 -380000
8288 5806 -47500
8287 5806 -79192
8290 5806 -47500
8289 5806 -79154
8286 5806 -47500
8285 5806 -79154
7881 5806 10
2250 5806 29
2193 5806 59
2189 5806 -250
2106 5806 -43000
43 5806 488169
25 5806 67830
7 5806 33540
9748 5807 29
8314 5807 -380000
8313 5807 -380000
8294 5807 -47500
8293 5807 -79192
8296 5807 -47500
8295 5807 -79154
8292 5807 -47500
8291 5807 -79154
8066 5807 10
2523 5807 29
2466 5807 59
2462 5807 -250
2379 5807 -43000
44 5807 488169
26 5807 67830
8 5807 33540
8298 5808 -3910000
8297 5808 -3910000
8246 5808 -488750
8245 5808 -814844
8248 5808 -488750
8247 5808 -814453
8244 5808 -488750
8243 5808 -814453
6754 5808 20
284 5808 250
279 5808 -59
208 5808 -7140000
202 5808 -3500
195 5808 -403000
36 5808 5124350
18 5808 1229540
0 5808 698193
8300 5809 -3910000
8299 5809 -3910000
8252 5809 -488750
8251 5809 -814844
8254 5809 -488750
8253 5809 -814453
8250 5809 -488750
8249 5809 -814453
6894 5809 20
557 5809 250
552 5809 -59
481 5809 -7140000
475 5809 -3500
468 5809 -403000
37 5809 5124350
19 5809 1229540
1 5809 698193
8302 5810 -3910000
8301 5810 -3910000
8258 5810 -488750
8257 5810 -814844
8260 5810 -488750
8259 5810 -814453
8256 5810 -488750
8255 5810 -814453
7048 5810 20
830 5810 25
825 5810 -59
754 5810 -7140000
748 5810 -3500
741 5810 -403000
38 5810 5124350
20 5810 1229540
2 5810 698193
8304 5811 -3910000
8303 5811 -3910000
8264 5811 -488750
8263 5811 -814844
8266 5811 -488750
8265 5811 -814453
8262 5811 -488750
8261 5811 -814453
7207 5811 20
1103 5811 250
1098 5811 -59
1027 5811 -7140000
1021 5811 -3500
1014 5811 -403000
39 5811 5124350
21 5811 1229540
3 5811 698193
8306 5812 -3910000
8305 5812 -3910000
8270 5812 -488750
8269 5812 -814844
8272 5812 -488750
8271 5812 -814453
8268 5812 -488750
8267 5812 -814453
7368 5812 20
1376 5812 25
1371 5812 -59
1300 5812 -7140000
1294 5812 -3500
1287 5812 -403000
40 5812 5124350
22 5812 1229540
4 5812 698193
8308 5813 -3910000
8307 5813 -3910000
8276 5813 -488750
8275 5813 -814844
8278 5813 -488750
8277 5813 -814453
8274 5813 -488750
8273 5813 -814453
7530 5813 20
1649 5813 250
1644 5813 -59
1573 5813 -7140000
1567 5813 -3500
1560 5813 -403000
41 5813 5124350
23 5813 1229540
5 5813 698193
8310 5814 -3910000
8309 5814 -3910000
8282 5814 -488750
8281 5814 -814844
8284 5814 -488750
8283 5814 -814453
8280 5814 -488750
8279 5814 -814453
7697 5814 20
1922 5814 25
1917 5814 -59
1846 5814 -7140000
1840 5814 -3500
1833 5814 -403000
42 5814 5124350
24 5814 1229540
6 5814 698193
8312 5815 -3910000
8311 5815 -3910000
8288 5815 -488750
8287 5815 -814844
8290 5815 -488750
8289 5815 -814453
8286 5815 -488750
8285 5815 -814453
7882 5815 20
2195 5815 250
2190 5815 -59
2119 5815 -7140000
2113 5815 -3500
2106 5815 -403000
43 5815 5124350
25 5815 1229540
7 5815 698193
8314 5816 -3910000
8313 5816 -3910000
8294 5816 -488750
8293 5816 -814844
8296 5816 -488750
8295 5816 -814453
8292 5816 -488750
8291 5816 -814453
8067 5816 20
2468 5816 250
2463 5816 -59
2392 5816 -7140000
2386 5816 -3500
2379 5816 -403000
44 5816 5124350
26 5816 1229540
8 5816 698193
8298 5817 -3910000
8297 5817 -3910000
8246 5817 -488750
8245 5817 -814844
8248 5817 -488750
8247 5817 -814453
8244 5817 -488750
8243 5817 -814453
6755 5817 20
284 5817 250
280 5817 -59
208 5817 -7140000
202 5817 -3500
195 5817 -403000
36 5817 5124350
18 5817 1229540
0 5817 698193
8300 5818 -3910000
8299 5818 -3910000
8252 5818 -488750
8251 5818 -814844
8254 5818 -488750
8253 5818 -814453
8250 5818 -488750
8249 5818 -814453
6895 5818 20
557 5818 250
553 5818 -59
481 5818 -7140000
475 5818 -3500
468 5818 -403000
37 5818 5124350
19 5818 1229540
1 5818 698193
8302 5819 -3910000
8301 5819 -3910000
8258 5819 -488750
8257 5819 -814844
8260 5819 -488750
8259 5819 -814453
8256 5819 -488750
8255 5819 -814453
7049 5819 20
830 5819 25
826 5819 -59
754 5819 -7140000
748 5819 -3500
741 5819 -403000
38 5819 5124350
20 5819 1229540
2 5819 698193
8304 5820 -3910000
8303 5820 -3910000
8264 5820 -488750
8263 5820 -814844
8266 5820 -488750
8265 5820 -814453
8262 5820 -488750
8261 5820 -814453
7208 5820 20
1103 5820 250
1099 5820 -59
1027 5820 -7140000
1021 5820 -3500
1014 5820 -403000
39 5820 5124350
21 5820 1229540
3 5820 698193
8306 5821 -3910000
8305 5821 -3910000
8270 5821 -488750
8269 5821 -814844
8272 5821 -488750
8271 5821 -814453
8268 5821 -488750
8267 5821 -814453
7369 5821 20
1376 5821 25
1372 5821 -59
1300 5821 -7140000
1294 5821 -3500
1287 5821 -403000
40 5821 5124350
22 5821 1229540
4 5821 698193
8308 5822 -3910000
8307 5822 -3910000
8276 5822 -488750
8275 5822 -814844
8278 5822 -488750
8277 5822 -814453
8274 5822 -488750
8273 5822 -814453
7531 5822 20
1649 5822 250
1645 5822 -59
1573 5822 -7140000
1567 5822 -3500
1560 5822 -403000
41 5822 5124350
23 5822 1229540
5 5822 698193
8310 5823 -3910000
8309 5823 -3910000
8282 5823 -488750
8281 5823 -814844
8284 5823 -488750
8283 5823 -814453
8280 5823 -488750
8279 5823 -814453
7698 5823 20
1922 5823 25
1918 5823 -59
1846 5823 -7140000
1840 5823 -3500
1833 5823 -403000
42 5823 5124350
24 5823 1229540
6 5823 698193
8312 5824 -3910000
8311 5824 -3910000
8288 5824 -488750
8287 5824 -814844
8290 5824 -488750
8289 5824 -814453
8286 5824 -488750
8285 5824 -814453
7883 5824 20
2195 5824 250
2191 5824 -59
2119 5824 -7140000
2113 5824 -3500
2106 5824 -403000
43 5824 5124350
25 5824 1229540
7 5824 698193
8314 5825 -3910000
8313 5825 -3910000
8294 5825 -488750
8293 5825 -814844
8296 5825 -488750
8295 5825 -814453
8292 5825 -488750
8291 5825 -814453
8068 5825 20
2468 5825 250
2464 5825 -59
2392 5825 -7140000
2386 5825 -3500
2379 5825 -403000
44 5825 5124350
26 5825 1229540
8 5825 698193
8298 5826 -1300
8297 5826 -1300
8246 5826 -163
8245 5826 -271
8248 5826 -163
8247 5826 -271
8244 5826 -163
8243 5826 -271
6756 5826 10
283 5826 50000
275 5826 -2570
273 5826 495
208 5826 -4100
207 5826 -43
0 5826 3773020
8300 5827 -1300
8299 5827 -1300
8252 5827 -163
8251 5827 -271
8254 5827 -163
8253 5827 -271
8250 5827 -163
8249 5827 -271
6896 5827 10
556 5827 50000
548 5827 -2570
546 5827 495
481 5827 -4100
480 5827 -215
1 5827 3773020
8302 5828 -1300
8301 5828 -1300
8258 5828 -163
8257 5828 -271
8260 5828 -163
8259 5828 -271
8256 5828 -163
8255 5828 -271
7050 5828 10
829 5828 50000
821 5828 -257
819 5828 495
754 5828 -4100
753 5828 -215
2 5828 3773020
8304 5829 -1300
8303 5829 -1300
8264 5829 -163
8263 5829 -271
8266 5829 -163
8265 5829 -271
8262 5829 -163
8261 5829 -271
7209 5829 10
1102 5829 50000
1094 5829 -2570
1092 5829 495
1027 5829 -4100
1026 5829 -215
3 5829 3773020
8306 5830 -1300
8305 5830 -1300
8270 5830 -163
8269 5830 -271
8272 5830 -163
8271 5830 -271
8268 5830 -163
8267 5830 -271
7370 5830 10
1375 5830 50000
1367 5830 -257
1365 5830 495
1300 5830 -4100
1299 5830 -215
4 5830 3773020
8308 5831 -1300
8307 5831 -1300
8276 5831 -163
8275 5831 -271
8278 5831 -163
8277 5831 -271
8274 5831 -163
8273 5831 -271
7532 5831 10
1648 5831 50000
1640 5831 -2570
1638 5831 495
1573 5831 -4100
1572 5831 -215
5 5831 3773020
8310 5832 -1300
8309 5832 -1300
8282 5832 -163
8281 5832 -271
8284 5832 -163
8283 5832 -271
8280 5832 -163
8279 5832 -271
7699 5832 10
1921 5832 50000
1913 5832 -2570
1911 5832 495
1846 5832 -4100
1845 5832 -215
6 5832 3773020
8312 5833 -1300
8311 5833 -1300
8288 5833 -163
8287 5833 -271
8290 5833 -163
8289 5833 -271
8286 5833 -163
8285 5833 -271
7884 5833 10
2194 5833 50000
2186 5833 -2570
2184 5833 495
2119 5833 -4100
2118 5833 -215
7 5833 3773020
8314 5834 -1300
8313 5834 -1300
8294 5834 -163
8293 5834 -271
8296 5834 -163
8295 5834 -271
8292 5834 -163
8291 5834 -271
8069 5834 10
2467 5834 50000
2459 5834 -2570
2457 5834 495
2392 5834 -4100
2391 5834 -215
8 5834 3773020
8298 5835 -3250
8297 5835 -3250
8246 5835 -406
8245 5835 -677
8248 5835 -406
8247 5835 -677
8244 5835 -406
8243 5835 -677
6757 5835 10
283 5835 50000
275 5835 257
273 5835 495
208 5835 -4100
207 5835 -43
0 5835 3773020
8300 5836 -3250
8299 5836 -3250
8252 5836 -406
8251 5836 -677
8254 5836 -406
8253 5836 -677
8250 5836 -406
8249 5836 -677
6897 5836 1
556 5836 50000
548 5836 257
546 5836 495
481 5836 -4100
480 5836 -215
1 5836 3773020
8304 5837 -3250
8303 5837 -3250
8264 5837 -406
8263 5837 -677
8266 5837 -406
8265 5837 -677
8262 5837 -406
8261 5837 -677
7210 5837 1
1102 5837 50000
1094 5837 257
1092 5837 495
1027 5837 -4100
1026 5837 -215
3 5837 3773020
8312 5838 -3250
8311 5838 -3250
8288 5838 -406
8287 5838 -677
8290 5838 -406
8289 5838 -677
8286 5838 -406
8285 5838 -677
7885 5838 10
2194 5838 50000
2186 5838 257
2184 5838 495
2119 5838 -4100
2118 5838 -215
7 5838 3773020
8314 5839 -3250
8313 5839 -3250
8294 5839 -406
8293 5839 -677
8296 5839 -406
8295 5839 -677
8292 5839 -406
8291 5839 -677
8070 5839 10
2467 5839 50000
2459 5839 257
2457 5839 495
2392 5839 -4100
2391 5839 -215
8 5839 3773020
8300 5840 -3250
8299 5840 -3250
8252 5840 -406
8251 5840 -677
8254 5840 -406
8253 5840 -677
8250 5840 -406
8249 5840 -677
6898 5840 10
556 5840 50000
548 5840 257
546 5840 495
481 5840 -4100
480 5840 -215
8304 5841 -3250
8303 5841 -3250
8264 5841 -406
8263 5841 -677
8266 5841 -406
8265 5841 -677
8262 5841 -406
8261 5841 -677
7211 5841 1
1102 5841 50000
1094 5841 257
1092 5841 495
1027 5841 -4100
1026 5841 -215
8308 5842 -3250
8307 5842 -3250
8276 5842 -406
8275 5842 -677
8278 5842 -406
8277 5842 -677
8274 5842 -406
8273 5842 -677
7534 5842 10
1648 5842 50000
1640 5842 257
1638 5842 495
1573 5842 -4100
1572 5842 -215
8310 5843 -3250
8309 5843 -3250
8282 5843 -406
8281 5843 -677
8284 5843 -406
8283 5843 -677
8280 5843 -406
8279 5843 -677
7701 5843 10
1921 5843 50000
1913 5843 257
1911 5843 495
1846 5843 -4100
1845 5843 -215
8312 5844 -3250
8311 5844 -3250
8288 5844 -406
8287 5844 -677
8290 5844 -406
8289 5844 -677
8286 5844 -406
8285 5844 -677
7886 5844 10
2194 5844 50000
2186 5844 257
2184 5844 495
2119 5844 -4100
2118 5844 -215
8300 5845 -1300
8299 5845 -1300
8252 5845 -163
8251 5845 -271
8254 5845 -163
8253 5845 -271
8250 5845 -163
8249 5845 -271
6899 5845 10
556 5845 50000
548 5845 -2570
546 5845 495
481 5845 -4100
480 5845 -215
8302 5846 -1300
8301 5846 -1300
8258 5846 -163
8257 5846 -271
8260 5846 -163
8259 5846 -271
8256 5846 -163
8255 5846 -271
7053 5846 10
829 5846 50000
821 5846 -257
819 5846 495
754 5846 -4100
753 5846 -215
8304 5847 -1300
8303 5847 -1300
8264 5847 -163
8263 5847 -271
8266 5847 -163
8265 5847 -271
8262 5847 -163
8261 5847 -271
7212 5847 10
1102 5847 50000
1094 5847 -2570
1092 5847 495
1027 5847 -4100
1026 5847 -215
8306 5848 -1300
8305 5848 -1300
8270 5848 -163
8269 5848 -271
8272 5848 -163
8271 5848 -271
8268 5848 -163
8267 5848 -271
7373 5848 10
1375 5848 50000
1367 5848 -257
1365 5848 495
1300 5848 -4100
1299 5848 -215
8308 5849 -1300
8307 5849 -1300
8276 5849 -163
8275 5849 -271
8278 5849 -163
8277 5849 -271
8274 5849 -163
8273 5849 -271
7535 5849 10
1648 5849 50000
1640 5849 -2570
1638 5849 495
1573 5849 -4100
1572 5849 -215
8310 5850 -1300
8309 5850 -1300
8282 5850 -163
8281 5850 -271
8284 5850 -163
8283 5850 -271
8280 5850 -163
8279 5850 -271
7702 5850 10
1921 5850 50000
1913 5850 -2570
1911 5850 495
1846 5850 -4100
1845 5850 -215
8312 5851 -1300
8311 5851 -1300
8288 5851 -163
8287 5851 -271
8290 5851 -163
8289 5851 -271
8286 5851 -163
8285 5851 -271
7887 5851 10
2194 5851 50000
2186 5851 -2570
2184 5851 495
2119 5851 -4100
2118 5851 -215
8314 5852 -1300
8313 5852 -1300
8294 5852 -163
8293 5852 -271
8296 5852 -163
8295 5852 -271
8292 5852 -163
8291 5852 -271
8072 5852 10
2467 5852 50000
2459 5852 -2570
2457 5852 495
2392 5852 -4100
2391 5852 -215
8300 5853 -3250
8299 5853 -3250
8252 5853 -406
8251 5853 -677
8254 5853 -406
8253 5853 -677
8250 5853 -406
8249 5853 -677
6900 5853 10
556 5853 50000
548 5853 257
546 5853 495
481 5853 -4100
480 5853 -215
1 5853 3773020
8310 5854 -1300
8309 5854 -1300
8282 5854 -163
8281 5854 -271
8284 5854 -163
8283 5854 -271
8280 5854 -163
8279 5854 -271
7704 5854 10
1921 5854 50000
1913 5854 -2570
1911 5854 495
1846 5854 -4100
1845 5854 -215
6 5854 3773020
8312 5855 -1300
8311 5855 -1300
8288 5855 -163
8287 5855 -271
8290 5855 -163
8289 5855 -271
8286 5855 -163
8285 5855 -271
7889 5855 10
2194 5855 50000
2186 5855 -2570
2184 5855 495
2119 5855 -4100
2118 5855 -215
7 5855 3773020
8314 5856 -1300
8313 5856 -1300
8294 5856 -163
8293 5856 -271
8296 5856 -163
8295 5856 -271
8292 5856 -163
8291 5856 -271
8074 5856 10
2467 5856 50000
2459 5856 -2570
2457 5856 495
2392 5856 -4100
2391 5856 -215
8 5856 3773020
8310 5857 -3250
8309 5857 -3250
8282 5857 -406
8281 5857 -677
8284 5857 -406
8283 5857 -677
8280 5857 -406
8279 5857 -677
7705 5857 10
1921 5857 50000
1913 5857 257
1911 5857 495
1846 5857 -4100
1845 5857 -215
6 5857 3773020
8312 5858 -3250
8311 5858 -3250
8288 5858 -406
8287 5858 -677
8290 5858 -406
8289 5858 -677
8286 5858 -406
8285 5858 -677
7890 5858 10
2194 5858 50000
2186 5858 257
2184 5858 495
2119 5858 -4100
2118 5858 -215
7 5858 3773020
8298 5859 -90000
8297 5859 -90000
8246 5859 -11250
8245 5859 -18756
8248 5859 -11250
8247 5859 -18747
8244 5859 -11250
8243 5859 -18747
6760 5859 10
335 5859 -270
333 5859 -1630
332 5859 100
283 5859 -30000
275 5859 -163500
273 5859 3880
128 5859 -11290
8300 5860 -90000
8299 5860 -90000
8252 5860 -11250
8251 5860 -18756
8254 5860 -11250
8253 5860 -18747
8250 5860 -11250
8249 5860 -18747
6901 5860 1
608 5860 -270
606 5860 -1630
605 5860 100
556 5860 -30000
548 5860 -163500
546 5860 3880
401 5860 -11290
8302 5861 -90000
8301 5861 -90000
8258 5861 -11250
8257 5861 -18756
8260 5861 -11250
8259 5861 -18747
8256 5861 -11250
8255 5861 -18747
7055 5861 10
881 5861 -270
879 5861 -1630
878 5861 100
829 5861 -30000
821 5861 -16350
819 5861 3880
674 5861 -11290
8304 5862 -90000
8303 5862 -90000
8264 5862 -11250
8263 5862 -18756
8266 5862 -11250
8265 5862 -18747
8262 5862 -11250
8261 5862 -18747
7214 5862 1
1154 5862 -270
1152 5862 -1630
1151 5862 100
1102 5862 -30000
1094 5862 -163500
1092 5862 3880
947 5862 -11290
8306 5863 -90000
8305 5863 -90000
8270 5863 -11250
8269 5863 -18756
8272 5863 -11250
8271 5863 -18747
8268 5863 -11250
8267 5863 -18747
7375 5863 1
1427 5863 -270
1425 5863 -1630
1424 5863 100
1375 5863 -30000
1367 5863 -16350
1365 5863 3880
1220 5863 -11290
8310 5864 -90000
8309 5864 -90000
8282 5864 -11250
8281 5864 -18756
8284 5864 -11250
8283 5864 -18747
8280 5864 -11250
8279 5864 -18747
7706 5864 1
1973 5864 -270
1971 5864 -1630
1970 5864 100
1921 5864 -30000
1913 5864 -163500
1911 5864 3880
1766 5864 -11290
8312 5865 -90000
8311 5865 -90000
8288 5865 -11250
8287 5865 -18756
8290 5865 -11250
8289 5865 -18747
8286 5865 -11250
8285 5865 -18747
7891 5865 10
2246 5865 -270
2244 5865 -1630
2243 5865 100
2194 5865 -30000
2186 5865 -163500
2184 5865 3880
2039 5865 -11290
8314 5866 -90000
8313 5866 -90000
8294 5866 -11250
8293 5866 -18756
8296 5866 -11250
8295 5866 -18747
8292 5866 -11250
8291 5866 -18747
8076 5866 10
2519 5866 -270
2517 5866 -1630
2516 5866 100
2467 5866 -30000
2459 5866 -163500
2457 5866 3880
2312 5866 -11290
8298 5867 -90000
8297 5867 -90000
8246 5867 -11250
8245 5867 -18756
8248 5867 -11250
8247 5867 -18747
8244 5867 -11250
8243 5867 -18747
6761 5867 10
335 5867 -270
333 5867 -1630
332 5867 100
283 5867 -20000
275 5867 -163500
273 5867 3880
195 5867 -460000
128 5867 -11290
36 5867 5222270
18 5867 725622
0 5867 358800
8300 5868 -90000
8299 5868 -90000
8252 5868 -11250
8251 5868 -18756
8254 5868 -11250
8253 5868 -18747
8250 5868 -11250
8249 5868 -18747
6902 5868 10
608 5868 -270
606 5868 -1630
605 5868 100
556 5868 -20000
548 5868 -163500
546 5868 3880
468 5868 -460000
401 5868 -11290
37 5868 5222270
19 5868 725622
1 5868 358800
8304 5869 -90000
8303 5869 -90000
8264 5869 -11250
8263 5869 -18756
8266 5869 -11250
8265 5869 -18747
8262 5869 -11250
8261 5869 -18747
7215 5869 10
1154 5869 -270
1152 5869 -1630
1151 5869 100
1102 5869 -20000
1094 5869 -163500
1092 5869 3880
1014 5869 -460000
947 5869 -11290
39 5869 5222270
21 5869 725622
3 5869 358800
8298 5870 -90000
8297 5870 -90000
8246 5870 -11250
8245 5870 -18756
8248 5870 -11250
8247 5870 -18747
8244 5870 -11250
8243 5870 -18747
6762 5870 10
335 5870 -270
333 5870 -1630
332 5870 100
283 5870 -27500
275 5870 -163500
273 5870 3880
128 5870 -11290
8302 5871 -90000
8301 5871 -90000
8258 5871 -11250
8257 5871 -18756
8260 5871 -11250
8259 5871 -18747
8256 5871 -11250
8255 5871 -18747
7057 5871 10
881 5871 -270
879 5871 -1630
878 5871 100
829 5871 -27500
821 5871 -16350
819 5871 3880
674 5871 -11290
8304 5872 -90000
8303 5872 -90000
8264 5872 -11250
8263 5872 -18756
8266 5872 -11250
8265 5872 -18747
8262 5872 -11250
8261 5872 -18747
7216 5872 10
1154 5872 -270
1152 5872 -1630
1151 5872 100
1102 5872 -27500
1094 5872 -163500
1092 5872 3880
947 5872 -11290
8306 5873 -90000
8305 5873 -90000
8270 5873 -11250
8269 5873 -18756
8272 5873 -11250
8271 5873 -18747
8268 5873 -11250
8267 5873 -18747
7377 5873 10
1427 5873 -270
1425 5873 -1630
1424 5873 100
1375 5873 -27500
1367 5873 -16350
1365 5873 3880
1220 5873 -11290
8308 5874 -90000
8307 5874 -90000
8276 5874 -11250
8275 5874 -18756
8278 5874 -11250
8277 5874 -18747
8274 5874 -11250
8273 5874 -18747
7539 5874 10
1700 5874 -270
1698 5874 -1630
1697 5874 100
1648 5874 -27500
1640 5874 -163500
1638 5874 3880
1493 5874 -11290
8310 5875 -90000
8309 5875 -90000
8282 5875 -11250
8281 5875 -18756
8284 5875 -11250
8283 5875 -18747
8280 5875 -11250
8279 5875 -18747
7708 5875 10
1973 5875 -270
1971 5875 -1630
1970 5875 100
1921 5875 -27500
1913 5875 -163500
1911 5875 3880
1766 5875 -11290
8312 5876 -90000
8311 5876 -90000
8288 5876 -11250
8287 5876 -18756
8290 5876 -11250
8289 5876 -18747
8286 5876 -11250
8285 5876 -18747
7893 5876 10
2246 5876 -270
2244 5876 -1630
2243 5876 100
2194 5876 -27500
2186 5876 -163500
2184 5876 3880
2039 5876 -11290
8314 5877 -90000
8313 5877 -90000
8294 5877 -11250
8293 5877 -18756
8296 5877 -11250
8295 5877 -18747
8292 5877 -11250
8291 5877 -18747
8078 5877 10
2519 5877 -270
2517 5877 -1630
2516 5877 100
2467 5877 -27500
2459 5877 -163500
2457 5877 3880
2312 5877 -11290
8300 5878 -90000
8299 5878 -90000
8252 5878 -11250
8251 5878 -18756
8254 5878 -11250
8253 5878 -18747
8250 5878 -11250
8249 5878 -18747
6904 5878 10
608 5878 -270
606 5878 -1630
605 5878 100
556 5878 -27500
548 5878 -163500
546 5878 3880
401 5878 -11290
8302 5879 -90000
8301 5879 -90000
8258 5879 -11250
8257 5879 -18756
8260 5879 -11250
8259 5879 -18747
8256 5879 -11250
8255 5879 -18747
7058 5879 10
881 5879 -270
879 5879 -1630
878 5879 100
829 5879 -27500
821 5879 -16350
819 5879 3880
674 5879 -11290
8304 5880 -90000
8303 5880 -90000
8264 5880 -11250
8263 5880 -18756
8266 5880 -11250
8265 5880 -18747
8262 5880 -11250
8261 5880 -18747
7217 5880 10
1154 5880 -270
1152 5880 -1630
1151 5880 100
1102 5880 -27500
1094 5880 -163500
1092 5880 3880
947 5880 -11290
8306 5881 -90000
8305 5881 -90000
8270 5881 -11250
8269 5881 -18756
8272 5881 -11250
8271 5881 -18747
8268 5881 -11250
8267 5881 -18747
7378 5881 10
1427 5881 -270
1425 5881 -1630
1424 5881 100
1375 5881 -27500
1367 5881 -16350
1365 5881 3880
1220 5881 -11290
8308 5882 -90000
8307 5882 -90000
8276 5882 -11250
8275 5882 -18756
8278 5882 -11250
8277 5882 -18747
8274 5882 -11250
8273 5882 -18747
7540 5882 10
1700 5882 -270
1698 5882 -1630
1697 5882 100
1648 5882 -27500
1640 5882 -163500
1638 5882 3880
1493 5882 -11290
8310 5883 -90000
8309 5883 -90000
8282 5883 -11250
8281 5883 -18756
8284 5883 -11250
8283 5883 -18747
8280 5883 -11250
8279 5883 -18747
7709 5883 10
1973 5883 -270
1971 5883 -1630
1970 5883 100
1921 5883 -27500
1913 5883 -163500
1911 5883 3880
1766 5883 -11290
8312 5884 -90000
8311 5884 -90000
8288 5884 -11250
8287 5884 -18756
8290 5884 -11250
8289 5884 -18747
8286 5884 -11250
8285 5884 -18747
7894 5884 10
2246 5884 -270
2244 5884 -1630
2243 5884 100
2194 5884 -27500
2186 5884 -163500
2184 5884 3880
2039 5884 -11290
8314 5885 -90000
8313 5885 -90000
8294 5885 -11250
8293 5885 -18756
8296 5885 -11250
8295 5885 -18747
8292 5885 -11250
8291 5885 -18747
8079 5885 10
2519 5885 -270
2517 5885 -1630
2516 5885 100
2467 5885 -27500
2459 5885 -163500
2457 5885 3880
2312 5885 -11290
8302 5886 -90000
8301 5886 -90000
8258 5886 -11250
8257 5886 -18756
8260 5886 -11250
8259 5886 -18747
8256 5886 -11250
8255 5886 -18747
7059 5886 10
881 5886 -270
879 5886 -1630
878 5886 100
829 5886 -22500
821 5886 -16350
819 5886 3880
753 5886 -1
674 5886 -11290
38 5886 312765
20 5886 93857
2 5886 17548
8304 5887 -90000
8303 5887 -90000
8264 5887 -11250
8263 5887 -18756
8266 5887 -11250
8265 5887 -18747
8262 5887 -11250
8261 5887 -18747
7218 5887 10
1154 5887 -270
1152 5887 -1630
1151 5887 100
1102 5887 -22500
1094 5887 -163500
1092 5887 3880
1026 5887 -1
947 5887 -11290
39 5887 312765
21 5887 93857
3 5887 17548
8306 5888 -90000
8305 5888 -90000
8270 5888 -11250
8269 5888 -18756
8272 5888 -11250
8271 5888 -18747
8268 5888 -11250
8267 5888 -18747
7379 5888 10
1427 5888 -270
1425 5888 -1630
1424 5888 100
1375 5888 -22500
1367 5888 -16350
1365 5888 3880
1299 5888 -1
1220 5888 -11290
40 5888 312765
22 5888 93857
4 5888 17548
8308 5889 -90000
8307 5889 -90000
8276 5889 -11250
8275 5889 -18756
8278 5889 -11250
8277 5889 -18747
8274 5889 -11250
8273 5889 -18747
7541 5889 10
1700 5889 -270
1698 5889 -1630
1697 5889 100
1648 5889 -22500
1640 5889 -163500
1638 5889 3880
1572 5889 -1
1493 5889 -11290
41 5889 312765
23 5889 93857
5 5889 17548
8310 5890 -90000
8309 5890 -90000
8282 5890 -11250
8281 5890 -18756
8284 5890 -11250
8283 5890 -18747
8280 5890 -11250
8279 5890 -18747
7710 5890 10
1973 5890 -270
1971 5890 -1630
1970 5890 100
1921 5890 -22500
1913 5890 -163500
1911 5890 3880
1845 5890 -1
1766 5890 -11290
42 5890 312765
24 5890 93857
6 5890 17548
8312 5891 -90000
8311 5891 -90000
8288 5891 -11250
8287 5891 -18756
8290 5891 -11250
8289 5891 -18747
8286 5891 -11250
8285 5891 -18747
7895 5891 10
2246 5891 -270
2244 5891 -1630
2243 5891 100
2194 5891 -22500
2186 5891 -163500
2184 5891 3880
2118 5891 -1
2039 5891 -11290
43 5891 312765
25 5891 93857
7 5891 17548
8300 5892 -90000
8299 5892 -90000
8252 5892 -11250
8251 5892 -18756
8254 5892 -11250
8253 5892 -18747
8250 5892 -11250
8249 5892 -18747
6906 5892 10
608 5892 -270
606 5892 -1630
605 5892 100
556 5892 -22500
548 5892 -163500
546 5892 3880
480 5892 -1
401 5892 -11290
37 5892 312765
19 5892 93857
1 5892 17548
8302 5893 -90000
8301 5893 -90000
8258 5893 -11250
8257 5893 -18756
8260 5893 -11250
8259 5893 -18747
8256 5893 -11250
8255 5893 -18747
7060 5893 10
881 5893 -270
879 5893 -1630
878 5893 100
829 5893 -22500
821 5893 -16350
819 5893 3880
753 5893 -1
674 5893 -11290
38 5893 312765
20 5893 93857
2 5893 17548
8304 5894 -90000
8303 5894 -90000
8264 5894 -11250
8263 5894 -18756
8266 5894 -11250
8265 5894 -18747
8262 5894 -11250
8261 5894 -18747
7219 5894 10
1154 5894 -270
1152 5894 -1630
1151 5894 100
1102 5894 -22500
1094 5894 -163500
1092 5894 3880
1026 5894 -1
947 5894 -11290
39 5894 312765
21 5894 93857
3 5894 17548
8306 5895 -90000
8305 5895 -90000
8270 5895 -11250
8269 5895 -18756
8272 5895 -11250
8271 5895 -18747
8268 5895 -11250
8267 5895 -18747
7380 5895 10
1427 5895 -270
1425 5895 -1630
1424 5895 100
1375 5895 -22500
1367 5895 -16350
1365 5895 3880
1299 5895 -1
1220 5895 -11290
40 5895 312765
22 5895 93857
4 5895 17548
8308 5896 -90000
8307 5896 -90000
8276 5896 -11250
8275 5896 -18756
8278 5896 -11250
8277 5896 -18747
8274 5896 -11250
8273 5896 -18747
7542 5896 10
1700 5896 -270
1698 5896 -1630
1697 5896 100
1648 5896 -22500
1640 5896 -163500
1638 5896 3880
1572 5896 -1
1493 5896 -11290
41 5896 312765
23 5896 93857
5 5896 17548
8310 5897 -90000
8309 5897 -90000
8282 5897 -11250
8281 5897 -18756
8284 5897 -11250
8283 5897 -18747
8280 5897 -11250
8279 5897 -18747
7711 5897 10
1973 5897 -270
1971 5897 -1630
1970 5897 100
1921 5897 -22500
1913 5897 -163500
1911 5897 3880
1845 5897 -1
1766 5897 -11290
42 5897 312765
24 5897 93857
6 5897 17548
8312 5898 -90000
8311 5898 -90000
8288 5898 -11250
8287 5898 -18756
8290 5898 -11250
8289 5898 -18747
8286 5898 -11250
8285 5898 -18747
7896 5898 10
2246 5898 -270
2244 5898 -1630
2243 5898 100
2194 5898 -22500
2186 5898 -163500
2184 5898 3880
2118 5898 -1
2039 5898 -11290
43 5898 312765
25 5898 93857
7 5898 17548
8314 5899 -90000
8313 5899 -90000
8294 5899 -11250
8293 5899 -18756
8296 5899 -11250
8295 5899 -18747
8292 5899 -11250
8291 5899 -18747
8081 5899 10
2519 5899 -270
2517 5899 -1630
2516 5899 100
2467 5899 -22500
2459 5899 -163500
2457 5899 3880
2391 5899 -1
2312 5899 -11290
44 5899 312765
26 5899 93857
8 5899 17548
8298 5900 -90000
8297 5900 -90000
8246 5900 -11250
8245 5900 -18756
8248 5900 -11250
8247 5900 -18747
8244 5900 -11250
8243 5900 -18747
6764 5900 1
335 5900 -270
333 5900 -1630
332 5900 100
283 5900 -30000
275 5900 -163500
273 5900 3880
128 5900 -11290
8302 5901 -90000
8301 5901 -90000
8258 5901 -11250
8257 5901 -18756
8260 5901 -11250
8259 5901 -18747
8256 5901 -11250
8255 5901 -18747
7061 5901 10
881 5901 -270
879 5901 -1630
878 5901 100
829 5901 -30000
821 5901 -16350
819 5901 3880
674 5901 -11290
8304 5902 -90000
8303 5902 -90000
8264 5902 -11250
8263 5902 -18756
8266 5902 -11250
8265 5902 -18747
8262 5902 -11250
8261 5902 -18747
7220 5902 1
1154 5902 -270
1152 5902 -1630
1151 5902 100
1102 5902 -30000
1094 5902 -163500
1092 5902 3880
947 5902 -11290
8306 5903 -90000
8305 5903 -90000
8270 5903 -11250
8269 5903 -18756
8272 5903 -11250
8271 5903 -18747
8268 5903 -11250
8267 5903 -18747
7381 5903 10
1427 5903 -270
1425 5903 -1630
1424 5903 100
1375 5903 -30000
1367 5903 -16350
1365 5903 3880
1220 5903 -11290
8308 5904 -90000
8307 5904 -90000
8276 5904 -11250
8275 5904 -18756
8278 5904 -11250
8277 5904 -18747
8274 5904 -11250
8273 5904 -18747
7543 5904 10
1700 5904 -270
1698 5904 -1630
1697 5904 100
1648 5904 -30000
1640 5904 -163500
1638 5904 3880
1493 5904 -11290
8310 5905 -90000
8309 5905 -90000
8282 5905 -11250
8281 5905 -18756
8284 5905 -11250
8283 5905 -18747
8280 5905 -11250
8279 5905 -18747
7712 5905 10
1973 5905 -270
1971 5905 -1630
1970 5905 100
1921 5905 -30000
1913 5905 -163500
1911 5905 3880
1766 5905 -11290
8312 5906 -90000
8311 5906 -90000
8288 5906 -11250
8287 5906 -18756
8290 5906 -11250
8289 5906 -18747
8286 5906 -11250
8285 5906 -18747
7897 5906 10
2246 5906 -270
2244 5906 -1630
2243 5906 100
2194 5906 -30000
2186 5906 -163500
2184 5906 3880
2039 5906 -11290
8314 5907 -90000
8313 5907 -90000
8294 5907 -11250
8293 5907 -18756
8296 5907 -11250
8295 5907 -18747
8292 5907 -11250
8291 5907 -18747
8082 5907 10
2519 5907 -270
2517 5907 -1630
2516 5907 100
2467 5907 -30000
2459 5907 -163500
2457 5907 3880
2312 5907 -11290
8300 5908 -90000
8299 5908 -90000
8252 5908 -11250
8251 5908 -18756
8254 5908 -11250
8253 5908 -18747
8250 5908 -11250
8249 5908 -18747
6908 5908 10
608 5908 -270
606 5908 -1630
605 5908 100
556 5908 -20000
548 5908 -163500
546 5908 3880
468 5908 -460000
401 5908 -11290
37 5908 5222270
19 5908 725602
1 5908 358800
8304 5909 -90000
8303 5909 -90000
8264 5909 -11250
8263 5909 -18756
8266 5909 -11250
8265 5909 -18747
8262 5909 -11250
8261 5909 -18747
7221 5909 10
1154 5909 -270
1152 5909 -1630
1151 5909 100
1102 5909 -20000
1094 5909 -163500
1092 5909 3880
1014 5909 -460000
947 5909 -11290
39 5909 5222270
21 5909 725602
3 5909 358800
8306 5910 -90000
8305 5910 -90000
8270 5910 -11250
8269 5910 -18756
8272 5910 -11250
8271 5910 -18747
8268 5910 -11250
8267 5910 -18747
7382 5910 10
1427 5910 -270
1425 5910 -1630
1424 5910 100
1375 5910 -20000
1367 5910 -16350
1365 5910 3880
1287 5910 -460000
1220 5910 -11290
40 5910 5222270
22 5910 725602
4 5910 358800
8308 5911 -90000
8307 5911 -90000
8276 5911 -11250
8275 5911 -18756
8278 5911 -11250
8277 5911 -18747
8274 5911 -11250
8273 5911 -18747
7544 5911 10
1700 5911 -270
1698 5911 -1630
1697 5911 100
1648 5911 -20000
1640 5911 -163500
1638 5911 3880
1560 5911 -460000
1493 5911 -11290
41 5911 5222270
23 5911 725602
5 5911 358800
8310 5912 -90000
8309 5912 -90000
8282 5912 -11250
8281 5912 -18756
8284 5912 -11250
8283 5912 -18747
8280 5912 -11250
8279 5912 -18747
7713 5912 10
1973 5912 -270
1971 5912 -1630
1970 5912 100
1921 5912 -20000
1913 5912 -163500
1911 5912 3880
1833 5912 -460000
1766 5912 -11290
42 5912 5222270
24 5912 725602
6 5912 358800
8298 5913 -90000
8297 5913 -90000
8246 5913 -11250
8245 5913 -18756
8248 5913 -11250
8247 5913 -18747
8244 5913 -11250
8243 5913 -18747
6766 5913 10
335 5913 -270
333 5913 -1630
332 5913 100
283 5913 -27500
275 5913 -163500
273 5913 3880
128 5913 -11290
8300 5914 -90000
8299 5914 -90000
8252 5914 -11250
8251 5914 -18756
8254 5914 -11250
8253 5914 -18747
8250 5914 -11250
8249 5914 -18747
6909 5914 10
608 5914 -270
606 5914 -1630
605 5914 100
556 5914 -27500
548 5914 -163500
546 5914 3880
401 5914 -11290
8302 5915 -90000
8301 5915 -90000
8258 5915 -11250
8257 5915 -18756
8260 5915 -11250
8259 5915 -18747
8256 5915 -11250
8255 5915 -18747
7063 5915 10
881 5915 -270
879 5915 -1630
878 5915 100
829 5915 -27500
821 5915 -16350
819 5915 3880
674 5915 -11290
8304 5916 -90000
8303 5916 -90000
8264 5916 -11250
8263 5916 -18756
8266 5916 -11250
8265 5916 -18747
8262 5916 -11250
8261 5916 -18747
7222 5916 10
1154 5916 -270
1152 5916 -1630
1151 5916 100
1102 5916 -27500
1094 5916 -163500
1092 5916 3880
947 5916 -11290
8306 5917 -90000
8305 5917 -90000
8270 5917 -11250
8269 5917 -18756
8272 5917 -11250
8271 5917 -18747
8268 5917 -11250
8267 5917 -18747
7383 5917 10
1427 5917 -270
1425 5917 -1630
1424 5917 100
1375 5917 -27500
1367 5917 -16350
1365 5917 3880
1220 5917 -11290
8308 5918 -90000
8307 5918 -90000
8276 5918 -11250
8275 5918 -18756
8278 5918 -11250
8277 5918 -18747
8274 5918 -11250
8273 5918 -18747
7545 5918 10
1700 5918 -270
1698 5918 -1630
1697 5918 100
1648 5918 -27500
1640 5918 -163500
1638 5918 3880
1493 5918 -11290
8310 5919 -90000
8309 5919 -90000
8282 5919 -11250
8281 5919 -18756
8284 5919 -11250
8283 5919 -18747
8280 5919 -11250
8279 5919 -18747
7714 5919 10
1973 5919 -270
1971 5919 -1630
1970 5919 100
1921 5919 -27500
1913 5919 -163500
1911 5919 3880
1766 5919 -11290
8312 5920 -90000
8311 5920 -90000
8288 5920 -11250
8287 5920 -18756
8290 5920 -11250
8289 5920 -18747
8286 5920 -11250
8285 5920 -18747
7899 5920 10
2246 5920 -270
2244 5920 -1630
2243 5920 100
2194 5920 -27500
2186 5920 -163500
2184 5920 3880
2039 5920 -11290
8314 5921 -90000
8313 5921 -90000
8294 5921 -11250
8293 5921 -18756
8296 5921 -11250
8295 5921 -18747
8292 5921 -11250
8291 5921 -18747
8084 5921 10
2519 5921 -270
2517 5921 -1630
2516 5921 100
2467 5921 -27500
2459 5921 -163500
2457 5921 3880
2312 5921 -11290
8300 5922 -90000
8299 5922 -90000
8252 5922 -11250
8251 5922 -18756
8254 5922 -11250
8253 5922 -18747
8250 5922 -11250
8249 5922 -18747
6910 5922 10
608 5922 -270
606 5922 -1630
605 5922 100
556 5922 -22500
548 5922 -163500
546 5922 3880
480 5922 -1
401 5922 -11290
37 5922 312765
19 5922 93857
1 5922 17548
8302 5923 -90000
8301 5923 -90000
8258 5923 -11250
8257 5923 -18756
8260 5923 -11250
8259 5923 -18747
8256 5923 -11250
8255 5923 -18747
7064 5923 10
881 5923 -270
879 5923 -1630
878 5923 100
829 5923 -22500
821 5923 -16350
819 5923 3880
753 5923 -1
674 5923 -11290
38 5923 312765
20 5923 93857
2 5923 17548
8304 5924 -90000
8303 5924 -90000
8264 5924 -11250
8263 5924 -18756
8266 5924 -11250
8265 5924 -18747
8262 5924 -11250
8261 5924 -18747
7223 5924 10
1154 5924 -270
1152 5924 -1630
1151 5924 100
1102 5924 -22500
1094 5924 -163500
1092 5924 3880
1026 5924 -1
947 5924 -11290
39 5924 312765
21 5924 93857
3 5924 17548
8306 5925 -90000
8305 5925 -90000
8270 5925 -11250
8269 5925 -18756
8272 5925 -11250
8271 5925 -18747
8268 5925 -11250
8267 5925 -18747
7384 5925 10
1427 5925 -270
1425 5925 -1630
1424 5925 100
1375 5925 -22500
1367 5925 -16350
1365 5925 3880
1299 5925 -1
1220 5925 -11290
40 5925 312765
22 5925 93857
4 5925 17548
8308 5926 -90000
8307 5926 -90000
8276 5926 -11250
8275 5926 -18756
8278 5926 -11250
8277 5926 -18747
8274 5926 -11250
8273 5926 -18747
7546 5926 10
1700 5926 -270
1698 5926 -1630
1697 5926 100
1648 5926 -22500
1640 5926 -163500
1638 5926 3880
1572 5926 -1
1493 5926 -11290
41 5926 312765
23 5926 93857
5 5926 17548
8310 5927 -90000
8309 5927 -90000
8282 5927 -11250
8281 5927 -18756
8284 5927 -11250
8283 5927 -18747
8280 5927 -11250
8279 5927 -18747
7715 5927 10
1973 5927 -270
1971 5927 -1630
1970 5927 100
1921 5927 -22500
1913 5927 -163500
1911 5927 3880
1845 5927 -1
1766 5927 -11290
42 5927 312765
24 5927 93857
6 5927 17548
8312 5928 -90000
8311 5928 -90000
8288 5928 -11250
8287 5928 -18756
8290 5928 -11250
8289 5928 -18747
8286 5928 -11250
8285 5928 -18747
7900 5928 10
2246 5928 -270
2244 5928 -1630
2243 5928 100
2194 5928 -22500
2186 5928 -163500
2184 5928 3880
2118 5928 -1
2039 5928 -11290
43 5928 312765
25 5928 93857
7 5928 17548
8314 5929 -90000
8313 5929 -90000
8294 5929 -11250
8293 5929 -18756
8296 5929 -11250
8295 5929 -18747
8292 5929 -11250
8291 5929 -18747
8085 5929 10
2519 5929 -270
2517 5929 -1630
2516 5929 100
2467 5929 -22500
2459 5929 -163500
2457 5929 3880
2391 5929 -1
2312 5929 -11290
44 5929 312765
26 5929 93857
8 5929 17548
8310 5930 -90000
8309 5930 -90000
8282 5930 -11250
8281 5930 -18756
8284 5930 -11250
8283 5930 -18747
8280 5930 -11250
8279 5930 -18747
7716 5930 10
1973 5930 -270
1971 5930 -1630
1970 5930 100
1921 5930 -30000
1913 5930 -163500
1911 5930 3880
1766 5930 -11290
8312 5931 -90000
8311 5931 -90000
8288 5931 -11250
8287 5931 -18756
8290 5931 -11250
8289 5931 -18747
8286 5931 -11250
8285 5931 -18747
7901 5931 10
2246 5931 -270
2244 5931 -1630
2243 5931 100
2194 5931 -30000
2186 5931 -163500
2184 5931 3880
2039 5931 -11290
8314 5932 -90000
8313 5932 -90000
8294 5932 -11250
8293 5932 -18756
8296 5932 -11250
8295 5932 -18747
8292 5932 -11250
8291 5932 -18747
8086 5932 10
2519 5932 -270
2517 5932 -1630
2516 5932 100
2467 5932 -30000
2459 5932 -163500
2457 5932 3880
2312 5932 -11290
8310 5933 -90000
8309 5933 -90000
8282 5933 -11250
8281 5933 -18756
8284 5933 -11250
8283 5933 -18747
8280 5933 -11250
8279 5933 -18747
7718 5933 10
1973 5933 -270
1971 5933 -1630
1970 5933 100
1921 5933 -27500
1913 5933 -163500
1911 5933 3880
1766 5933 -11290
8312 5934 -90000
8311 5934 -90000
8288 5934 -11250
8287 5934 -18756
8290 5934 -11250
8289 5934 -18747
8286 5934 -11250
8285 5934 -18747
7903 5934 10
2246 5934 -270
2244 5934 -1630
2243 5934 100
2194 5934 -27500
2186 5934 -163500
2184 5934 3880
2039 5934 -11290
8314 5935 -90000
8313 5935 -90000
8294 5935 -11250
8293 5935 -18756
8296 5935 -11250
8295 5935 -18747
8292 5935 -11250
8291 5935 -18747
8088 5935 10
2519 5935 -270
2517 5935 -1630
2516 5935 100
2467 5935 -27500
2459 5935 -163500
2457 5935 3880
2312 5935 -11290
8310 5936 -90000
8309 5936 -90000
8282 5936 -11250
8281 5936 -18756
8284 5936 -11250
8283 5936 -18747
8280 5936 -11250
8279 5936 -18747
7719 5936 10
1973 5936 -270
1971 5936 -1630
1970 5936 100
1921 5936 -22500
1913 5936 -163500
1911 5936 3880
1845 5936 -1
1766 5936 -11290
42 5936 312765
24 5936 93857
6 5936 17548
8312 5937 -90000
8311 5937 -90000
8288 5937 -11250
8287 5937 -18756
8290 5937 -11250
8289 5937 -18747
8286 5937 -11250
8285 5937 -18747
7904 5937 10
2246 5937 -270
2244 5937 -1630
2243 5937 100
2194 5937 -22500
2186 5937 -163500
2184 5937 3880
2118 5937 -1
2039 5937 -11290
43 5937 312765
25 5937 93857
7 5937 17548
8314 5938 -90000
8313 5938 -90000
8294 5938 -11250
8293 5938 -18756
8296 5938 -11250
8295 5938 -18747
8292 5938 -11250
8291 5938 -18747
8089 5938 10
2519 5938 -270
2517 5938 -1630
2516 5938 100
2467 5938 -22500
2459 5938 -163500
2457 5938 3880
2391 5938 -1
2312 5938 -11290
44 5938 312765
26 5938 93857
8 5938 17548
8306 5939 -1836000
8305 5939 -1836000
8270 5939 -229500
8269 5939 -382622
8272 5939 -229500
8271 5939 -382439
8268 5939 -229500
8267 5939 -382439
7385 5939 1
1430 5939 1
1425 5939 -1500
1215 5939 -63
8308 5940 -1836000
8307 5940 -1836000
8276 5940 -229500
8275 5940 -382622
8278 5940 -229500
8277 5940 -382439
8274 5940 -229500
8273 5940 -382439
7547 5940 1
1703 5940 1
1698 5940 -1500
1488 5940 -63
8310 5941 -1836000
8309 5941 -1836000
8282 5941 -229500
8281 5941 -382622
8284 5941 -229500
8283 5941 -382439
8280 5941 -229500
8279 5941 -382439
7720 5941 1
1976 5941 1
1971 5941 -1500
1761 5941 -63
8312 5942 -1836000
8311 5942 -1836000
8288 5942 -229500
8287 5942 -382622
8290 5942 -229500
8289 5942 -382439
8286 5942 -229500
8285 5942 -382439
7905 5942 1
2249 5942 1
2244 5942 -1500
2034 5942 -63
8314 5943 -1836000
8313 5943 -1836000
8294 5943 -229500
8293 5943 -382622
8296 5943 -229500
8295 5943 -382439
8292 5943 -229500
8291 5943 -382439
8090 5943 1
2522 5943 1
2517 5943 -1500
2307 5943 -63
8298 5944 -1836000
8297 5944 -1836000
8246 5944 -229500
8245 5944 -382622
8248 5944 -229500
8247 5944 -382439
8244 5944 -229500
8243 5944 -382439
6768 5944 10
338 5944 1
333 5944 -1500
123 5944 -63
8300 5945 -1836000
8299 5945 -1836000
8252 5945 -229500
8251 5945 -382622
8254 5945 -229500
8253 5945 -382439
8250 5945 -229500
8249 5945 -382439
6911 5945 10
611 5945 1
606 5945 -1500
396 5945 -63
8302 5946 -1836000
8301 5946 -1836000
8258 5946 -229500
8257 5946 -382622
8260 5946 -229500
8259 5946 -382439
8256 5946 -229500
8255 5946 -382439
7065 5946 10
884 5946 1
879 5946 -1500
669 5946 -63
8304 5947 -1836000
8303 5947 -1836000
8264 5947 -229500
8263 5947 -382622
8266 5947 -229500
8265 5947 -382439
8262 5947 -229500
8261 5947 -382439
7224 5947 10
1157 5947 1
1152 5947 -1500
942 5947 -63
8306 5948 -1836000
8305 5948 -1836000
8270 5948 -229500
8269 5948 -382622
8272 5948 -229500
8271 5948 -382439
8268 5948 -229500
8267 5948 -382439
7386 5948 10
1430 5948 1
1425 5948 -1500
1215 5948 -63
8308 5949 -1836000
8307 5949 -1836000
8276 5949 -229500
8275 5949 -382622
8278 5949 -229500
8277 5949 -382439
8274 5949 -229500
8273 5949 -382439
7548 5949 10
1703 5949 1
1698 5949 -1500
1488 5949 -63
8310 5950 -1836000
8309 5950 -1836000
8282 5950 -229500
8281 5950 -382622
8284 5950 -229500
8283 5950 -382439
8280 5950 -229500
8279 5950 -382439
7721 5950 10
1976 5950 1
1971 5950 -1500
1761 5950 -63
8312 5951 -1836000
8311 5951 -1836000
8288 5951 -229500
8287 5951 -382622
8290 5951 -229500
8289 5951 -382439
8286 5951 -229500
8285 5951 -382439
7906 5951 10
2249 5951 1
2244 5951 -1500
2034 5951 -63
8314 5952 -1836000
8313 5952 -1836000
8294 5952 -229500
8293 5952 -382622
8296 5952 -229500
8295 5952 -382439
8292 5952 -229500
8291 5952 -382439
8091 5952 10
2522 5952 1
2517 5952 -1500
2307 5952 -63
8310 5953 -1836000
8309 5953 -1836000
8282 5953 -229500
8281 5953 -382622
8284 5953 -229500
8283 5953 -382439
8280 5953 -229500
8279 5953 -382439
7722 5953 10
1976 5953 1
1971 5953 -1500
1761 5953 -63
8312 5954 -1836000
8311 5954 -1836000
8288 5954 -229500
8287 5954 -382622
8290 5954 -229500
8289 5954 -382439
8286 5954 -229500
8285 5954 -382439
7907 5954 10
2249 5954 1
2244 5954 -1500
2034 5954 -63
8314 5955 -1836000
8313 5955 -1836000
8294 5955 -229500
8293 5955 -382622
8296 5955 -229500
8295 5955 -382439
8292 5955 -229500
8291 5955 -382439
8092 5955 10
2522 5955 1
2517 5955 -1500
2307 5955 -63
8298 5956 -108000
8297 5956 -108000
8246 5956 -13500
8245 5956 -22507
8248 5956 -13500
8247 5956 -22496
8244 5956 -13500
8243 5956 -22496
6769 5956 10
345 5956 25
335 5956 -3200
332 5956 -80
295 5956 25
275 5956 -4200
273 5956 886
128 5956 -2110
8300 5957 -108000
8299 5957 -108000
8252 5957 -13500
8251 5957 -22507
8254 5957 -13500
8253 5957 -22496
8250 5957 -13500
8249 5957 -22496
6912 5957 1
618 5957 50
608 5957 -3200
605 5957 -80
568 5957 10
548 5957 -4200
546 5957 886
401 5957 -2110
8302 5958 -108000
8301 5958 -108000
8258 5958 -13500
8257 5958 -22507
8260 5958 -13500
8259 5958 -22496
8256 5958 -13500
8255 5958 -22496
7066 5958 10
891 5958 25
881 5958 -3200
878 5958 -80
841 5958 25
821 5958 -420
819 5958 886
674 5958 -2110
8304 5959 -108000
8303 5959 -108000
8264 5959 -13500
8263 5959 -22507
8266 5959 -13500
8265 5959 -22496
8262 5959 -13500
8261 5959 -22496
7225 5959 1
1164 5959 25
1154 5959 -3200
1151 5959 -80
1114 5959 5
1094 5959 -4200
1092 5959 886
947 5959 -2110
8306 5960 -108000
8305 5960 -108000
8270 5960 -13500
8269 5960 -22507
8272 5960 -13500
8271 5960 -22496
8268 5960 -13500
8267 5960 -22496
7387 5960 10
1437 5960 50
1427 5960 -3200
1424 5960 -80
1387 5960 5
1367 5960 -420
1365 5960 886
1220 5960 -2110
8308 5961 -108000
8307 5961 -108000
8276 5961 -13500
8275 5961 -22507
8278 5961 -13500
8277 5961 -22496
8274 5961 -13500
8273 5961 -22496
7549 5961 1
1710 5961 25
1700 5961 -3200
1697 5961 -80
1660 5961 5
1640 5961 -4200
1638 5961 886
1493 5961 -2110
8310 5962 -108000
8309 5962 -108000
8282 5962 -13500
8281 5962 -22507
8284 5962 -13500
8283 5962 -22496
8280 5962 -13500
8279 5962 -22496
7723 5962 1
1983 5962 50
1973 5962 -3200
1970 5962 -80
1933 5962 5
1913 5962 -4200
1911 5962 886
1766 5962 -2110
8312 5963 -108000
8311 5963 -108000
8288 5963 -13500
8287 5963 -22507
8290 5963 -13500
8289 5963 -22496
8286 5963 -13500
8285 5963 -22496
7908 5963 10
2256 5963 25
2246 5963 -3200
2243 5963 -80
2206 5963 5
2186 5963 -4200
2184 5963 886
2039 5963 -2110
8314 5964 -108000
8313 5964 -108000
8294 5964 -13500
8293 5964 -22507
8296 5964 -13500
8295 5964 -22496
8292 5964 -13500
8291 5964 -22496
8093 5964 10
2529 5964 25
2519 5964 -3200
2516 5964 -80
2479 5964 5
2459 5964 -4200
2457 5964 886
2312 5964 -2110
8298 5965 -108000
8297 5965 -108000
8246 5965 -13500
8245 5965 -22507
8248 5965 -13500
8247 5965 -22496
8244 5965 -13500
8243 5965 -22496
6770 5965 1
345 5965 25
335 5965 -4500
332 5965 -67
295 5965 25
275 5965 -4200
128 5965 -2110
8300 5966 -108000
8299 5966 -108000
8252 5966 -13500
8251 5966 -22507
8254 5966 -13500
8253 5966 -22496
8250 5966 -13500
8249 5966 -22496
6913 5966 10
618 5966 50
608 5966 -4500
605 5966 -67
568 5966 10
548 5966 -4200
401 5966 -2110
8302 5967 -108000
8301 5967 -108000
8258 5967 -13500
8257 5967 -22507
8260 5967 -13500
8259 5967 -22496
8256 5967 -13500
8255 5967 -22496
7067 5967 10
891 5967 25
881 5967 -4500
878 5967 -67
841 5967 25
821 5967 -420
674 5967 -2110
8304 5968 -108000
8303 5968 -108000
8264 5968 -13500
8263 5968 -22507
8266 5968 -13500
8265 5968 -22496
8262 5968 -13500
8261 5968 -22496
7226 5968 1
1164 5968 25
1154 5968 -4500
1151 5968 -67
1114 5968 5
1094 5968 -4200
947 5968 -2110
8306 5969 -108000
8305 5969 -108000
8270 5969 -13500
8269 5969 -22507
8272 5969 -13500
8271 5969 -22496
8268 5969 -13500
8267 5969 -22496
7388 5969 1
1437 5969 50
1427 5969 -4500
1424 5969 -67
1387 5969 5
1367 5969 -420
1220 5969 -2110
8308 5970 -108000
8307 5970 -108000
8276 5970 -13500
8275 5970 -22507
8278 5970 -13500
8277 5970 -22496
8274 5970 -13500
8273 5970 -22496
7550 5970 10
1710 5970 25
1700 5970 -4500
1697 5970 -67
1660 5970 5
1640 5970 -4200
1493 5970 -2110
8310 5971 -108000
8309 5971 -108000
8282 5971 -13500
8281 5971 -22507
8284 5971 -13500
8283 5971 -22496
8280 5971 -13500
8279 5971 -22496
7724 5971 10
1983 5971 50
1973 5971 -4500
1970 5971 -67
1933 5971 5
1913 5971 -4200
1766 5971 -2110
8312 5972 -108000
8311 5972 -108000
8288 5972 -13500
8287 5972 -22507
8290 5972 -13500
8289 5972 -22496
8286 5972 -13500
8285 5972 -22496
7909 5972 1
2256 5972 25
2246 5972 -4500
2243 5972 -67
2206 5972 5
2186 5972 -4200
2039 5972 -2110
8314 5973 -108000
8313 5973 -108000
8294 5973 -13500
8293 5973 -22507
8296 5973 -13500
8295 5973 -22496
8292 5973 -13500
8291 5973 -22496
8094 5973 10
2529 5973 25
2519 5973 -4500
2516 5973 -67
2479 5973 5
2459 5973 -4200
2312 5973 -2110
8298 5974 -108000
8297 5974 -108000
8246 5974 -13500
8245 5974 -22507
8248 5974 -13500
8247 5974 -22496
8244 5974 -13500
8243 5974 -22496
6771 5974 10
345 5974 25
335 5974 -3200
332 5974 -80
295 5974 25
275 5974 -4200
128 5974 -2110
8300 5975 -108000
8299 5975 -108000
8252 5975 -13500
8251 5975 -22507
8254 5975 -13500
8253 5975 -22496
8250 5975 -13500
8249 5975 -22496
6914 5975 1
618 5975 50
608 5975 -3200
605 5975 -80
568 5975 10
548 5975 -4200
401 5975 -2110
8302 5976 -108000
8301 5976 -108000
8258 5976 -13500
8257 5976 -22507
8260 5976 -13500
8259 5976 -22496
8256 5976 -13500
8255 5976 -22496
7068 5976 10
891 5976 25
881 5976 -3200
878 5976 -80
841 5976 25
821 5976 -420
674 5976 -2110
8304 5977 -108000
8303 5977 -108000
8264 5977 -13500
8263 5977 -22507
8266 5977 -13500
8265 5977 -22496
8262 5977 -13500
8261 5977 -22496
7227 5977 1
1164 5977 25
1154 5977 -3200
1151 5977 -80
1114 5977 5
1094 5977 -4200
947 5977 -2110
8306 5978 -108000
8305 5978 -108000
8270 5978 -13500
8269 5978 -22507
8272 5978 -13500
8271 5978 -22496
8268 5978 -13500
8267 5978 -22496
7389 5978 10
1437 5978 50
1427 5978 -3200
1424 5978 -80
1387 5978 5
1367 5978 -420
1220 5978 -2110
8308 5979 -108000
8307 5979 -108000
8276 5979 -13500
8275 5979 -22507
8278 5979 -13500
8277 5979 -22496
8274 5979 -13500
8273 5979 -22496
7551 5979 1
1710 5979 25
1700 5979 -3200
1697 5979 -80
1660 5979 5
1640 5979 -4200
1493 5979 -2110
8310 5980 -108000
8309 5980 -108000
8282 5980 -13500
8281 5980 -22507
8284 5980 -13500
8283 5980 -22496
8280 5980 -13500
8279 5980 -22496
7725 5980 1
1983 5980 50
1973 5980 -3200
1970 5980 -80
1933 5980 5
1913 5980 -4200
1766 5980 -2110
8312 5981 -108000
8311 5981 -108000
8288 5981 -13500
8287 5981 -22507
8290 5981 -13500
8289 5981 -22496
8286 5981 -13500
8285 5981 -22496
7910 5981 1
2256 5981 25
2246 5981 -3200
2243 5981 -80
2206 5981 5
2186 5981 -4200
2039 5981 -2110
8314 5982 -108000
8313 5982 -108000
8294 5982 -13500
8293 5982 -22507
8296 5982 -13500
8295 5982 -22496
8292 5982 -13500
8291 5982 -22496
8095 5982 1
2529 5982 25
2519 5982 -3200
2516 5982 -80
2479 5982 5
2459 5982 -4200
2312 5982 -2110
8300 5983 -108000
8299 5983 -108000
8252 5983 -13500
8251 5983 -22507
8254 5983 -13500
8253 5983 -22496
8250 5983 -13500
8249 5983 -22496
6915 5983 10
618 5983 50
608 5983 -3200
605 5983 -80
568 5983 10
548 5983 -4200
546 5983 886
401 5983 -2110
8302 5984 -108000
8301 5984 -108000
8258 5984 -13500
8257 5984 -22507
8260 5984 -13500
8259 5984 -22496
8256 5984 -13500
8255 5984 -22496
7069 5984 10
891 5984 25
881 5984 -3200
878 5984 -80
841 5984 25
821 5984 -420
819 5984 886
674 5984 -2110
8304 5985 -108000
8303 5985 -108000
8264 5985 -13500
8263 5985 -22507
8266 5985 -13500
8265 5985 -22496
8262 5985 -13500
8261 5985 -22496
7228 5985 10
1164 5985 25
1154 5985 -3200
1151 5985 -80
1114 5985 5
1094 5985 -4200
1092 5985 886
947 5985 -2110
8306 5986 -108000
8305 5986 -108000
8270 5986 -13500
8269 5986 -22507
8272 5986 -13500
8271 5986 -22496
8268 5986 -13500
8267 5986 -22496
7390 5986 10
1437 5986 50
1427 5986 -3200
1424 5986 -80
1387 5986 5
1367 5986 -420
1365 5986 886
1220 5986 -2110
8308 5987 -108000
8307 5987 -108000
8276 5987 -13500
8275 5987 -22507
8278 5987 -13500
8277 5987 -22496
8274 5987 -13500
8273 5987 -22496
7552 5987 10
1710 5987 25
1700 5987 -3200
1697 5987 -80
1660 5987 5
1640 5987 -4200
1638 5987 886
1493 5987 -2110
8310 5988 -108000
8309 5988 -108000
8282 5988 -13500
8281 5988 -22507
8284 5988 -13500
8283 5988 -22496
8280 5988 -13500
8279 5988 -22496
7726 5988 10
1983 5988 50
1973 5988 -3200
1970 5988 -80
1933 5988 5
1913 5988 -4200
1911 5988 886
1766 5988 -2110
8312 5989 -108000
8311 5989 -108000
8288 5989 -13500
8287 5989 -22507
8290 5989 -13500
8289 5989 -22496
8286 5989 -13500
8285 5989 -22496
7911 5989 10
2256 5989 25
2246 5989 -3200
2243 5989 -80
2206 5989 5
2186 5989 -4200
2184 5989 886
2039 5989 -2110
8314 5990 -108000
8313 5990 -108000
8294 5990 -13500
8293 5990 -22507
8296 5990 -13500
8295 5990 -22496
8292 5990 -13500
8291 5990 -22496
8096 5990 10
2529 5990 25
2519 5990 -3200
2516 5990 -80
2479 5990 5
2459 5990 -4200
2457 5990 886
2312 5990 -2110
8300 5991 -108000
8299 5991 -108000
8252 5991 -13500
8251 5991 -22507
8254 5991 -13500
8253 5991 -22496
8250 5991 -13500
8249 5991 -22496
6916 5991 10
618 5991 50
608 5991 -4500
605 5991 -67
568 5991 10
548 5991 -4200
401 5991 -2110
8302 5992 -108000
8301 5992 -108000
8258 5992 -13500
8257 5992 -22507
8260 5992 -13500
8259 5992 -22496
8256 5992 -13500
8255 5992 -22496
7070 5992 10
891 5992 25
881 5992 -4500
878 5992 -67
841 5992 25
821 5992 -420
674 5992 -2110
8304 5993 -108000
8303 5993 -108000
8264 5993 -13500
8263 5993 -22507
8266 5993 -13500
8265 5993 -22496
8262 5993 -13500
8261 5993 -22496
7229 5993 10
1164 5993 25
1154 5993 -4500
1151 5993 -67
1114 5993 5
1094 5993 -4200
947 5993 -2110
8306 5994 -108000
8305 5994 -108000
8270 5994 -13500
8269 5994 -22507
8272 5994 -13500
8271 5994 -22496
8268 5994 -13500
8267 5994 -22496
7391 5994 10
1437 5994 50
1427 5994 -4500
1424 5994 -67
1387 5994 5
1367 5994 -420
1220 5994 -2110
8308 5995 -108000
8307 5995 -108000
8276 5995 -13500
8275 5995 -22507
8278 5995 -13500
8277 5995 -22496
8274 5995 -13500
8273 5995 -22496
7553 5995 10
1710 5995 25
1700 5995 -4500
1697 5995 -67
1660 5995 5
1640 5995 -4200
1493 5995 -2110
8310 5996 -108000
8309 5996 -108000
8282 5996 -13500
8281 5996 -22507
8284 5996 -13500
8283 5996 -22496
8280 5996 -13500
8279 5996 -22496
7727 5996 10
1983 5996 50
1973 5996 -4500
1970 5996 -67
1933 5996 5
1913 5996 -4200
1766 5996 -2110
8312 5997 -108000
8311 5997 -108000
8288 5997 -13500
8287 5997 -22507
8290 5997 -13500
8289 5997 -22496
8286 5997 -13500
8285 5997 -22496
7912 5997 10
2256 5997 25
2246 5997 -4500
2243 5997 -67
2206 5997 5
2186 5997 -4200
2039 5997 -2110
8314 5998 -108000
8313 5998 -108000
8294 5998 -13500
8293 5998 -22507
8296 5998 -13500
8295 5998 -22496
8292 5998 -13500
8291 5998 -22496
8097 5998 10
2529 5998 25
2519 5998 -4500
2516 5998 -67
2479 5998 5
2459 5998 -4200
2312 5998 -2110
8298 5999 -108000
8297 5999 -108000
8246 5999 -13500
8245 5999 -22507
8248 5999 -13500
8247 5999 -22496
8244 5999 -13500
8243 5999 -22496
6772 5999 10
345 5999 25
335 5999 -3200
332 5999 -80
295 5999 25
275 5999 -4200
128 5999 -2110
8300 6000 -108000
8299 6000 -108000
8252 6000 -13500
8251 6000 -22507
8254 6000 -13500
8253 6000 -22496
8250 6000 -13500
8249 6000 -22496
6917 6000 10
618 6000 50
608 6000 -3200
605 6000 -80
568 6000 10
548 6000 -4200
401 6000 -2110
8302 6001 -108000
8301 6001 -108000
8258 6001 -13500
8257 6001 -22507
8260 6001 -13500
8259 6001 -22496
8256 6001 -13500
8255 6001 -22496
7071 6001 10
891 6001 25
881 6001 -3200
878 6001 -80
841 6001 25
821 6001 -420
674 6001 -2110
8304 6002 -108000
8303 6002 -108000
8264 6002 -13500
8263 6002 -22507
8266 6002 -13500
8265 6002 -22496
8262 6002 -13500
8261 6002 -22496
7230 6002 10
1164 6002 25
1154 6002 -3200
1151 6002 -80
1114 6002 5
1094 6002 -4200
947 6002 -2110
8306 6003 -108000
8305 6003 -108000
8270 6003 -13500
8269 6003 -22507
8272 6003 -13500
8271 6003 -22496
8268 6003 -13500
8267 6003 -22496
7392 6003 10
1437 6003 50
1427 6003 -3200
1424 6003 -80
1387 6003 5
1367 6003 -420
1220 6003 -2110
8308 6004 -108000
8307 6004 -108000
8276 6004 -13500
8275 6004 -22507
8278 6004 -13500
8277 6004 -22496
8274 6004 -13500
8273 6004 -22496
7554 6004 1
1710 6004 25
1700 6004 -3200
1697 6004 -80
1660 6004 5
1640 6004 -4200
1493 6004 -2110
8310 6005 -108000
8309 6005 -108000
8282 6005 -13500
8281 6005 -22507
8284 6005 -13500
8283 6005 -22496
8280 6005 -13500
8279 6005 -22496
7728 6005 10
1983 6005 50
1973 6005 -3200
1970 6005 -80
1933 6005 5
1913 6005 -4200
1766 6005 -2110
8312 6006 -108000
8311 6006 -108000
8288 6006 -13500
8287 6006 -22507
8290 6006 -13500
8289 6006 -22496
8286 6006 -13500
8285 6006 -22496
7913 6006 1
2256 6006 25
2246 6006 -3200
2243 6006 -80
2206 6006 5
2186 6006 -4200
2039 6006 -2110
8314 6007 -108000
8313 6007 -108000
8294 6007 -13500
8293 6007 -22507
8296 6007 -13500
8295 6007 -22496
8292 6007 -13500
8291 6007 -22496
8098 6007 1
2529 6007 25
2519 6007 -3200
2516 6007 -80
2479 6007 5
2459 6007 -4200
2312 6007 -2110
8298 6008 -108000
8297 6008 -108000
8246 6008 -13500
8245 6008 -22507
8248 6008 -13500
8247 6008 -22496
8244 6008 -13500
8243 6008 -22496
6773 6008 10
345 6008 25
335 6008 -3200
332 6008 -80
295 6008 25
275 6008 -4200
273 6008 886
128 6008 -2110
8300 6009 -108000
8299 6009 -108000
8252 6009 -13500
8251 6009 -22507
8254 6009 -13500
8253 6009 -22496
8250 6009 -13500
8249 6009 -22496
6918 6009 10
618 6009 50
608 6009 -3200
605 6009 -80
568 6009 10
548 6009 -4200
546 6009 886
401 6009 -2110
8302 6010 -108000
8301 6010 -108000
8258 6010 -13500
8257 6010 -22507
8260 6010 -13500
8259 6010 -22496
8256 6010 -13500
8255 6010 -22496
7072 6010 10
891 6010 25
881 6010 -3200
878 6010 -80
841 6010 25
821 6010 -420
819 6010 886
674 6010 -2110
8304 6011 -108000
8303 6011 -108000
8264 6011 -13500
8263 6011 -22507
8266 6011 -13500
8265 6011 -22496
8262 6011 -13500
8261 6011 -22496
7231 6011 10
1164 6011 25
1154 6011 -3200
1151 6011 -80
1114 6011 5
1094 6011 -4200
1092 6011 886
947 6011 -2110
8306 6012 -108000
8305 6012 -108000
8270 6012 -13500
8269 6012 -22507
8272 6012 -13500
8271 6012 -22496
8268 6012 -13500
8267 6012 -22496
7393 6012 10
1437 6012 50
1427 6012 -3200
1424 6012 -80
1387 6012 5
1367 6012 -420
1365 6012 886
1220 6012 -2110
8308 6013 -108000
8307 6013 -108000
8276 6013 -13500
8275 6013 -22507
8278 6013 -13500
8277 6013 -22496
8274 6013 -13500
8273 6013 -22496
7555 6013 10
1710 6013 25
1700 6013 -3200
1697 6013 -80
1660 6013 5
1640 6013 -4200
1638 6013 886
1493 6013 -2110
8310 6014 -108000
8309 6014 -108000
8282 6014 -13500
8281 6014 -22507
8284 6014 -13500
8283 6014 -22496
8280 6014 -13500
8279 6014 -22496
7729 6014 10
1983 6014 50
1973 6014 -3200
1970 6014 -80
1933 6014 5
1913 6014 -4200
1911 6014 886
1766 6014 -2110
8312 6015 -108000
8311 6015 -108000
8288 6015 -13500
8287 6015 -22507
8290 6015 -13500
8289 6015 -22496
8286 6015 -13500
8285 6015 -22496
7914 6015 10
2256 6015 25
2246 6015 -3200
2243 6015 -80
2206 6015 5
2186 6015 -4200
2184 6015 886
2039 6015 -2110
8314 6016 -108000
8313 6016 -108000
8294 6016 -13500
8293 6016 -22507
8296 6016 -13500
8295 6016 -22496
8292 6016 -13500
8291 6016 -22496
8099 6016 1
2529 6016 25
2519 6016 -3200
2516 6016 -80
2479 6016 5
2459 6016 -4200
2457 6016 886
2312 6016 -2110
8298 6017 -108000
8297 6017 -108000
8246 6017 -13500
8245 6017 -22507
8248 6017 -13500
8247 6017 -22496
8244 6017 -13500
8243 6017 -22496
6774 6017 10
345 6017 25
335 6017 -4500
332 6017 -67
295 6017 25
275 6017 -4200
128 6017 -2110
8300 6018 -108000
8299 6018 -108000
8252 6018 -13500
8251 6018 -22507
8254 6018 -13500
8253 6018 -22496
8250 6018 -13500
8249 6018 -22496
6919 6018 10
618 6018 50
608 6018 -4500
605 6018 -67
568 6018 10
548 6018 -4200
401 6018 -2110
8302 6019 -108000
8301 6019 -108000
8258 6019 -13500
8257 6019 -22507
8260 6019 -13500
8259 6019 -22496
8256 6019 -13500
8255 6019 -22496
7073 6019 10
891 6019 25
881 6019 -4500
878 6019 -67
841 6019 25
821 6019 -420
674 6019 -2110
8304 6020 -108000
8303 6020 -108000
8264 6020 -13500
8263 6020 -22507
8266 6020 -13500
8265 6020 -22496
8262 6020 -13500
8261 6020 -22496
7232 6020 10
1164 6020 25
1154 6020 -4500
1151 6020 -67
1114 6020 5
1094 6020 -4200
947 6020 -2110
8306 6021 -108000
8305 6021 -108000
8270 6021 -13500
8269 6021 -22507
8272 6021 -13500
8271 6021 -22496
8268 6021 -13500
8267 6021 -22496
7394 6021 10
1437 6021 50
1427 6021 -4500
1424 6021 -67
1387 6021 5
1367 6021 -420
1220 6021 -2110
8308 6022 -108000
8307 6022 -108000
8276 6022 -13500
8275 6022 -22507
8278 6022 -13500
8277 6022 -22496
8274 6022 -13500
8273 6022 -22496
7556 6022 10
1710 6022 25
1700 6022 -4500
1697 6022 -67
1660 6022 5
1640 6022 -4200
1493 6022 -2110
8310 6023 -108000
8309 6023 -108000
8282 6023 -13500
8281 6023 -22507
8284 6023 -13500
8283 6023 -22496
8280 6023 -13500
8279 6023 -22496
7730 6023 10
1983 6023 50
1973 6023 -4500
1970 6023 -67
1933 6023 5
1913 6023 -4200
1766 6023 -2110
8312 6024 -108000
8311 6024 -108000
8288 6024 -13500
8287 6024 -22507
8290 6024 -13500
8289 6024 -22496
8286 6024 -13500
8285 6024 -22496
7915 6024 10
2256 6024 25
2246 6024 -4500
2243 6024 -67
2206 6024 5
2186 6024 -4200
2039 6024 -2110
8314 6025 -108000
8313 6025 -108000
8294 6025 -13500
8293 6025 -22507
8296 6025 -13500
8295 6025 -22496
8292 6025 -13500
8291 6025 -22496
8100 6025 10
2529 6025 25
2519 6025 -4500
2516 6025 -67
2479 6025 5
2459 6025 -4200
2312 6025 -2110
8310 6026 -108000
8309 6026 -108000
8282 6026 -13500
8281 6026 -22507
8284 6026 -13500
8283 6026 -22496
8280 6026 -13500
8279 6026 -22496
7731 6026 10
1983 6026 50
1973 6026 -3200
1970 6026 -80
1933 6026 5
1913 6026 -4200
1766 6026 -2110
8312 6027 -108000
8311 6027 -108000
8288 6027 -13500
8287 6027 -22507
8290 6027 -13500
8289 6027 -22496
8286 6027 -13500
8285 6027 -22496
7916 6027 10
2256 6027 25
2246 6027 -3200
2243 6027 -80
2206 6027 5
2186 6027 -4200
2039 6027 -2110
8314 6028 -108000
8313 6028 -108000
8294 6028 -13500
8293 6028 -22507
8296 6028 -13500
8295 6028 -22496
8292 6028 -13500
8291 6028 -22496
8101 6028 10
2529 6028 25
2519 6028 -3200
2516 6028 -80
2479 6028 5
2459 6028 -4200
2312 6028 -2110
8310 6029 -108000
8309 6029 -108000
8282 6029 -13500
8281 6029 -22507
8284 6029 -13500
8283 6029 -22496
8280 6029 -13500
8279 6029 -22496
7732 6029 10
1983 6029 50
1973 6029 -3200
1970 6029 -80
1933 6029 5
1913 6029 -4200
1911 6029 886
1766 6029 -2110
8312 6030 -108000
8311 6030 -108000
8288 6030 -13500
8287 6030 -22507
8290 6030 -13500
8289 6030 -22496
8286 6030 -13500
8285 6030 -22496
7917 6030 10
2256 6030 25
2246 6030 -3200
2243 6030 -80
2206 6030 5
2186 6030 -4200
2184 6030 886
2039 6030 -2110
8314 6031 -108000
8313 6031 -108000
8294 6031 -13500
8293 6031 -22507
8296 6031 -13500
8295 6031 -22496
8292 6031 -13500
8291 6031 -22496
8102 6031 10
2529 6031 25
2519 6031 -3200
2516 6031 -80
2479 6031 5
2459 6031 -4200
2457 6031 886
2312 6031 -2110
8310 6032 -108000
8309 6032 -108000
8282 6032 -13500
8281 6032 -22507
8284 6032 -13500
8283 6032 -22496
8280 6032 -13500
8279 6032 -22496
7733 6032 10
1983 6032 50
1973 6032 -4500
1970 6032 -67
1933 6032 5
1913 6032 -4200
1766 6032 -2110
8312 6033 -108000
8311 6033 -108000
8288 6033 -13500
8287 6033 -22507
8290 6033 -13500
8289 6033 -22496
8286 6033 -13500
8285 6033 -22496
7918 6033 10
2256 6033 25
2246 6033 -4500
2243 6033 -67
2206 6033 5
2186 6033 -4200
2039 6033 -2110
8314 6034 -108000
8313 6034 -108000
8294 6034 -13500
8293 6034 -22507
8296 6034 -13500
8295 6034 -22496
8292 6034 -13500
8291 6034 -22496
8103 6034 10
2529 6034 25
2519 6034 -4500
2516 6034 -67
2479 6034 5
2459 6034 -4200
2312 6034 -2110
8300 6035 -1548000
8299 6035 -1548000
8252 6035 -193500
8251 6035 -322603
8254 6035 -193500
8253 6035 -322448
8250 6035 -193500
8249 6035 -322448
6920 6035 10
618 6035 50
608 6035 -11000
568 6035 10
401 6035 -1050
8306 6036 -1548000
8305 6036 -1548000
8270 6036 -193500
8269 6036 -322603
8272 6036 -193500
8271 6036 -322448
8268 6036 -193500
8267 6036 -322448
7395 6036 10
1437 6036 50
1427 6036 -11000
1387 6036 5
1220 6036 -1050
8308 6037 -1548000
8307 6037 -1548000
8276 6037 -193500
8275 6037 -322603
8278 6037 -193500
8277 6037 -322448
8274 6037 -193500
8273 6037 -322448
7557 6037 10
1710 6037 25
1700 6037 -11000
1660 6037 5
1493 6037 -1050
8312 6038 -1548000
8311 6038 -1548000
8288 6038 -193500
8287 6038 -322603
8290 6038 -193500
8289 6038 -322448
8286 6038 -193500
8285 6038 -322448
7919 6038 10
2256 6038 25
2246 6038 -11000
2206 6038 5
2039 6038 -1050
8314 6039 -1548000
8313 6039 -1548000
8294 6039 -193500
8293 6039 -322603
8296 6039 -193500
8295 6039 -322448
8292 6039 -193500
8291 6039 -322448
8104 6039 10
2529 6039 25
2519 6039 -11000
2479 6039 5
2312 6039 -1050
8302 6040 -1890000
8301 6040 -1890000
8258 6040 -236250
8257 6040 -393876
8260 6040 -236250
8259 6040 -393687
8256 6040 -236250
8255 6040 -393687
7075 6040 10
891 6040 25
881 6040 -11000
841 6040 25
674 6040 -1050
8304 6041 -1890000
8303 6041 -1890000
8264 6041 -236250
8263 6041 -393876
8266 6041 -236250
8265 6041 -393687
8262 6041 -236250
8261 6041 -393687
7234 6041 10
1164 6041 25
1154 6041 -11000
1114 6041 5
947 6041 -1050
8306 6042 -1890000
8305 6042 -1890000
8270 6042 -236250
8269 6042 -393876
8272 6042 -236250
8271 6042 -393687
8268 6042 -236250
8267 6042 -393687
7396 6042 10
1437 6042 50
1427 6042 -11000
1387 6042 5
1220 6042 -1050
8308 6043 -1890000
8307 6043 -1890000
8276 6043 -236250
8275 6043 -393876
8278 6043 -236250
8277 6043 -393687
8274 6043 -236250
8273 6043 -393687
7558 6043 10
1710 6043 25
1700 6043 -11000
1660 6043 5
1493 6043 -1050
8314 6044 -1890000
8313 6044 -1890000
8294 6044 -236250
8293 6044 -393876
8296 6044 -236250
8295 6044 -393687
8292 6044 -236250
8291 6044 -393687
8105 6044 1
2529 6044 25
2519 6044 -11000
2479 6044 5
2312 6044 -1050
8300 6045 -1548000
8299 6045 -1548000
8252 6045 -193500
8251 6045 -322603
8254 6045 -193500
8253 6045 -322448
8250 6045 -193500
8249 6045 -322448
6921 6045 10
618 6045 50
608 6045 -11000
568 6045 10
401 6045 -1050
8304 6046 -1548000
8303 6046 -1548000
8264 6046 -193500
8263 6046 -322603
8266 6046 -193500
8265 6046 -322448
8262 6046 -193500
8261 6046 -322448
7235 6046 10
1164 6046 25
1154 6046 -11000
1114 6046 5
947 6046 -1050
8308 6047 -1548000
8307 6047 -1548000
8276 6047 -193500
8275 6047 -322603
8278 6047 -193500
8277 6047 -322448
8274 6047 -193500
8273 6047 -322448
7559 6047 10
1710 6047 25
1700 6047 -11000
1660 6047 5
1493 6047 -1050
8312 6048 -1548000
8311 6048 -1548000
8288 6048 -193500
8287 6048 -322603
8290 6048 -193500
8289 6048 -322448
8286 6048 -193500
8285 6048 -322448
7921 6048 10
2256 6048 25
2246 6048 -11000
2206 6048 5
2039 6048 -1050
8314 6049 -1548000
8313 6049 -1548000
8294 6049 -193500
8293 6049 -322603
8296 6049 -193500
8295 6049 -322448
8292 6049 -193500
8291 6049 -322448
8106 6049 10
2529 6049 25
2519 6049 -11000
2479 6049 5
2312 6049 -1050
8304 6050 -1710000
8303 6050 -1710000
8264 6050 -213750
8263 6050 -356364
8266 6050 -213750
8265 6050 -356193
8262 6050 -213750
8261 6050 -356193
7236 6050 10
1164 6050 25
1154 6050 -11000
1114 6050 5
947 6050 -1050
8308 6051 -1710000
8307 6051 -1710000
8276 6051 -213750
8275 6051 -356364
8278 6051 -213750
8277 6051 -356193
8274 6051 -213750
8273 6051 -356193
7560 6051 10
1710 6051 25
1700 6051 -11000
1660 6051 5
1493 6051 -1050
8310 6052 -1710000
8309 6052 -1710000
8282 6052 -213750
8281 6052 -356364
8284 6052 -213750
8283 6052 -356193
8280 6052 -213750
8279 6052 -356193
7737 6052 10
1983 6052 50
1973 6052 -11000
1933 6052 5
1766 6052 -1050
8312 6053 -1710000
8311 6053 -1710000
8288 6053 -213750
8287 6053 -356364
8290 6053 -213750
8289 6053 -356193
8286 6053 -213750
8285 6053 -356193
7922 6053 10
2256 6053 25
2246 6053 -11000
2206 6053 5
2039 6053 -1050
8314 6054 -1710000
8313 6054 -1710000
8294 6054 -213750
8293 6054 -356364
8296 6054 -213750
8295 6054 -356193
8292 6054 -213750
8291 6054 -356193
8107 6054 10
2529 6054 25
2519 6054 -11000
2479 6054 5
2312 6054 -1050
8304 6055 -1453000
8303 6055 -1453000
8264 6055 -181625
8263 6055 -302805
8266 6055 -181625
8265 6055 -302660
8262 6055 -181625
8261 6055 -302660
7237 6055 10
1164 6055 25
1154 6055 -11000
1114 6055 5
947 6055 -1050
8314 6056 -1453000
8313 6056 -1453000
8294 6056 -181625
8293 6056 -302805
8296 6056 -181625
8295 6056 -302660
8292 6056 -181625
8291 6056 -302660
8108 6056 10
2529 6056 25
2519 6056 -11000
2479 6056 5
2312 6056 -1050
8314 6057 -1890000
8313 6057 -1890000
8294 6057 -236250
8293 6057 -393876
8296 6057 -236250
8295 6057 -393687
8292 6057 -236250
8291 6057 -393687
8109 6057 1
2529 6057 25
2519 6057 -11000
2479 6057 5
2312 6057 -1050
8312 6058 -1548000
8311 6058 -1548000
8288 6058 -193500
8287 6058 -322603
8290 6058 -193500
8289 6058 -322448
8286 6058 -193500
8285 6058 -322448
7925 6058 10
2256 6058 25
2246 6058 -11000
2206 6058 5
2039 6058 -1050
8314 6059 -1548000
8313 6059 -1548000
8294 6059 -193500
8293 6059 -322603
8296 6059 -193500
8295 6059 -322448
8292 6059 -193500
8291 6059 -322448
8110 6059 10
2529 6059 25
2519 6059 -11000
2479 6059 5
2312 6059 -1050
7400 6060 10
1437 6060 -51
1432 6060 25
1387 6060 2
1220 6060 -33120
7401 6061 10
1437 6061 -51
1432 6061 25
1387 6061 2
1220 6061 -33120
7742 6062 10
1983 6062 -51
1978 6062 25
1933 6062 2
1766 6062 -33120
8304 6063 -72000
8303 6063 -72000
8264 6063 -9000
8263 6063 -15005
8266 6063 -9000
8265 6063 -14998
8262 6063 -9000
8261 6063 -14998
7240 6063 10
1164 6063 -26
1155 6063 50
1114 6063 4
947 6063 -11810
8306 6064 -72000
8305 6064 -72000
8270 6064 -9000
8269 6064 -15005
8272 6064 -9000
8271 6064 -14998
8268 6064 -9000
8267 6064 -14998
7402 6064 10
1437 6064 -52
1428 6064 50
1387 6064 4
1220 6064 -11810
8308 6065 -72000
8307 6065 -72000
8276 6065 -9000
8275 6065 -15005
8278 6065 -9000
8277 6065 -14998
8274 6065 -9000
8273 6065 -14998
7564 6065 10
1710 6065 -26
1701 6065 50
1660 6065 4
1493 6065 -11810
8310 6066 -72000
8309 6066 -72000
8282 6066 -9000
8281 6066 -15005
8284 6066 -9000
8283 6066 -14998
8280 6066 -9000
8279 6066 -14998
7744 6066 10
1983 6066 -52
1974 6066 50
1933 6066 4
1766 6066 -11810
8312 6067 -72000
8311 6067 -72000
8288 6067 -9000
8287 6067 -15005
8290 6067 -9000
8289 6067 -14998
8286 6067 -9000
8285 6067 -14998
7929 6067 10
2256 6067 -26
2247 6067 50
2206 6067 4
2039 6067 -11810
8314 6068 -72000
8313 6068 -72000
8294 6068 -9000
8293 6068 -15005
8296 6068 -9000
8295 6068 -14998
8292 6068 -9000
8291 6068 -14998
8114 6068 10
2529 6068 -26
2520 6068 50
2479 6068 4
2312 6068 -11810
8298 6069 -72000
8297 6069 -72000
8246 6069 -9000
8245 6069 -15005
8248 6069 -9000
8247 6069 -14998
8244 6069 -9000
8243 6069 -14998
6780 6069 10
345 6069 -26
336 6069 50
295 6069 20
128 6069 -11810
8300 6070 -72000
8299 6070 -72000
8252 6070 -9000
8251 6070 -15005
8254 6070 -9000
8253 6070 -14998
8250 6070 -9000
8249 6070 -14998
6926 6070 10
618 6070 -52
609 6070 50
568 6070 8
401 6070 -11810
8302 6071 -72000
8301 6071 -72000
8258 6071 -9000
8257 6071 -15005
8260 6071 -9000
8259 6071 -14998
8256 6071 -9000
8255 6071 -14998
7081 6071 10
891 6071 -26
882 6071 50
841 6071 20
674 6071 -11810
8304 6072 -72000
8303 6072 -72000
8264 6072 -9000
8263 6072 -15005
8266 6072 -9000
8265 6072 -14998
8262 6072 -9000
8261 6072 -14998
7241 6072 10
1164 6072 -26
1155 6072 50
1114 6072 4
947 6072 -11810
8306 6073 -72000
8305 6073 -72000
8270 6073 -9000
8269 6073 -15005
8272 6073 -9000
8271 6073 -14998
8268 6073 -9000
8267 6073 -14998
7403 6073 10
1437 6073 -52
1428 6073 50
1387 6073 4
1220 6073 -11810
8308 6074 -72000
8307 6074 -72000
8276 6074 -9000
8275 6074 -15005
8278 6074 -9000
8277 6074 -14998
8274 6074 -9000
8273 6074 -14998
7565 6074 10
1710 6074 -26
1701 6074 50
1660 6074 4
1493 6074 -11810
8310 6075 -72000
8309 6075 -72000
8282 6075 -9000
8281 6075 -15005
8284 6075 -9000
8283 6075 -14998
8280 6075 -9000
8279 6075 -14998
7745 6075 10
1983 6075 -52
1974 6075 50
1933 6075 4
1766 6075 -11810
8312 6076 -72000
8311 6076 -72000
8288 6076 -9000
8287 6076 -15005
8290 6076 -9000
8289 6076 -14998
8286 6076 -9000
8285 6076 -14998
7930 6076 10
2256 6076 -26
2247 6076 50
2206 6076 4
2039 6076 -11810
8314 6077 -72000
8313 6077 -72000
8294 6077 -9000
8293 6077 -15005
8296 6077 -9000
8295 6077 -14998
8292 6077 -9000
8291 6077 -14998
8115 6077 10
2529 6077 -26
2520 6077 50
2479 6077 4
2312 6077 -11810
8310 6078 -72000
8309 6078 -72000
8282 6078 -9000
8281 6078 -15005
8284 6078 -9000
8283 6078 -14998
8280 6078 -9000
8279 6078 -14998
7746 6078 10
1983 6078 -52
1974 6078 50
1933 6078 4
1766 6078 -11810
8312 6079 -72000
8311 6079 -72000
8288 6079 -9000
8287 6079 -15005
8290 6079 -9000
8289 6079 -14998
8286 6079 -9000
8285 6079 -14998
7931 6079 10
2256 6079 -26
2247 6079 50
2206 6079 4
2039 6079 -11810
8314 6080 -72000
8313 6080 -72000
8294 6080 -9000
8293 6080 -15005
8296 6080 -9000
8295 6080 -14998
8292 6080 -9000
8291 6080 -14998
8116 6080 10
2529 6080 -26
2520 6080 50
2479 6080 4
2312 6080 -11810
8298 6081 -103000
8297 6081 -103000
8246 6081 -12875
8245 6081 -21465
8248 6081 -12875
8247 6081 -21455
8244 6081 -12875
8243 6081 -21455
6781 6081 1
340 6081 -290
336 6081 50
295 6081 80
8300 6082 -103000
8299 6082 -103000
8252 6082 -12875
8251 6082 -21465
8254 6082 -12875
8253 6082 -21455
8250 6082 -12875
8249 6082 -21455
6927 6082 10
613 6082 -29
609 6082 50
568 6082 32
8302 6083 -103000
8301 6083 -103000
8258 6083 -12875
8257 6083 -21465
8260 6083 -12875
8259 6083 -21455
8256 6083 -12875
8255 6083 -21455
7082 6083 1
886 6083 -290
882 6083 50
841 6083 80
8304 6084 -103000
8303 6084 -103000
8264 6084 -12875
8263 6084 -21465
8266 6084 -12875
8265 6084 -21455
8262 6084 -12875
8261 6084 -21455
7242 6084 1
1159 6084 -29
1155 6084 50
1114 6084 16
8306 6085 -103000
8305 6085 -103000
8270 6085 -12875
8269 6085 -21465
8272 6085 -12875
8271 6085 -21455
8268 6085 -12875
8267 6085 -21455
7404 6085 1
1432 6085 -29
1428 6085 50
1387 6085 16
8308 6086 -103000
8307 6086 -103000
8276 6086 -12875
8275 6086 -21465
8278 6086 -12875
8277 6086 -21455
8274 6086 -12875
8273 6086 -21455
7566 6086 10
1705 6086 -29
1701 6086 50
1660 6086 16
8310 6087 -103000
8309 6087 -103000
8282 6087 -12875
8281 6087 -21465
8284 6087 -12875
8283 6087 -21455
8280 6087 -12875
8279 6087 -21455
7747 6087 1
1978 6087 -29
1974 6087 50
1933 6087 16
8312 6088 -103000
8311 6088 -103000
8288 6088 -12875
8287 6088 -21465
8290 6088 -12875
8289 6088 -21455
8286 6088 -12875
8285 6088 -21455
7932 6088 10
2251 6088 -29
2247 6088 50
2206 6088 16
8314 6089 -103000
8313 6089 -103000
8294 6089 -12875
8293 6089 -21465
8296 6089 -12875
8295 6089 -21455
8292 6089 -12875
8291 6089 -21455
8117 6089 1
2524 6089 -29
2520 6089 50
2479 6089 16
8298 6090 -103000
8297 6090 -103000
8246 6090 -12875
8245 6090 -21465
8248 6090 -12875
8247 6090 -21455
8244 6090 -12875
8243 6090 -21455
6782 6090 1
340 6090 -290
336 6090 50
295 6090 80
8300 6091 -103000
8299 6091 -103000
8252 6091 -12875
8251 6091 -21465
8254 6091 -12875
8253 6091 -21455
8250 6091 -12875
8249 6091 -21455
6928 6091 1
613 6091 -29
609 6091 50
568 6091 32
8304 6092 -103000
8303 6092 -103000
8264 6092 -12875
8263 6092 -21465
8266 6092 -12875
8265 6092 -21455
8262 6092 -12875
8261 6092 -21455
7243 6092 10
1159 6092 -29
1155 6092 50
1114 6092 16
8306 6093 -103000
8305 6093 -103000
8270 6093 -12875
8269 6093 -21465
8272 6093 -12875
8271 6093 -21455
8268 6093 -12875
8267 6093 -21455
7405 6093 10
1432 6093 -29
1428 6093 50
1387 6093 16
8310 6094 -103000
8309 6094 -103000
8282 6094 -12875
8281 6094 -21465
8284 6094 -12875
8283 6094 -21455
8280 6094 -12875
8279 6094 -21455
7748 6094 10
1978 6094 -29
1974 6094 50
1933 6094 16
8314 6095 -103000
8313 6095 -103000
8294 6095 -12875
8293 6095 -21465
8296 6095 -12875
8295 6095 -21455
8292 6095 -12875
8291 6095 -21455
8118 6095 10
2524 6095 -29
2520 6095 50
2479 6095 16
8310 6096 -103000
8309 6096 -103000
8282 6096 -12875
8281 6096 -21465
8284 6096 -12875
8283 6096 -21455
8280 6096 -12875
8279 6096 -21455
7749 6096 10
1978 6096 -29
1974 6096 50
1933 6096 16
8312 6097 -103000
8311 6097 -103000
8288 6097 -12875
8287 6097 -21465
8290 6097 -12875
8289 6097 -21455
8286 6097 -12875
8285 6097 -21455
7934 6097 10
2251 6097 -29
2247 6097 50
2206 6097 16
8314 6098 -103000
8313 6098 -103000
8294 6098 -12875
8293 6098 -21465
8296 6098 -12875
8295 6098 -21455
8292 6098 -12875
8291 6098 -21455
8119 6098 1
2524 6098 -29
2520 6098 50
2479 6098 16
6783 6099 10
336 6099 -51
334 6099 5
295 6099 10
275 6099 -31600
128 6099 -49780
6929 6100 10
609 6100 -51
607 6100 5
568 6100 4
548 6100 -31600
401 6100 -49780
7084 6101 10
882 6101 -51
880 6101 5
841 6101 10
821 6101 -3160
674 6101 -49780
7244 6102 10
1155 6102 -51
1153 6102 5
1114 6102 2
1094 6102 -31600
947 6102 -49780
7406 6103 10
1428 6103 -51
1426 6103 5
1387 6103 2
1367 6103 -3160
1220 6103 -49780
7568 6104 10
1701 6104 -51
1699 6104 5
1660 6104 2
1640 6104 -31600
1493 6104 -49780
7750 6105 10
1974 6105 -51
1972 6105 5
1933 6105 2
1913 6105 -31600
1766 6105 -49780
7935 6106 10
2247 6106 -51
2245 6106 5
2206 6106 2
2186 6106 -31600
2039 6106 -49780
8120 6107 10
2520 6107 -51
2518 6107 5
2479 6107 2
2459 6107 -31600
2312 6107 -49780
6930 6108 10
609 6108 -51
607 6108 5
568 6108 4
548 6108 -31600
401 6108 -49780
7085 6109 10
882 6109 -51
880 6109 5
841 6109 10
821 6109 -3160
674 6109 -49780
7245 6110 10
1155 6110 -51
1153 6110 5
1114 6110 2
1094 6110 -31600
947 6110 -49780
7407 6111 10
1428 6111 -51
1426 6111 5
1387 6111 2
1367 6111 -3160
1220 6111 -49780
7569 6112 10
1701 6112 -51
1699 6112 5
1660 6112 2
1640 6112 -31600
1493 6112 -49780
7751 6113 10
1974 6113 -51
1972 6113 5
1933 6113 2
1913 6113 -31600
1766 6113 -49780
7936 6114 10
2247 6114 -51
2245 6114 5
2206 6114 2
2186 6114 -31600
2039 6114 -49780
8121 6115 10
2520 6115 -51
2518 6115 5
2479 6115 2
2459 6115 -31600
2312 6115 -49780
7752 6116 10
1974 6116 -51
1972 6116 5
1933 6116 2
1913 6116 -31600
1766 6116 -49780
7937 6117 10
2247 6117 -51
2245 6117 5
2206 6117 2
2186 6117 -31600
2039 6117 -49780
8122 6118 10
2520 6118 -51
2518 6118 5
2479 6118 2
2459 6118 -31600
2312 6118 -49780
8298 6119 -532000
8297 6119 -532000
8246 6119 -66500
8245 6119 -110869
8248 6119 -66500
8247 6119 -110816
8244 6119 -66500
8243 6119 -110816
6785 6119 10
334 6119 -6
295 6119 100
293 6119 1
275 6119 -116000
8300 6120 -532000
8299 6120 -532000
8252 6120 -66500
8251 6120 -110869
8254 6120 -66500
8253 6120 -110816
8250 6120 -66500
8249 6120 -110816
6931 6120 10
607 6120 -6
568 6120 40
566 6120 1
548 6120 -116000
8302 6121 -532000
8301 6121 -532000
8258 6121 -66500
8257 6121 -110869
8260 6121 -66500
8259 6121 -110816
8256 6121 -66500
8255 6121 -110816
7086 6121 10
880 6121 -6
841 6121 100
839 6121 1
821 6121 -11600
8304 6122 -532000
8303 6122 -532000
8264 6122 -66500
8263 6122 -110869
8266 6122 -66500
8265 6122 -110816
8262 6122 -66500
8261 6122 -110816
7246 6122 10
1153 6122 -6
1114 6122 20
1112 6122 1
1094 6122 -116000
8306 6123 -532000
8305 6123 -532000
8270 6123 -66500
8269 6123 -110869
8272 6123 -66500
8271 6123 -110816
8268 6123 -66500
8267 6123 -110816
7408 6123 10
1426 6123 -6
1387 6123 20
1385 6123 1
1367 6123 -11600
8308 6124 -532000
8307 6124 -532000
8276 6124 -66500
8275 6124 -110869
8278 6124 -66500
8277 6124 -110816
8274 6124 -66500
8273 6124 -110816
7570 6124 10
1699 6124 -6
1660 6124 20
1658 6124 1
1640 6124 -116000
8310 6125 -532000
8309 6125 -532000
8282 6125 -66500
8281 6125 -110869
8284 6125 -66500
8283 6125 -110816
8280 6125 -66500
8279 6125 -110816
7753 6125 10
1972 6125 -6
1933 6125 20
1931 6125 1
1913 6125 -116000
8312 6126 -532000
8311 6126 -532000
8288 6126 -66500
8287 6126 -110869
8290 6126 -66500
8289 6126 -110816
8286 6126 -66500
8285 6126 -110816
7938 6126 10
2245 6126 -6
2206 6126 20
2204 6126 1
2186 6126 -116000
8314 6127 -532000
8313 6127 -532000
8294 6127 -66500
8293 6127 -110869
8296 6127 -66500
8295 6127 -110816
8292 6127 -66500
8291 6127 -110816
8123 6127 10
2518 6127 -6
2479 6127 20
2477 6127 1
2459 6127 -116000
8300 6128 -532000
8299 6128 -532000
8252 6128 -66500
8251 6128 -110869
8254 6128 -66500
8253 6128 -110816
8250 6128 -66500
8249 6128 -110816
6932 6128 10
607 6128 -6
568 6128 40
566 6128 1
548 6128 -116000
8302 6129 -532000
8301 6129 -532000
8258 6129 -66500
8257 6129 -110869
8260 6129 -66500
8259 6129 -110816
8256 6129 -66500
8255 6129 -110816
7087 6129 10
880 6129 -6
841 6129 100
839 6129 1
821 6129 -11600
8304 6130 -532000
8303 6130 -532000
8264 6130 -66500
8263 6130 -110869
8266 6130 -66500
8265 6130 -110816
8262 6130 -66500
8261 6130 -110816
7247 6130 10
1153 6130 -6
1114 6130 20
1112 6130 1
1094 6130 -116000
8306 6131 -532000
8305 6131 -532000
8270 6131 -66500
8269 6131 -110869
8272 6131 -66500
8271 6131 -110816
8268 6131 -66500
8267 6131 -110816
7409 6131 10
1426 6131 -6
1387 6131 20
1385 6131 1
1367 6131 -11600
8308 6132 -532000
8307 6132 -532000
8276 6132 -66500
8275 6132 -110869
8278 6132 -66500
8277 6132 -110816
8274 6132 -66500
8273 6132 -110816
7571 6132 10
1699 6132 -6
1660 6132 20
1658 6132 1
1640 6132 -116000
8310 6133 -532000
8309 6133 -532000
8282 6133 -66500
8281 6133 -110869
8284 6133 -66500
8283 6133 -110816
8280 6133 -66500
8279 6133 -110816
7754 6133 10
1972 6133 -6
1933 6133 20
1931 6133 1
1913 6133 -116000
8312 6134 -532000
8311 6134 -532000
8288 6134 -66500
8287 6134 -110869
8290 6134 -66500
8289 6134 -110816
8286 6134 -66500
8285 6134 -110816
7939 6134 10
2245 6134 -6
2206 6134 20
2204 6134 1
2186 6134 -116000
8314 6135 -532000
8313 6135 -532000
8294 6135 -66500
8293 6135 -110869
8296 6135 -66500
8295 6135 -110816
8292 6135 -66500
8291 6135 -110816
8124 6135 10
2518 6135 -6
2479 6135 20
2477 6135 1
2459 6135 -116000
8310 6136 -532000
8309 6136 -532000
8282 6136 -66500
8281 6136 -110869
8284 6136 -66500
8283 6136 -110816
8280 6136 -66500
8279 6136 -110816
7755 6136 10
1972 6136 -6
1933 6136 20
1931 6136 1
1913 6136 -116000
8312 6137 -532000
8311 6137 -532000
8288 6137 -66500
8287 6137 -110869
8290 6137 -66500
8289 6137 -110816
8286 6137 -66500
8285 6137 -110816
7940 6137 10
2245 6137 -6
2206 6137 20
2204 6137 1
2186 6137 -116000
8314 6138 -532000
8313 6138 -532000
8294 6138 -66500
8293 6138 -110869
8296 6138 -66500
8295 6138 -110816
8292 6138 -66500
8291 6138 -110816
8125 6138 10
2518 6138 -6
2479 6138 20
2477 6138 1
2459 6138 -116000
7088 6139 1
821 6139 10000
819 6139 -1320
748 6139 -6600
7248 6140 1
1094 6140 100000
1092 6140 -1320
1021 6140 -6600
7410 6141 10
1367 6141 10000
1365 6141 -1320
1294 6141 -6600
7572 6142 1
1640 6142 100000
1638 6142 -1320
1567 6142 -6600
7756 6143 1
1913 6143 100000
1911 6143 -1320
1840 6143 -6600
7941 6144 1
2186 6144 100000
2184 6144 -1320
2113 6144 -6600
8126 6145 10
2459 6145 100000
2457 6145 -1320
2386 6145 -6600
6788 6146 10
353 6146 -33
240 6146 1
6934 6147 10
626 6147 -33
513 6147 1
7089 6148 10
899 6148 -33
786 6148 1
7249 6149 10
1172 6149 -33
1059 6149 1
7411 6150 10
1445 6150 -33
1332 6150 1
7573 6151 10
1718 6151 -33
1605 6151 1
7757 6152 10
1991 6152 -33
1878 6152 1
7942 6153 10
2264 6153 -33
2151 6153 1
8127 6154 10
2537 6154 -33
2424 6154 1
7412 6155 10
1367 6155 10000
1365 6155 -1320
1300 6155 -660000
7758 6156 1
1913 6156 100000
1911 6156 -1320
1846 6156 -660000
7943 6157 1
2186 6157 100000
2184 6157 -1320
2119 6157 -660000
8128 6158 10
2459 6158 100000
2457 6158 -1320
2392 6158 -660000
6936 6159 1
548 6159 100000
475 6159 -12400
7091 6160 10
821 6160 10000
748 6160 -12400
7251 6161 1
1094 6161 100000
1021 6161 -12400
7413 6162 1
1367 6162 10000
1294 6162 -12400
7575 6163 1
1640 6163 100000
1567 6163 -12400
7759 6164 1
1913 6164 100000
1840 6164 -12400
7944 6165 1
2186 6165 100000
2113 6165 -12400
8129 6166 1
2459 6166 100000
2386 6166 -12400
6791 6167 10
353 6167 -62
241 6167 1
6937 6168 10
626 6168 -62
514 6168 1
7092 6169 10
899 6169 -62
787 6169 1
7252 6170 10
1172 6170 -62
1060 6170 1
7414 6171 10
1445 6171 -62
1333 6171 1
7576 6172 10
1718 6172 -62
1606 6172 1
7760 6173 10
1991 6173 -62
1879 6173 1
7415 6174 10
1367 6174 10000
1300 6174 -1240000
7577 6175 10
1640 6175 100000
1573 6175 -1240000
7761 6176 10
1913 6176 100000
1846 6176 -1240000
7946 6177 10
2186 6177 100000
2119 6177 -1240000
8131 6178 10
2459 6178 100000
2392 6178 -1240000
9760 6179 1
7095 6179 1250
873 6179 -1111
38 6179 444000
9761 6180 1
7255 6180 1250
1146 6180 -1111
39 6180 444000
9762 6181 1
7417 6181 1250
1419 6181 -1111
40 6181 444000
9763 6182 1
7579 6182 1250
1692 6182 -1111
41 6182 444000
9764 6183 1
7763 6183 1250
1965 6183 -1111
42 6183 444000
9765 6184 1
7948 6184 1250
2238 6184 -1111
43 6184 444000
9766 6185 1
8133 6185 1250
2511 6185 -1111
44 6185 444000
9768 6186 1
6941 6186 10000
601 6186 -1111
37 6186 444000
9769 6187 1
7096 6187 10000
874 6187 -1111
38 6187 444000
9770 6188 1
7256 6188 10000
1147 6188 -1111
39 6188 444000
9771 6189 1
7418 6189 10000
1420 6189 -1111
40 6189 444000
9772 6190 1
7580 6190 10000
1693 6190 -1111
41 6190 444000
9773 6191 1
7764 6191 10000
1966 6191 -1111
42 6191 444000
9774 6192 1
7949 6192 10000
2239 6192 -1111
43 6192 444000
9775 6193 1
8134 6193 10000
2512 6193 -1111
44 6193 444000
9777 6194 1
6942 6194 10000
602 6194 -1111
37 6194 444000
9778 6195 1
7097 6195 10000
875 6195 -1111
38 6195 444000
9779 6196 1
7257 6196 10000
1148 6196 -1111
39 6196 444000
9780 6197 1
7419 6197 10000
1421 6197 -1111
40 6197 444000
9781 6198 1
7581 6198 10000
1694 6198 -1111
41 6198 444000
9782 6199 1
7765 6199 10000
1967 6199 -1111
42 6199 444000
9783 6200 1
7950 6200 10000
2240 6200 -1111
43 6200 444000
9787 6201 1
7098 6201 5000
876 6201 -1111
38 6201 444000
9788 6202 1
7258 6202 5000
1149 6202 -1111
39 6202 444000
9789 6203 1
7420 6203 5000
1422 6203 -1111
40 6203 444000
9790 6204 1
7582 6204 5000
1695 6204 -1111
41 6204 444000
9791 6205 1
7766 6205 5000
1968 6205 -1111
42 6205 444000
9792 6206 1
7951 6206 5000
2241 6206 -1111
43 6206 444000
9793 6207 1
8136 6207 5000
2514 6207 -1111
44 6207 444000
9695 6208 125
6798 6208 1
320 6208 -611
18 6208 305500
9696 6209 125
6944 6209 1
593 6209 -611
19 6209 305500
9697 6210 1
7099 6210 1250
866 6210 -611
20 6210 305500
9698 6211 1
7259 6211 1250
1139 6211 -611
21 6211 305500
9699 6212 1
7421 6212 1250
1412 6212 -611
22 6212 305500
9700 6213 1
7583 6213 1250
1685 6213 -611
23 6213 305500
9701 6214 1
7767 6214 1250
1958 6214 -611
24 6214 305500
9702 6215 1
7952 6215 1250
2231 6215 -611
25 6215 305500
9703 6216 1
8137 6216 1250
2504 6216 -611
26 6216 305500
9704 6217 125
6799 6217 1
321 6217 -611
18 6217 305500
9706 6218 1
7100 6218 10000
867 6218 -611
20 6218 305500
9707 6219 1
7260 6219 10000
1140 6219 -611
21 6219 305500
9708 6220 1
7422 6220 10000
1413 6220 -611
22 6220 305500
9709 6221 1
7584 6221 10000
1686 6221 -611
23 6221 305500
9710 6222 1
7768 6222 10000
1959 6222 -611
24 6222 305500
9711 6223 1
7953 6223 10000
2232 6223 -611
25 6223 305500
9712 6224 1
8138 6224 10000
2505 6224 -611
26 6224 305500
9722 6225 125
6800 6225 1
323 6225 -611
18 6225 305500
9723 6226 1
6946 6226 5000
596 6226 -611
19 6226 305500
9724 6227 1
7101 6227 5000
869 6227 -611
20 6227 305500
9725 6228 1
7261 6228 5000
1142 6228 -611
21 6228 305500
9726 6229 1
7423 6229 5000
1415 6229 -611
22 6229 305500
9727 6230 1
7585 6230 5000
1688 6230 -611
23 6230 305500
9728 6231 1
7769 6231 5000
1961 6231 -611
24 6231 305500
9729 6232 1
7954 6232 5000
2234 6232 -611
25 6232 305500
9730 6233 1
8139 6233 5000
2507 6233 -611
26 6233 305500
6801 6234 1
299 6234 1
298 6234 -1
6947 6235 1
572 6235 1
571 6235 -1
7102 6236 1
845 6236 1
844 6236 -1
7262 6237 1
1118 6237 1
1117 6237 -1
7424 6238 1
1391 6238 1
1390 6238 -1
7586 6239 1
1664 6239 1
1663 6239 -1
7770 6240 1
1937 6240 1
1936 6240 -1
7955 6241 1
2210 6241 1
2209 6241 -1
8140 6242 1
2483 6242 1
2482 6242 -1
8302 6243 -1890000
8301 6243 -1890000
8258 6243 -236250
8257 6243 -393876
8260 6243 -236250
8259 6243 -393687
8256 6243 -236250
8255 6243 -393687
7104 6243 10
851 6243 125
842 6243 50
838 6243 -11
822 6243 -529
8304 6244 -1890000
8303 6244 -1890000
8264 6244 -236250
8263 6244 -393876
8266 6244 -236250
8265 6244 -393687
8262 6244 -236250
8261 6244 -393687
7264 6244 10
1124 6244 500
1115 6244 25
1111 6244 -11
1095 6244 -529
8308 6245 -1890000
8307 6245 -1890000
8276 6245 -236250
8275 6245 -393876
8278 6245 -236250
8277 6245 -393687
8274 6245 -236250
8273 6245 -393687
7588 6245 10
1670 6245 50
1661 6245 5
1657 6245 -11
1641 6245 -529
8310 6246 -1890000
8309 6246 -1890000
8282 6246 -236250
8281 6246 -393876
8284 6246 -236250
8283 6246 -393687
8280 6246 -236250
8279 6246 -393687
7772 6246 10
1943 6246 25
1934 6246 5
1930 6246 -11
1914 6246 -529
8312 6247 -1890000
8311 6247 -1890000
8288 6247 -236250
8287 6247 -393876
8290 6247 -236250
8289 6247 -393687
8286 6247 -236250
8285 6247 -393687
7957 6247 10
2216 6247 25
2207 6247 5
2203 6247 -11
2187 6247 -529
8314 6248 -1890000
8313 6248 -1890000
8294 6248 -236250
8293 6248 -393876
8296 6248 -236250
8295 6248 -393687
8292 6248 -236250
8291 6248 -393687
8142 6248 10
2489 6248 25
2480 6248 5
2476 6248 -11
2460 6248 -529
8302 6249 -1890000
8301 6249 -1890000
8258 6249 -236250
8257 6249 -393876
8260 6249 -236250
8259 6249 -393687
8256 6249 -236250
8255 6249 -393687
7105 6249 10
851 6249 125
842 6249 50
838 6249 -11
822 6249 -529
8304 6250 -1890000
8303 6250 -1890000
8264 6250 -236250
8263 6250 -393876
8266 6250 -236250
8265 6250 -393687
8262 6250 -236250
8261 6250 -393687
7265 6250 10
1124 6250 500
1115 6250 25
1111 6250 -11
1095 6250 -529
8306 6251 -1890000
8305 6251 -1890000
8270 6251 -236250
8269 6251 -393876
8272 6251 -236250
8271 6251 -393687
8268 6251 -236250
8267 6251 -393687
7427 6251 10
1397 6251 25
1388 6251 5
1384 6251 -11
1368 6251 -529
8308 6252 -1890000
8307 6252 -1890000
8276 6252 -236250
8275 6252 -393876
8278 6252 -236250
8277 6252 -393687
8274 6252 -236250
8273 6252 -393687
7589 6252 10
1670 6252 50
1661 6252 5
1657 6252 -11
1641 6252 -529
8312 6253 -1890000
8311 6253 -1890000
8288 6253 -236250
8287 6253 -393876
8290 6253 -236250
8289 6253 -393687
8286 6253 -236250
8285 6253 -393687
7958 6253 10
2216 6253 25
2207 6253 5
2203 6253 -11
2187 6253 -529
8310 6254 -1890000
8309 6254 -1890000
8282 6254 -236250
8281 6254 -393876
8284 6254 -236250
8283 6254 -393687
8280 6254 -236250
8279 6254 -393687
7774 6254 10
1943 6254 25
1934 6254 5
1930 6254 -11
1914 6254 -529
7266 6255 10
1124 6255 -510
1123 6255 50
1115 6255 10
947 6255 -33120
7591 6256 10
1670 6256 -51
1669 6256 25
1661 6256 2
1493 6256 -33120
7267 6257 10
1124 6257 -510
1123 6257 50
1115 6257 10
947 6257 -33120
7592 6258 10
1670 6258 -51
1669 6258 25
1661 6258 2
1493 6258 -33120
7593 6259 10
1670 6259 -51
1669 6259 25
1661 6259 2
1493 6259 -33120
8304 6260 -54000
8303 6260 -54000
8264 6260 -6750
8263 6260 -11254
8266 6260 -6750
8265 6260 -11248
8262 6260 -6750
8261 6260 -11248
7268 6260 10
1124 6260 -520
1122 6260 100
1115 6260 20
947 6260 -10760
8306 6261 -54000
8305 6261 -54000
8270 6261 -6750
8269 6261 -11254
8272 6261 -6750
8271 6261 -11248
8268 6261 -6750
8267 6261 -11248
7430 6261 10
1397 6261 -26
1395 6261 100
1388 6261 4
1220 6261 -10760
8308 6262 -54000
8307 6262 -54000
8276 6262 -6750
8275 6262 -11254
8278 6262 -6750
8277 6262 -11248
8274 6262 -6750
8273 6262 -11248
7594 6262 10
1670 6262 -52
1668 6262 100
1661 6262 4
1493 6262 -10760
8310 6263 -54000
8309 6263 -54000
8282 6263 -6750
8281 6263 -11254
8284 6263 -6750
8283 6263 -11248
8280 6263 -6750
8279 6263 -11248
7778 6263 10
1943 6263 -26
1941 6263 100
1934 6263 4
1766 6263 -10760
8312 6264 -54000
8311 6264 -54000
8288 6264 -6750
8287 6264 -11254
8290 6264 -6750
8289 6264 -11248
8286 6264 -6750
8285 6264 -11248
7963 6264 10
2216 6264 -26
2214 6264 100
2207 6264 4
2039 6264 -10760
8314 6265 -54000
8313 6265 -54000
8294 6265 -6750
8293 6265 -11254
8296 6265 -6750
8295 6265 -11248
8292 6265 -6750
8291 6265 -11248
8148 6265 10
2489 6265 -26
2487 6265 100
2480 6265 4
2312 6265 -10760
8298 6266 -54000
8297 6266 -54000
8246 6266 -6750
8245 6266 -11254
8248 6266 -6750
8247 6266 -11248
8244 6266 -6750
8243 6266 -11248
6806 6266 10
305 6266 -52
303 6266 100
296 6266 8
128 6266 -10760
8300 6267 -54000
8299 6267 -54000
8252 6267 -6750
8251 6267 -11254
8254 6267 -6750
8253 6267 -11248
8250 6267 -6750
8249 6267 -11248
6952 6267 10
578 6267 -260
576 6267 100
569 6267 40
401 6267 -10760
8302 6268 -54000
8301 6268 -54000
8258 6268 -6750
8257 6268 -11254
8260 6268 -6750
8259 6268 -11248
8256 6268 -6750
8255 6268 -11248
7108 6268 10
851 6268 -130
849 6268 1000
842 6268 40
674 6268 -10760
8304 6269 -54000
8303 6269 -54000
8264 6269 -6750
8263 6269 -11254
8266 6269 -6750
8265 6269 -11248
8262 6269 -6750
8261 6269 -11248
7269 6269 10
1124 6269 -520
1122 6269 100
1115 6269 20
947 6269 -10760
8306 6270 -54000
8305 6270 -54000
8270 6270 -6750
8269 6270 -11254
8272 6270 -6750
8271 6270 -11248
8268 6270 -6750
8267 6270 -11248
7431 6270 10
1397 6270 -26
1395 6270 100
1388 6270 4
1220 6270 -10760
8308 6271 -54000
8307 6271 -54000
8276 6271 -6750
8275 6271 -11254
8278 6271 -6750
8277 6271 -11248
8274 6271 -6750
8273 6271 -11248
7595 6271 10
1670 6271 -52
1668 6271 100
1661 6271 4
1493 6271 -10760
8310 6272 -54000
8309 6272 -54000
8282 6272 -6750
8281 6272 -11254
8284 6272 -6750
8283 6272 -11248
8280 6272 -6750
8279 6272 -11248
7779 6272 1
1943 6272 -26
1941 6272 100
1934 6272 4
1766 6272 -10760
8312 6273 -54000
8311 6273 -54000
8288 6273 -6750
8287 6273 -11254
8290 6273 -6750
8289 6273 -11248
8286 6273 -6750
8285 6273 -11248
7964 6273 10
2216 6273 -26
2214 6273 100
2207 6273 4
2039 6273 -10760
8314 6274 -54000
8313 6274 -54000
8294 6274 -6750
8293 6274 -11254
8296 6274 -6750
8295 6274 -11248
8292 6274 -6750
8291 6274 -11248
8149 6274 1
2489 6274 -26
2487 6274 100
2480 6274 4
2312 6274 -10760
8310 6275 -54000
8309 6275 -54000
8282 6275 -6750
8281 6275 -11254
8284 6275 -6750
8283 6275 -11248
8280 6275 -6750
8279 6275 -11248
7780 6275 1
1943 6275 -26
1941 6275 100
1934 6275 4
1766 6275 -10760
8312 6276 -54000
8311 6276 -54000
8288 6276 -6750
8287 6276 -11254
8290 6276 -6750
8289 6276 -11248
8286 6276 -6750
8285 6276 -11248
7965 6276 10
2216 6276 -26
2214 6276 100
2207 6276 4
2039 6276 -10760
8314 6277 -54000
8313 6277 -54000
8294 6277 -6750
8293 6277 -11254
8296 6277 -6750
8295 6277 -11248
8292 6277 -6750
8291 6277 -11248
8150 6277 10
2489 6277 -26
2487 6277 100
2480 6277 4
2312 6277 -10760
8298 6278 -101000
8297 6278 -101000
8246 6278 -12625
8245 6278 -21048
8248 6278 -12625
8247 6278 -21038
8244 6278 -12625
8243 6278 -21038
6807 6278 1
304 6278 -29
303 6278 100
296 6278 32
8302 6279 -101000
8301 6279 -101000
8258 6279 -12625
8257 6279 -21048
8260 6279 -12625
8259 6279 -21038
8256 6279 -12625
8255 6279 -21038
7109 6279 1
850 6279 -290
849 6279 1000
842 6279 160
8304 6280 -101000
8303 6280 -101000
8264 6280 -12625
8263 6280 -21048
8266 6280 -12625
8265 6280 -21038
8262 6280 -12625
8261 6280 -21038
7270 6280 1
1123 6280 -58
1122 6280 100
1115 6280 80
8306 6281 -101000
8305 6281 -101000
8270 6281 -12625
8269 6281 -21048
8272 6281 -12625
8271 6281 -21038
8268 6281 -12625
8267 6281 -21038
7432 6281 1
1396 6281 -29
1395 6281 100
1388 6281 16
8308 6282 -101000
8307 6282 -101000
8276 6282 -12625
8275 6282 -21048
8278 6282 -12625
8277 6282 -21038
8274 6282 -12625
8273 6282 -21038
7596 6282 1
1669 6282 -29
1668 6282 100
1661 6282 16
8310 6283 -101000
8309 6283 -101000
8282 6283 -12625
8281 6283 -21048
8284 6283 -12625
8283 6283 -21038
8280 6283 -12625
8279 6283 -21038
7781 6283 1
1942 6283 -29
1941 6283 100
1934 6283 16
8314 6284 -101000
8313 6284 -101000
8294 6284 -12625
8293 6284 -21048
8296 6284 -12625
8295 6284 -21038
8292 6284 -12625
8291 6284 -21038
8151 6284 1
2488 6284 -29
2487 6284 100
2480 6284 16
8298 6285 -101000
8297 6285 -101000
8246 6285 -12625
8245 6285 -21048
8248 6285 -12625
8247 6285 -21038
8244 6285 -12625
8243 6285 -21038
6808 6285 10
304 6285 -29
303 6285 100
296 6285 32
8304 6286 -101000
8303 6286 -101000
8264 6286 -12625
8263 6286 -21048
8266 6286 -12625
8265 6286 -21038
8262 6286 -12625
8261 6286 -21038
7271 6286 10
1123 6286 -58
1122 6286 100
1115 6286 80
8306 6287 -101000
8305 6287 -101000
8270 6287 -12625
8269 6287 -21048
8272 6287 -12625
8271 6287 -21038
8268 6287 -12625
8267 6287 -21038
7433 6287 10
1396 6287 -29
1395 6287 100
1388 6287 16
8308 6288 -101000
8307 6288 -101000
8276 6288 -12625
8275 6288 -21048
8278 6288 -12625
8277 6288 -21038
8274 6288 -12625
8273 6288 -21038
7597 6288 10
1669 6288 -29
1668 6288 100
1661 6288 16
8310 6289 -101000
8309 6289 -101000
8282 6289 -12625
8281 6289 -21048
8284 6289 -12625
8283 6289 -21038
8280 6289 -12625
8279 6289 -21038
7782 6289 10
1942 6289 -29
1941 6289 100
1934 6289 16
8312 6290 -101000
8311 6290 -101000
8288 6290 -12625
8287 6290 -21048
8290 6290 -12625
8289 6290 -21038
8286 6290 -12625
8285 6290 -21038
7967 6290 10
2215 6290 -29
2214 6290 100
2207 6290 16
8314 6291 -101000
8313 6291 -101000
8294 6291 -12625
8293 6291 -21048
8296 6291 -12625
8295 6291 -21038
8292 6291 -12625
8291 6291 -21038
8152 6291 1
2488 6291 -29
2487 6291 100
2480 6291 16
8308 6292 -101000
8307 6292 -101000
8276 6292 -12625
8275 6292 -21048
8278 6292 -12625
8277 6292 -21038
8274 6292 -12625
8273 6292 -21038
7598 6292 10
1669 6292 -29
1668 6292 100
1661 6292 16
8310 6293 -101000
8309 6293 -101000
8282 6293 -12625
8281 6293 -21048
8284 6293 -12625
8283 6293 -21038
8280 6293 -12625
8279 6293 -21038
7783 6293 10
1942 6293 -29
1941 6293 100
1934 6293 16
8312 6294 -101000
8311 6294 -101000
8288 6294 -12625
8287 6294 -21048
8290 6294 -12625
8289 6294 -21038
8286 6294 -12625
8285 6294 -21038
7968 6294 10
2215 6294 -29
2214 6294 100
2207 6294 16
8314 6295 -101000
8313 6295 -101000
8294 6295 -12625
8293 6295 -21048
8296 6295 -12625
8295 6295 -21038
8292 6295 -12625
8291 6295 -21038
8153 6295 1
2488 6295 -29
2487 6295 100
2480 6295 16
8298 6296 -432000
8297 6296 -432000
8246 6296 -54000
8245 6296 -90029
8248 6296 -54000
8247 6296 -89986
8244 6296 -54000
8243 6296 -89986
6811 6296 10
303 6296 -113
301 6296 1
296 6296 26
276 6296 -5800
8300 6297 -432000
8299 6297 -432000
8252 6297 -54000
8251 6297 -90029
8254 6297 -54000
8253 6297 -89986
8250 6297 -54000
8249 6297 -89986
6957 6297 10
576 6297 -113
574 6297 1
569 6297 130
549 6297 -5800
8304 6298 -432000
8303 6298 -432000
8264 6298 -54000
8263 6298 -90029
8266 6298 -54000
8265 6298 -89986
8262 6298 -54000
8261 6298 -89986
7274 6298 10
1122 6298 -113
1120 6298 1
1115 6298 65
1095 6298 -580
8306 6299 -432000
8305 6299 -432000
8270 6299 -54000
8269 6299 -90029
8272 6299 -54000
8271 6299 -89986
8268 6299 -54000
8267 6299 -89986
7436 6299 10
1395 6299 -113
1393 6299 1
1388 6299 13
1368 6299 -580
8308 6300 -432000
8307 6300 -432000
8276 6300 -54000
8275 6300 -90029
8278 6300 -54000
8277 6300 -89986
8274 6300 -54000
8273 6300 -89986
7602 6300 10
1668 6300 -113
1666 6300 1
1661 6300 13
1641 6300 -580
8310 6301 -432000
8309 6301 -432000
8282 6301 -54000
8281 6301 -90029
8284 6301 -54000
8283 6301 -89986
8280 6301 -54000
8279 6301 -89986
7787 6301 10
1941 6301 -113
1939 6301 1
1934 6301 13
1914 6301 -580
8312 6302 -432000
8311 6302 -432000
8288 6302 -54000
8287 6302 -90029
8290 6302 -54000
8289 6302 -89986
8286 6302 -54000
8285 6302 -89986
7972 6302 10
2214 6302 -113
2212 6302 1
2207 6302 13
2187 6302 -580
8314 6303 -432000
8313 6303 -432000
8294 6303 -54000
8293 6303 -90029
8296 6303 -54000
8295 6303 -89986
8292 6303 -54000
8291 6303 -89986
8157 6303 10
2487 6303 -113
2485 6303 1
2480 6303 13
2460 6303 -580
8298 6304 -432000
8297 6304 -432000
8246 6304 -54000
8245 6304 -90029
8248 6304 -54000
8247 6304 -89986
8244 6304 -54000
8243 6304 -89986
6812 6304 1
303 6304 -113
301 6304 1
296 6304 26
276 6304 -5800
8302 6305 -432000
8301 6305 -432000
8258 6305 -54000
8257 6305 -90029
8260 6305 -54000
8259 6305 -89986
8256 6305 -54000
8255 6305 -89986
7114 6305 10
849 6305 -1130
847 6305 10
842 6305 130
822 6305 -580
8304 6306 -432000
8303 6306 -432000
8264 6306 -54000
8263 6306 -90029
8266 6306 -54000
8265 6306 -89986
8262 6306 -54000
8261 6306 -89986
7275 6306 10
1122 6306 -113
1120 6306 1
1115 6306 65
1095 6306 -580
8308 6307 -432000
8307 6307 -432000
8276 6307 -54000
8275 6307 -90029
8278 6307 -54000
8277 6307 -89986
8274 6307 -54000
8273 6307 -89986
7603 6307 10
1668 6307 -113
1666 6307 1
1661 6307 13
1641 6307 -580
8312 6308 -432000
8311 6308 -432000
8288 6308 -54000
8287 6308 -90029
8290 6308 -54000
8289 6308 -89986
8286 6308 -54000
8285 6308 -89986
7973 6308 10
2214 6308 -113
2212 6308 1
2207 6308 13
2187 6308 -580
8308 6309 -432000
8307 6309 -432000
8276 6309 -54000
8275 6309 -90029
8278 6309 -54000
8277 6309 -89986
8274 6309 -54000
8273 6309 -89986
7604 6309 10
1668 6309 -113
1666 6309 1
1661 6309 13
1641 6309 -580
8314 6310 -432000
8313 6310 -432000
8294 6310 -54000
8293 6310 -90029
8296 6310 -54000
8295 6310 -89986
8292 6310 -54000
8291 6310 -89986
8159 6310 10
2487 6310 -113
2485 6310 1
2480 6310 13
2460 6310 -580
7115 6311 10
822 6311 500
748 6311 -12400
7605 6312 1
1641 6312 500
1567 6312 -12400
7975 6313 1
2187 6313 500
2113 6313 -12400
8160 6314 1
2460 6314 500
2386 6314 -12400
6814 6315 10
353 6315 -62
242 6315 1
6960 6316 10
626 6316 -62
515 6316 1
7116 6317 10
899 6317 -62
788 6317 1
7277 6318 10
1172 6318 -62
1061 6318 1
7439 6319 10
1445 6319 -62
1334 6319 1
7606 6320 10
1718 6320 -62
1607 6320 1
7791 6321 10
1991 6321 -62
1880 6321 1
7976 6322 10
2264 6322 -62
2153 6322 1
9794 6323 21
8298 6323 -3616000
8297 6323 -3616000
8246 6323 -452000
8245 6323 -753574
8248 6323 -452000
8247 6323 -753213
8244 6323 -452000
8243 6323 -753213
6817 6323 20
343 6323 21
309 6323 -2230
308 6323 1
284 6323 9
283 6323 -1000
215 6323 -5600
208 6323 -1856000
202 6323 -110160
195 6323 -64300
171 6323 -643000
36 6323 19164100
18 6323 5432680
0 6323 1158870
9795 6324 21
8300 6324 -3616000
8299 6324 -3616000
8252 6324 -452000
8251 6324 -753574
8254 6324 -452000
8253 6324 -753213
8250 6324 -452000
8249 6324 -753213
6963 6324 20
616 6324 21
582 6324 -2230
581 6324 1
557 6324 9
556 6324 -1000
488 6324 -5600
481 6324 -1856000
475 6324 -110160
468 6324 -64300
444 6324 -643000
37 6324 19164100
19 6324 5432680
1 6324 1158870
9797 6325 21
8304 6325 -3616000
8303 6325 -3616000
8264 6325 -452000
8263 6325 -753574
8266 6325 -452000
8265 6325 -753213
8262 6325 -452000
8261 6325 -753213
7280 6325 20
1162 6325 21
1128 6325 -2230
1127 6325 1
1103 6325 9
1102 6325 -1000
1034 6325 -5600
1027 6325 -1856000
1021 6325 -110160
1014 6325 -64300
990 6325 -643000
39 6325 19164100
21 6325 5432680
3 6325 1158870
9799 6326 21
8308 6326 -3616000
8307 6326 -3616000
8276 6326 -452000
8275 6326 -753574
8278 6326 -452000
8277 6326 -753213
8274 6326 -452000
8273 6326 -753213
7609 6326 20
1708 6326 21
1674 6326 -2230
1673 6326 1
1649 6326 9
1648 6326 -1000
1580 6326 -5600
1573 6326 -1856000
1567 6326 -110160
1560 6326 -64300
1536 6326 -643000
41 6326 19164100
23 6326 5432680
5 6326 1158870
9801 6327 21
8312 6327 -3616000
8311 6327 -3616000
8288 6327 -452000
8287 6327 -753574
8290 6327 -452000
8289 6327 -753213
8286 6327 -452000
8285 6327 -753213
7979 6327 20
2254 6327 21
2220 6327 -2230
2219 6327 1
2195 6327 9
2194 6327 -1000
2126 6327 -5600
2119 6327 -1856000
2113 6327 -110160
2106 6327 -64300
2082 6327 -643000
43 6327 19164100
25 6327 5432680
7 6327 1158870
9802 6328 21
8314 6328 -3616000
8313 6328 -3616000
8294 6328 -452000
8293 6328 -753574
8296 6328 -452000
8295 6328 -753213
8292 6328 -452000
8291 6328 -753213
8164 6328 20
2527 6328 21
2493 6328 -2230
2492 6328 1
2468 6328 9
2467 6328 -1000
2399 6328 -5600
2392 6328 -1856000
2386 6328 -110160
2379 6328 -64300
2355 6328 -643000
44 6328 19164100
26 6328 5432680
8 6328 1158870
9803 6329 480
8298 6329 -3978000
8297 6329 -3978000
8246 6329 -497250
8245 6329 -829015
8248 6329 -497250
8247 6329 -828617
8244 6329 -497250
8243 6329 -828617
6818 6329 20
344 6329 480
310 6329 -2440
308 6329 1
284 6329 270
283 6329 -1100
215 6329 -6000
208 6329 -2042000
202 6329 -121180
195 6329 -70700
171 6329 -707000
36 6329 21080800
18 6329 6068980
0 6329 1274750
9804 6330 480
8300 6330 -3978000
8299 6330 -3978000
8252 6330 -497250
8251 6330 -829015
8254 6330 -497250
8253 6330 -828617
8250 6330 -497250
8249 6330 -828617
6964 6330 20
617 6330 480
583 6330 -2440
581 6330 1
557 6330 270
556 6330 -1100
488 6330 -6000
481 6330 -2042000
475 6330 -121180
468 6330 -70700
444 6330 -707000
37 6330 21080800
19 6330 6068980
1 6330 1274750
9805 6331 480
8302 6331 -3978000
8301 6331 -3978000
8258 6331 -497250
8257 6331 -829015
8260 6331 -497250
8259 6331 -828617
8256 6331 -497250
8255 6331 -828617
7120 6331 20
890 6331 480
856 6331 -2440
854 6331 1
830 6331 27
829 6331 -1100
761 6331 -6000
754 6331 -2042000
748 6331 -121180
741 6331 -70700
717 6331 -707000
38 6331 21080800
20 6331 6068980
2 6331 1274750
9806 6332 480
8304 6332 -3978000
8303 6332 -3978000
8264 6332 -497250
8263 6332 -829015
8266 6332 -497250
8265 6332 -828617
8262 6332 -497250
8261 6332 -828617
7281 6332 20
1163 6332 480
1129 6332 -2440
1127 6332 1
1103 6332 270
1102 6332 -1100
1034 6332 -6000
1027 6332 -2042000
1021 6332 -121180
1014 6332 -70700
990 6332 -707000
39 6332 21080800
21 6332 6068980
3 6332 1274750
9807 6333 480
8306 6333 -3978000
8305 6333 -3978000
8270 6333 -497250
8269 6333 -829015
8272 6333 -497250
8271 6333 -828617
8268 6333 -497250
8267 6333 -828617
7443 6333 20
1436 6333 480
1402 6333 -2440
1400 6333 1
1376 6333 27
1375 6333 -1100
1307 6333 -6000
1300 6333 -2042000
1294 6333 -121180
1287 6333 -70700
1263 6333 -707000
40 6333 21080800
22 6333 6068980
4 6333 1274750
9808 6334 480
8308 6334 -3978000
8307 6334 -3978000
8276 6334 -497250
8275 6334 -829015
8278 6334 -497250
8277 6334 -828617
8274 6334 -497250
8273 6334 -828617
7610 6334 20
1709 6334 480
1675 6334 -2440
1673 6334 1
1649 6334 270
1648 6334 -1100
1580 6334 -6000
1573 6334 -2042000
1567 6334 -121180
1560 6334 -70700
1536 6334 -707000
41 6334 21080800
23 6334 6068980
5 6334 1274750
9809 6335 480
8310 6335 -3978000
8309 6335 -3978000
8282 6335 -497250
8281 6335 -829015
8284 6335 -497250
8283 6335 -828617
8280 6335 -497250
8279 6335 -828617
7795 6335 20
1982 6335 480
1948 6335 -2440
1946 6335 1
1922 6335 27
1921 6335 -1100
1853 6335 -6000
1846 6335 -2042000
1840 6335 -121180
1833 6335 -70700
1809 6335 -707000
42 6335 21080800
24 6335 6068980
6 6335 1274750
9810 6336 480
8312 6336 -3978000
8311 6336 -3978000
8288 6336 -497250
8287 6336 -829015
8290 6336 -497250
8289 6336 -828617
8286 6336 -497250
8285 6336 -828617
7980 6336 20
2255 6336 480
2221 6336 -2440
2219 6336 1
2195 6336 270
2194 6336 -1100
2126 6336 -6000
2119 6336 -2042000
2113 6336 -121180
2106 6336 -70700
2082 6336 -707000
43 6336 21080800
25 6336 6068980
7 6336 1274750
9811 6337 480
8314 6337 -3978000
8313 6337 -3978000
8294 6337 -497250
8293 6337 -829015
8296 6337 -497250
8295 6337 -828617
8292 6337 -497250
8291 6337 -828617
8165 6337 20
2528 6337 480
2494 6337 -2440
2492 6337 1
2468 6337 270
2467 6337 -1100
2399 6337 -6000
2392 6337 -2042000
2386 6337 -121180
2379 6337 -70700
2355 6337 -707000
44 6337 21080800
26 6337 6068980
8 6337 1274750
8298 6338 -214000
8297 6338 -214000
8246 6338 -26750
8245 6338 -44598
8248 6338 -26750
8247 6338 -44576
8244 6338 -26750
8243 6338 -44576
6819 6338 20
314 6338 124
313 6338 -20
307 6338 3
278 6338 9
215 6338 -6600
208 6338 -53000
202 6338 -30
134 6338 -200
114 6338 -6000
36 6338 7422
18 6338 20914
0 6338 8115
8300 6339 -214000
8299 6339 -214000
8252 6339 -26750
8251 6339 -44598
8254 6339 -26750
8253 6339 -44576
8250 6339 -26750
8249 6339 -44576
6965 6339 20
587 6339 124
586 6339 -20
580 6339 3
551 6339 9
488 6339 -6600
481 6339 -53000
475 6339 -30
407 6339 -25
387 6339 -6000
37 6339 7422
19 6339 20914
1 6339 8115
8302 6340 -214000
8301 6340 -214000
8258 6340 -26750
8257 6340 -44598
8260 6340 -26750
8259 6340 -44576
8256 6340 -26750
8255 6340 -44576
7121 6340 1
860 6340 124
859 6340 -20
853 6340 3
824 6340 9
761 6340 -6600
754 6340 -53000
748 6340 -30
680 6340 -50
660 6340 -6000
38 6340 7422
20 6340 20914
2 6340 8115
8304 6341 -214000
8303 6341 -214000
8264 6341 -26750
8263 6341 -44598
8266 6341 -26750
8265 6341 -44576
8262 6341 -26750
8261 6341 -44576
7282 6341 20
1133 6341 124
1132 6341 -20
1126 6341 3
1097 6341 9
1034 6341 -6600
1027 6341 -53000
1021 6341 -30
953 6341 -25
933 6341 -6000
39 6341 7422
21 6341 20914
3 6341 8115
8306 6342 -214000
8305 6342 -214000
8270 6342 -26750
8269 6342 -44598
8272 6342 -26750
8271 6342 -44576
8268 6342 -26750
8267 6342 -44576
7444 6342 20
1406 6342 124
1405 6342 -20
1399 6342 3
1370 6342 9
1307 6342 -6600
1300 6342 -53000
1294 6342 -30
1226 6342 -50
1206 6342 -6000
40 6342 7422
22 6342 20914
4 6342 8115
8308 6343 -214000
8307 6343 -214000
8276 6343 -26750
8275 6343 -44598
8278 6343 -26750
8277 6343 -44576
8274 6343 -26750
8273 6343 -44576
7611 6343 20
1679 6343 124
1678 6343 -20
1672 6343 3
1643 6343 9
1580 6343 -6600
1573 6343 -53000
1567 6343 -30
1499 6343 -25
1479 6343 -6000
41 6343 7422
23 6343 20914
5 6343 8115
8310 6344 -214000
8309 6344 -214000
8282 6344 -26750
8281 6344 -44598
8284 6344 -26750
8283 6344 -44576
8280 6344 -26750
8279 6344 -44576
7796 6344 1
1952 6344 124
1951 6344 -20
1945 6344 3
1916 6344 9
1853 6344 -6600
1846 6344 -53000
1840 6344 -30
1772 6344 -25
1752 6344 -6000
42 6344 7422
24 6344 20914
6 6344 8115
8312 6345 -214000
8311 6345 -214000
8288 6345 -26750
8287 6345 -44598
8290 6345 -26750
8289 6345 -44576
8286 6345 -26750
8285 6345 -44576
7981 6345 20
2225 6345 124
2224 6345 -20
2218 6345 3
2189 6345 9
2126 6345 -6600
2119 6345 -53000
2113 6345 -30
2045 6345 -25
2025 6345 -6000
43 6345 7422
25 6345 20914
7 6345 8115
8314 6346 -214000
8313 6346 -214000
8294 6346 -26750
8293 6346 -44598
8296 6346 -26750
8295 6346 -44576
8292 6346 -26750
8291 6346 -44576
8166 6346 20
2498 6346 124
2497 6346 -20
2491 6346 3
2462 6346 9
2399 6346 -6600
2392 6346 -53000
2386 6346 -30
2318 6346 -25
2298 6346 -6000
44 6346 7422
26 6346 20914
8 6346 8115
9686 6347 -1
6820 6347 20
297 6347 -1
9687 6348 -1
6966 6348 20
570 6348 -1
9688 6349 -1
7122 6349 20
843 6349 -1
9689 6350 -1
7283 6350 20
1116 6350 -1
9690 6351 -1
7445 6351 20
1389 6351 -1
9691 6352 -1
7612 6352 20
1662 6352 -1
9692 6353 -1
7797 6353 20
1935 6353 -1
9693 6354 -1
7982 6354 20
2208 6354 -1
9694 6355 -1
8167 6355 20
2481 6355 -1
9794 6356 35
8298 6356 -553000
8297 6356 -553000
8246 6356 -69125
8245 6356 -115245
8248 6356 -69125
8247 6356 -115190
8244 6356 -69125
8243 6356 -115190
6821 6356 20
343 6356 35
309 6356 333
307 6356 -40
283 6356 -153
215 6356 -859
208 6356 -283900
202 6356 -16845
195 6356 -9831
171 6356 -98310
36 6356 2930440
18 6356 830736
0 6356 177210
9795 6357 35
8300 6357 -553000
8299 6357 -553000
8252 6357 -69125
8251 6357 -115245
8254 6357 -69125
8253 6357 -115190
8250 6357 -69125
8249 6357 -115190
6967 6357 20
616 6357 35
582 6357 333
580 6357 -40
556 6357 -153
488 6357 -859
481 6357 -283900
475 6357 -16845
468 6357 -9831
444 6357 -98310
37 6357 2930440
19 6357 830736
1 6357 177210
9796 6358 7
8302 6358 -553000
8301 6358 -553000
8258 6358 -69125
8257 6358 -115245
8260 6358 -69125
8259 6358 -115190
8256 6358 -69125
8255 6358 -115190
7123 6358 20
889 6358 7
855 6358 333
853 6358 -40
829 6358 -153
761 6358 -859
754 6358 -283900
748 6358 -16845
741 6358 -9831
717 6358 -98310
38 6358 2930440
20 6358 830736
2 6358 177210
9797 6359 35
8304 6359 -553000
8303 6359 -553000
8264 6359 -69125
8263 6359 -115245
8266 6359 -69125
8265 6359 -115190
8262 6359 -69125
8261 6359 -115190
7284 6359 20
1162 6359 35
1128 6359 333
1126 6359 -40
1102 6359 -153
1034 6359 -859
1027 6359 -283900
1021 6359 -16845
1014 6359 -9831
990 6359 -98310
39 6359 2930440
21 6359 830736
3 6359 177210
9798 6360 7
8306 6360 -553000
8305 6360 -553000
8270 6360 -69125
8269 6360 -115245
8272 6360 -69125
8271 6360 -115190
8268 6360 -69125
8267 6360 -115190
7446 6360 20
1435 6360 7
1401 6360 333
1399 6360 -40
1375 6360 -153
1307 6360 -859
1300 6360 -283900
1294 6360 -16845
1287 6360 -9831
1263 6360 -98310
40 6360 2930440
22 6360 830736
4 6360 177210
9799 6361 35
8308 6361 -553000
8307 6361 -553000
8276 6361 -69125
8275 6361 -115245
8278 6361 -69125
8277 6361 -115190
8274 6361 -69125
8273 6361 -115190
7613 6361 1
1708 6361 35
1674 6361 333
1672 6361 -40
1648 6361 -153
1580 6361 -859
1573 6361 -283900
1567 6361 -16845
1560 6361 -9831
1536 6361 -98310
41 6361 2930440
23 6361 830736
5 6361 177210
9800 6362 7
8310 6362 -553000
8309 6362 -553000
8282 6362 -69125
8281 6362 -115245
8284 6362 -69125
8283 6362 -115190
8280 6362 -69125
8279 6362 -115190
7798 6362 20
1981 6362 7
1947 6362 333
1945 6362 -40
1921 6362 -153
1853 6362 -859
1846 6362 -283900
1840 6362 -16845
1833 6362 -9831
1809 6362 -98310
42 6362 2930440
24 6362 830736
6 6362 177210
9801 6363 35
8312 6363 -553000
8311 6363 -553000
8288 6363 -69125
8287 6363 -115245
8290 6363 -69125
8289 6363 -115190
8286 6363 -69125
8285 6363 -115190
7983 6363 20
2254 6363 35
2220 6363 333
2218 6363 -40
2194 6363 -153
2126 6363 -859
2119 6363 -283900
2113 6363 -16845
2106 6363 -9831
2082 6363 -98310
43 6363 2930440
25 6363 830736
7 6363 177210
9802 6364 35
8314 6364 -553000
8313 6364 -553000
8294 6364 -69125
8293 6364 -115245
8296 6364 -69125
8295 6364 -115190
8292 6364 -69125
8291 6364 -115190
8168 6364 20
2527 6364 35
2493 6364 333
2491 6364 -40
2467 6364 -153
2399 6364 -859
2392 6364 -283900
2386 6364 -16845
2379 6364 -9831
2355 6364 -98310
44 6364 2930440
26 6364 830736
8 6364 177210
9803 6365 575
8298 6365 -2730000
8297 6365 -2730000
8246 6365 -341250
8245 6365 -568932
8248 6365 -341250
8247 6365 -568659
8244 6365 -341250
8243 6365 -568659
6822 6365 20
344 6365 575
310 6365 333
306 6365 -250
299 6365 -1
9804 6366 575
8300 6366 -2730000
8299 6366 -2730000
8252 6366 -341250
8251 6366 -568932
8254 6366 -341250
8253 6366 -568659
8250 6366 -341250
8249 6366 -568659
6968 6366 20
617 6366 575
583 6366 333
579 6366 -250
572 6366 -1
9805 6367 575
8302 6367 -2730000
8301 6367 -2730000
8258 6367 -341250
8257 6367 -568932
8260 6367 -341250
8259 6367 -568659
8256 6367 -341250
8255 6367 -568659
7124 6367 20
890 6367 575
856 6367 333
852 6367 -250
845 6367 -1
9806 6368 575
8304 6368 -2730000
8303 6368 -2730000
8264 6368 -341250
8263 6368 -568932
8266 6368 -341250
8265 6368 -568659
8262 6368 -341250
8261 6368 -568659
7285 6368 20
1163 6368 575
1129 6368 333
1125 6368 -250
1118 6368 -1
9807 6369 575
8306 6369 -2730000
8305 6369 -2730000
8270 6369 -341250
8269 6369 -568932
8272 6369 -341250
8271 6369 -568659
8268 6369 -341250
8267 6369 -568659
7447 6369 20
1436 6369 575
1402 6369 333
1398 6369 -250
1391 6369 -1
9808 6370 575
8308 6370 -2730000
8307 6370 -2730000
8276 6370 -341250
8275 6370 -568932
8278 6370 -341250
8277 6370 -568659
8274 6370 -341250
8273 6370 -568659
7614 6370 20
1709 6370 575
1675 6370 333
1671 6370 -250
1664 6370 -1
9809 6371 575
8310 6371 -2730000
8309 6371 -2730000
8282 6371 -341250
8281 6371 -568932
8284 6371 -341250
8283 6371 -568659
8280 6371 -341250
8279 6371 -568659
7799 6371 20
1982 6371 575
1948 6371 333
1944 6371 -250
1937 6371 -1
9810 6372 575
8312 6372 -2730000
8311 6372 -2730000
8288 6372 -341250
8287 6372 -568932
8290 6372 -341250
8289 6372 -568659
8286 6372 -341250
8285 6372 -568659
7984 6372 20
2255 6372 575
2221 6372 333
2217 6372 -250
2210 6372 -1
9811 6373 575
8314 6373 -2730000
8313 6373 -2730000
8294 6373 -341250
8293 6373 -568932
8296 6373 -341250
8295 6373 -568659
8292 6373 -341250
8291 6373 -568659
8169 6373 20
2528 6373 575
2494 6373 333
2490 6373 -250
2483 6373 -1
8298 6374 -244400
8297 6374 -244400
8246 6374 -30550
8245 6374 -50933
8248 6374 -30550
8247 6374 -50909
8244 6374 -30550
8243 6374 -50909
6823 6374 20
314 6374 170
313 6374 -20
306 6374 29
215 6374 -7500
208 6374 -60000
202 6374 -35
134 6374 -256
114 6374 -6750
36 6374 8569
18 6374 23788
0 6374 9187
8300 6375 -244400
8299 6375 -244400
8252 6375 -30550
8251 6375 -50933
8254 6375 -30550
8253 6375 -50909
8250 6375 -30550
8249 6375 -50909
6969 6375 20
587 6375 170
586 6375 -20
579 6375 29
488 6375 -7500
481 6375 -60000
475 6375 -35
407 6375 -32
387 6375 -6750
37 6375 8569
19 6375 23788
1 6375 9187
8302 6376 -244400
8301 6376 -244400
8258 6376 -30550
8257 6376 -50933
8260 6376 -30550
8259 6376 -50909
8256 6376 -30550
8255 6376 -50909
7125 6376 20
860 6376 170
859 6376 -20
852 6376 29
761 6376 -7500
754 6376 -60000
748 6376 -35
680 6376 -64
660 6376 -6750
38 6376 8569
20 6376 23788
2 6376 9187
8304 6377 -244400
8303 6377 -244400
8264 6377 -30550
8263 6377 -50933
8266 6377 -30550
8265 6377 -50909
8262 6377 -30550
8261 6377 -50909
7286 6377 20
1133 6377 170
1132 6377 -20
1125 6377 29
1034 6377 -7500
1027 6377 -60000
1021 6377 -35
953 6377 -32
933 6377 -6750
39 6377 8569
21 6377 23788
3 6377 9187
8306 6378 -244400
8305 6378 -244400
8270 6378 -30550
8269 6378 -50933
8272 6378 -30550
8271 6378 -50909
8268 6378 -30550
8267 6378 -50909
7448 6378 20
1406 6378 170
1405 6378 -20
1398 6378 29
1307 6378 -7500
1300 6378 -60000
1294 6378 -35
1226 6378 -64
1206 6378 -6750
40 6378 8569
22 6378 23788
4 6378 9187
8308 6379 -244400
8307 6379 -244400
8276 6379 -30550
8275 6379 -50933
8278 6379 -30550
8277 6379 -50909
8274 6379 -30550
8273 6379 -50909
7615 6379 20
1679 6379 170
1678 6379 -20
1671 6379 29
1580 6379 -7500
1573 6379 -60000
1567 6379 -35
1499 6379 -32
1479 6379 -6750
41 6379 8569
23 6379 23788
5 6379 9187
8310 6380 -244400
8309 6380 -244400
8282 6380 -30550
8281 6380 -50933
8284 6380 -30550
8283 6380 -50909
8280 6380 -30550
8279 6380 -50909
7800 6380 20
1952 6380 170
1951 6380 -20
1944 6380 29
1853 6380 -7500
1846 6380 -60000
1840 6380 -35
1772 6380 -32
1752 6380 -6750
42 6380 8569
24 6380 23788
6 6380 9187
8312 6381 -244400
8311 6381 -244400
8288 6381 -30550
8287 6381 -50933
8290 6381 -30550
8289 6381 -50909
8286 6381 -30550
8285 6381 -50909
7985 6381 20
2225 6381 170
2224 6381 -20
2217 6381 29
2126 6381 -7500
2119 6381 -60000
2113 6381 -35
2045 6381 -32
2025 6381 -6750
43 6381 8569
25 6381 23788
7 6381 9187
8314 6382 -244400
8313 6382 -244400
8294 6382 -30550
8293 6382 -50933
8296 6382 -30550
8295 6382 -50909
8292 6382 -30550
8291 6382 -50909
8170 6382 20
2498 6382 170
2497 6382 -20
2490 6382 29
2399 6382 -7500
2392 6382 -60000
2386 6382 -35
2318 6382 -32
2298 6382 -6750
44 6382 8569
26 6382 23788
8 6382 9187
6824 6383 25
291 6383 -1
204 6383 1
36 6383 16194
18 6383 11616
6970 6384 25
564 6384 -1
477 6384 1
37 6384 16194
19 6384 11616
7126 6385 25
837 6385 -1
750 6385 1
38 6385 16194
20 6385 11616
7287 6386 25
1110 6386 -1
1023 6386 1
39 6386 16194
21 6386 11616
7449 6387 25
1383 6387 -1
1296 6387 1
40 6387 16194
22 6387 11616
7616 6388 25
1656 6388 -1
1569 6388 1
41 6388 16194
23 6388 11616
7801 6389 25
1929 6389 -1
1842 6389 1
42 6389 16194
24 6389 11616
7986 6390 25
2202 6390 -1
2115 6390 1
43 6390 16194
25 6390 11616
8171 6391 25
2475 6391 -1
2388 6391 1
44 6391 16194
26 6391 11616
6825 6392 50
291 6392 -1
81 6392 1
36 6392 5692
18 6392 936
6971 6393 50
564 6393 -1
354 6393 1
37 6393 5692
19 6393 936
7127 6394 50
837 6394 -1
627 6394 1
38 6394 5692
20 6394 936
7288 6395 50
1110 6395 -1
900 6395 1
39 6395 5692
21 6395 936
7450 6396 50
1383 6396 -1
1173 6396 1
40 6396 5692
22 6396 936
7617 6397 50
1656 6397 -1
1446 6397 1
41 6397 5692
23 6397 936
7802 6398 50
1929 6398 -1
1719 6398 1
42 6398 5692
24 6398 936
7987 6399 50
2202 6399 -1
1992 6399 1
43 6399 5692
25 6399 936
8172 6400 50
2475 6400 -1
2265 6400 1
44 6400 5692
26 6400 936
6826 6401 200
291 6401 -1
132 6401 1
6972 6402 200
564 6402 -1
405 6402 1
7128 6403 200
837 6403 -1
678 6403 1
7289 6404 200
1110 6404 -1
951 6404 1
7451 6405 200
1383 6405 -1
1224 6405 1
7618 6406 200
1656 6406 -1
1497 6406 1
7803 6407 200
1929 6407 -1
1770 6407 1
7988 6408 200
2202 6408 -1
2043 6408 1
8173 6409 200
2475 6409 -1
2316 6409 1
6827 6410 100
291 6410 -1
243 6410 1
6973 6411 100
564 6411 -1
516 6411 1
7129 6412 100
837 6412 -1
789 6412 1
7290 6413 100
1110 6413 -1
1062 6413 1
7452 6414 100
1383 6414 -1
1335 6414 1
7619 6415 100
1656 6415 -1
1608 6415 1
7804 6416 100
1929 6416 -1
1881 6416 1
7989 6417 100
2202 6417 -1
2154 6417 1
6828 6418 200
291 6418 -1
95 6418 4
36 6418 181072
18 6418 32467
6974 6419 200
564 6419 -1
368 6419 4
37 6419 181072
19 6419 32467
7130 6420 200
837 6420 -1
641 6420 4
38 6420 181072
20 6420 32467
7291 6421 200
1110 6421 -1
914 6421 4
39 6421 181072
21 6421 32467
7453 6422 200
1383 6422 -1
1187 6422 4
40 6422 181072
22 6422 32467
7620 6423 200
1656 6423 -1
1460 6423 4
41 6423 181072
23 6423 32467
7805 6424 200
1929 6424 -1
1733 6424 4
42 6424 181072
24 6424 32467
7990 6425 200
2202 6425 -1
2006 6425 4
43 6425 181072
25 6425 32467
8175 6426 200
2475 6426 -1
2279 6426 4
44 6426 181072
26 6426 32467
6829 6427 4
291 6427 -1
139 6427 1
36 6427 57326
18 6427 23042
6975 6428 4
564 6428 -1
412 6428 1
37 6428 57326
19 6428 23042
7131 6429 4
837 6429 -1
685 6429 1
38 6429 57326
20 6429 23042
7292 6430 4
1110 6430 -1
958 6430 1
39 6430 57326
21 6430 23042
7454 6431 4
1383 6431 -1
1231 6431 1
40 6431 57326
22 6431 23042
7621 6432 4
1656 6432 -1
1504 6432 1
41 6432 57326
23 6432 23042
7806 6433 4
1929 6433 -1
1777 6433 1
42 6433 57326
24 6433 23042
7991 6434 4
2202 6434 -1
2050 6434 1
43 6434 57326
25 6434 23042
8176 6435 4
2475 6435 -1
2323 6435 1
44 6435 57326
26 6435 23042
6830 6436 10
291 6436 -1
197 6436 1
36 6436 38629
18 6436 3537
6976 6437 10
564 6437 -1
470 6437 1
37 6437 38629
19 6437 3537
7132 6438 10
837 6438 -1
743 6438 1
38 6438 38629
20 6438 3537
7293 6439 10
1110 6439 -1
1016 6439 1
39 6439 38629
21 6439 3537
7455 6440 10
1383 6440 -1
1289 6440 1
40 6440 38629
22 6440 3537
7622 6441 10
1656 6441 -1
1562 6441 1
41 6441 38629
23 6441 3537
7807 6442 10
1929 6442 -1
1835 6442 1
42 6442 38629
24 6442 3537
7992 6443 10
2202 6443 -1
2108 6443 1
43 6443 38629
25 6443 3537
8177 6444 10
2475 6444 -1
2381 6444 1
44 6444 38629
26 6444 3537
6831 6445 100
291 6445 -1
112 6445 1
36 6445 38629
18 6445 3537
6977 6446 100
564 6446 -1
385 6446 1
37 6446 38629
19 6446 3537
7133 6447 100
837 6447 -1
658 6447 1
38 6447 38629
20 6447 3537
7294 6448 100
1110 6448 -1
931 6448 1
39 6448 38629
21 6448 3537
7456 6449 100
1383 6449 -1
1204 6449 1
40 6449 38629
22 6449 3537
7623 6450 100
1656 6450 -1
1477 6450 1
41 6450 38629
23 6450 3537
7808 6451 100
1929 6451 -1
1750 6451 1
42 6451 38629
24 6451 3537
7993 6452 100
2202 6452 -1
2023 6452 1
43 6452 38629
25 6452 3537
8178 6453 100
2475 6453 -1
2296 6453 1
44 6453 38629
26 6453 3537
6978 6454 25
564 6454 -1
494 6454 1
37 6454 38629
19 6454 3537
7134 6455 25
837 6455 -1
767 6455 1
38 6455 38629
20 6455 3537
7295 6456 25
1110 6456 -1
1040 6456 1
39 6456 38629
21 6456 3537
7457 6457 25
1383 6457 -1
1313 6457 1
40 6457 38629
22 6457 3537
7624 6458 25
1656 6458 -1
1586 6458 1
41 6458 38629
23 6458 3537
7809 6459 25
1929 6459 -1
1859 6459 1
42 6459 38629
24 6459 3537
7994 6460 25
2202 6460 -1
2132 6460 1
43 6460 38629
25 6460 3537
8179 6461 25
2475 6461 -1
2405 6461 1
44 6461 38629
26 6461 3537
6832 6462 50
291 6462 -1
224 6462 2
36 6462 16432
18 6462 15949
6979 6463 50
564 6463 -1
497 6463 2
37 6463 16432
19 6463 15949
7135 6464 50
837 6464 -1
770 6464 2
38 6464 16432
20 6464 15949
7296 6465 50
1110 6465 -1
1043 6465 2
39 6465 16432
21 6465 15949
7458 6466 50
1383 6466 -1
1316 6466 2
40 6466 16432
22 6466 15949
7625 6467 50
1656 6467 -1
1589 6467 2
41 6467 16432
23 6467 15949
7810 6468 50
1929 6468 -1
1862 6468 1
42 6468 16432
24 6468 15949
7995 6469 50
2202 6469 -1
2135 6469 2
43 6469 16432
25 6469 15949
8180 6470 50
2475 6470 -1
2408 6470 2
44 6470 16432
26 6470 15949
6833 6471 50
291 6471 -1
226 6471 4
36 6471 16432
18 6471 15949
6980 6472 50
564 6472 -1
499 6472 4
37 6472 16432
19 6472 15949
7136 6473 50
837 6473 -1
772 6473 4
38 6473 16432
20 6473 15949
7297 6474 50
1110 6474 -1
1045 6474 4
39 6474 16432
21 6474 15949
7459 6475 50
1383 6475 -1
1318 6475 4
40 6475 16432
22 6475 15949
7626 6476 50
1656 6476 -1
1591 6476 4
41 6476 16432
23 6476 15949
7811 6477 50
1929 6477 -1
1864 6477 4
42 6477 16432
24 6477 15949
7996 6478 50
2202 6478 -1
2137 6478 4
43 6478 16432
25 6478 15949
8181 6479 50
2475 6479 -1
2410 6479 4
44 6479 16432
26 6479 15949
6834 6480 200
291 6480 -1
86 6480 2
36 6480 600
18 6480 7001
6981 6481 200
564 6481 -1
359 6481 2
37 6481 600
19 6481 7001
7137 6482 200
837 6482 -1
632 6482 2
38 6482 600
20 6482 7001
7298 6483 1
1110 6483 -1
905 6483 2
39 6483 600
21 6483 7001
7460 6484 200
1383 6484 -1
1178 6484 1
40 6484 600
22 6484 7001
7627 6485 200
1656 6485 -1
1451 6485 2
41 6485 600
23 6485 7001
7812 6486 1
1929 6486 -1
1724 6486 1
42 6486 600
24 6486 7001
7997 6487 200
2202 6487 -1
1997 6487 2
43 6487 600
25 6487 7001
8182 6488 200
2475 6488 -1
2270 6488 2
44 6488 600
26 6488 7001
6835 6489 200
291 6489 -1
214 6489 4
36 6489 600
18 6489 7001
6982 6490 200
564 6490 -1
487 6490 4
37 6490 600
19 6490 7001
7138 6491 200
837 6491 -1
760 6491 4
38 6491 600
20 6491 7001
7299 6492 200
1110 6492 -1
1033 6492 4
39 6492 600
21 6492 7001
7461 6493 200
1383 6493 -1
1306 6493 4
40 6493 600
22 6493 7001
7628 6494 200
1656 6494 -1
1579 6494 4
41 6494 600
23 6494 7001
7998 6495 200
2202 6495 -1
2125 6495 4
43 6495 600
25 6495 7001
8183 6496 200
2475 6496 -1
2398 6496 4
44 6496 600
26 6496 7001
6983 6497 40
564 6497 -1
486 6497 1
7139 6498 40
837 6498 -1
759 6498 1
7300 6499 40
1110 6499 -1
1032 6499 1
7462 6500 40
1383 6500 -1
1305 6500 1
7629 6501 40
1656 6501 -1
1578 6501 1
7814 6502 40
1929 6502 -1
1851 6502 1
7999 6503 40
2202 6503 -1
2124 6503 1
8184 6504 40
2475 6504 -1
2397 6504 1
6836 6505 2
291 6505 -1
93 6505 1
36 6505 1749
18 6505 32241
6984 6506 2
564 6506 -1
366 6506 1
37 6506 1749
19 6506 32241
7140 6507 2
837 6507 -1
639 6507 1
38 6507 1749
20 6507 32241
7301 6508 2
1110 6508 -1
912 6508 1
39 6508 1749
21 6508 32241
7463 6509 2
1383 6509 -1
1185 6509 1
40 6509 1749
22 6509 32241
7630 6510 2
1656 6510 -1
1458 6510 1
41 6510 1749
23 6510 32241
7815 6511 2
1929 6511 -1
1731 6511 1
42 6511 1749
24 6511 32241
8000 6512 2
2202 6512 -1
2004 6512 1
43 6512 1749
25 6512 32241
8185 6513 2
2475 6513 -1
2277 6513 1
44 6513 1749
26 6513 32241
6837 6514 10
346 6514 1
291 6514 -1
6985 6515 10
619 6515 1
564 6515 -1
7141 6516 10
892 6516 1
837 6516 -1
7302 6517 10
1165 6517 1
1110 6517 -1
7464 6518 10
1438 6518 1
1383 6518 -1
7631 6519 10
1711 6519 1
1656 6519 -1
7816 6520 10
1984 6520 1
1929 6520 -1
8001 6521 10
2257 6521 1
2202 6521 -1
8186 6522 1
2530 6522 1
2475 6522 -1
8248 6523 -436256
8246 6523 -436387
8244 6523 -436256
6839 6523 1
251 6523 2500
8254 6524 -436256
8252 6524 -436387
8250 6524 -436256
6987 6524 10
524 6524 1
8260 6525 -436256
8258 6525 -436387
8256 6525 -436256
7143 6525 10
797 6525 1
8266 6526 -436256
8264 6526 -436387
8262 6526 -436256
7304 6526 10
1070 6526 1
8272 6527 -436256
8270 6527 -436387
8268 6527 -436256
7466 6527 10
1343 6527 1
8278 6528 -436256
8276 6528 -436387
8274 6528 -436256
7633 6528 10
1616 6528 1
8284 6529 -436256
8282 6529 -436387
8280 6529 -436256
7818 6529 10
1889 6529 1
8290 6530 -436256
8288 6530 -436387
8286 6530 -436256
8003 6530 10
2162 6530 1
8296 6531 -436256
8294 6531 -436387
8292 6531 -436256
8188 6531 10
2435 6531 1
7307 6532 10
1085 6532 10000
1027 6532 -1533000
39 6532 157
21 6532 36701
3 6532 76280
8304 6533 -19000
8303 6533 -19000
8264 6533 -2375
8263 6533 -3960
8266 6533 -2375
8265 6533 -3958
8262 6533 -2375
8261 6533 -3958
7308 6533 20
65 6533 -1761000
1085 6533 10000
39 6533 104025
21 6533 471580
6845 6534 10
56 6534 -2984000
250 6534 1000
36 6534 148800
18 6534 674560
0 6534 153600
6993 6535 10
59 6535 -2554000
523 6535 1000
37 6535 148800
19 6535 674560
1 6535 153600
7639 6536 10
71 6536 -2554000
1615 6536 1000
41 6536 148800
23 6536 674560
5 6536 153600
8298 6537 -41600
8297 6537 -41600
8246 6537 -5200
8245 6537 -8669
8248 6537 -5200
8247 6537 -8665
8244 6537 -5200
8243 6537 -8665
6846 6537 10
54 6537 -313
250 6537 1000
208 6537 -504000
36 6537 224930
18 6537 116600
0 6537 36100
8300 6538 -41600
8299 6538 -41600
8252 6538 -5200
8251 6538 -8669
8254 6538 -5200
8253 6538 -8665
8250 6538 -5200
8249 6538 -8665
6994 6538 10
57 6538 -313
523 6538 1000
481 6538 -504000
37 6538 224930
19 6538 116600
1 6538 36100
8302 6539 -41600
8301 6539 -41600
8258 6539 -5200
8257 6539 -8669
8260 6539 -5200
8259 6539 -8665
8256 6539 -5200
8255 6539 -8665
7150 6539 10
60 6539 -313
796 6539 1000
754 6539 -504000
38 6539 224930
20 6539 116600
2 6539 36100
8304 6540 -41600
8303 6540 -41600
8264 6540 -5200
8263 6540 -8669
8266 6540 -5200
8265 6540 -8665
8262 6540 -5200
8261 6540 -8665
7311 6540 10
63 6540 -313
1069 6540 1000
1027 6540 -504000
39 6540 224930
21 6540 116600
3 6540 36100
8306 6541 -41600
8305 6541 -41600
8270 6541 -5200
8269 6541 -8669
8272 6541 -5200
8271 6541 -8665
8268 6541 -5200
8267 6541 -8665
7473 6541 10
66 6541 -313
1342 6541 1000
1300 6541 -504000
40 6541 224930
22 6541 116600
4 6541 36100
8308 6542 -41600
8307 6542 -41600
8276 6542 -5200
8275 6542 -8669
8278 6542 -5200
8277 6542 -8665
8274 6542 -5200
8273 6542 -8665
7640 6542 10
69 6542 -313
1615 6542 1000
1573 6542 -504000
41 6542 224930
23 6542 116600
5 6542 36100
8310 6543 -41600
8309 6543 -41600
8282 6543 -5200
8281 6543 -8669
8284 6543 -5200
8283 6543 -8665
8280 6543 -5200
8279 6543 -8665
7825 6543 10
72 6543 -313
1888 6543 1000
1846 6543 -504000
42 6543 224930
24 6543 116600
6 6543 36100
8312 6544 -41600
8311 6544 -41600
8288 6544 -5200
8287 6544 -8669
8290 6544 -5200
8289 6544 -8665
8286 6544 -5200
8285 6544 -8665
8010 6544 10
75 6544 -313
2161 6544 1000
2119 6544 -504000
43 6544 224930
25 6544 116600
7 6544 36100
8314 6545 -41600
8313 6545 -41600
8294 6545 -5200
8293 6545 -8669
8296 6545 -5200
8295 6545 -8665
8292 6545 -5200
8291 6545 -8665
8195 6545 10
78 6545 -313
2434 6545 1000
2392 6545 -504000
44 6545 224930
26 6545 116600
8 6545 36100
8314 6546 -472000
8313 6546 -472000
8294 6546 -59000
8293 6546 -98365
8296 6546 -59000
8295 6546 -98318
8292 6546 -59000
8291 6546 -98318
8196 6546 10
2438 6546 1
2392 6546 -1581000
44 6546 150
26 6546 34956
8 6546 28736
6851 6547 1
250 6547 -69
249 6547 1
234 6547 -93100
6999 6548 1
523 6548 -69
522 6548 1
507 6548 -93100
7155 6549 1
796 6549 -69
795 6549 1
780 6549 -93100
7316 6550 1
1069 6550 -69
1068 6550 1
1053 6550 -93100
7478 6551 1
1342 6551 -69
1341 6551 1
1326 6551 -93100
7645 6552 1
1615 6552 -69
1614 6552 1
1599 6552 -93100
7830 6553 1
1888 6553 -69
1887 6553 1
1872 6553 -93100
8015 6554 1
2161 6554 -69
2160 6554 1
2145 6554 -93100
8200 6555 1
2434 6555 -69
2433 6555 1
2418 6555 -93100
8266 6556 -554611
8264 6556 -554778
8262 6556 -554611
7317 6556 10
1073 6556 1
8272 6557 -554611
8270 6557 -554778
8268 6557 -554611
7479 6557 10
1346 6557 1
8278 6558 -554611
8276 6558 -554778
8274 6558 -554611
7646 6558 10
1619 6558 200
8290 6559 -554611
8288 6559 -554778
8286 6559 -554611
8016 6559 10
2165 6559 1
8296 6560 -554611
8294 6560 -554778
8292 6560 -554611
8201 6560 1
2438 6560 1
9749 6561 1
9740 6561 -125
6854 6561 100
341 6561 1
339 6561 -125
9750 6562 1
9741 6562 -125
7002 6562 100
614 6562 1
612 6562 -125
9751 6563 1
9742 6563 -125
7158 6563 100
887 6563 1
885 6563 -125
9752 6564 1
9743 6564 -125
7319 6564 100
1160 6564 1
1158 6564 -125
9753 6565 1
9744 6565 -125
7481 6565 100
1433 6565 1
1431 6565 -125
9754 6566 1
9745 6566 -125
7648 6566 100
1706 6566 1
1704 6566 -125
9755 6567 1
9746 6567 -125
7833 6567 100
1979 6567 1
1977 6567 -125
9756 6568 1
9747 6568 -125
8018 6568 100
2252 6568 1
2250 6568 -125
9757 6569 1
9748 6569 -125
8203 6569 100
2525 6569 1
2523 6569 -125
8298 6570 -8000
8297 6570 -8000
8246 6570 -1000
8245 6570 -1667
8248 6570 -1000
8247 6570 -1666
8244 6570 -1000
8243 6570 -1666
6856 6570 5
266 6570 -1317
234 6570 100000
94 6570 1413
18 6570 55900
0 6570 15660
8298 6571 -1080
8297 6571 -1080
8246 6571 -135
8245 6571 -225
8248 6571 -135
8247 6571 -225
8244 6571 -135
8243 6571 -225
6860 6571 1
135 6571 2500
134 6571 -100000
0 6571 68820
8300 6572 -1080
8299 6572 -1080
8252 6572 -135
8251 6572 -225
8254 6572 -135
8253 6572 -225
8250 6572 -135
8249 6572 -225
7008 6572 1
408 6572 5000
407 6572 -12500
1 6572 68820
8302 6573 -1080
8301 6573 -1080
8258 6573 -135
8257 6573 -225
8260 6573 -135
8259 6573 -225
8256 6573 -135
8255 6573 -225
7164 6573 1
681 6573 5000
680 6573 -25000
2 6573 68820
8304 6574 -1080
8303 6574 -1080
8264 6574 -135
8263 6574 -225
8266 6574 -135
8265 6574 -225
8262 6574 -135
8261 6574 -225
7325 6574 1
954 6574 5000
953 6574 -12500
3 6574 68820
8306 6575 -1080
8305 6575 -1080
8270 6575 -135
8269 6575 -225
8272 6575 -135
8271 6575 -225
8268 6575 -135
8267 6575 -225
7487 6575 1
1227 6575 5000
1226 6575 -25000
4 6575 68820
8308 6576 -1080
8307 6576 -1080
8276 6576 -135
8275 6576 -225
8278 6576 -135
8277 6576 -225
8274 6576 -135
8273 6576 -225
7654 6576 1
1500 6576 5000
1499 6576 -12500
5 6576 68820
8310 6577 -1080
8309 6577 -1080
8282 6577 -135
8281 6577 -225
8284 6577 -135
8283 6577 -225
8280 6577 -135
8279 6577 -225
7839 6577 1
1773 6577 5000
1772 6577 -12500
6 6577 68820
8312 6578 -1080
8311 6578 -1080
8288 6578 -135
8287 6578 -225
8290 6578 -135
8289 6578 -225
8286 6578 -135
8285 6578 -225
8024 6578 1
2046 6578 5000
2045 6578 -12500
7 6578 68820
8314 6579 -1080
8313 6579 -1080
8294 6579 -135
8293 6579 -225
8296 6579 -135
8295 6579 -225
8292 6579 -135
8291 6579 -225
8209 6579 1
2319 6579 5000
2318 6579 -12500
8 6579 68820
8298 6580 -1080
8297 6580 -1080
8246 6580 -135
8245 6580 -225
8248 6580 -135
8247 6580 -225
8244 6580 -135
8243 6580 -225
6861 6580 1
115 6580 2500
114 6580 -100000
0 6580 74000
8302 6581 -1080
8301 6581 -1080
8258 6581 -135
8257 6581 -225
8260 6581 -135
8259 6581 -225
8256 6581 -135
8255 6581 -225
7165 6581 1
661 6581 1
660 6581 -100000
2 6581 74000
8306 6582 -1080
8305 6582 -1080
8270 6582 -135
8269 6582 -225
8272 6582 -135
8271 6582 -225
8268 6582 -135
8267 6582 -225
7488 6582 1
1207 6582 1
1206 6582 -100000
4 6582 74000
8310 6583 -1080
8309 6583 -1080
8282 6583 -135
8281 6583 -225
8284 6583 -135
8283 6583 -225
8280 6583 -135
8279 6583 -225
7840 6583 1
1753 6583 1
1752 6583 -100000
6 6583 74000
8314 6584 -1080
8313 6584 -1080
8294 6584 -135
8293 6584 -225
8296 6584 -135
8295 6584 -225
8292 6584 -135
8291 6584 -225
8210 6584 1
2299 6584 1
2298 6584 -100000
8 6584 74000
8304 6585 -27000
8303 6585 -27000
8264 6585 -3375
8263 6585 -5627
8266 6585 -3375
8265 6585 -5624
8262 6585 -3375
8261 6585 -5624
7327 6585 1
1027 6585 -1000000
920 6585 1
3 6585 49460
8306 6586 -27000
8305 6586 -27000
8270 6586 -3375
8269 6586 -5627
8272 6586 -3375
8271 6586 -5624
8268 6586 -3375
8267 6586 -5624
7489 6586 1
1300 6586 -1000000
1193 6586 1
4 6586 49460
8310 6587 -27000
8309 6587 -27000
8282 6587 -3375
8281 6587 -5627
8284 6587 -3375
8283 6587 -5624
8280 6587 -3375
8279 6587 -5624
7841 6587 1
1846 6587 -1000000
1739 6587 1
6 6587 49460
8298 6588 -1080
8297 6588 -1080
8246 6588 -135
8245 6588 -225
8248 6588 -135
8247 6588 -225
8244 6588 -135
8243 6588 -225
6863 6588 1
185 6588 1
183 6588 -100000
0 6588 49460
8300 6589 -1080
8299 6589 -1080
8252 6589 -135
8251 6589 -225
8254 6589 -135
8253 6589 -225
8250 6589 -135
8249 6589 -225
7012 6589 1
534 6589 -1
528 6589 1
8302 6590 -1080
8301 6590 -1080
8258 6590 -135
8257 6590 -225
8260 6590 -135
8259 6590 -225
8256 6590 -135
8255 6590 -225
7168 6590 1
807 6590 -1
801 6590 500
8306 6591 -1080
8305 6591 -1080
8270 6591 -135
8269 6591 -225
8272 6591 -135
8271 6591 -225
8268 6591 -135
8267 6591 -225
7491 6591 1
1353 6591 -1
1347 6591 1
8310 6592 -1080
8309 6592 -1080
8282 6592 -135
8281 6592 -225
8284 6592 -135
8283 6592 -225
8280 6592 -135
8279 6592 -225
7843 6592 1
1899 6592 -1
1893 6592 500
8312 6593 -1080
8311 6593 -1080
8288 6593 -135
8287 6593 -225
8290 6593 -135
8289 6593 -225
8286 6593 -135
8285 6593 -225
8028 6593 1
2172 6593 -1
2166 6593 500
8300 6594 -1080
8299 6594 -1080
8252 6594 -135
8251 6594 -225
8254 6594 -135
8253 6594 -225
8250 6594 -135
8249 6594 -225
7013 6594 1
522 6594 -1
520 6594 1000
1 6594 61940
8302 6595 -1080
8301 6595 -1080
8258 6595 -135
8257 6595 -225
8260 6595 -135
8259 6595 -225
8256 6595 -135
8255 6595 -225
7169 6595 1
795 6595 -1
793 6595 1000
2 6595 61940
8304 6596 -1080
8303 6596 -1080
8264 6596 -135
8263 6596 -225
8266 6596 -135
8265 6596 -225
8262 6596 -135
8261 6596 -225
7330 6596 1
1068 6596 -1
1066 6596 1000
3 6596 61940
8306 6597 -1080
8305 6597 -1080
8270 6597 -135
8269 6597 -225
8272 6597 -135
8271 6597 -225
8268 6597 -135
8267 6597 -225
7492 6597 1
1341 6597 -1
1339 6597 1000
4 6597 61940
8308 6598 -1080
8307 6598 -1080
8276 6598 -135
8275 6598 -225
8278 6598 -135
8277 6598 -225
8274 6598 -135
8273 6598 -225
7659 6598 1
1614 6598 -1
1612 6598 1000
5 6598 61940
8310 6599 -1080
8309 6599 -1080
8282 6599 -135
8281 6599 -225
8284 6599 -135
8283 6599 -225
8280 6599 -135
8279 6599 -225
7844 6599 1
1887 6599 -1
1885 6599 1000
6 6599 61940
8312 6600 -1080
8311 6600 -1080
8288 6600 -135
8287 6600 -225
8290 6600 -135
8289 6600 -225
8286 6600 -135
8285 6600 -225
8029 6600 1
2160 6600 -1
2158 6600 1000
7 6600 61940
8314 6601 -1080
8313 6601 -1080
8294 6601 -135
8293 6601 -225
8296 6601 -135
8295 6601 -225
8292 6601 -135
8291 6601 -225
8214 6601 1
2433 6601 -1
2431 6601 1000
8 6601 61940
8312 6602 -1080
8311 6602 -1080
8288 6602 -135
8287 6602 -225
8290 6602 -135
8289 6602 -225
8286 6602 -135
8285 6602 -225
8030 6602 1
2161 6602 -1000
2159 6602 1
8314 6603 -1080
8313 6603 -1080
8294 6603 -135
8293 6603 -225
8296 6603 -135
8295 6603 -225
8292 6603 -135
8291 6603 -225
8215 6603 1
2434 6603 -1000
2432 6603 10000
8298 6604 -1080
8297 6604 -1080
8246 6604 -135
8245 6604 -225
8248 6604 -135
8247 6604 -225
8244 6604 -135
8243 6604 -225
6866 6604 1
136 6604 10000
134 6604 -100000
0 6604 68820
8300 6605 -1080
8299 6605 -1080
8252 6605 -135
8251 6605 -225
8254 6605 -135
8253 6605 -225
8250 6605 -135
8249 6605 -225
7015 6605 1
409 6605 5000
407 6605 -12500
1 6605 68820
8302 6606 -1080
8301 6606 -1080
8258 6606 -135
8257 6606 -225
8260 6606 -135
8259 6606 -225
8256 6606 -135
8255 6606 -225
7171 6606 1
682 6606 5000
680 6606 -25000
2 6606 68820
8304 6607 -1080
8303 6607 -1080
8264 6607 -135
8263 6607 -225
8266 6607 -135
8265 6607 -225
8262 6607 -135
8261 6607 -225
7332 6607 1
955 6607 5000
953 6607 -12500
3 6607 68820
8306 6608 -1080
8305 6608 -1080
8270 6608 -135
8269 6608 -225
8272 6608 -135
8271 6608 -225
8268 6608 -135
8267 6608 -225
7494 6608 1
1228 6608 5000
1226 6608 -25000
4 6608 68820
8308 6609 -1080
8307 6609 -1080
8276 6609 -135
8275 6609 -225
8278 6609 -135
8277 6609 -225
8274 6609 -135
8273 6609 -225
7661 6609 1
1501 6609 5000
1499 6609 -12500
5 6609 68820
8310 6610 -1080
8309 6610 -1080
8282 6610 -135
8281 6610 -225
8284 6610 -135
8283 6610 -225
8280 6610 -135
8279 6610 -225
7846 6610 1
1774 6610 5000
1772 6610 -12500
6 6610 68820
8312 6611 -1080
8311 6611 -1080
8288 6611 -135
8287 6611 -225
8290 6611 -135
8289 6611 -225
8286 6611 -135
8285 6611 -225
8031 6611 1
2047 6611 5000
2045 6611 -12500
7 6611 68820
8298 6612 -1080
8297 6612 -1080
8246 6612 -135
8245 6612 -225
8248 6612 -135
8247 6612 -225
8244 6612 -135
8243 6612 -225
6867 6612 1
116 6612 1
114 6612 -100000
0 6612 74000
8302 6613 -1080
8301 6613 -1080
8258 6613 -135
8257 6613 -225
8260 6613 -135
8259 6613 -225
8256 6613 -135
8255 6613 -225
7172 6613 1
662 6613 2500
660 6613 -100000
2 6613 74000
8308 6614 -1080
8307 6614 -1080
8276 6614 -135
8275 6614 -225
8278 6614 -135
8277 6614 -225
8274 6614 -135
8273 6614 -225
7662 6614 1
1481 6614 1
1479 6614 -100000
5 6614 74000
8310 6615 -1080
8309 6615 -1080
8282 6615 -135
8281 6615 -225
8284 6615 -135
8283 6615 -225
8280 6615 -135
8279 6615 -225
7847 6615 1
1754 6615 2500
1752 6615 -100000
6 6615 74000
8312 6616 -1080
8311 6616 -1080
8288 6616 -135
8287 6616 -225
8290 6616 -135
8289 6616 -225
8286 6616 -135
8285 6616 -225
8032 6616 1
2027 6616 2500
2025 6616 -100000
7 6616 74000
8314 6617 -1080
8313 6617 -1080
8294 6617 -135
8293 6617 -225
8296 6617 -135
8295 6617 -225
8292 6617 -135
8291 6617 -225
8217 6617 1
2300 6617 2500
2298 6617 -100000
8 6617 74000
8304 6618 -27000
8303 6618 -27000
8264 6618 -3375
8263 6618 -5627
8266 6618 -3375
8265 6618 -5624
8262 6618 -3375
8261 6618 -5624
7334 6618 1
1027 6618 -1000000
921 6618 1
3 6618 49460
8314 6619 -27000
8313 6619 -27000
8294 6619 -3375
8293 6619 -5627
8296 6619 -3375
8295 6619 -5624
8292 6619 -3375
8291 6619 -5624
8218 6619 1
2392 6619 -1000000
2286 6619 1
8 6619 49460
8314 6620 -1080
8313 6620 -1080
8294 6620 -135
8293 6620 -225
8296 6620 -135
8295 6620 -225
8292 6620 -135
8291 6620 -225
8219 6620 1
2370 6620 1
2367 6620 -100000
8 6620 49460
8304 6621 -1080
8303 6621 -1080
8264 6621 -135
8263 6621 -225
8266 6621 -135
8265 6621 -225
8262 6621 -135
8261 6621 -225
7336 6621 1
1080 6621 -1
1075 6621 625
8308 6622 -1080
8307 6622 -1080
8276 6622 -135
8275 6622 -225
8278 6622 -135
8277 6622 -225
8274 6622 -135
8273 6622 -225
7665 6622 1
1626 6622 -1
1621 6622 625
8302 6623 -1080
8301 6623 -1080
8258 6623 -135
8257 6623 -225
8260 6623 -135
8259 6623 -225
8256 6623 -135
8255 6623 -225
7176 6623 1
812 6623 -1
809 6623 10000
8304 6624 -1080
8303 6624 -1080
8264 6624 -135
8263 6624 -225
8266 6624 -135
8265 6624 -225
8262 6624 -135
8261 6624 -225
7337 6624 1
1085 6624 -10000
1082 6624 10000
8306 6625 -1080
8305 6625 -1080
8270 6625 -135
8269 6625 -225
8272 6625 -135
8271 6625 -225
8268 6625 -135
8267 6625 -225
7499 6625 1
1358 6625 -10000
1355 6625 10000
8308 6626 -1080
8307 6626 -1080
8276 6626 -135
8275 6626 -225
8278 6626 -135
8277 6626 -225
8274 6626 -135
8273 6626 -225
7666 6626 1
1631 6626 -1
1628 6626 10000
8310 6627 -1080
8309 6627 -1080
8282 6627 -135
8281 6627 -225
8284 6627 -135
8283 6627 -225
8280 6627 -135
8279 6627 -225
7851 6627 1
1904 6627 -1
1901 6627 10000
8312 6628 -1080
8311 6628 -1080
8288 6628 -135
8287 6628 -225
8290 6628 -135
8289 6628 -225
8286 6628 -135
8285 6628 -225
8036 6628 1
2177 6628 -1
2174 6628 10000
8314 6629 -1080
8313 6629 -1080
8294 6629 -135
8293 6629 -225
8296 6629 -135
8295 6629 -225
8292 6629 -135
8291 6629 -225
8221 6629 1
2450 6629 -10000
2447 6629 10000
8302 6630 -1080
8301 6630 -1080
8258 6630 -135
8257 6630 -225
8260 6630 -135
8259 6630 -225
8256 6630 -135
8255 6630 -225
7177 6630 1
808 6630 -5000
804 6630 10000
8304 6631 -1080
8303 6631 -1080
8264 6631 -135
8263 6631 -225
8266 6631 -135
8265 6631 -225
8262 6631 -135
8261 6631 -225
7338 6631 1
1081 6631 -5000
1077 6631 10000
8306 6632 -1080
8305 6632 -1080
8270 6632 -135
8269 6632 -225
8272 6632 -135
8271 6632 -225
8268 6632 -135
8267 6632 -225
7500 6632 1
1354 6632 -5000
1350 6632 10000
8308 6633 -1080
8307 6633 -1080
8276 6633 -135
8275 6633 -225
8278 6633 -135
8277 6633 -225
8274 6633 -135
8273 6633 -225
7667 6633 1
1627 6633 -5000
1623 6633 10000
8310 6634 -1080
8309 6634 -1080
8282 6634 -135
8281 6634 -225
8284 6634 -135
8283 6634 -225
8280 6634 -135
8279 6634 -225
7852 6634 1
1900 6634 -5000
1896 6634 10000
8312 6635 -1080
8311 6635 -1080
8288 6635 -135
8287 6635 -225
8290 6635 -135
8289 6635 -225
8286 6635 -135
8285 6635 -225
8037 6635 1
2173 6635 -5000
2169 6635 10000
8314 6636 -1080
8313 6636 -1080
8294 6636 -135
8293 6636 -225
8296 6636 -135
8295 6636 -225
8292 6636 -135
8291 6636 -225
8222 6636 1
2446 6636 -5000
2442 6636 10000
8298 6637 -1080
8297 6637 -1080
8246 6637 -135
8245 6637 -225
8248 6637 -135
8247 6637 -225
8244 6637 -135
8243 6637 -225
6870 6637 1
137 6637 10000
134 6637 -100000
0 6637 68820
8300 6638 -1080
8299 6638 -1080
8252 6638 -135
8251 6638 -225
8254 6638 -135
8253 6638 -225
8250 6638 -135
8249 6638 -225
7021 6638 1
410 6638 10000
407 6638 -12500
1 6638 68820
8302 6639 -1080
8301 6639 -1080
8258 6639 -135
8257 6639 -225
8260 6639 -135
8259 6639 -225
8256 6639 -135
8255 6639 -225
7178 6639 1
683 6639 10000
680 6639 -25000
2 6639 68820
8304 6640 -1080
8303 6640 -1080
8264 6640 -135
8263 6640 -225
8266 6640 -135
8265 6640 -225
8262 6640 -135
8261 6640 -225
7339 6640 1
956 6640 10000
953 6640 -12500
3 6640 68820
8306 6641 -1080
8305 6641 -1080
8270 6641 -135
8269 6641 -225
8272 6641 -135
8271 6641 -225
8268 6641 -135
8267 6641 -225
7501 6641 1
1229 6641 10000
1226 6641 -25000
4 6641 68820
8308 6642 -1080
8307 6642 -1080
8276 6642 -135
8275 6642 -225
8278 6642 -135
8277 6642 -225
8274 6642 -135
8273 6642 -225
7668 6642 1
1502 6642 10000
1499 6642 -12500
5 6642 68820
8310 6643 -1080
8309 6643 -1080
8282 6643 -135
8281 6643 -225
8284 6643 -135
8283 6643 -225
8280 6643 -135
8279 6643 -225
7853 6643 1
1775 6643 10000
1772 6643 -12500
6 6643 68820
8312 6644 -1080
8311 6644 -1080
8288 6644 -135
8287 6644 -225
8290 6644 -135
8289 6644 -225
8286 6644 -135
8285 6644 -225
8038 6644 1
2048 6644 10000
2045 6644 -12500
7 6644 68820
8314 6645 -1080
8313 6645 -1080
8294 6645 -135
8293 6645 -225
8296 6645 -135
8295 6645 -225
8292 6645 -135
8291 6645 -225
8223 6645 1
2321 6645 10000
2318 6645 -12500
8 6645 68820
8298 6646 -1080
8297 6646 -1080
8246 6646 -135
8245 6646 -225
8248 6646 -135
8247 6646 -225
8244 6646 -135
8243 6646 -225
6871 6646 1
117 6646 1
114 6646 -100000
0 6646 74000
8300 6647 -1080
8299 6647 -1080
8252 6647 -135
8251 6647 -225
8254 6647 -135
8253 6647 -225
8250 6647 -135
8249 6647 -225
7022 6647 1
390 6647 1
387 6647 -100000
1 6647 74000
8304 6648 -1080
8303 6648 -1080
8264 6648 -135
8263 6648 -225
8266 6648 -135
8265 6648 -225
8262 6648 -135
8261 6648 -225
7340 6648 1
936 6648 1
933 6648 -100000
3 6648 74000
8306 6649 -1080
8305 6649 -1080
8270 6649 -135
8269 6649 -225
8272 6649 -135
8271 6649 -225
8268 6649 -135
8267 6649 -225
7502 6649 1
1209 6649 1250
1206 6649 -100000
4 6649 74000
8308 6650 -1080
8307 6650 -1080
8276 6650 -135
8275 6650 -225
8278 6650 -135
8277 6650 -225
8274 6650 -135
8273 6650 -225
7669 6650 1
1482 6650 1
1479 6650 -100000
5 6650 74000
8310 6651 -1080
8309 6651 -1080
8282 6651 -135
8281 6651 -225
8284 6651 -135
8283 6651 -225
8280 6651 -135
8279 6651 -225
7854 6651 1
1755 6651 1250
1752 6651 -100000
6 6651 74000
8312 6652 -1080
8311 6652 -1080
8288 6652 -135
8287 6652 -225
8290 6652 -135
8289 6652 -225
8286 6652 -135
8285 6652 -225
8039 6652 1
2028 6652 1250
2025 6652 -100000
7 6652 74000
8314 6653 -1080
8313 6653 -1080
8294 6653 -135
8293 6653 -225
8296 6653 -135
8295 6653 -225
8292 6653 -135
8291 6653 -225
8224 6653 1
2301 6653 1250
2298 6653 -100000
8 6653 74000
8298 6654 -1080
8297 6654 -1080
8246 6654 -135
8245 6654 -225
8248 6654 -135
8247 6654 -225
8244 6654 -135
8243 6654 -225
6872 6654 1
187 6654 1
183 6654 -100000
0 6654 49460
8302 6655 -1080
8301 6655 -1080
8258 6655 -135
8257 6655 -225
8260 6655 -135
8259 6655 -225
8256 6655 -135
8255 6655 -225
7180 6655 1
733 6655 1
729 6655 -100000
2 6655 49460
8306 6656 -1080
8305 6656 -1080
8270 6656 -135
8269 6656 -225
8272 6656 -135
8271 6656 -225
8268 6656 -135
8267 6656 -225
7503 6656 1
1279 6656 10000
1275 6656 -100000
4 6656 49460
8310 6657 -1080
8309 6657 -1080
8282 6657 -135
8281 6657 -225
8284 6657 -135
8283 6657 -225
8280 6657 -135
8279 6657 -225
7855 6657 1
1825 6657 1
1821 6657 -100000
6 6657 49460
8312 6658 -1080
8311 6658 -1080
8288 6658 -135
8287 6658 -225
8290 6658 -135
8289 6658 -225
8286 6658 -135
8285 6658 -225
8040 6658 1
2098 6658 10000
2094 6658 -100000
7 6658 49460
8314 6659 -1080
8313 6659 -1080
8294 6659 -135
8293 6659 -225
8296 6659 -135
8295 6659 -225
8292 6659 -135
8291 6659 -225
8225 6659 1
2371 6659 1
2367 6659 -100000
8 6659 49460
8298 6660 -27000
8297 6660 -27000
8246 6660 -3375
8245 6660 -5627
8248 6660 -3375
8247 6660 -5624
8244 6660 -3375
8243 6660 -5624
6873 6660 1
208 6660 -1000000
103 6660 10000
0 6660 49460
8300 6661 -27000
8299 6661 -27000
8252 6661 -3375
8251 6661 -5627
8254 6661 -3375
8253 6661 -5624
8250 6661 -3375
8249 6661 -5624
7024 6661 1
481 6661 -1000000
376 6661 1000
1 6661 49460
8302 6662 -27000
8301 6662 -27000
8258 6662 -3375
8257 6662 -5627
8260 6662 -3375
8259 6662 -5624
8256 6662 -3375
8255 6662 -5624
7181 6662 1
754 6662 -1000000
649 6662 1
2 6662 49460
8304 6663 -27000
8303 6663 -27000
8264 6663 -3375
8263 6663 -5627
8266 6663 -3375
8265 6663 -5624
8262 6663 -3375
8261 6663 -5624
7342 6663 1
1027 6663 -1000000
922 6663 1000
3 6663 49460
8306 6664 -27000
8305 6664 -27000
8270 6664 -3375
8269 6664 -5627
8272 6664 -3375
8271 6664 -5624
8268 6664 -3375
8267 6664 -5624
7504 6664 1
1300 6664 -1000000
1195 6664 1000
4 6664 49460
8308 6665 -27000
8307 6665 -27000
8276 6665 -3375
8275 6665 -5627
8278 6665 -3375
8277 6665 -5624
8274 6665 -3375
8273 6665 -5624
7671 6665 1
1573 6665 -1000000
1468 6665 1
5 6665 49460
8310 6666 -27000
8309 6666 -27000
8282 6666 -3375
8281 6666 -5627
8284 6666 -3375
8283 6666 -5624
8280 6666 -3375
8279 6666 -5624
7856 6666 1
1846 6666 -1000000
1741 6666 1000
6 6666 49460
8312 6667 -27000
8311 6667 -27000
8288 6667 -3375
8287 6667 -5627
8290 6667 -3375
8289 6667 -5624
8286 6667 -3375
8285 6667 -5624
8041 6667 1
2119 6667 -1000000
2014 6667 1000
7 6667 49460
8314 6668 -27000
8313 6668 -27000
8294 6668 -3375
8293 6668 -5627
8296 6668 -3375
8295 6668 -5624
8292 6668 -3375
8291 6668 -5624
8226 6668 1
2392 6668 -1000000
2287 6668 1
8 6668 49460
8300 6669 -1080
8299 6669 -1080
8252 6669 -135
8251 6669 -225
8254 6669 -135
8253 6669 -225
8250 6669 -135
8249 6669 -225
7025 6669 1
539 6669 -10000
537 6669 10000
8302 6670 -1080
8301 6670 -1080
8258 6670 -135
8257 6670 -225
8260 6670 -135
8259 6670 -225
8256 6670 -135
8255 6670 -225
7182 6670 1
812 6670 -1
810 6670 10000
8304 6671 -1080
8303 6671 -1080
8264 6671 -135
8263 6671 -225
8266 6671 -135
8265 6671 -225
8262 6671 -135
8261 6671 -225
7343 6671 1
1085 6671 -10000
1083 6671 1
8306 6672 -1080
8305 6672 -1080
8270 6672 -135
8269 6672 -225
8272 6672 -135
8271 6672 -225
8268 6672 -135
8267 6672 -225
7505 6672 1
1358 6672 -10000
1356 6672 10000
8314 6673 -1080
8313 6673 -1080
8294 6673 -135
8293 6673 -225
8296 6673 -135
8295 6673 -225
8292 6673 -135
8291 6673 -225
8227 6673 1
2450 6673 -10000
2448 6673 10000
8302 6674 -1080
8301 6674 -1080
8258 6674 -135
8257 6674 -225
8260 6674 -135
8259 6674 -225
8256 6674 -135
8255 6674 -225
7183 6674 1
808 6674 -5000
805 6674 1250
8304 6675 -1080
8303 6675 -1080
8264 6675 -135
8263 6675 -225
8266 6675 -135
8265 6675 -225
8262 6675 -135
8261 6675 -225
7344 6675 1
1081 6675 -5000
1078 6675 1250
8306 6676 -1080
8305 6676 -1080
8270 6676 -135
8269 6676 -225
8272 6676 -135
8271 6676 -225
8268 6676 -135
8267 6676 -225
7506 6676 1
1354 6676 -5000
1351 6676 1250
8308 6677 -1080
8307 6677 -1080
8276 6677 -135
8275 6677 -225
8278 6677 -135
8277 6677 -225
8274 6677 -135
8273 6677 -225
7673 6677 1
1627 6677 -5000
1624 6677 1250
8310 6678 -1080
8309 6678 -1080
8282 6678 -135
8281 6678 -225
8284 6678 -135
8283 6678 -225
8280 6678 -135
8279 6678 -225
7858 6678 1
1900 6678 -5000
1897 6678 1250
8312 6679 -1080
8311 6679 -1080
8288 6679 -135
8287 6679 -225
8290 6679 -135
8289 6679 -225
8286 6679 -135
8285 6679 -225
8043 6679 1
2173 6679 -5000
2170 6679 1250
8314 6680 -1080
8313 6680 -1080
8294 6680 -135
8293 6680 -225
8296 6680 -135
8295 6680 -225
8292 6680 -135
8291 6680 -225
8228 6680 1
2446 6680 -5000
2443 6680 1250
8298 6681 -1080
8297 6681 -1080
8246 6681 -135
8245 6681 -225
8248 6681 -135
8247 6681 -225
8244 6681 -135
8243 6681 -225
6874 6681 1
118 6681 10000
114 6681 -100000
0 6681 74000
8300 6682 -1080
8299 6682 -1080
8252 6682 -135
8251 6682 -225
8254 6682 -135
8253 6682 -225
8250 6682 -135
8249 6682 -225
7026 6682 1
391 6682 10000
387 6682 -100000
1 6682 74000
8302 6683 -1080
8301 6683 -1080
8258 6683 -135
8257 6683 -225
8260 6683 -135
8259 6683 -225
8256 6683 -135
8255 6683 -225
7184 6683 1
664 6683 10000
660 6683 -100000
2 6683 74000
8304 6684 -1080
8303 6684 -1080
8264 6684 -135
8263 6684 -225
8266 6684 -135
8265 6684 -225
8262 6684 -135
8261 6684 -225
7345 6684 1
937 6684 10000
933 6684 -100000
3 6684 74000
8306 6685 -1080
8305 6685 -1080
8270 6685 -135
8269 6685 -225
8272 6685 -135
8271 6685 -225
8268 6685 -135
8267 6685 -225
7507 6685 1
1210 6685 10000
1206 6685 -100000
4 6685 74000
8308 6686 -1080
8307 6686 -1080
8276 6686 -135
8275 6686 -225
8278 6686 -135
8277 6686 -225
8274 6686 -135
8273 6686 -225
7674 6686 1
1483 6686 10000
1479 6686 -100000
5 6686 74000
8310 6687 -1080
8309 6687 -1080
8282 6687 -135
8281 6687 -225
8284 6687 -135
8283 6687 -225
8280 6687 -135
8279 6687 -225
7859 6687 1
1756 6687 10000
1752 6687 -100000
6 6687 74000
8312 6688 -1080
8311 6688 -1080
8288 6688 -135
8287 6688 -225
8290 6688 -135
8289 6688 -225
8286 6688 -135
8285 6688 -225
8044 6688 1
2029 6688 10000
2025 6688 -100000
7 6688 74000
8314 6689 -1080
8313 6689 -1080
8294 6689 -135
8293 6689 -225
8296 6689 -135
8295 6689 -225
8292 6689 -135
8291 6689 -225
8229 6689 1
2302 6689 10000
2298 6689 -100000
8 6689 74000
8304 6690 -1080
8303 6690 -1080
8264 6690 -135
8263 6690 -225
8266 6690 -135
8265 6690 -225
8262 6690 -135
8261 6690 -225
7346 6690 1
1007 6690 10000
1002 6690 -100000
3 6690 49460
8306 6691 -1080
8305 6691 -1080
8270 6691 -135
8269 6691 -225
8272 6691 -135
8271 6691 -225
8268 6691 -135
8267 6691 -225
7508 6691 1
1280 6691 10000
1275 6691 -100000
4 6691 49460
8308 6692 -1080
8307 6692 -1080
8276 6692 -135
8275 6692 -225
8278 6692 -135
8277 6692 -225
8274 6692 -135
8273 6692 -225
7675 6692 1
1553 6692 5000
1548 6692 -100000
5 6692 49460
8310 6693 -1080
8309 6693 -1080
8282 6693 -135
8281 6693 -225
8284 6693 -135
8283 6693 -225
8280 6693 -135
8279 6693 -225
7860 6693 1
1826 6693 5000
1821 6693 -100000
6 6693 49460
8312 6694 -1080
8311 6694 -1080
8288 6694 -135
8287 6694 -225
8290 6694 -135
8289 6694 -225
8286 6694 -135
8285 6694 -225
8045 6694 1
2099 6694 1
2094 6694 -100000
7 6694 49460
8300 6695 -1080
8299 6695 -1080
8252 6695 -135
8251 6695 -225
8254 6695 -135
8253 6695 -225
8250 6695 -135
8249 6695 -225
7028 6695 1
534 6695 -1
530 6695 2500
8302 6696 -1080
8301 6696 -1080
8258 6696 -135
8257 6696 -225
8260 6696 -135
8259 6696 -225
8256 6696 -135
8255 6696 -225
7186 6696 1
807 6696 -1
803 6696 5000
8304 6697 -1080
8303 6697 -1080
8264 6697 -135
8263 6697 -225
8266 6697 -135
8265 6697 -225
8262 6697 -135
8261 6697 -225
7347 6697 1
1080 6697 -1
1076 6697 2500
8306 6698 -1080
8305 6698 -1080
8270 6698 -135
8269 6698 -225
8272 6698 -135
8271 6698 -225
8268 6698 -135
8267 6698 -225
7509 6698 1
1353 6698 -1
1349 6698 5000
8308 6699 -1080
8307 6699 -1080
8276 6699 -135
8275 6699 -225
8278 6699 -135
8277 6699 -225
8274 6699 -135
8273 6699 -225
7676 6699 1
1626 6699 -1
1622 6699 2500
8310 6700 -1080
8309 6700 -1080
8282 6700 -135
8281 6700 -225
8284 6700 -135
8283 6700 -225
8280 6700 -135
8279 6700 -225
7861 6700 1
1899 6700 -1
1895 6700 5000
8312 6701 -1080
8311 6701 -1080
8288 6701 -135
8287 6701 -225
8290 6701 -135
8289 6701 -225
8286 6701 -135
8285 6701 -225
8046 6701 1
2172 6701 -1
2168 6701 2500
8314 6702 -1080
8313 6702 -1080
8294 6702 -135
8293 6702 -225
8296 6702 -135
8295 6702 -225
8292 6702 -135
8291 6702 -225
8231 6702 1
2445 6702 -1
2441 6702 5000
8302 6703 -1080
8301 6703 -1080
8258 6703 -135
8257 6703 -225
8260 6703 -135
8259 6703 -225
8256 6703 -135
8255 6703 -225
7187 6703 1
808 6703 -5000
806 6703 10000
8304 6704 -1080
8303 6704 -1080
8264 6704 -135
8263 6704 -225
8266 6704 -135
8265 6704 -225
8262 6704 -135
8261 6704 -225
7348 6704 1
1081 6704 -5000
1079 6704 10000
8306 6705 -1080
8305 6705 -1080
8270 6705 -135
8269 6705 -225
8272 6705 -135
8271 6705 -225
8268 6705 -135
8267 6705 -225
7510 6705 1
1354 6705 -5000
1352 6705 1000
8308 6706 -1080
8307 6706 -1080
8276 6706 -135
8275 6706 -225
8278 6706 -135
8277 6706 -225
8274 6706 -135
8273 6706 -225
7677 6706 1
1627 6706 -5000
1625 6706 2000
8310 6707 -1080
8309 6707 -1080
8282 6707 -135
8281 6707 -225
8284 6707 -135
8283 6707 -225
8280 6707 -135
8279 6707 -225
7862 6707 1
1900 6707 -5000
1898 6707 2000
8312 6708 -1080
8311 6708 -1080
8288 6708 -135
8287 6708 -225
8290 6708 -135
8289 6708 -225
8286 6708 -135
8285 6708 -225
8047 6708 1
2173 6708 -5000
2171 6708 2000
8314 6709 -1080
8313 6709 -1080
8294 6709 -135
8293 6709 -225
8296 6709 -135
8295 6709 -225
8292 6709 -135
8291 6709 -225
8232 6709 1
2446 6709 -5000
2444 6709 10000
8300 6710 -1080
8299 6710 -1080
8252 6710 -135
8251 6710 -225
8254 6710 -135
8253 6710 -225
8250 6710 -135
8249 6710 -225
7029 6710 1
484 6710 1
456 6710 -73000
387 6710 -27000
1 6710 56090
8302 6711 -1080
8301 6711 -1080
8258 6711 -135
8257 6711 -225
8260 6711 -135
8259 6711 -225
8256 6711 -135
8255 6711 -225
7188 6711 1
757 6711 10000
729 6711 -73000
660 6711 -27000
2 6711 56090
8304 6712 -1080
8303 6712 -1080
8264 6712 -135
8263 6712 -225
8266 6712 -135
8265 6712 -225
8262 6712 -135
8261 6712 -225
7349 6712 1
1030 6712 500
1002 6712 -73000
933 6712 -27000
3 6712 56090
8306 6713 -1080
8305 6713 -1080
8270 6713 -135
8269 6713 -225
8272 6713 -135
8271 6713 -225
8268 6713 -135
8267 6713 -225
7511 6713 1
1303 6713 10000
1275 6713 -73000
1206 6713 -27000
4 6713 56090
8308 6714 -1080
8307 6714 -1080
8276 6714 -135
8275 6714 -225
8278 6714 -135
8277 6714 -225
8274 6714 -135
8273 6714 -225
7678 6714 1
1576 6714 1
1548 6714 -73000
1479 6714 -27000
5 6714 56090
8310 6715 -1080
8309 6715 -1080
8282 6715 -135
8281 6715 -225
8284 6715 -135
8283 6715 -225
8280 6715 -135
8279 6715 -225
7863 6715 1
1849 6715 10000
1821 6715 -73000
1752 6715 -27000
6 6715 56090
8312 6716 -1080
8311 6716 -1080
8288 6716 -135
8287 6716 -225
8290 6716 -135
8289 6716 -225
8286 6716 -135
8285 6716 -225
8048 6716 1
2122 6716 10000
2094 6716 -73000
2025 6716 -27000
7 6716 56090
8314 6717 -1080
8313 6717 -1080
8294 6717 -135
8293 6717 -225
8296 6717 -135
8295 6717 -225
8292 6717 -135
8291 6717 -225
8233 6717 1
2395 6717 10000
2367 6717 -73000
2298 6717 -27000
8 6717 56090
8300 6718 -1080
8299 6718 -1080
8252 6718 -135
8251 6718 -225
8254 6718 -135
8253 6718 -225
8250 6718 -135
8249 6718 -225
7030 6718 1
539 6718 -10000
538 6718 10000
8302 6719 -1080
8301 6719 -1080
8258 6719 -135
8257 6719 -225
8260 6719 -135
8259 6719 -225
8256 6719 -135
8255 6719 -225
7189 6719 1
812 6719 -1
811 6719 5000
8304 6720 -1080
8303 6720 -1080
8264 6720 -135
8263 6720 -225
8266 6720 -135
8265 6720 -225
8262 6720 -135
8261 6720 -225
7350 6720 1
1085 6720 -10000
1084 6720 5000
8306 6721 -1080
8305 6721 -1080
8270 6721 -135
8269 6721 -225
8272 6721 -135
8271 6721 -225
8268 6721 -135
8267 6721 -225
7512 6721 1
1358 6721 -10000
1357 6721 10000
8308 6722 -1080
8307 6722 -1080
8276 6722 -135
8275 6722 -225
8278 6722 -135
8277 6722 -225
8274 6722 -135
8273 6722 -225
7679 6722 1
1631 6722 -1
1630 6722 10000
8310 6723 -1080
8309 6723 -1080
8282 6723 -135
8281 6723 -225
8284 6723 -135
8283 6723 -225
8280 6723 -135
8279 6723 -225
7864 6723 1
1904 6723 -1
1903 6723 10000
8312 6724 -1080
8311 6724 -1080
8288 6724 -135
8287 6724 -225
8290 6724 -135
8289 6724 -225
8286 6724 -135
8285 6724 -225
8049 6724 1
2177 6724 -1
2176 6724 10000
8314 6725 -1080
8313 6725 -1080
8294 6725 -135
8293 6725 -225
8296 6725 -135
8295 6725 -225
8292 6725 -135
8291 6725 -225
8234 6725 1
2450 6725 -10000
2449 6725 10000
8298 6726 -14370000
8297 6726 -14370000
8246 6726 -1796250
8245 6726 -2994708
8248 6726 -1796250
8247 6726 -2993271
8244 6726 -1796250
8243 6726 -2993271
6877 6726 20
350 6726 1
348 6726 -3
300 6726 853
8300 6727 -14370000
8299 6727 -14370000
8252 6727 -1796250
8251 6727 -2994708
8254 6727 -1796250
8253 6727 -2993271
8250 6727 -1796250
8249 6727 -2993271
7031 6727 20
623 6727 1
621 6727 -3
573 6727 853
8302 6728 -14370000
8301 6728 -14370000
8258 6728 -1796250
8257 6728 -2994708
8260 6728 -1796250
8259 6728 -2993271
8256 6728 -1796250
8255 6728 -2993271
7190 6728 20
896 6728 1
894 6728 -3
846 6728 853
8304 6729 -14370000
8303 6729 -14370000
8264 6729 -1796250
8263 6729 -2994708
8266 6729 -1796250
8265 6729 -2993271
8262 6729 -1796250
8261 6729 -2993271
7351 6729 20
1169 6729 1
1167 6729 -3
1119 6729 853
8306 6730 -14370000
8305 6730 -14370000
8270 6730 -1796250
8269 6730 -2994708
8272 6730 -1796250
8271 6730 -2993271
8268 6730 -1796250
8267 6730 -2993271
7513 6730 20
1442 6730 1
1440 6730 -3
1392 6730 853
8308 6731 -14370000
8307 6731 -14370000
8276 6731 -1796250
8275 6731 -2994708
8278 6731 -1796250
8277 6731 -2993271
8274 6731 -1796250
8273 6731 -2993271
7680 6731 20
1715 6731 1
1713 6731 -3
1665 6731 853
8310 6732 -14370000
8309 6732 -14370000
8282 6732 -1796250
8281 6732 -2994708
8284 6732 -1796250
8283 6732 -2993271
8280 6732 -1796250
8279 6732 -2993271
7865 6732 20
1988 6732 1
1986 6732 -3
1938 6732 853
8312 6733 -14370000
8311 6733 -14370000
8288 6733 -1796250
8287 6733 -2994708
8290 6733 -1796250
8289 6733 -2993271
8286 6733 -1796250
8285 6733 -2993271
8050 6733 20
2261 6733 1
2259 6733 -3
2211 6733 853
8314 6734 -14370000
8313 6734 -14370000
8294 6734 -1796250
8293 6734 -2994708
8296 6734 -1796250
8295 6734 -2993271
8292 6734 -1796250
8291 6734 -2993271
8235 6734 20
2534 6734 1
2532 6734 -3
2484 6734 853
9812 6735 705
6878 6735 20
349 6735 -140
348 6735 2
347 6735 705
208 6735 -1500000
36 6735 387
18 6735 90249
0 6735 74190
9813 6736 705
7032 6736 20
622 6736 -140
621 6736 2
620 6736 705
481 6736 -1500000
37 6736 387
19 6736 90249
1 6736 74190
9814 6737 705
7191 6737 20
895 6737 -140
894 6737 2
893 6737 705
754 6737 -1500000
38 6737 387
20 6737 90249
2 6737 74190
9815 6738 705
7352 6738 20
1168 6738 -140
1167 6738 2
1166 6738 705
1027 6738 -1500000
39 6738 387
21 6738 90249
3 6738 74190
9816 6739 705
7514 6739 20
1441 6739 -140
1440 6739 2
1439 6739 705
1300 6739 -1500000
40 6739 387
22 6739 90249
4 6739 74190
9817 6740 705
7681 6740 20
1714 6740 -140
1713 6740 2
1712 6740 705
1573 6740 -1500000
41 6740 387
23 6740 90249
5 6740 74190
9818 6741 705
7866 6741 20
1987 6741 -140
1986 6741 2
1985 6741 705
1846 6741 -1500000
42 6741 387
24 6741 90249
6 6741 74190
9819 6742 705
8051 6742 20
2260 6742 -140
2259 6742 2
2258 6742 705
2119 6742 -1500000
43 6742 387
25 6742 90249
7 6742 74190
9820 6743 705
8236 6743 20
2533 6743 -140
2532 6743 2
2531 6743 705
2392 6743 -1500000
44 6743 387
26 6743 90249
8 6743 74190
7033 6744 20
624 6744 1
623 6744 -1
465 6744 -88200
37 6744 400526
19 6744 55652
1 6744 27518
7192 6745 20
897 6745 1
896 6745 -1
738 6745 -88200
38 6745 400526
20 6745 55652
2 6745 27518
7353 6746 20
1170 6746 1
1169 6746 -1
1011 6746 -88200
39 6746 400526
21 6746 55652
3 6746 27518
7515 6747 20
1443 6747 1
1442 6747 -1
1284 6747 -88200
40 6747 400526
22 6747 55652
4 6747 27518
7682 6748 20
1716 6748 1
1715 6748 -1
1557 6748 -88200
41 6748 400526
23 6748 55652
5 6748 27518
7867 6749 20
1989 6749 1
1988 6749 -1
1830 6749 -88200
42 6749 400526
24 6749 55652
6 6749 27518
8052 6750 20
2262 6750 1
2261 6750 -1
2103 6750 -88200
43 6750 400526
25 6750 55652
7 6750 27518
8237 6751 20
2535 6751 1
2534 6751 -1
2376 6751 -88200
44 6751 400526
26 6751 55652
8 6751 27518
6880 6752 20
351 6752 1
350 6752 -1
193 6752 -88200
36 6752 480631
18 6752 83478
0 6752 41278
8298 6753 -1358600
8297 6753 -1358600
8246 6753 -169825
8245 6753 -283132
8248 6753 -169825
8247 6753 -282996
8244 6753 -169825
8243 6753 -282996
6884 6753 20
352 6753 -1
349 6753 11
290 6753 -6793
289 6753 6
208 6753 -450000
114 6753 -45000
36 6753 17666
18 6753 135231
0 6753 55557
8300 6754 -1447167
8299 6754 -1447167
8252 6754 -180896
8251 6754 -301590
8254 6754 -180896
8253 6754 -301445
8250 6754 -180896
8249 6754 -301445
7038 6754 20
625 6754 -1
622 6754 11
563 6754 -1447167
562 6754 6
481 6754 -480000
387 6754 -48000
37 6754 18844
19 6754 144247
1 6754 59261
8302 6755 -1535733
8301 6755 -1535733
8258 6755 -191967
8257 6755 -320047
8260 6755 -191967
8259 6755 -319893
8256 6755 -191967
8255 6755 -319893
7197 6755 20
898 6755 -1
895 6755 11
836 6755 -1535733
835 6755 6
754 6755 -510000
660 6755 -51000
38 6755 20021
20 6755 153262
2 6755 62964
8304 6756 -1624300
8303 6756 -1624300
8264 6756 -203038
8263 6756 -338504
8266 6756 -203038
8265 6756 -338342
8262 6756 -203038
8261 6756 -338342
7358 6756 20
1171 6756 -1
1168 6756 11
1109 6756 -16243
1108 6756 6
1027 6756 -540000
933 6756 -54000
39 6756 21199
21 6756 162278
3 6756 66668
8306 6757 -1712867
8305 6757 -1712867
8270 6757 -214108
8269 6757 -356961
8272 6757 -214108
8271 6757 -356790
8268 6757 -214108
8267 6757 -356790
7520 6757 20
1444 6757 -1
1441 6757 11
1382 6757 -1712867
1381 6757 6
1300 6757 -570000
1206 6757 -57000
40 6757 22377
22 6757 171293
4 6757 70372
8308 6758 -1801433
8307 6758 -1801433
8276 6758 -225179
8275 6758 -375419
8278 6758 -225179
8277 6758 -375239
8274 6758 -225179
8273 6758 -375239
7687 6758 20
1717 6758 -1
1714 6758 11
1655 6758 -1801433
1654 6758 6
1573 6758 -600000
1479 6758 -60000
41 6758 23554
23 6758 180309
5 6758 74075
8310 6759 -1890000
8309 6759 -1890000
8282 6759 -236250
8281 6759 -393876
8284 6759 -236250
8283 6759 -393687
8280 6759 -236250
8279 6759 -393687
7872 6759 20
1990 6759 -1
1987 6759 11
1928 6759 -189
1927 6759 6
1846 6759 -630000
1752 6759 -63000
42 6759 24732
24 6759 189324
6 6759 77779
8312 6760 -1890000
8311 6760 -1890000
8288 6760 -236250
8287 6760 -393876
8290 6760 -236250
8289 6760 -393687
8286 6760 -236250
8285 6760 -393687
8057 6760 20
2263 6760 -1
2260 6760 11
2201 6760 -189
2200 6760 6
2119 6760 -630000
2025 6760 -63000
43 6760 24732
25 6760 189324
7 6760 77779
8314 6761 -1890000
8313 6761 -1890000
8294 6761 -236250
8293 6761 -393876
8296 6761 -236250
8295 6761 -393687
8292 6761 -236250
8291 6761 -393687
8242 6761 20
2536 6761 -1
2533 6761 11
2474 6761 -189
2473 6761 6
2392 6761 -630000
2298 6761 -63000
44 6761 24732
26 6761 189324
8 6761 77779
8416 6762 -8408759
8391 6762 -4205641
8366 6762 -8408759
8300 6762 20593100
8299 6762 20593100
2777 6762 1
8493 6763 -8408759
8467 6763 -4205641
8441 6763 -8408759
8302 6763 20593100
8301 6763 20593100
3039 6763 1
8575 6764 -8408759
8547 6764 -4205641
8519 6764 -8408759
8304 6764 20593100
8303 6764 20593100
3307 6764 1
8661 6765 -8408759
8632 6765 -4205641
8603 6765 -8408759
8306 6765 20593100
8305 6765 20593100
3579 6765 1
8748 6766 -8408759
8719 6766 -4205641
8690 6766 -8408759
8308 6766 20593100
8307 6766 20593100
3853 6766 1
8835 6767 -8408759
8806 6767 -4205641
8777 6767 -8408759
8310 6767 20593100
8309 6767 20593100
4132 6767 1
8922 6768 -8408759
8893 6768 -4205641
8864 6768 -8408759
8312 6768 20593100
8311 6768 20593100
4429 6768 1
9009 6769 -8408759
8980 6769 -4205641
8951 6769 -8408759
8314 6769 20593100
8313 6769 20593100
4726 6769 1
8417 6770 -6306569
8392 6770 -6308461
8367 6770 -6306569
8300 6770 20593100
8299 6770 20593100
2778 6770 1
8576 6771 -6306569
8548 6771 -6308461
8520 6771 -6306569
8304 6771 20593100
8303 6771 20593100
3308 6771 1
8662 6772 -6306569
8633 6772 -6308461
8604 6772 -6306569
8306 6772 20593100
8305 6772 20593100
3580 6772 1
8836 6773 -6306569
8807 6773 -6308461
8778 6773 -6306569
8310 6773 20593100
8309 6773 20593100
4133 6773 1
8418 6774 -8408759
8393 6774 -4205641
8368 6774 -8408759
8300 6774 20593100
8299 6774 20593100
2779 6774 1
8495 6775 -8408759
8469 6775 -4205641
8443 6775 -8408759
8302 6775 20593100
8301 6775 20593100
3041 6775 1
8577 6776 -8408759
8549 6776 -4205641
8521 6776 -8408759
8304 6776 20593100
8303 6776 20593100
3309 6776 1
8663 6777 -8408759
8634 6777 -4205641
8605 6777 -8408759
8306 6777 20593100
8305 6777 20593100
3581 6777 1
8750 6778 -8408759
8721 6778 -4205641
8692 6778 -8408759
8308 6778 20593100
8307 6778 20593100
3855 6778 1
8837 6779 -8408759
8808 6779 -4205641
8779 6779 -8408759
8310 6779 20593100
8309 6779 20593100
4134 6779 1
8924 6780 -8408759
8895 6780 -4205641
8866 6780 -8408759
8312 6780 20593100
8311 6780 20593100
4431 6780 1
9011 6781 -8408759
8982 6781 -4205641
8953 6781 -8408759
8314 6781 20593100
8313 6781 20593100
4728 6781 1
9279 6782 -5913
8635 6782 -3943261
9301 6782 -5913
8664 6782 -3941369
9257 6782 -5913
8606 6782 -3941369
8306 6782 20593100
8305 6782 20593100
3582 6782 1
9345 6783 -5913
8722 6783 -3943261
9367 6783 -5913
8751 6783 -3941369
9323 6783 -5913
8693 6783 -3941369
8308 6783 20593100
8307 6783 20593100
3856 6783 1
9411 6784 -5913
8809 6784 -3943261
9433 6784 -5913
8838 6784 -3941369
9389 6784 -5913
8780 6784 -3941369
8310 6784 20593100
8309 6784 20593100
4135 6784 1
9477 6785 -5913
8896 6785 -3943261
9499 6785 -5913
8925 6785 -3941369
9455 6785 -5913
8867 6785 -3941369
8312 6785 20593100
8311 6785 20593100
4432 6785 1
9543 6786 -5913
8983 6786 -3943261
9565 6786 -5913
9012 6786 -3941369
9521 6786 -5913
8954 6786 -3941369
8314 6786 20593100
8313 6786 20593100
4729 6786 1
8420 6787 -6306569
8395 6787 -6308461
8370 6787 -6306569
8300 6787 20593100
8299 6787 20593100
2781 6787 1
8497 6788 -6306569
8471 6788 -6308461
8445 6788 -6306569
8302 6788 20593100
8301 6788 20593100
3043 6788 1
8579 6789 -6306569
8551 6789 -6308461
8523 6789 -6306569
8304 6789 20593100
8303 6789 20593100
3311 6789 1
8665 6790 -6306569
8636 6790 -6308461
8607 6790 -6306569
8306 6790 20593100
8305 6790 20593100
3583 6790 1
8752 6791 -6306569
8723 6791 -6308461
8694 6791 -6306569
8308 6791 20593100
8307 6791 20593100
3857 6791 1
8839 6792 -6306569
8810 6792 -6308461
8781 6792 -6306569
8310 6792 20593100
8309 6792 20593100
4136 6792 1
8926 6793 -6306569
8897 6793 -6308461
8868 6793 -6306569
8312 6793 20593100
8311 6793 20593100
4433 6793 1
9013 6794 -6306569
8984 6794 -6308461
8955 6794 -6306569
8314 6794 20593100
8313 6794 20593100
4730 6794 1
9924 6795 -1
9054 6795 -25623
8333 6795 -2135933
9069 6795 -25623
8350 6795 -533727
9039 6795 -25623
8316 6795 -533727
8298 6795 20593100
8297 6795 20593100
2539 6795 1
9925 6796 -1
9924 6796 1
9102 6796 -25623
8396 6796 -2135933
9120 6796 -25623
8421 6796 -533727
9084 6796 -25623
8371 6796 -533727
8300 6796 20593100
8299 6796 20593100
2782 6796 1
9926 6797 -1
9925 6797 1
9157 6797 -25623
8472 6797 -2135933
9176 6797 -25623
8498 6797 -533727
9138 6797 -25623
8446 6797 -533727
8302 6797 20593100
8301 6797 20593100
3044 6797 1
9927 6798 -1
9926 6798 1
9216 6798 -25623
8552 6798 -2135933
9237 6798 -25623
8580 6798 -533727
9195 6798 -25623
8524 6798 -533727
8304 6798 20593100
8303 6798 20593100
3312 6798 1
9928 6799 -1
9927 6799 1
9280 6799 -25623
8637 6799 -2135933
9302 6799 -25623
8666 6799 -533727
9258 6799 -25623
8608 6799 -533727
8306 6799 20593100
8305 6799 20593100
3584 6799 1
9929 6800 -1
9928 6800 1
9346 6800 -25623
8724 6800 -2135933
9368 6800 -25623
8753 6800 -533727
9324 6800 -25623
8695 6800 -533727
8308 6800 20593100
8307 6800 20593100
3858 6800 1
9930 6801 -1
9929 6801 1
9412 6801 -25623
8811 6801 -2135933
9434 6801 -25623
8840 6801 -533727
9390 6801 -25623
8782 6801 -533727
8310 6801 20593100
8309 6801 20593100
4137 6801 1
9931 6802 -1
9930 6802 1
9478 6802 -25623
8898 6802 -2135933
9500 6802 -25623
8927 6802 -533727
9456 6802 -25623
8869 6802 -533727
8312 6802 20593100
8311 6802 20593100
4434 6802 1
9931 6803 1
9544 6803 -25623
8985 6803 -2135933
9566 6803 -25623
9014 6803 -533727
9522 6803 -25623
8956 6803 -533727
8314 6803 20593100
8313 6803 20593100
4731 6803 1
9055 6804 -17739
8334 6804 -2365957
9070 6804 -17739
8351 6804 -4729643
9040 6804 -17739
8317 6804 -4729643
8298 6804 20593100
8297 6804 20593100
2540 6804 1
9103 6805 -17739
8397 6805 -2365957
9121 6805 -17739
8422 6805 -4729643
9085 6805 -17739
8372 6805 -4729643
8300 6805 20593100
8299 6805 20593100
2783 6805 1
9932 6806 -1
9158 6806 -17739
8473 6806 -2365957
9177 6806 -17739
8499 6806 -4729643
9139 6806 -17739
8447 6806 -4729643
8302 6806 20593100
8301 6806 20593100
3045 6806 1
9933 6807 -1
9932 6807 1
9217 6807 -17739
8553 6807 -2365957
9238 6807 -17739
8581 6807 -4729643
9196 6807 -17739
8525 6807 -4729643
8304 6807 20593100
8303 6807 20593100
3313 6807 1
9934 6808 -1
9933 6808 1
9281 6808 -17739
8638 6808 -2365957
9303 6808 -17739
8667 6808 -4729643
9259 6808 -17739
8609 6808 -4729643
8306 6808 20593100
8305 6808 20593100
3585 6808 1
9935 6809 -1
9934 6809 1
9347 6809 -17739
8725 6809 -2365957
9369 6809 -17739
8754 6809 -4729643
9325 6809 -17739
8696 6809 -4729643
8308 6809 20593100
8307 6809 20593100
3859 6809 1
9936 6810 -1
9935 6810 1
9413 6810 -17739
8812 6810 -2365957
9435 6810 -17739
8841 6810 -4729643
9391 6810 -17739
8783 6810 -4729643
8310 6810 20593100
8309 6810 20593100
4138 6810 1
9937 6811 -1
9936 6811 1
9479 6811 -17739
8899 6811 -2365957
9501 6811 -17739
8928 6811 -4729643
9457 6811 -17739
8870 6811 -4729643
8312 6811 20593100
8311 6811 20593100
4435 6811 1
9056 6812 -76869
8335 6812 -5126239
9071 6812 -76869
8352 6812 -256189
9041 6812 -76869
8318 6812 -256189
8298 6812 20593100
8297 6812 20593100
2541 6812 1
9104 6813 -76869
8398 6813 -5126239
9122 6813 -76869
8423 6813 -256189
9086 6813 -76869
8373 6813 -256189
8300 6813 20593100
8299 6813 20593100
2784 6813 1
9159 6814 -76869
8474 6814 -5126239
9178 6814 -76869
8500 6814 -256189
9140 6814 -76869
8448 6814 -256189
8302 6814 20593100
8301 6814 20593100
3046 6814 1
9938 6815 -1
9218 6815 -76869
8554 6815 -5126239
9239 6815 -76869
8582 6815 -256189
9197 6815 -76869
8526 6815 -256189
8304 6815 20593100
8303 6815 20593100
3314 6815 1
9939 6816 -1
9938 6816 1
9282 6816 -76869
8639 6816 -5126239
9304 6816 -76869
8668 6816 -256189
9260 6816 -76869
8610 6816 -256189
8306 6816 20593100
8305 6816 20593100
3586 6816 1
9940 6817 -1
9939 6817 1
9348 6817 -76869
8726 6817 -5126239
9370 6817 -76869
8755 6817 -256189
9326 6817 -76869
8697 6817 -256189
8308 6817 20593100
8307 6817 20593100
3860 6817 1
9941 6818 -1
9940 6818 1
9414 6818 -76869
8813 6818 -5126239
9436 6818 -76869
8842 6818 -256189
9392 6818 -76869
8784 6818 -256189
8310 6818 20593100
8309 6818 20593100
4139 6818 1
9942 6819 -1
9941 6819 1
9480 6819 -76869
8900 6819 -5126239
9502 6819 -76869
8929 6819 -256189
9458 6819 -76869
8871 6819 -256189
8312 6819 20593100
8311 6819 20593100
4436 6819 1
9942 6820 1
9546 6820 -76869
8987 6820 -5126239
9568 6820 -76869
9016 6820 -256189
9524 6820 -76869
8958 6820 -256189
8314 6820 20593100
8313 6820 20593100
4733 6820 1
9057 6821 -41391
8336 6821 -2760283
9072 6821 -41391
8353 6821 -5517917
9042 6821 -41391
8319 6821 -5517917
8298 6821 20593100
8297 6821 20593100
2542 6821 1
9908 6822 -1
9105 6822 -41391
8399 6822 -2760283
9123 6822 -41391
8424 6822 -5517917
9087 6822 -41391
8374 6822 -5517917
8300 6822 20593100
8299 6822 20593100
2785 6822 1
9909 6823 -1
9908 6823 1
9160 6823 -41391
8475 6823 -2760283
9179 6823 -41391
8501 6823 -5517917
9141 6823 -41391
8449 6823 -5517917
8302 6823 20593100
8301 6823 20593100
3047 6823 1
9910 6824 -1
9909 6824 1
9219 6824 -41391
8555 6824 -2760283
9240 6824 -41391
8583 6824 -5517917
9198 6824 -41391
8527 6824 -5517917
8304 6824 20593100
8303 6824 20593100
3315 6824 1
9911 6825 -1
9910 6825 1
9283 6825 -41391
8640 6825 -2760283
9305 6825 -41391
8669 6825 -5517917
9261 6825 -41391
8611 6825 -5517917
8306 6825 20593100
8305 6825 20593100
3587 6825 1
9912 6826 -1
9911 6826 1
9349 6826 -41391
8727 6826 -2760283
9371 6826 -41391
8756 6826 -5517917
9327 6826 -41391
8698 6826 -5517917
8308 6826 20593100
8307 6826 20593100
3861 6826 1
9913 6827 -1
9912 6827 1
9415 6827 -41391
8814 6827 -2760283
9437 6827 -41391
8843 6827 -5517917
9393 6827 -41391
8785 6827 -5517917
8310 6827 20593100
8309 6827 20593100
4140 6827 1
9914 6828 -1
9913 6828 1
9481 6828 -41391
8901 6828 -2760283
9503 6828 -41391
8930 6828 -5517917
9459 6828 -41391
8872 6828 -5517917
8312 6828 20593100
8311 6828 20593100
4437 6828 1
9914 6829 1
9547 6829 -41391
8988 6829 -2760283
9569 6829 -41391
9017 6829 -5517917
9525 6829 -41391
8959 6829 -5517917
8314 6829 20593100
8313 6829 20593100
4734 6829 1
9915 6830 1
9058 6830 -171477
8337 6830 -5717729
9073 6830 -171477
8354 6830 -1142997
9043 6830 -171477
8320 6830 -1142997
8298 6830 20593100
8297 6830 20593100
2543 6830 1
9916 6831 1
9106 6831 -171477
8400 6831 -5717729
9124 6831 -171477
8425 6831 -1142997
9088 6831 -171477
8375 6831 -1142997
8300 6831 20593100
8299 6831 20593100
2786 6831 1
9917 6832 1
9161 6832 -171477
8476 6832 -5717729
9180 6832 -171477
8502 6832 -1142997
9142 6832 -171477
8450 6832 -1142997
8302 6832 20593100
8301 6832 20593100
3048 6832 1
9918 6833 1
9220 6833 -171477
8556 6833 -5717729
9241 6833 -171477
8584 6833 -1142997
9199 6833 -171477
8528 6833 -1142997
8304 6833 20593100
8303 6833 20593100
3316 6833 1
9107 6834 -1971
8401 6834 -2628841
9125 6834 -1971
8426 6834 -2627579
9089 6834 -1971
8376 6834 -2627579
8300 6834 20593100
8299 6834 20593100
2787 6834 1
9221 6835 -1971
8557 6835 -2628841
9242 6835 -1971
8585 6835 -2627579
9200 6835 -1971
8529 6835 -2627579
8304 6835 20593100
8303 6835 20593100
3317 6835 1
9285 6836 -1971
8642 6836 -2628841
9307 6836 -1971
8671 6836 -2627579
9263 6836 -1971
8613 6836 -2627579
8306 6836 20593100
8305 6836 20593100
3589 6836 1
9351 6837 -1971
8729 6837 -2628841
9373 6837 -1971
8758 6837 -2627579
9329 6837 -1971
8700 6837 -2627579
8308 6837 20593100
8307 6837 20593100
3863 6837 1
9417 6838 -1971
8816 6838 -2628841
9439 6838 -1971
8845 6838 -2627579
9395 6838 -1971
8787 6838 -2627579
8310 6838 20593100
8309 6838 20593100
4142 6838 1
9483 6839 -1971
8903 6839 -2628841
9505 6839 -1971
8932 6839 -2627579
9461 6839 -1971
8874 6839 -2627579
8312 6839 20593100
8311 6839 20593100
4439 6839 1
9549 6840 -1971
8990 6840 -2628841
9571 6840 -1971
9019 6840 -2627579
9527 6840 -1971
8961 6840 -2627579
8314 6840 20593100
8313 6840 20593100
4736 6840 1
8759 6841 -8198539
8730 6841 -8200999
8701 6841 -8198539
8308 6841 20593100
8307 6841 20593100
3864 6841 1
8846 6842 -8198539
8817 6842 -8200999
8788 6842 -8198539
8310 6842 20593100
8309 6842 20593100
4143 6842 1
8933 6843 -8198539
8904 6843 -8200999
8875 6843 -8198539
8312 6843 20593100
8311 6843 20593100
4440 6843 1
9020 6844 -8198539
8991 6844 -8200999
8962 6844 -8198539
8314 6844 20593100
8313 6844 20593100
4737 6844 1
9926 6845 -1
9925 6845 1
9163 6845 -25623
8479 6845 -2135933
9182 6845 -25623
8505 6845 -533727
9144 6845 -25623
8453 6845 -533727
8302 6845 20593100
8301 6845 20593100
3051 6845 1
9927 6846 -1
9926 6846 1
9222 6846 -25623
8559 6846 -2135933
9243 6846 -25623
8587 6846 -533727
9201 6846 -25623
8531 6846 -533727
8304 6846 20593100
8303 6846 20593100
3319 6846 1
9928 6847 -1
9927 6847 1
9286 6847 -25623
8644 6847 -2135933
9308 6847 -25623
8673 6847 -533727
9264 6847 -25623
8615 6847 -533727
8306 6847 20593100
8305 6847 20593100
3591 6847 1
9929 6848 -1
9928 6848 1
9352 6848 -25623
8731 6848 -2135933
9374 6848 -25623
8760 6848 -533727
9330 6848 -25623
8702 6848 -533727
8308 6848 20593100
8307 6848 20593100
3865 6848 1
9930 6849 -1
9929 6849 1
9418 6849 -25623
8818 6849 -2135933
9440 6849 -25623
8847 6849 -533727
9396 6849 -25623
8789 6849 -533727
8310 6849 20593100
8309 6849 20593100
4144 6849 1
9931 6850 -1
9930 6850 1
9484 6850 -25623
8905 6850 -2135933
9506 6850 -25623
8934 6850 -533727
9462 6850 -25623
8876 6850 -533727
8312 6850 20593100
8311 6850 20593100
4441 6850 1
9931 6851 1
9550 6851 -25623
8992 6851 -2135933
9572 6851 -25623
9021 6851 -533727
9528 6851 -25623
8963 6851 -533727
8314 6851 20593100
8313 6851 20593100
4738 6851 1
9935 6852 -1
9934 6852 1
9353 6852 -17739
8732 6852 -2365957
9375 6852 -17739
8761 6852 -4729643
9331 6852 -17739
8703 6852 -4729643
8308 6852 20593100
8307 6852 20593100
3866 6852 1
9936 6853 -1
9935 6853 1
9419 6853 -17739
8819 6853 -2365957
9441 6853 -17739
8848 6853 -4729643
9397 6853 -17739
8790 6853 -4729643
8310 6853 20593100
8309 6853 20593100
4145 6853 1
9937 6854 -1
9936 6854 1
9485 6854 -17739
8906 6854 -2365957
9507 6854 -17739
8935 6854 -4729643
9463 6854 -17739
8877 6854 -4729643
8312 6854 20593100
8311 6854 20593100
4442 6854 1
9937 6855 1
9551 6855 -17739
8993 6855 -2365957
9573 6855 -17739
9022 6855 -4729643
9529 6855 -17739
8964 6855 -4729643
8314 6855 20593100
8313 6855 20593100
4739 6855 1
9939 6856 -1
9938 6856 1
9288 6856 -76869
8646 6856 -5126239
9310 6856 -76869
8675 6856 -256189
9266 6856 -76869
8617 6856 -256189
8306 6856 20593100
8305 6856 20593100
3593 6856 1
9941 6857 -1
9940 6857 1
9420 6857 -76869
8820 6857 -5126239
9442 6857 -76869
8849 6857 -256189
9398 6857 -76869
8791 6857 -256189
8310 6857 20593100
8309 6857 20593100
4146 6857 1
9942 6858 -1
9941 6858 1
9486 6858 -76869
8907 6858 -5126239
9508 6858 -76869
8936 6858 -256189
9464 6858 -76869
8878 6858 -256189
8312 6858 20593100
8311 6858 20593100
4443 6858 1
9909 6859 -1
9908 6859 1
9164 6859 -41391
8480 6859 -2760283
9183 6859 -41391
8506 6859 -5517917
9145 6859 -41391
8454 6859 -5517917
8302 6859 20593100
8301 6859 20593100
3052 6859 1
9910 6860 -1
9909 6860 1
9224 6860 -41391
8561 6860 -2760283
9245 6860 -41391
8589 6860 -5517917
9203 6860 -41391
8533 6860 -5517917
8304 6860 20593100
8303 6860 20593100
3321 6860 1
9911 6861 -1
9910 6861 1
9289 6861 -41391
8647 6861 -2760283
9311 6861 -41391
8676 6861 -5517917
9267 6861 -41391
8618 6861 -5517917
8306 6861 20593100
8305 6861 20593100
3594 6861 1
9912 6862 -1
9911 6862 1
9355 6862 -41391
8734 6862 -2760283
9377 6862 -41391
8763 6862 -5517917
9333 6862 -41391
8705 6862 -5517917
8308 6862 20593100
8307 6862 20593100
3868 6862 1
9913 6863 -1
9912 6863 1
9421 6863 -41391
8821 6863 -2760283
9443 6863 -41391
8850 6863 -5517917
9399 6863 -41391
8792 6863 -5517917
8310 6863 20593100
8309 6863 20593100
4147 6863 1
9914 6864 -1
9913 6864 1
9487 6864 -41391
8908 6864 -2760283
9509 6864 -41391
8937 6864 -5517917
9465 6864 -41391
8879 6864 -5517917
8312 6864 20593100
8311 6864 20593100
4444 6864 1
9914 6865 1
9553 6865 -41391
8995 6865 -2760283
9575 6865 -41391
9024 6865 -5517917
9531 6865 -41391
8966 6865 -5517917
8314 6865 20593100
8313 6865 20593100
4741 6865 1
9916 6866 1
9109 6866 -13797
8404 6866 -4600471
9127 6866 -13797
8429 6866 -574783
9091 6866 -13797
8379 6866 -574783
8300 6866 20593100
8299 6866 20593100
2790 6866 1
9917 6867 1
9165 6867 -13797
8481 6867 -4600471
9184 6867 -13797
8507 6867 -574783
9146 6867 -13797
8455 6867 -574783
8302 6867 20593100
8301 6867 20593100
3053 6867 1
9918 6868 1
9225 6868 -13797
8562 6868 -4600471
9246 6868 -13797
8590 6868 -574783
9204 6868 -13797
8534 6868 -574783
8304 6868 20593100
8303 6868 20593100
3322 6868 1
8357 6869 -8408759
8340 6869 -4205641
8323 6869 -8408759
8298 6869 20593100
8297 6869 20593100
2546 6869 1
8430 6870 -8408759
8405 6870 -4205641
8380 6870 -8408759
8300 6870 20593100
8299 6870 20593100
2791 6870 1
8508 6871 -8408759
8482 6871 -4205641
8456 6871 -8408759
8302 6871 20593100
8301 6871 20593100
3054 6871 1
8591 6872 -8408759
8563 6872 -4205641
8535 6872 -8408759
8304 6872 20593100
8303 6872 20593100
3323 6872 1
8678 6873 -8408759
8649 6873 -4205641
8620 6873 -8408759
8306 6873 20593100
8305 6873 20593100
3596 6873 1
8765 6874 -8408759
8736 6874 -4205641
8707 6874 -8408759
8308 6874 20593100
8307 6874 20593100
3870 6874 1
8852 6875 -8408759
8823 6875 -4205641
8794 6875 -8408759
8310 6875 20593100
8309 6875 20593100
4149 6875 1
8939 6876 -8408759
8910 6876 -4205641
8881 6876 -8408759
8312 6876 20593100
8311 6876 20593100
4446 6876 1
9026 6877 -8408759
8997 6877 -4205641
8968 6877 -8408759
8314 6877 20593100
8313 6877 20593100
4743 6877 1
8431 6878 -8408759
8406 6878 -4205641
8381 6878 -8408759
8300 6878 20593100
8299 6878 20593100
2792 6878 1
8592 6879 -8408759
8564 6879 -4205641
8536 6879 -8408759
8304 6879 20593100
8303 6879 20593100
3324 6879 1
8679 6880 -8408759
8650 6880 -4205641
8621 6880 -8408759
8306 6880 20593100
8305 6880 20593100
3597 6880 1
8766 6881 -8408759
8737 6881 -4205641
8708 6881 -8408759
8308 6881 20593100
8307 6881 20593100
3871 6881 1
8853 6882 -8408759
8824 6882 -4205641
8795 6882 -8408759
8310 6882 20593100
8309 6882 20593100
4150 6882 1
8940 6883 -8408759
8911 6883 -4205641
8882 6883 -8408759
8312 6883 20593100
8311 6883 20593100
4447 6883 1
9027 6884 -8408759
8998 6884 -4205641
8969 6884 -8408759
8314 6884 20593100
8313 6884 20593100
4744 6884 1
9061 6885 -13797
8342 6885 -4600471
9076 6885 -13797
8359 6885 -574783
9046 6885 -13797
8325 6885 -574783
8298 6885 20593100
8297 6885 20593100
2548 6885 1
9110 6886 -13797
8407 6886 -4600471
9128 6886 -13797
8432 6886 -574783
9092 6886 -13797
8382 6886 -574783
8300 6886 20593100
8299 6886 20593100
2793 6886 1
9166 6887 -13797
8484 6887 -4600471
9185 6887 -13797
8510 6887 -574783
9147 6887 -13797
8458 6887 -574783
8302 6887 20593100
8301 6887 20593100
3056 6887 1
9226 6888 -13797
8565 6888 -4600471
9247 6888 -13797
8593 6888 -574783
9205 6888 -13797
8537 6888 -574783
8304 6888 20593100
8303 6888 20593100
3325 6888 1
9291 6889 -13797
8651 6889 -4600471
9313 6889 -13797
8680 6889 -574783
9269 6889 -13797
8622 6889 -574783
8306 6889 20593100
8305 6889 20593100
3598 6889 1
9357 6890 -13797
8738 6890 -4600471
9379 6890 -13797
8767 6890 -574783
9335 6890 -13797
8709 6890 -574783
8308 6890 20593100
8307 6890 20593100
3872 6890 1
9423 6891 -13797
8825 6891 -4600471
9445 6891 -13797
8854 6891 -574783
9401 6891 -13797
8796 6891 -574783
8310 6891 20593100
8309 6891 20593100
4151 6891 1
9489 6892 -13797
8912 6892 -4600471
9511 6892 -13797
8941 6892 -574783
9467 6892 -13797
8883 6892 -574783
8312 6892 20593100
8311 6892 20593100
4448 6892 1
9555 6893 -13797
8999 6893 -4600471
9577 6893 -13797
9028 6893 -574783
9533 6893 -13797
8970 6893 -574783
8314 6893 20593100
8313 6893 20593100
4745 6893 1
9111 6894 -57159
8408 6894 -3811819
9129 6894 -57159
8433 6894 -380999
9093 6894 -57159
8383 6894 -380999
8300 6894 20593100
8299 6894 20593100
2794 6894 1
9113 6895 -5913
8410 6895 -197163
9131 6895 -5913
8435 6895 -394137
9095 6895 -5913
8385 6895 -394137
8300 6895 20593100
8299 6895 20593100
2797 6895 1
9169 6896 -5913
8487 6896 -197163
9188 6896 -5913
8513 6896 -394137
9150 6896 -5913
8461 6896 -394137
8302 6896 20593100
8301 6896 20593100
3060 6896 1
9170 6897 -96579
8488 6897 -322033
9189 6897 -96579
8514 6897 -643757
9151 6897 -96579
8462 6897 -643757
8302 6897 20593100
8301 6897 20593100
3061 6897 1
9361 6898 -96579
8742 6898 -322033
9383 6898 -96579
8771 6898 -643757
9339 6898 -96579
8713 6898 -643757
8308 6898 20593100
8307 6898 20593100
3877 6898 1
9115 6899 -1971
8412 6899 -65721
9133 6899 -1971
8437 6899 -131379
9097 6899 -1971
8387 6899 -131379
8300 6899 20593100
8299 6899 20593100
2799 6899 1
9232 6900 -33507
8571 6900 -1117257
9253 6900 -33507
8599 6900 -1116721
9211 6900 -33507
8543 6900 -1116721
8304 6900 20593100
8303 6900 20593100
3332 6900 1
9561 6901 -33507
9005 6901 -1117257
9583 6901 -33507
9034 6901 -1116721
9539 6901 -33507
8976 6901 -1116721
8314 6901 20593100
8313 6901 20593100
4752 6901 1
9116 6902 -25623
8413 6902 -2135933
9134 6902 -25623
8438 6902 -533727
9098 6902 -25623
8388 6902 -533727
8300 6902 21473500
8299 6902 21473500
2802 6902 1
9298 6903 -25623
8658 6903 -2135933
9320 6903 -25623
8687 6903 -533727
9276 6903 -25623
8629 6903 -533727
8306 6903 21473500
8305 6903 21473500
3608 6903 1
9117 6904 -5913
8414 6904 -4929077
9135 6904 -5913
8439 6904 -4926711
9099 6904 -5913
8389 6904 -4926711
8300 6904 21473500
8299 6904 21473500
2804 6904 1
9299 6905 -5913
8659 6905 -4929077
9321 6905 -5913
8688 6905 -4926711
9277 6905 -5913
8630 6905 -4926711
8306 6905 21473500
8305 6905 21473500
3610 6905 1
9431 6906 -5913
8833 6906 -4929077
9453 6906 -5913
8862 6906 -4926711
9409 6906 -5913
8804 6906 -4926711
8310 6906 21473500
8309 6906 21473500
4163 6906 1
9497 6907 -5913
8920 6907 -4929077
9519 6907 -5913
8949 6907 -4926711
9475 6907 -5913
8891 6907 -4926711
8312 6907 21473500
8311 6907 21473500
4460 6907 1
9563 6908 -5913
9007 6908 -4929077
9585 6908 -5913
9036 6908 -4926711
9541 6908 -5913
8978 6908 -4926711
8314 6908 21473500
8313 6908 21473500
4757 6908 1
9067 6909 -13797
8348 6909 -4600471
9082 6909 -13797
8365 6909 -574783
9052 6909 -13797
8331 6909 -574783
8298 6909 21473500
8297 6909 21473500
2556 6909 1
9118 6910 -13797
8415 6910 -4600471
9136 6910 -13797
8440 6910 -574783
9100 6910 -13797
8390 6910 -574783
8300 6910 21473500
8299 6910 21473500
2803 6910 1
9174 6911 -13797
8492 6911 -4600471
9193 6911 -13797
8518 6911 -574783
9155 6911 -13797
8466 6911 -574783
8302 6911 21473500
8301 6911 21473500
3066 6911 1
8298 6912 20593100
8297 6912 20593100
8243 6912 818951
2550 6912 1
8300 6913 20593100
8299 6913 20593100
8249 6913 818951
2795 6913 1
8302 6914 20593100
8301 6914 20593100
8255 6914 818951
3058 6914 1
8304 6915 20593100
8303 6915 20593100
8261 6915 818951
3327 6915 1
8306 6916 20593100
8305 6916 20593100
8267 6916 818951
3600 6916 1
8308 6917 20593100
8307 6917 20593100
8273 6917 818951
3874 6917 1
8310 6918 20593100
8309 6918 20593100
8279 6918 818951
4153 6918 1
8312 6919 20593100
8311 6919 20593100
8285 6919 818951
4450 6919 1
8314 6920 20593100
8313 6920 20593100
8291 6920 818951
4747 6920 1
8245 6921 136700
8247 6921 136634
8243 6921 136634
2553 6921 1
171 6921 -1683657
18 6921 102492
0 6921 68875
8251 6922 136700
8253 6922 136634
8249 6922 136634
2800 6922 1
444 6922 -1683657
19 6922 102492
1 6922 68875
8257 6923 136700
8259 6923 136634
8255 6923 136634
3063 6923 1
717 6923 -1683657
20 6923 102492
2 6923 68875
8263 6924 136700
8265 6924 136634
8261 6924 136634
3333 6924 1
990 6924 -1683657
21 6924 102492
3 6924 68875
8269 6925 136700
8271 6925 136634
8267 6925 136634
3606 6925 1
1263 6925 -1683657
22 6925 102492
4 6925 68875
8275 6926 136700
8277 6926 136634
8273 6926 136634
3880 6926 1
1536 6926 -1683657
23 6926 102492
5 6926 68875
8281 6927 136700
8283 6927 136634
8279 6927 136634
4159 6927 1
1809 6927 -1683657
24 6927 102492
6 6927 68875
8287 6928 136700
8289 6928 136634
8285 6928 136634
4456 6928 1
2082 6928 -1683657
25 6928 102492
7 6928 68875
8293 6929 136700
8295 6929 136634
8291 6929 136634
4753 6929 1
2355 6929 -1683657
26 6929 102492
8 6929 68875
8245 6930 136700
8247 6930 136634
8243 6930 136634
2554 6930 1
171 6930 -1683657
36 6930 182026
18 6930 102492
0 6930 97982
8251 6931 136700
8253 6931 136634
8249 6931 136634
2801 6931 1
444 6931 -1683657
37 6931 182026
19 6931 102492
1 6931 97982
8257 6932 136700
8259 6932 136634
8255 6932 136634
3064 6932 1
717 6932 -1683657
38 6932 182026
20 6932 102492
2 6932 97982
8263 6933 136700
8265 6933 136634
8261 6933 136634
3334 6933 1
990 6933 -1683657
39 6933 182026
21 6933 102492
3 6933 97982
8269 6934 136700
8271 6934 136634
8267 6934 136634
3607 6934 1
1263 6934 -1683657
40 6934 182026
22 6934 102492
4 6934 97982
8275 6935 136700
8277 6935 136634
8273 6935 136634
3881 6935 1
1536 6935 -1683657
41 6935 182026
23 6935 102492
5 6935 97982
8281 6936 136700
8283 6936 136634
8279 6936 136634
4160 6936 1
1809 6936 -1683657
42 6936 182026
24 6936 102492
6 6936 97982
8287 6937 136700
8289 6937 136634
8285 6937 136634
4457 6937 1
2082 6937 -1683657
43 6937 182026
25 6937 102492
7 6937 97982
8293 6938 136700
8295 6938 136634
8291 6938 136634
4754 6938 1
2355 6938 -1683657
44 6938 182026
26 6938 102492
8 6938 97982
8331 6939 125000
8243 6939 1000000
208 6939 -3076900
18 6939 69000
0 6939 119000
8348 6940 1000000
8245 6940 1000000
208 6940 -3076900
18 6940 69000
0 6940 119000
8365 6941 125000
8247 6941 1000000
208 6941 -3076900
18 6941 69000
0 6941 119000
8390 6942 125000
8249 6942 1000000
481 6942 -3076900
19 6942 69000
1 6942 119000
8415 6943 1000000
8251 6943 1000000
481 6943 -3076900
19 6943 69000
1 6943 119000
8440 6944 125000
8253 6944 1000000
481 6944 -3076900
19 6944 69000
1 6944 119000
8466 6945 125000
8255 6945 1000000
754 6945 -3076900
20 6945 69000
2 6945 119000
8492 6946 1000000
8257 6946 1000000
754 6946 -3076900
20 6946 69000
2 6946 119000
8518 6947 125000
8259 6947 1000000
754 6947 -3076900
20 6947 69000
2 6947 119000
8546 6948 1
8261 6948 1000000
1027 6948 -3076900
21 6948 69000
3 6948 119000
8574 6949 1
8263 6949 1000000
1027 6949 -3076900
21 6949 69000
3 6949 119000
8602 6950 1
8265 6950 1000000
1027 6950 -3076900
21 6950 69000
3 6950 119000
8631 6951 1
8267 6951 1000000
1300 6951 -3076900
22 6951 69000
4 6951 119000
8660 6952 1
8269 6952 1000000
1300 6952 -3076900
22 6952 69000
4 6952 119000
8689 6953 1
8271 6953 1000000
1300 6953 -3076900
22 6953 69000
4 6953 119000
8718 6954 1
8273 6954 1000000
1573 6954 -3076900
23 6954 69000
5 6954 119000
8747 6955 1
8275 6955 1000000
1573 6955 -3076900
23 6955 69000
5 6955 119000
8776 6956 1
8277 6956 1000000
1573 6956 -3076900
23 6956 69000
5 6956 119000
8805 6957 1
8279 6957 1000000
1846 6957 -3076900
24 6957 69000
6 6957 119000
8834 6958 1
8281 6958 1000000
1846 6958 -3076900
24 6958 69000
6 6958 119000
8863 6959 1
8283 6959 1000000
1846 6959 -3076900
24 6959 69000
6 6959 119000
8892 6960 1
8285 6960 1000000
2119 6960 -3076900
25 6960 69000
7 6960 119000
8921 6961 1
8287 6961 1000000
2119 6961 -3076900
25 6961 69000
7 6961 119000
8950 6962 1
8289 6962 1000000
2119 6962 -3076900
25 6962 69000
7 6962 119000
8979 6963 1
8291 6963 1000000
2392 6963 -3076900
26 6963 69000
8 6963 119000
9008 6964 1
8293 6964 1000000
2392 6964 -3076900
26 6964 69000
8 6964 119000
9037 6965 1
8295 6965 1000000
2392 6965 -3076900
26 6965 69000
8 6965 119000
9629 6966 17983
8441 6966 1000000
8256 6966 359661
8255 6966 599339
748 6966 -28898
38 6966 444000
20 6966 69000
2 6966 239000
9631 6967 17983
8493 6967 1000000
8260 6967 359661
8259 6967 599339
748 6967 -28898
38 6967 444000
20 6967 69000
2 6967 239000
9632 6968 17983
8519 6968 1000000
8262 6968 359661
8261 6968 599339
1021 6968 -28898
39 6968 444000
21 6968 69000
3 6968 239000
9633 6969 8989
8547 6969 500000
8264 6969 359553
8263 6969 599447
1021 6969 -28898
39 6969 444000
21 6969 69000
3 6969 239000
9634 6970 17983
8575 6970 1000000
8266 6970 359661
8265 6970 599339
1021 6970 -28898
39 6970 444000
21 6970 69000
3 6970 239000
9635 6971 17983
8603 6971 1000000
8268 6971 359661
8267 6971 599339
1294 6971 -28898
40 6971 444000
22 6971 69000
4 6971 239000
9636 6972 8989
8632 6972 500000
8270 6972 359553
8269 6972 599447
1294 6972 -28898
40 6972 444000
22 6972 69000
4 6972 239000
9637 6973 17983
8661 6973 1000000
8272 6973 359661
8271 6973 599339
1294 6973 -28898
40 6973 444000
22 6973 69000
4 6973 239000
9638 6974 17983
8690 6974 1000000
8274 6974 359661
8273 6974 599339
1567 6974 -28898
41 6974 444000
23 6974 69000
5 6974 239000
9639 6975 8989
8719 6975 500000
8276 6975 359553
8275 6975 599447
1567 6975 -28898
41 6975 444000
23 6975 69000
5 6975 239000
9640 6976 17983
8748 6976 1000000
8278 6976 359661
8277 6976 599339
1567 6976 -28898
41 6976 444000
23 6976 69000
5 6976 239000
9641 6977 17983
8777 6977 1000000
8280 6977 359661
8279 6977 599339
1840 6977 -28898
42 6977 444000
24 6977 69000
6 6977 239000
9642 6978 8989
8806 6978 500000
8282 6978 359553
8281 6978 599447
1840 6978 -28898
42 6978 444000
24 6978 69000
6 6978 239000
9643 6979 17983
8835 6979 1000000
8284 6979 359661
8283 6979 599339
1840 6979 -28898
42 6979 444000
24 6979 69000
6 6979 239000
9644 6980 17983
8864 6980 1000000
8286 6980 359661
8285 6980 599339
2113 6980 -28898
43 6980 444000
25 6980 69000
7 6980 239000
9645 6981 8989
8893 6981 500000
8288 6981 359553
8287 6981 599447
2113 6981 -28898
43 6981 444000
25 6981 69000
7 6981 239000
9646 6982 17983
8922 6982 1000000
8290 6982 359661
8289 6982 599339
2113 6982 -28898
43 6982 444000
25 6982 69000
7 6982 239000
9647 6983 17983
8951 6983 1000000
8292 6983 359661
8291 6983 599339
2386 6983 -28898
44 6983 444000
26 6983 69000
8 6983 239000
9648 6984 8989
8980 6984 500000
8294 6984 359553
8293 6984 599447
2386 6984 -28898
44 6984 444000
26 6984 69000
8 6984 239000
9649 6985 17983
9009 6985 1000000
8296 6985 359661
8295 6985 599339
2386 6985 -28898
44 6985 444000
26 6985 69000
8 6985 239000
9629 6986 17983
8442 6986 1
8256 6986 359661
8255 6986 599339
748 6986 -28360
38 6986 444000
20 6986 69000
2 6986 239000
9630 6987 8989
8468 6987 1
8258 6987 359553
8257 6987 599447
748 6987 -28360
38 6987 444000
20 6987 69000
2 6987 239000
9631 6988 17983
8494 6988 1
8260 6988 359661
8259 6988 599339
748 6988 -28360
38 6988 444000
20 6988 69000
2 6988 239000
9632 6989 17983
8520 6989 1000000
8262 6989 359661
8261 6989 599339
1021 6989 -28360
39 6989 444000
21 6989 69000
3 6989 239000
9633 6990 8989
8548 6990 1000000
8264 6990 359553
8263 6990 599447
1021 6990 -28360
39 6990 444000
21 6990 69000
3 6990 239000
9634 6991 17983
8576 6991 1000000
8266 6991 359661
8265 6991 599339
1021 6991 -28360
39 6991 444000
21 6991 69000
3 6991 239000
9635 6992 17983
8604 6992 1000000
8268 6992 359661
8267 6992 599339
1294 6992 -28360
40 6992 444000
22 6992 69000
4 6992 239000
9636 6993 8989
8633 6993 1000000
8270 6993 359553
8269 6993 599447
1294 6993 -28360
40 6993 444000
22 6993 69000
4 6993 239000
9637 6994 17983
8662 6994 1000000
8272 6994 359661
8271 6994 599339
1294 6994 -28360
40 6994 444000
22 6994 69000
4 6994 239000
9638 6995 17983
8691 6995 1
8274 6995 359661
8273 6995 599339
1567 6995 -28360
41 6995 444000
23 6995 69000
5 6995 239000
9639 6996 8989
8720 6996 1
8276 6996 359553
8275 6996 599447
1567 6996 -28360
41 6996 444000
23 6996 69000
5 6996 239000
9640 6997 17983
8749 6997 1
8278 6997 359661
8277 6997 599339
1567 6997 -28360
41 6997 444000
23 6997 69000
5 6997 239000
9641 6998 17983
8778 6998 1000000
8280 6998 359661
8279 6998 599339
1840 6998 -28360
42 6998 444000
24 6998 69000
6 6998 239000
9642 6999 8989
8807 6999 1000000
8282 6999 359553
8281 6999 599447
1840 6999 -28360
42 6999 444000
24 6999 69000
6 6999 239000
9643 7000 17983
8836 7000 1000000
8284 7000 359661
8283 7000 599339
1840 7000 -28360
42 7000 444000
24 7000 69000
6 7000 239000
9644 7001 17983
8865 7001 1
8286 7001 359661
8285 7001 599339
2113 7001 -28360
43 7001 444000
25 7001 69000
7 7001 239000
9645 7002 8989
8894 7002 1
8288 7002 359553
8287 7002 599447
2113 7002 -28360
43 7002 444000
25 7002 69000
7 7002 239000
9646 7003 17983
8923 7003 1
8290 7003 359661
8289 7003 599339
2113 7003 -28360
43 7003 444000
25 7003 69000
7 7003 239000
9647 7004 17983
8952 7004 1
8292 7004 359661
8291 7004 599339
2386 7004 -28360
44 7004 444000
26 7004 69000
8 7004 239000
9648 7005 8989
8981 7005 1
8294 7005 359553
8293 7005 599447
2386 7005 -28360
44 7005 444000
26 7005 69000
8 7005 239000
9649 7006 17983
9010 7006 1
8296 7006 359661
8295 7006 599339
2386 7006 -28360
44 7006 444000
26 7006 69000
8 7006 239000
9626 7007 17983
8368 7007 1000000
8250 7007 359661
8249 7007 599339
482 7007 -29440
37 7007 472000
19 7007 69000
1 7007 256000
9627 7008 8989
8393 7008 500000
8252 7008 359553
8251 7008 599447
482 7008 -29440
37 7008 472000
19 7008 69000
1 7008 256000
9628 7009 17983
8418 7009 1000000
8254 7009 359661
8253 7009 599339
482 7009 -29440
37 7009 472000
19 7009 69000
1 7009 256000
9629 7010 17983
8443 7010 1000000
8256 7010 359661
8255 7010 599339
755 7010 -29440
38 7010 472000
20 7010 69000
2 7010 256000
9630 7011 8989
8469 7011 500000
8258 7011 359553
8257 7011 599447
755 7011 -29440
38 7011 472000
20 7011 69000
2 7011 256000
9631 7012 17983
8495 7012 1000000
8260 7012 359661
8259 7012 599339
755 7012 -29440
38 7012 472000
20 7012 69000
2 7012 256000
9632 7013 17983
8521 7013 1000000
8262 7013 359661
8261 7013 599339
1028 7013 -29440
39 7013 472000
21 7013 69000
3 7013 256000
9633 7014 8989
8549 7014 500000
8264 7014 359553
8263 7014 599447
1028 7014 -29440
39 7014 472000
21 7014 69000
3 7014 256000
9634 7015 17983
8577 7015 1000000
8266 7015 359661
8265 7015 599339
1028 7015 -29440
39 7015 472000
21 7015 69000
3 7015 256000
9635 7016 17983
8605 7016 1000000
8268 7016 359661
8267 7016 599339
1301 7016 -29440
40 7016 472000
22 7016 69000
4 7016 256000
9637 7017 17983
8663 7017 1000000
8272 7017 359661
8271 7017 599339
1301 7017 -29440
40 7017 472000
22 7017 69000
4 7017 256000
9638 7018 17983
8692 7018 1000000
8274 7018 359661
8273 7018 599339
1574 7018 -29440
41 7018 472000
23 7018 69000
5 7018 256000
9640 7019 17983
8750 7019 1000000
8278 7019 359661
8277 7019 599339
1574 7019 -29440
41 7019 472000
23 7019 69000
5 7019 256000
9641 7020 17983
8779 7020 1000000
8280 7020 359661
8279 7020 599339
1847 7020 -29440
42 7020 472000
24 7020 69000
6 7020 256000
9643 7021 17983
8837 7021 1000000
8284 7021 359661
8283 7021 599339
1847 7021 -29440
42 7021 472000
24 7021 69000
6 7021 256000
9644 7022 17983
8866 7022 1000000
8286 7022 359661
8285 7022 599339
2120 7022 -29440
43 7022 472000
25 7022 69000
7 7022 256000
9645 7023 8989
8895 7023 500000
8288 7023 359553
8287 7023 599447
2120 7023 -29440
43 7023 472000
25 7023 69000
7 7023 256000
9646 7024 17983
8924 7024 1000000
8290 7024 359661
8289 7024 599339
2120 7024 -29440
43 7024 472000
25 7024 69000
7 7024 256000
9647 7025 17983
8953 7025 1000000
8292 7025 359661
8291 7025 599339
2393 7025 -29440
44 7025 472000
26 7025 69000
8 7025 256000
9649 7026 17983
9011 7026 1000000
8296 7026 359661
8295 7026 599339
2393 7026 -29440
44 7026 472000
26 7026 69000
8 7026 256000
8315 7027 1
8243 7027 959000
209 7027 -28283
36 7027 131000
18 7027 69000
0 7027 224000
8332 7028 1
8245 7028 959000
209 7028 -28283
36 7028 131000
18 7028 69000
0 7028 224000
8349 7029 1
8247 7029 959000
209 7029 -28283
36 7029 131000
18 7029 69000
0 7029 224000
8369 7030 1
8249 7030 959000
482 7030 -28283
37 7030 131000
19 7030 69000
1 7030 224000
8394 7031 1
8251 7031 959000
482 7031 -28283
37 7031 131000
19 7031 69000
1 7031 224000
8419 7032 1
8253 7032 959000
482 7032 -28283
37 7032 131000
19 7032 69000
1 7032 224000
8444 7033 1
8255 7033 959000
755 7033 -28283
38 7033 131000
20 7033 69000
2 7033 224000
8470 7034 1
8257 7034 959000
755 7034 -28283
38 7034 131000
20 7034 69000
2 7034 224000
8496 7035 1
8259 7035 959000
755 7035 -28283
38 7035 131000
20 7035 69000
2 7035 224000
8522 7036 1
8261 7036 959000
1028 7036 -28283
39 7036 131000
21 7036 69000
3 7036 224000
8550 7037 1
8263 7037 959000
1028 7037 -28283
39 7037 131000
21 7037 69000
3 7037 224000
8578 7038 1
8265 7038 959000
1028 7038 -28283
39 7038 131000
21 7038 69000
3 7038 224000
8606 7039 1000000
8267 7039 959000
1301 7039 -28283
40 7039 131000
22 7039 69000
4 7039 224000
8635 7040 1000000
8269 7040 959000
1301 7040 -28283
40 7040 131000
22 7040 69000
4 7040 224000
8664 7041 1000000
8271 7041 959000
1301 7041 -28283
40 7041 131000
22 7041 69000
4 7041 224000
8693 7042 1000000
8273 7042 959000
1574 7042 -28283
41 7042 131000
23 7042 69000
5 7042 224000
8722 7043 1000000
8275 7043 959000
1574 7043 -28283
41 7043 131000
23 7043 69000
5 7043 224000
8751 7044 1000000
8277 7044 959000
1574 7044 -28283
41 7044 131000
23 7044 69000
5 7044 224000
8780 7045 1000000
8279 7045 959000
1847 7045 -28283
42 7045 131000
24 7045 69000
6 7045 224000
8809 7046 1000000
8281 7046 959000
1847 7046 -28283
42 7046 131000
24 7046 69000
6 7046 224000
8838 7047 1000000
8283 7047 959000
1847 7047 -28283
42 7047 131000
24 7047 69000
6 7047 224000
8867 7048 1000000
8285 7048 959000
2120 7048 -28283
43 7048 131000
25 7048 69000
7 7048 224000
8896 7049 1000000
8287 7049 959000
2120 7049 -28283
43 7049 131000
25 7049 69000
7 7049 224000
8925 7050 1000000
8289 7050 959000
2120 7050 -28283
43 7050 131000
25 7050 69000
7 7050 224000
8954 7051 1000000
8291 7051 959000
2393 7051 -28283
44 7051 131000
26 7051 69000
8 7051 224000
8983 7052 1000000
8293 7052 959000
2393 7052 -28283
44 7052 131000
26 7052 69000
8 7052 224000
9012 7053 1000000
8295 7053 959000
2393 7053 -28283
44 7053 131000
26 7053 69000
8 7053 224000
9626 7054 17983
8370 7054 1000000
8250 7054 359661
8249 7054 599339
483 7054 -27901
37 7054 639000
19 7054 69000
1 7054 253000
9627 7055 8989
8395 7055 1000000
8252 7055 359553
8251 7055 599447
483 7055 -27901
37 7055 639000
19 7055 69000
1 7055 253000
9628 7056 17983
8420 7056 1000000
8254 7056 359661
8253 7056 599339
483 7056 -27901
37 7056 639000
19 7056 69000
1 7056 253000
9629 7057 17983
8445 7057 1000000
8256 7057 359661
8255 7057 599339
756 7057 -27901
38 7057 639000
20 7057 69000
2 7057 253000
9630 7058 8989
8471 7058 1000000
8258 7058 359553
8257 7058 599447
756 7058 -27901
38 7058 639000
20 7058 69000
2 7058 253000
9631 7059 17983
8497 7059 1000000
8260 7059 359661
8259 7059 599339
756 7059 -27901
38 7059 639000
20 7059 69000
2 7059 253000
9632 7060 17983
8523 7060 1000000
8262 7060 359661
8261 7060 599339
1029 7060 -27901
39 7060 639000
21 7060 69000
3 7060 253000
9633 7061 8989
8551 7061 1000000
8264 7061 359553
8263 7061 599447
1029 7061 -27901
39 7061 639000
21 7061 69000
3 7061 253000
9634 7062 17983
8579 7062 1000000
8266 7062 359661
8265 7062 599339
1029 7062 -27901
39 7062 639000
21 7062 69000
3 7062 253000
9635 7063 17983
8607 7063 1000000
8268 7063 359661
8267 7063 599339
1302 7063 -27901
40 7063 639000
22 7063 69000
4 7063 253000
9636 7064 8989
8636 7064 1000000
8270 7064 359553
8269 7064 599447
1302 7064 -27901
40 7064 639000
22 7064 69000
4 7064 253000
9637 7065 17983
8665 7065 1000000
8272 7065 359661
8271 7065 599339
1302 7065 -27901
40 7065 639000
22 7065 69000
4 7065 253000
9638 7066 17983
8694 7066 1000000
8274 7066 359661
8273 7066 599339
1575 7066 -27901
41 7066 639000
23 7066 69000
5 7066 253000
9639 7067 8989
8723 7067 1000000
8276 7067 359553
8275 7067 599447
1575 7067 -27901
41 7067 639000
23 7067 69000
5 7067 253000
9640 7068 17983
8752 7068 1000000
8278 7068 359661
8277 7068 599339
1575 7068 -27901
41 7068 639000
23 7068 69000
5 7068 253000
9641 7069 17983
8781 7069 1000000
8280 7069 359661
8279 7069 599339
1848 7069 -27901
42 7069 639000
24 7069 69000
6 7069 253000
9642 7070 8989
8810 7070 1000000
8282 7070 359553
8281 7070 599447
1848 7070 -27901
42 7070 639000
24 7070 69000
6 7070 253000
9643 7071 17983
8839 7071 1000000
8284 7071 359661
8283 7071 599339
1848 7071 -27901
42 7071 639000
24 7071 69000
6 7071 253000
9644 7072 17983
8868 7072 1000000
8286 7072 359661
8285 7072 599339
2121 7072 -27901
43 7072 639000
25 7072 69000
7 7072 253000
9645 7073 8989
8897 7073 1000000
8288 7073 359553
8287 7073 599447
2121 7073 -27901
43 7073 639000
25 7073 69000
7 7073 253000
9646 7074 17983
8926 7074 1000000
8290 7074 359661
8289 7074 599339
2121 7074 -27901
43 7074 639000
25 7074 69000
7 7074 253000
9647 7075 17983
8955 7075 1000000
8292 7075 359661
8291 7075 599339
2394 7075 -27901
44 7075 639000
26 7075 69000
8 7075 253000
9648 7076 8989
8984 7076 1000000
8294 7076 359553
8293 7076 599447
2394 7076 -27901
44 7076 639000
26 7076 69000
8 7076 253000
9649 7077 17983
9013 7077 1000000
8296 7077 359661
8295 7077 599339
2394 7077 -27901
44 7077 639000
26 7077 69000
8 7077 253000
9758 7078 -125
9695 7078 -125
9650 7078 -125
8316 7078 125000
8243 7078 959000
327 7078 1111
320 7078 611
316 7078 239
202 7078 -33887
9759 7079 -1
9696 7079 -125
9651 7079 -125
8421 7079 125000
8253 7079 959000
600 7079 1111
593 7079 611
589 7079 239
475 7079 -33887
9760 7080 -1
9697 7080 -1
9652 7080 -125
8446 7080 125000
8255 7080 959000
873 7080 1111
866 7080 611
862 7080 239
748 7080 -33887
9760 7081 -1
9697 7081 -1
9652 7081 -125
8472 7081 500000
8257 7081 959000
873 7081 1111
866 7081 611
862 7081 239
748 7081 -33887
9760 7082 -1
9697 7082 -1
9652 7082 -125
8498 7082 125000
8259 7082 959000
873 7082 1111
866 7082 611
862 7082 239
748 7082 -33887
9761 7083 -1
9698 7083 -1
9653 7083 -125
8524 7083 125000
8261 7083 959000
1146 7083 1111
1139 7083 611
1135 7083 239
1021 7083 -33887
9761 7084 -1
9698 7084 -1
9653 7084 -125
8552 7084 500000
8263 7084 959000
1146 7084 1111
1139 7084 611
1135 7084 239
1021 7084 -33887
9761 7085 -1
9698 7085 -1
9653 7085 -125
8580 7085 125000
8265 7085 959000
1146 7085 1111
1139 7085 611
1135 7085 239
1021 7085 -33887
9762 7086 -1
9699 7086 -1
9654 7086 -125
8608 7086 125000
8267 7086 959000
1419 7086 1111
1412 7086 611
1408 7086 239
1294 7086 -33887
9762 7087 -1
9699 7087 -1
9654 7087 -125
8637 7087 500000
8269 7087 959000
1419 7087 1111
1412 7087 611
1408 7087 239
1294 7087 -33887
9762 7088 -1
9699 7088 -1
9654 7088 -125
8666 7088 125000
8271 7088 959000
1419 7088 1111
1412 7088 611
1408 7088 239
1294 7088 -33887
9763 7089 -1
9700 7089 -1
9655 7089 -125
8695 7089 125000
8273 7089 959000
1692 7089 1111
1685 7089 611
1681 7089 239
1567 7089 -33887
9763 7090 -1
9700 7090 -1
9655 7090 -125
8724 7090 500000
8275 7090 959000
1692 7090 1111
1685 7090 611
1681 7090 239
1567 7090 -33887
9763 7091 -1
9700 7091 -1
9655 7091 -125
8753 7091 125000
8277 7091 959000
1692 7091 1111
1685 7091 611
1681 7091 239
1567 7091 -33887
9764 7092 -1
9701 7092 -1
9656 7092 -125
8782 7092 125000
8279 7092 959000
1965 7092 1111
1958 7092 611
1954 7092 239
1840 7092 -33887
9764 7093 -1
9701 7093 -1
9656 7093 -125
8811 7093 500000
8281 7093 959000
1965 7093 1111
1958 7093 611
1954 7093 239
1840 7093 -33887
9764 7094 -1
9701 7094 -1
9656 7094 -125
8840 7094 125000
8283 7094 959000
1965 7094 1111
1958 7094 611
1954 7094 239
1840 7094 -33887
9765 7095 -1
9702 7095 -1
9657 7095 -125
8869 7095 125000
8285 7095 959000
2238 7095 1111
2231 7095 611
2227 7095 239
2113 7095 -33887
9765 7096 -1
9702 7096 -1
9657 7096 -125
8927 7096 125000
8289 7096 959000
2238 7096 1111
2231 7096 611
2227 7096 239
2113 7096 -33887
9766 7097 -1
9703 7097 -1
9658 7097 -125
8956 7097 125000
8291 7097 959000
2511 7097 1111
2504 7097 611
2500 7097 239
2386 7097 -33887
9766 7098 -1
9703 7098 -1
9658 7098 -125
9014 7098 125000
8295 7098 959000
2511 7098 1111
2504 7098 611
2500 7098 239
2386 7098 -33887
9767 7099 -1
9704 7099 -125
9659 7099 -125
8317 7099 1000000
8243 7099 959000
328 7099 1111
321 7099 611
317 7099 239
202 7099 -33887
9769 7100 -1
9706 7100 -1
9661 7100 -125
8447 7100 1000000
8255 7100 959000
874 7100 1111
867 7100 611
863 7100 239
748 7100 -33887
9770 7101 -1
9707 7101 -1
9662 7101 -125
8525 7101 1000000
8261 7101 959000
1147 7101 1111
1140 7101 611
1136 7101 239
1021 7101 -33887
9770 7102 -1
9707 7102 -1
9662 7102 -125
8553 7102 500000
8263 7102 959000
1147 7102 1111
1140 7102 611
1136 7102 239
1021 7102 -33887
9770 7103 -1
9707 7103 -1
9662 7103 -125
8581 7103 1000000
8265 7103 959000
1147 7103 1111
1140 7103 611
1136 7103 239
1021 7103 -33887
9771 7104 -1
9708 7104 -1
9663 7104 -125
8609 7104 1000000
8267 7104 959000
1420 7104 1111
1413 7104 611
1409 7104 239
1294 7104 -33887
9771 7105 -1
9708 7105 -1
9663 7105 -125
8638 7105 500000
8269 7105 959000
1420 7105 1111
1413 7105 611
1409 7105 239
1294 7105 -33887
9771 7106 -1
9708 7106 -1
9663 7106 -125
8667 7106 1000000
8271 7106 959000
1420 7106 1111
1413 7106 611
1409 7106 239
1294 7106 -33887
9772 7107 -1
9709 7107 -1
9664 7107 -125
8696 7107 1000000
8273 7107 959000
1693 7107 1111
1686 7107 611
1682 7107 239
1567 7107 -33887
9772 7108 -1
9709 7108 -1
9664 7108 -125
8725 7108 500000
8275 7108 959000
1693 7108 1111
1686 7108 611
1682 7108 239
1567 7108 -33887
9772 7109 -1
9709 7109 -1
9664 7109 -125
8754 7109 1000000
8277 7109 959000
1693 7109 1111
1686 7109 611
1682 7109 239
1567 7109 -33887
9773 7110 -1
9710 7110 -1
9665 7110 -125
8783 7110 1000000
8279 7110 959000
1966 7110 1111
1959 7110 611
1955 7110 239
1840 7110 -33887
9773 7111 -1
9710 7111 -1
9665 7111 -125
8812 7111 500000
8281 7111 959000
1966 7111 1111
1959 7111 611
1955 7111 239
1840 7111 -33887
9773 7112 -1
9710 7112 -1
9665 7112 -125
8841 7112 1000000
8283 7112 959000
1966 7112 1111
1959 7112 611
1955 7112 239
1840 7112 -33887
9774 7113 -1
9711 7113 -1
9666 7113 -125
8870 7113 1000000
8285 7113 959000
2239 7113 1111
2232 7113 611
2228 7113 239
2113 7113 -33887
9774 7114 -1
9711 7114 -1
9666 7114 -125
8899 7114 500000
8287 7114 959000
2239 7114 1111
2232 7114 611
2228 7114 239
2113 7114 -33887
9774 7115 -1
9711 7115 -1
9666 7115 -125
8928 7115 1000000
8289 7115 959000
2239 7115 1111
2232 7115 611
2228 7115 239
2113 7115 -33887
9775 7116 -1
9712 7116 -1
9667 7116 -125
8957 7116 1
8291 7116 959000
2512 7116 1111
2505 7116 611
2501 7116 239
2386 7116 -33887
9775 7117 -1
9712 7117 -1
9667 7117 -125
9015 7117 1
8295 7117 959000
2512 7117 1111
2505 7117 611
2501 7117 239
2386 7117 -33887
9776 7118 -1
9713 7118 -125
9668 7118 -125
8318 7118 50000
8243 7118 959000
329 7118 1111
322 7118 403
318 7118 239
202 7118 -33887
9777 7119 -1
9714 7119 -125
9669 7119 -125
8373 7119 50000
8249 7119 959000
602 7119 1111
595 7119 403
591 7119 239
475 7119 -33887
9777 7120 -1
9714 7120 -125
9669 7120 -125
8398 7120 1000000
8251 7120 959000
602 7120 1111
595 7120 403
591 7120 239
475 7120 -33887
9777 7121 -1
9714 7121 -125
9669 7121 -125
8423 7121 50000
8253 7121 959000
602 7121 1111
595 7121 403
591 7121 239
475 7121 -33887
9778 7122 -1
9715 7122 -125
9670 7122 -125
8448 7122 50000
8255 7122 959000
875 7122 1111
868 7122 403
864 7122 239
748 7122 -33887
9778 7123 -1
9715 7123 -125
9670 7123 -125
8474 7123 1000000
8257 7123 959000
875 7123 1111
868 7123 403
864 7123 239
748 7123 -33887
9778 7124 -1
9715 7124 -125
9670 7124 -125
8500 7124 50000
8259 7124 959000
875 7124 1111
868 7124 403
864 7124 239
748 7124 -33887
9779 7125 -1
9716 7125 -125
9671 7125 -125
8526 7125 50000
8261 7125 959000
1148 7125 1111
1141 7125 403
1137 7125 239
1021 7125 -33887
9779 7126 -1
9716 7126 -125
9671 7126 -125
8554 7126 1000000
8263 7126 959000
1148 7126 1111
1141 7126 403
1137 7126 239
1021 7126 -33887
9779 7127 -1
9716 7127 -125
9671 7127 -125
8582 7127 50000
8265 7127 959000
1148 7127 1111
1141 7127 403
1137 7127 239
1021 7127 -33887
9780 7128 -1
9717 7128 -125
9672 7128 -125
8610 7128 50000
8267 7128 959000
1421 7128 1111
1414 7128 403
1410 7128 239
1294 7128 -33887
9780 7129 -1
9717 7129 -125
9672 7129 -125
8639 7129 1000000
8269 7129 959000
1421 7129 1111
1414 7129 403
1410 7129 239
1294 7129 -33887
9780 7130 -1
9717 7130 -125
9672 7130 -125
8668 7130 50000
8271 7130 959000
1421 7130 1111
1414 7130 403
1410 7130 239
1294 7130 -33887
9781 7131 -1
9718 7131 -125
9673 7131 -125
8697 7131 50000
8273 7131 959000
1694 7131 1111
1687 7131 403
1683 7131 239
1567 7131 -33887
9781 7132 -1
9718 7132 -125
9673 7132 -125
8726 7132 1000000
8275 7132 959000
1694 7132 1111
1687 7132 403
1683 7132 239
1567 7132 -33887
9781 7133 -1
9718 7133 -125
9673 7133 -125
8755 7133 50000
8277 7133 959000
1694 7133 1111
1687 7133 403
1683 7133 239
1567 7133 -33887
9782 7134 -1
9719 7134 -125
9674 7134 -125
8784 7134 50000
8279 7134 959000
1967 7134 1111
1960 7134 403
1956 7134 239
1840 7134 -33887
9782 7135 -1
9719 7135 -125
9674 7135 -125
8813 7135 1000000
8281 7135 959000
1967 7135 1111
1960 7135 403
1956 7135 239
1840 7135 -33887
9782 7136 -1
9719 7136 -125
9674 7136 -125
8842 7136 50000
8283 7136 959000
1967 7136 1111
1960 7136 403
1956 7136 239
1840 7136 -33887
9783 7137 -1
9720 7137 -125
9675 7137 -125
8871 7137 50000
8285 7137 959000
2240 7137 1111
2233 7137 403
2229 7137 239
2113 7137 -33887
9783 7138 -1
9720 7138 -125
9675 7138 -125
8900 7138 1000000
8287 7138 959000
2240 7138 1111
2233 7138 403
2229 7138 239
2113 7138 -33887
9783 7139 -1
9720 7139 -125
9675 7139 -125
8929 7139 50000
8289 7139 959000
2240 7139 1111
2233 7139 403
2229 7139 239
2113 7139 -33887
9784 7140 -1
9721 7140 -125
9676 7140 -125
8958 7140 50000
8291 7140 959000
2513 7140 1111
2506 7140 403
2502 7140 239
2386 7140 -33887
9784 7141 -1
9721 7141 -125
9676 7141 -125
9016 7141 50000
8295 7141 959000
2513 7141 1111
2506 7141 403
2502 7141 239
2386 7141 -33887
9785 7142 -1
9722 7142 -125
9677 7142 -125
8319 7142 1000000
8243 7142 959000
330 7142 1111
323 7142 611
319 7142 239
202 7142 -33887
9786 7143 -1
9723 7143 -1
9678 7143 -125
8374 7143 1000000
8249 7143 959000
603 7143 1111
596 7143 611
592 7143 239
475 7143 -33887
9787 7144 -1
9724 7144 -1
9679 7144 -125
8449 7144 1000000
8255 7144 959000
876 7144 1111
869 7144 611
865 7144 239
748 7144 -33887
9787 7145 -1
9724 7145 -1
9679 7145 -125
8475 7145 500000
8257 7145 959000
876 7145 1111
869 7145 611
865 7145 239
748 7145 -33887
9787 7146 -1
9724 7146 -1
9679 7146 -125
8501 7146 1000000
8259 7146 959000
876 7146 1111
869 7146 611
865 7146 239
748 7146 -33887
9788 7147 -1
9725 7147 -1
9680 7147 -125
8527 7147 1000000
8261 7147 959000
1149 7147 1111
1142 7147 611
1138 7147 239
1021 7147 -33887
9788 7148 -1
9725 7148 -1
9680 7148 -125
8555 7148 500000
8263 7148 959000
1149 7148 1111
1142 7148 611
1138 7148 239
1021 7148 -33887
9788 7149 -1
9725 7149 -1
9680 7149 -125
8583 7149 1000000
8265 7149 959000
1149 7149 1111
1142 7149 611
1138 7149 239
1021 7149 -33887
9789 7150 -1
9726 7150 -1
9681 7150 -125
8611 7150 1000000
8267 7150 959000
1422 7150 1111
1415 7150 611
1411 7150 239
1294 7150 -33887
9789 7151 -1
9726 7151 -1
9681 7151 -125
8640 7151 500000
8269 7151 959000
1422 7151 1111
1415 7151 611
1411 7151 239
1294 7151 -33887
9789 7152 -1
9726 7152 -1
9681 7152 -125
8669 7152 1000000
8271 7152 959000
1422 7152 1111
1415 7152 611
1411 7152 239
1294 7152 -33887
9790 7153 -1
9727 7153 -1
9682 7153 -125
8698 7153 1000000
8273 7153 959000
1695 7153 1111
1688 7153 611
1684 7153 239
1567 7153 -33887
9790 7154 -1
9727 7154 -1
9682 7154 -125
8727 7154 500000
8275 7154 959000
1695 7154 1111
1688 7154 611
1684 7154 239
1567 7154 -33887
9790 7155 -1
9727 7155 -1
9682 7155 -125
8756 7155 1000000
8277 7155 959000
1695 7155 1111
1688 7155 611
1684 7155 239
1567 7155 -33887
9791 7156 -1
9728 7156 -1
9683 7156 -125
8785 7156 1000000
8279 7156 959000
1968 7156 1111
1961 7156 611
1957 7156 239
1840 7156 -33887
9791 7157 -1
9728 7157 -1
9683 7157 -125
8814 7157 500000
8281 7157 959000
1968 7157 1111
1961 7157 611
1957 7157 239
1840 7157 -33887
9791 7158 -1
9728 7158 -1
9683 7158 -125
8843 7158 1000000
8283 7158 959000
1968 7158 1111
1961 7158 611
1957 7158 239
1840 7158 -33887
9792 7159 -1
9729 7159 -1
9684 7159 -125
8872 7159 1000000
8285 7159 959000
2241 7159 1111
2234 7159 611
2230 7159 239
2113 7159 -33887
9792 7160 -1
9729 7160 -1
9684 7160 -125
8901 7160 500000
8287 7160 959000
2241 7160 1111
2234 7160 611
2230 7160 239
2113 7160 -33887
9792 7161 -1
9729 7161 -1
9684 7161 -125
8930 7161 1000000
8289 7161 959000
2241 7161 1111
2234 7161 611
2230 7161 239
2113 7161 -33887
9793 7162 -1
9730 7162 -1
9685 7162 -125
8959 7162 1000000
8291 7162 959000
2514 7162 1111
2507 7162 611
2503 7162 239
2386 7162 -33887
9793 7163 -1
9730 7163 -1
9685 7163 -125
9017 7163 1000000
8295 7163 959000
2514 7163 1111
2507 7163 611
2503 7163 239
2386 7163 -33887
8320 7164 200000
8243 7164 959000
195 7164 -327980
36 7164 431000
18 7164 629000
0 7164 257000
8337 7165 1000000
8245 7165 959000
195 7165 -327980
36 7165 431000
18 7165 629000
0 7165 257000
8354 7166 200000
8247 7166 959000
195 7166 -327980
36 7166 431000
18 7166 629000
0 7166 257000
8375 7167 200000
8249 7167 959000
468 7167 -327980
37 7167 431000
19 7167 629000
1 7167 257000
8400 7168 1000000
8251 7168 959000
468 7168 -327980
37 7168 431000
19 7168 629000
1 7168 257000
8425 7169 200000
8253 7169 959000
468 7169 -327980
37 7169 431000
19 7169 629000
1 7169 257000
8450 7170 200000
8255 7170 959000
741 7170 -327980
38 7170 431000
20 7170 629000
2 7170 257000
8476 7171 1000000
8257 7171 959000
741 7171 -327980
38 7171 431000
20 7171 629000
2 7171 257000
8502 7172 200000
8259 7172 959000
741 7172 -327980
38 7172 431000
20 7172 629000
2 7172 257000
8528 7173 200000
8261 7173 959000
1014 7173 -327980
39 7173 431000
21 7173 629000
3 7173 257000
8556 7174 1000000
8263 7174 959000
1014 7174 -327980
39 7174 431000
21 7174 629000
3 7174 257000
8584 7175 200000
8265 7175 959000
1014 7175 -327980
39 7175 431000
21 7175 629000
3 7175 257000
8612 7176 1
8267 7176 959000
1287 7176 -327980
40 7176 431000
22 7176 629000
4 7176 257000
8641 7177 1
8269 7177 959000
1287 7177 -327980
40 7177 431000
22 7177 629000
4 7177 257000
8670 7178 1
8271 7178 959000
1287 7178 -327980
40 7178 431000
22 7178 629000
4 7178 257000
8699 7179 1
8273 7179 959000
1560 7179 -327980
41 7179 431000
23 7179 629000
5 7179 257000
8728 7180 1
8275 7180 959000
1560 7180 -327980
41 7180 431000
23 7180 629000
5 7180 257000
8757 7181 1
8277 7181 959000
1560 7181 -327980
41 7181 431000
23 7181 629000
5 7181 257000
8786 7182 1
8279 7182 959000
1833 7182 -327980
42 7182 431000
24 7182 629000
6 7182 257000
8815 7183 1
8281 7183 959000
1833 7183 -327980
42 7183 431000
24 7183 629000
6 7183 257000
8844 7184 1
8283 7184 959000
1833 7184 -327980
42 7184 431000
24 7184 629000
6 7184 257000
8873 7185 1
8285 7185 959000
2106 7185 -327980
43 7185 431000
25 7185 629000
7 7185 257000
8902 7186 1
8287 7186 959000
2106 7186 -327980
43 7186 431000
25 7186 629000
7 7186 257000
8931 7187 1
8289 7187 959000
2106 7187 -327980
43 7187 431000
25 7187 629000
7 7187 257000
8321 7188 1
8243 7188 959000
208 7188 -2461900
18 7188 69000
0 7188 119000
8338 7189 1
8245 7189 959000
208 7189 -2461900
18 7189 69000
0 7189 119000
8355 7190 1
8247 7190 959000
208 7190 -2461900
18 7190 69000
0 7190 119000
8376 7191 1000000
8249 7191 959000
481 7191 -2461900
19 7191 69000
1 7191 119000
8401 7192 1000000
8251 7192 959000
481 7192 -2461900
19 7192 69000
1 7192 119000
8426 7193 1000000
8253 7193 959000
481 7193 -2461900
19 7193 69000
1 7193 119000
8451 7194 1
8255 7194 959000
754 7194 -2461900
20 7194 69000
2 7194 119000
8477 7195 1
8257 7195 959000
754 7195 -2461900
20 7195 69000
2 7195 119000
8503 7196 1
8259 7196 959000
754 7196 -2461900
20 7196 69000
2 7196 119000
8529 7197 1000000
8261 7197 959000
1027 7197 -2461900
21 7197 69000
3 7197 119000
8557 7198 1000000
8263 7198 959000
1027 7198 -2461900
21 7198 69000
3 7198 119000
8585 7199 1000000
8265 7199 959000
1027 7199 -2461900
21 7199 69000
3 7199 119000
8613 7200 1000000
8267 7200 959000
1300 7200 -2461900
22 7200 69000
4 7200 119000
8642 7201 1000000
8269 7201 959000
1300 7201 -2461900
22 7201 69000
4 7201 119000
8671 7202 1000000
8271 7202 959000
1300 7202 -2461900
22 7202 69000
4 7202 119000
8700 7203 1000000
8273 7203 959000
1573 7203 -2461900
23 7203 69000
5 7203 119000
8729 7204 1000000
8275 7204 959000
1573 7204 -2461900
23 7204 69000
5 7204 119000
8758 7205 1000000
8277 7205 959000
1573 7205 -2461900
23 7205 69000
5 7205 119000
8787 7206 1000000
8279 7206 959000
1846 7206 -2461900
24 7206 69000
6 7206 119000
8816 7207 1000000
8281 7207 959000
1846 7207 -2461900
24 7207 69000
6 7207 119000
8845 7208 1000000
8283 7208 959000
1846 7208 -2461900
24 7208 69000
6 7208 119000
8874 7209 1000000
8285 7209 959000
2119 7209 -2461900
25 7209 69000
7 7209 119000
8903 7210 1000000
8287 7210 959000
2119 7210 -2461900
25 7210 69000
7 7210 119000
8932 7211 1000000
8289 7211 959000
2119 7211 -2461900
25 7211 69000
7 7211 119000
8961 7212 1000000
8291 7212 959000
2392 7212 -2461900
26 7212 69000
8 7212 119000
8990 7213 1000000
8293 7213 959000
2392 7213 -2461900
26 7213 69000
8 7213 119000
9019 7214 1000000
8295 7214 959000
2392 7214 -2461900
26 7214 69000
8 7214 119000
9759 7215 -1
9696 7215 -125
9651 7215 -125
8378 7215 1
8249 7215 959000
600 7215 1111
593 7215 611
589 7215 239
475 7215 -30303
9759 7216 -1
9696 7216 -125
9651 7216 -125
8403 7216 1
8251 7216 959000
600 7216 1111
593 7216 611
589 7216 239
475 7216 -30303
9759 7217 -1
9696 7217 -125
9651 7217 -125
8428 7217 1
8253 7217 959000
600 7217 1111
593 7217 611
589 7217 239
475 7217 -30303
9761 7218 -1
9698 7218 -1
9653 7218 -125
8531 7218 125000
8261 7218 959000
1146 7218 1111
1139 7218 611
1135 7218 239
1021 7218 -30303
9761 7219 -1
9698 7219 -1
9653 7219 -125
8587 7219 125000
8265 7219 959000
1146 7219 1111
1139 7219 611
1135 7219 239
1021 7219 -30303
9762 7220 -1
9699 7220 -1
9654 7220 -125
8615 7220 125000
8267 7220 959000
1419 7220 1111
1412 7220 611
1408 7220 239
1294 7220 -30303
9762 7221 -1
9699 7221 -1
9654 7221 -125
8644 7221 500000
8269 7221 959000
1419 7221 1111
1412 7221 611
1408 7221 239
1294 7221 -30303
9763 7222 -1
9700 7222 -1
9655 7222 -125
8702 7222 125000
8273 7222 959000
1692 7222 1111
1685 7222 611
1681 7222 239
1567 7222 -30303
9763 7223 -1
9700 7223 -1
9655 7223 -125
8760 7223 125000
8277 7223 959000
1692 7223 1111
1685 7223 611
1681 7223 239
1567 7223 -30303
9764 7224 -1
9701 7224 -1
9656 7224 -125
8818 7224 500000
8281 7224 959000
1965 7224 1111
1958 7224 611
1954 7224 239
1840 7224 -30303
9764 7225 -1
9701 7225 -1
9656 7225 -125
8847 7225 125000
8283 7225 959000
1965 7225 1111
1958 7225 611
1954 7225 239
1840 7225 -30303
9765 7226 -1
9702 7226 -1
9657 7226 -125
8876 7226 125000
8285 7226 959000
2238 7226 1111
2231 7226 611
2227 7226 239
2113 7226 -30303
9765 7227 -1
9702 7227 -1
9657 7227 -125
8934 7227 125000
8289 7227 959000
2238 7227 1111
2231 7227 611
2227 7227 239
2113 7227 -30303
9766 7228 -1
9703 7228 -1
9658 7228 -125
8963 7228 125000
8291 7228 959000
2511 7228 1111
2504 7228 611
2500 7228 239
2386 7228 -30303
9766 7229 -1
9703 7229 -1
9658 7229 -125
9021 7229 125000
8295 7229 959000
2511 7229 1111
2504 7229 611
2500 7229 239
2386 7229 -30303
9770 7230 -1
9707 7230 -1
9662 7230 -125
8532 7230 1
8261 7230 959000
1147 7230 1111
1140 7230 611
1136 7230 239
1021 7230 -30303
9770 7231 -1
9707 7231 -1
9662 7231 -125
8560 7231 1
8263 7231 959000
1147 7231 1111
1140 7231 611
1136 7231 239
1021 7231 -30303
9770 7232 -1
9707 7232 -1
9662 7232 -125
8588 7232 1
8265 7232 959000
1147 7232 1111
1140 7232 611
1136 7232 239
1021 7232 -30303
9771 7233 -1
9708 7233 -1
9663 7233 -125
8616 7233 1
8267 7233 959000
1420 7233 1111
1413 7233 611
1409 7233 239
1294 7233 -30303
9771 7234 -1
9708 7234 -1
9663 7234 -125
8645 7234 1
8269 7234 959000
1420 7234 1111
1413 7234 611
1409 7234 239
1294 7234 -30303
9771 7235 -1
9708 7235 -1
9663 7235 -125
8674 7235 1
8271 7235 959000
1420 7235 1111
1413 7235 611
1409 7235 239
1294 7235 -30303
9772 7236 -1
9709 7236 -1
9664 7236 -125
8703 7236 1000000
8273 7236 959000
1693 7236 1111
1686 7236 611
1682 7236 239
1567 7236 -30303
9772 7237 -1
9709 7237 -1
9664 7237 -125
8732 7237 500000
8275 7237 959000
1693 7237 1111
1686 7237 611
1682 7237 239
1567 7237 -30303
9772 7238 -1
9709 7238 -1
9664 7238 -125
8761 7238 1000000
8277 7238 959000
1693 7238 1111
1686 7238 611
1682 7238 239
1567 7238 -30303
9773 7239 -1
9710 7239 -1
9665 7239 -125
8790 7239 1000000
8279 7239 959000
1966 7239 1111
1959 7239 611
1955 7239 239
1840 7239 -30303
9773 7240 -1
9710 7240 -1
9665 7240 -125
8819 7240 500000
8281 7240 959000
1966 7240 1111
1959 7240 611
1955 7240 239
1840 7240 -30303
9773 7241 -1
9710 7241 -1
9665 7241 -125
8848 7241 1000000
8283 7241 959000
1966 7241 1111
1959 7241 611
1955 7241 239
1840 7241 -30303
9774 7242 -1
9711 7242 -1
9666 7242 -125
8877 7242 1000000
8285 7242 959000
2239 7242 1111
2232 7242 611
2228 7242 239
2113 7242 -30303
9774 7243 -1
9711 7243 -1
9666 7243 -125
8906 7243 500000
8287 7243 959000
2239 7243 1111
2232 7243 611
2228 7243 239
2113 7243 -30303
9774 7244 -1
9711 7244 -1
9666 7244 -125
8935 7244 1000000
8289 7244 959000
2239 7244 1111
2232 7244 611
2228 7244 239
2113 7244 -30303
9775 7245 -1
9712 7245 -1
9667 7245 -125
8964 7245 1000000
8291 7245 959000
2512 7245 1111
2505 7245 611
2501 7245 239
2386 7245 -30303
9775 7246 -1
9712 7246 -1
9667 7246 -125
9022 7246 1000000
8295 7246 959000
2512 7246 1111
2505 7246 611
2501 7246 239
2386 7246 -30303
9780 7247 -1
9717 7247 -125
9672 7247 -125
8617 7247 50000
8267 7247 959000
1421 7247 1111
1414 7247 403
1410 7247 239
1294 7247 -30303
9780 7248 -1
9717 7248 -125
9672 7248 -125
8646 7248 1000000
8269 7248 959000
1421 7248 1111
1414 7248 403
1410 7248 239
1294 7248 -30303
9780 7249 -1
9717 7249 -125
9672 7249 -125
8675 7249 50000
8271 7249 959000
1421 7249 1111
1414 7249 403
1410 7249 239
1294 7249 -30303
9781 7250 -1
9718 7250 -125
9673 7250 -125
8704 7250 1
8273 7250 959000
1694 7250 1111
1687 7250 403
1683 7250 239
1567 7250 -30303
9781 7251 -1
9718 7251 -125
9673 7251 -125
8733 7251 1
8275 7251 959000
1694 7251 1111
1687 7251 403
1683 7251 239
1567 7251 -30303
9781 7252 -1
9718 7252 -125
9673 7252 -125
8762 7252 1
8277 7252 959000
1694 7252 1111
1687 7252 403
1683 7252 239
1567 7252 -30303
9782 7253 -1
9719 7253 -125
9674 7253 -125
8791 7253 50000
8279 7253 959000
1967 7253 1111
1960 7253 403
1956 7253 239
1840 7253 -30303
9782 7254 -1
9719 7254 -125
9674 7254 -125
8820 7254 1000000
8281 7254 959000
1967 7254 1111
1960 7254 403
1956 7254 239
1840 7254 -30303
9782 7255 -1
9719 7255 -125
9674 7255 -125
8849 7255 50000
8283 7255 959000
1967 7255 1111
1960 7255 403
1956 7255 239
1840 7255 -30303
9783 7256 -1
9720 7256 -125
9675 7256 -125
8878 7256 50000
8285 7256 959000
2240 7256 1111
2233 7256 403
2229 7256 239
2113 7256 -30303
9783 7257 -1
9720 7257 -125
9675 7257 -125
8907 7257 1000000
8287 7257 959000
2240 7257 1111
2233 7257 403
2229 7257 239
2113 7257 -30303
9783 7258 -1
9720 7258 -125
9675 7258 -125
8936 7258 50000
8289 7258 959000
2240 7258 1111
2233 7258 403
2229 7258 239
2113 7258 -30303
9784 7259 -1
9721 7259 -125
9676 7259 -125
8965 7259 1
8291 7259 959000
2513 7259 1111
2506 7259 403
2502 7259 239
2386 7259 -30303
9790 7260 -1
9727 7260 -1
9682 7260 -125
8705 7260 1000000
8273 7260 959000
1695 7260 1111
1688 7260 611
1684 7260 239
1567 7260 -30303
9790 7261 -1
9727 7261 -1
9682 7261 -125
8734 7261 500000
8275 7261 959000
1695 7261 1111
1688 7261 611
1684 7261 239
1567 7261 -30303
9790 7262 -1
9727 7262 -1
9682 7262 -125
8763 7262 1000000
8277 7262 959000
1695 7262 1111
1688 7262 611
1684 7262 239
1567 7262 -30303
9791 7263 -1
9728 7263 -1
9683 7263 -125
8792 7263 1000000
8279 7263 959000
1968 7263 1111
1961 7263 611
1957 7263 239
1840 7263 -30303
9791 7264 -1
9728 7264 -1
9683 7264 -125
8821 7264 500000
8281 7264 959000
1968 7264 1111
1961 7264 611
1957 7264 239
1840 7264 -30303
9791 7265 -1
9728 7265 -1
9683 7265 -125
8850 7265 1000000
8283 7265 959000
1968 7265 1111
1961 7265 611
1957 7265 239
1840 7265 -30303
9792 7266 -1
9729 7266 -1
9684 7266 -125
8879 7266 1000000
8285 7266 959000
2241 7266 1111
2234 7266 611
2230 7266 239
2113 7266 -30303
9792 7267 -1
9729 7267 -1
9684 7267 -125
8908 7267 500000
8287 7267 959000
2241 7267 1111
2234 7267 611
2230 7267 239
2113 7267 -30303
9792 7268 -1
9729 7268 -1
9684 7268 -125
8937 7268 1000000
8289 7268 959000
2241 7268 1111
2234 7268 611
2230 7268 239
2113 7268 -30303
8322 7269 1
8243 7269 959000
202 7269 -28209
36 7269 444000
18 7269 69000
0 7269 247000
8339 7270 1
8245 7270 959000
202 7270 -28209
36 7270 444000
18 7270 69000
0 7270 247000
8356 7271 1
8247 7271 959000
202 7271 -28209
36 7271 444000
18 7271 69000
0 7271 247000
8379 7272 125000
8249 7272 959000
475 7272 -28209
37 7272 444000
19 7272 69000
1 7272 247000
8404 7273 1000000
8251 7273 959000
475 7273 -28209
37 7273 444000
19 7273 69000
1 7273 247000
8429 7274 125000
8253 7274 959000
475 7274 -28209
37 7274 444000
19 7274 69000
1 7274 247000
8455 7275 125000
8255 7275 959000
748 7275 -28209
38 7275 444000
20 7275 69000
2 7275 247000
8481 7276 1000000
8257 7276 959000
748 7276 -28209
38 7276 444000
20 7276 69000
2 7276 247000
8507 7277 125000
8259 7277 959000
748 7277 -28209
38 7277 444000
20 7277 69000
2 7277 247000
8534 7278 125000
8261 7278 959000
1021 7278 -28209
39 7278 444000
21 7278 69000
3 7278 247000
8562 7279 1000000
8263 7279 959000
1021 7279 -28209
39 7279 444000
21 7279 69000
3 7279 247000
8590 7280 125000
8265 7280 959000
1021 7280 -28209
39 7280 444000
21 7280 69000
3 7280 247000
8619 7281 1
8267 7281 959000
1294 7281 -28209
40 7281 444000
22 7281 69000
4 7281 247000
8648 7282 1
8269 7282 959000
1294 7282 -28209
40 7282 444000
22 7282 69000
4 7282 247000
8677 7283 1
8271 7283 959000
1294 7283 -28209
40 7283 444000
22 7283 69000
4 7283 247000
8706 7284 1
8273 7284 959000
1567 7284 -28209
41 7284 444000
23 7284 69000
5 7284 247000
8735 7285 1
8275 7285 959000
1567 7285 -28209
41 7285 444000
23 7285 69000
5 7285 247000
8764 7286 1
8277 7286 959000
1567 7286 -28209
41 7286 444000
23 7286 69000
5 7286 247000
8793 7287 1
8279 7287 959000
1840 7287 -28209
42 7287 444000
24 7287 69000
6 7287 247000
8822 7288 1
8281 7288 959000
1840 7288 -28209
42 7288 444000
24 7288 69000
6 7288 247000
8851 7289 1
8283 7289 959000
1840 7289 -28209
42 7289 444000
24 7289 69000
6 7289 247000
8880 7290 1
8285 7290 959000
2113 7290 -28209
43 7290 444000
25 7290 69000
7 7290 247000
8909 7291 1
8287 7291 959000
2113 7291 -28209
43 7291 444000
25 7291 69000
7 7291 247000
8938 7292 1
8289 7292 959000
2113 7292 -28209
43 7292 444000
25 7292 69000
7 7292 247000
8967 7293 1
8291 7293 959000
2386 7293 -28209
44 7293 444000
26 7293 69000
8 7293 247000
8996 7294 1
8293 7294 959000
2386 7294 -28209
44 7294 444000
26 7294 69000
8 7294 247000
9025 7295 1
8295 7295 959000
2386 7295 -28209
44 7295 444000
26 7295 69000
8 7295 247000
9623 7296 17983
8323 7296 1000000
8244 7296 359661
8243 7296 599339
270 7296 -197
269 7296 -436757
9624 7297 8989
8340 7297 500000
8246 7297 359553
8245 7297 599447
270 7297 -197
269 7297 -436757
9625 7298 17983
8357 7298 1000000
8248 7298 359661
8247 7298 599339
270 7298 -197
269 7298 -436757
9626 7299 17983
8380 7299 1000000
8250 7299 359661
8249 7299 599339
543 7299 -197
542 7299 -436757
9627 7300 8989
8405 7300 500000
8252 7300 359553
8251 7300 599447
543 7300 -197
542 7300 -436757
9628 7301 17983
8430 7301 1000000
8254 7301 359661
8253 7301 599339
543 7301 -197
542 7301 -436757
9629 7302 17983
8456 7302 1000000
8256 7302 359661
8255 7302 599339
816 7302 -197
815 7302 -436757
9630 7303 8989
8482 7303 500000
8258 7303 359553
8257 7303 599447
816 7303 -197
815 7303 -436757
9631 7304 17983
8508 7304 1000000
8260 7304 359661
8259 7304 599339
816 7304 -197
815 7304 -436757
9632 7305 17983
8535 7305 1000000
8262 7305 359661
8261 7305 599339
1089 7305 -197
1088 7305 -436757
9633 7306 8989
8563 7306 500000
8264 7306 359553
8263 7306 599447
1089 7306 -197
1088 7306 -436757
9634 7307 17983
8591 7307 1000000
8266 7307 359661
8265 7307 599339
1089 7307 -197
1088 7307 -436757
9635 7308 17983
8620 7308 1000000
8268 7308 359661
8267 7308 599339
1362 7308 -197
1361 7308 -436757
9636 7309 8989
8649 7309 500000
8270 7309 359553
8269 7309 599447
1362 7309 -197
1361 7309 -436757
9637 7310 17983
8678 7310 1000000
8272 7310 359661
8271 7310 599339
1362 7310 -197
1361 7310 -436757
9638 7311 17983
8707 7311 1000000
8274 7311 359661
8273 7311 599339
1635 7311 -197
1634 7311 -436757
9639 7312 8989
8736 7312 500000
8276 7312 359553
8275 7312 599447
1635 7312 -197
1634 7312 -436757
9640 7313 17983
8765 7313 1000000
8278 7313 359661
8277 7313 599339
1635 7313 -197
1634 7313 -436757
9641 7314 17983
8794 7314 1000000
8280 7314 359661
8279 7314 599339
1908 7314 -197
1907 7314 -436757
9642 7315 8989
8823 7315 500000
8282 7315 359553
8281 7315 599447
1908 7315 -197
1907 7315 -436757
9643 7316 17983
8852 7316 1000000
8284 7316 359661
8283 7316 599339
1908 7316 -197
1907 7316 -436757
9644 7317 17983
8881 7317 1000000
8286 7317 359661
8285 7317 599339
2181 7317 -197
2180 7317 -436757
9645 7318 8989
8910 7318 500000
8288 7318 359553
8287 7318 599447
2181 7318 -197
2180 7318 -436757
9646 7319 17983
8939 7319 1000000
8290 7319 359661
8289 7319 599339
2181 7319 -197
2180 7319 -436757
9647 7320 17983
8968 7320 1000000
8292 7320 359661
8291 7320 599339
2454 7320 -197
2453 7320 -436757
9648 7321 8989
8997 7321 500000
8294 7321 359553
8293 7321 599447
2454 7321 -197
2453 7321 -436757
9649 7322 17983
9026 7322 1000000
8296 7322 359661
8295 7322 599339
2454 7322 -197
2453 7322 -436757
9623 7323 17983
8324 7323 1
8244 7323 359661
8243 7323 599339
270 7323 -197
269 7323 -436757
9624 7324 8989
8341 7324 1
8246 7324 359553
8245 7324 599447
270 7324 -197
269 7324 -436757
9625 7325 17983
8358 7325 1
8248 7325 359661
8247 7325 599339
270 7325 -197
269 7325 -436757
9626 7326 17983
8381 7326 1000000
8250 7326 359661
8249 7326 599339
543 7326 -197
542 7326 -436757
9627 7327 8989
8406 7327 500000
8252 7327 359553
8251 7327 599447
543 7327 -197
542 7327 -436757
9628 7328 17983
8431 7328 1000000
8254 7328 359661
8253 7328 599339
543 7328 -197
542 7328 -436757
9629 7329 17983
8457 7329 1
8256 7329 359661
8255 7329 599339
816 7329 -197
815 7329 -436757
9630 7330 8989
8483 7330 1
8258 7330 359553
8257 7330 599447
816 7330 -197
815 7330 -436757
9631 7331 17983
8509 7331 1
8260 7331 359661
8259 7331 599339
816 7331 -197
815 7331 -436757
9632 7332 17983
8536 7332 1000000
8262 7332 359661
8261 7332 599339
1089 7332 -197
1088 7332 -436757
9633 7333 8989
8564 7333 500000
8264 7333 359553
8263 7333 599447
1089 7333 -197
1088 7333 -436757
9634 7334 17983
8592 7334 1000000
8266 7334 359661
8265 7334 599339
1089 7334 -197
1088 7334 -436757
9635 7335 17983
8621 7335 1000000
8268 7335 359661
8267 7335 599339
1362 7335 -197
1361 7335 -436757
9636 7336 8989
8650 7336 500000
8270 7336 359553
8269 7336 599447
1362 7336 -197
1361 7336 -436757
9637 7337 17983
8679 7337 1000000
8272 7337 359661
8271 7337 599339
1362 7337 -197
1361 7337 -436757
9638 7338 17983
8708 7338 1000000
8274 7338 359661
8273 7338 599339
1635 7338 -197
1634 7338 -436757
9639 7339 8989
8737 7339 500000
8276 7339 359553
8275 7339 599447
1635 7339 -197
1634 7339 -436757
9640 7340 17983
8766 7340 1000000
8278 7340 359661
8277 7340 599339
1635 7340 -197
1634 7340 -436757
9641 7341 17983
8795 7341 1000000
8280 7341 359661
8279 7341 599339
1908 7341 -197
1907 7341 -436757
9642 7342 8989
8824 7342 500000
8282 7342 359553
8281 7342 599447
1908 7342 -197
1907 7342 -436757
9643 7343 17983
8853 7343 1000000
8284 7343 359661
8283 7343 599339
1908 7343 -197
1907 7343 -436757
9644 7344 17983
8882 7344 1000000
8286 7344 359661
8285 7344 599339
2181 7344 -197
2180 7344 -436757
9645 7345 8989
8911 7345 500000
8288 7345 359553
8287 7345 599447
2181 7345 -197
2180 7345 -436757
9646 7346 17983
8940 7346 1000000
8290 7346 359661
8289 7346 599339
2181 7346 -197
2180 7346 -436757
9647 7347 17983
8969 7347 1000000
8292 7347 359661
8291 7347 599339
2454 7347 -197
2453 7347 -436757
9648 7348 8989
8998 7348 500000
8294 7348 359553
8293 7348 599447
2454 7348 -197
2453 7348 -436757
9649 7349 17983
9027 7349 1000000
8296 7349 359661
8295 7349 599339
2454 7349 -197
2453 7349 -436757
8325 7350 125000
8243 7350 959000
8342 7351 1000000
8245 7351 959000
8359 7352 125000
8247 7352 959000
8382 7353 125000
8249 7353 959000
8407 7354 1000000
8251 7354 959000
8432 7355 125000
8253 7355 959000
8458 7356 125000
8255 7356 959000
8484 7357 1000000
8257 7357 959000
8510 7358 125000
8259 7358 959000
8537 7359 125000
8261 7359 959000
8565 7360 1000000
8263 7360 959000
8593 7361 125000
8265 7361 959000
8622 7362 125000
8267 7362 959000
8651 7363 1000000
8269 7363 959000
8680 7364 125000
8271 7364 959000
8709 7365 125000
8273 7365 959000
8738 7366 1000000
8275 7366 959000
8767 7367 125000
8277 7367 959000
8796 7368 125000
8279 7368 959000
8825 7369 1000000
8281 7369 959000
8854 7370 125000
8283 7370 959000
8883 7371 125000
8285 7371 959000
8912 7372 1000000
8287 7372 959000
8941 7373 125000
8289 7373 959000
8970 7374 125000
8291 7374 959000
8999 7375 1000000
8293 7375 959000
9028 7376 125000
8295 7376 959000
9731 7377 3
8326 7377 1
8243 7377 959000
315 7377 3
9731 7378 3
8343 7378 1
8245 7378 959000
315 7378 3
9731 7379 3
8360 7379 1
8247 7379 959000
315 7379 3
9732 7380 3
8383 7380 100000
8249 7380 959000
588 7380 3
9732 7381 3
8408 7381 1000000
8251 7381 959000
588 7381 3
9732 7382 3
8433 7382 100000
8253 7382 959000
588 7382 3
9733 7383 3
8459 7383 1
8255 7383 959000
861 7383 3
9733 7384 3
8485 7384 1
8257 7384 959000
861 7384 3
9733 7385 3
8511 7385 1
8259 7385 959000
861 7385 3
9734 7386 3
8538 7386 1
8261 7386 959000
1134 7386 3
9734 7387 3
8566 7387 1
8263 7387 959000
1134 7387 3
9734 7388 3
8594 7388 1
8265 7388 959000
1134 7388 3
9735 7389 3
8623 7389 1
8267 7389 959000
1407 7389 3
9735 7390 3
8652 7390 1
8269 7390 959000
1407 7390 3
9735 7391 3
8681 7391 1
8271 7391 959000
1407 7391 3
9736 7392 3
8710 7392 1
8273 7392 959000
1680 7392 3
9736 7393 3
8739 7393 1
8275 7393 959000
1680 7393 3
9736 7394 3
8768 7394 1
8277 7394 959000
1680 7394 3
9737 7395 3
8797 7395 1
8279 7395 959000
1953 7395 3
9737 7396 3
8826 7396 1
8281 7396 959000
1953 7396 3
9737 7397 3
8855 7397 1
8283 7397 959000
1953 7397 3
9738 7398 3
8884 7398 1
8285 7398 959000
2226 7398 3
9738 7399 3
8913 7399 1
8287 7399 959000
2226 7399 3
9738 7400 3
8942 7400 1
8289 7400 959000
2226 7400 3
9739 7401 3
8971 7401 1
8291 7401 959000
2499 7401 3
9739 7402 3
9000 7402 1
8293 7402 959000
2499 7402 3
9739 7403 3
9029 7403 1
8295 7403 959000
2499 7403 3
9732 7404 3
8384 7404 1
8249 7404 959000
588 7404 3
9732 7405 3
8409 7405 1
8251 7405 959000
588 7405 3
9732 7406 3
8434 7406 1
8253 7406 959000
588 7406 3
9733 7407 3
8460 7407 1
8255 7407 959000
861 7407 3
9733 7408 3
8486 7408 1
8257 7408 959000
861 7408 3
9733 7409 3
8512 7409 1
8259 7409 959000
861 7409 3
9734 7410 3
8539 7410 1
8261 7410 959000
1134 7410 3
9734 7411 3
8567 7411 1
8263 7411 959000
1134 7411 3
9734 7412 3
8595 7412 1
8265 7412 959000
1134 7412 3
9735 7413 3
8624 7413 1
8267 7413 959000
1407 7413 3
9735 7414 3
8653 7414 1
8269 7414 959000
1407 7414 3
9735 7415 3
8682 7415 1
8271 7415 959000
1407 7415 3
9736 7416 3
8711 7416 1
8273 7416 959000
1680 7416 3
9736 7417 3
8740 7417 1
8275 7417 959000
1680 7417 3
9736 7418 3
8769 7418 1
8277 7418 959000
1680 7418 3
9737 7419 3
8798 7419 1
8279 7419 959000
1953 7419 3
9737 7420 3
8827 7420 1
8281 7420 959000
1953 7420 3
9737 7421 3
8856 7421 1
8283 7421 959000
1953 7421 3
9738 7422 3
8885 7422 1
8285 7422 959000
2226 7422 3
9738 7423 3
8914 7423 1
8287 7423 959000
2226 7423 3
9738 7424 3
8943 7424 1
8289 7424 959000
2226 7424 3
9739 7425 3
8972 7425 1
8291 7425 959000
2499 7425 3
9739 7426 3
9001 7426 1
8293 7426 959000
2499 7426 3
9739 7427 3
9030 7427 1
8295 7427 959000
2499 7427 3
9731 7428 3
8327 7428 1
8243 7428 959000
315 7428 3
9731 7429 3
8344 7429 1
8245 7429 959000
315 7429 3
9731 7430 3
8361 7430 1
8247 7430 959000
315 7430 3
9732 7431 3
8385 7431 250000
8249 7431 959000
588 7431 3
9732 7432 3
8410 7432 125000
8251 7432 959000
588 7432 3
9732 7433 3
8435 7433 250000
8253 7433 959000
588 7433 3
9733 7434 3
8461 7434 250000
8255 7434 959000
861 7434 3
9733 7435 3
8487 7435 125000
8257 7435 959000
861 7435 3
9733 7436 3
8513 7436 250000
8259 7436 959000
861 7436 3
9734 7437 3
8540 7437 1
8261 7437 959000
1134 7437 3
9734 7438 3
8568 7438 1
8263 7438 959000
1134 7438 3
9734 7439 3
8596 7439 1
8265 7439 959000
1134 7439 3
9735 7440 3
8625 7440 1
8267 7440 959000
1407 7440 3
9735 7441 3
8654 7441 1
8269 7441 959000
1407 7441 3
9735 7442 3
8683 7442 1
8271 7442 959000
1407 7442 3
9736 7443 3
8712 7443 1
8273 7443 959000
1680 7443 3
9736 7444 3
8741 7444 1
8275 7444 959000
1680 7444 3
9736 7445 3
8770 7445 1
8277 7445 959000
1680 7445 3
9737 7446 3
8799 7446 1
8279 7446 959000
1953 7446 3
9737 7447 3
8828 7447 1
8281 7447 959000
1953 7447 3
9737 7448 3
8857 7448 1
8283 7448 959000
1953 7448 3
9738 7449 3
8886 7449 1
8285 7449 959000
2226 7449 3
9738 7450 3
8915 7450 1
8287 7450 959000
2226 7450 3
9738 7451 3
8944 7451 1
8289 7451 959000
2226 7451 3
9739 7452 3
8973 7452 1
8291 7452 959000
2499 7452 3
9739 7453 3
9002 7453 1
8293 7453 959000
2499 7453 3
9739 7454 3
9031 7454 1
8295 7454 959000
2499 7454 3
9731 7455 3
8328 7455 1
8243 7455 959000
315 7455 3
9731 7456 3
8345 7456 1
8245 7456 959000
315 7456 3
9731 7457 3
8362 7457 1
8247 7457 959000
315 7457 3
9732 7458 3
8386 7458 1
8249 7458 959000
588 7458 3
9732 7459 3
8411 7459 1
8251 7459 959000
588 7459 3
9732 7460 3
8436 7460 1
8253 7460 959000
588 7460 3
9733 7461 3
8462 7461 200000
8255 7461 959000
861 7461 3
9733 7462 3
8488 7462 100000
8257 7462 959000
861 7462 3
9733 7463 3
8514 7463 200000
8259 7463 959000
861 7463 3
9734 7464 3
8541 7464 1
8261 7464 959000
1134 7464 3
9734 7465 3
8569 7465 1
8263 7465 959000
1134 7465 3
9734 7466 3
8597 7466 1
8265 7466 959000
1134 7466 3
9735 7467 3
8626 7467 1
8267 7467 959000
1407 7467 3
9735 7468 3
8655 7468 1
8269 7468 959000
1407 7468 3
9735 7469 3
8684 7469 1
8271 7469 959000
1407 7469 3
9736 7470 3
8713 7470 200000
8273 7470 959000
1680 7470 3
9736 7471 3
8742 7471 100000
8275 7471 959000
1680 7471 3
9736 7472 3
8771 7472 200000
8277 7472 959000
1680 7472 3
9737 7473 3
8800 7473 1
8279 7473 959000
1953 7473 3
9737 7474 3
8829 7474 1
8281 7474 959000
1953 7474 3
9737 7475 3
8858 7475 1
8283 7475 959000
1953 7475 3
9738 7476 3
8887 7476 1
8285 7476 959000
2226 7476 3
9738 7477 3
8916 7477 1
8287 7477 959000
2226 7477 3
9738 7478 3
8945 7478 1
8289 7478 959000
2226 7478 3
9739 7479 3
8974 7479 1
8291 7479 959000
2499 7479 3
9739 7480 3
9003 7480 1
8293 7480 959000
2499 7480 3
9739 7481 3
9032 7481 1
8295 7481 959000
2499 7481 3
9732 7482 3
8387 7482 100000
8249 7482 959000
588 7482 3
9732 7483 3
8412 7483 50000
8251 7483 959000
588 7483 3
9732 7484 3
8437 7484 100000
8253 7484 959000
588 7484 3
9733 7485 3
8463 7485 1
8255 7485 959000
861 7485 3
9733 7486 3
8489 7486 1
8257 7486 959000
861 7486 3
9733 7487 3
8515 7487 1
8259 7487 959000
861 7487 3
9734 7488 3
8542 7488 1
8261 7488 959000
1134 7488 3
9734 7489 3
8570 7489 1
8263 7489 959000
1134 7489 3
9734 7490 3
8598 7490 1
8265 7490 959000
1134 7490 3
9735 7491 3
8627 7491 1
8267 7491 959000
1407 7491 3
9735 7492 3
8656 7492 1
8269 7492 959000
1407 7492 3
9735 7493 3
8685 7493 1
8271 7493 959000
1407 7493 3
9736 7494 3
8714 7494 1
8273 7494 959000
1680 7494 3
9736 7495 3
8743 7495 1
8275 7495 959000
1680 7495 3
9736 7496 3
8772 7496 1
8277 7496 959000
1680 7496 3
9737 7497 3
8801 7497 1
8279 7497 959000
1953 7497 3
9737 7498 3
8830 7498 1
8281 7498 959000
1953 7498 3
9737 7499 3
8859 7499 1
8283 7499 959000
1953 7499 3
9738 7500 3
8888 7500 1
8285 7500 959000
2226 7500 3
9738 7501 3
8917 7501 1
8287 7501 959000
2226 7501 3
9738 7502 3
8946 7502 1
8289 7502 959000
2226 7502 3
9739 7503 3
8975 7503 1
8291 7503 959000
2499 7503 3
9739 7504 3
9004 7504 1
8293 7504 959000
2499 7504 3
9739 7505 3
9033 7505 1
8295 7505 959000
2499 7505 3
9734 7506 3
8543 7506 1000000
8261 7506 959000
1134 7506 3
9734 7507 3
8571 7507 1000000
8263 7507 959000
1134 7507 3
9734 7508 3
8599 7508 1000000
8265 7508 959000
1134 7508 3
9735 7509 3
8628 7509 1
8267 7509 959000
1407 7509 3
9735 7510 3
8657 7510 1
8269 7510 959000
1407 7510 3
9735 7511 3
8686 7511 1
8271 7511 959000
1407 7511 3
9736 7512 3
8715 7512 1
8273 7512 959000
1680 7512 3
9736 7513 3
8744 7513 1
8275 7513 959000
1680 7513 3
9736 7514 3
8773 7514 1
8277 7514 959000
1680 7514 3
9737 7515 3
8802 7515 1
8279 7515 959000
1953 7515 3
9737 7516 3
8831 7516 1
8281 7516 959000
1953 7516 3
9737 7517 3
8860 7517 1
8283 7517 959000
1953 7517 3
9738 7518 3
8889 7518 1
8285 7518 959000
2226 7518 3
9738 7519 3
8918 7519 1
8287 7519 959000
2226 7519 3
9738 7520 3
8947 7520 1
8289 7520 959000
2226 7520 3
9739 7521 3
8976 7521 1000000
8291 7521 959000
2499 7521 3
9739 7522 3
9005 7522 1000000
8293 7522 959000
2499 7522 3
9739 7523 3
9034 7523 1000000
8295 7523 959000
2499 7523 3
8329 7524 1
8243 7524 1000000
8346 7525 1
8245 7525 1000000
8363 7526 1
8247 7526 1000000
8388 7527 125000
8249 7527 1000000
8413 7528 500000
8251 7528 1000000
8438 7529 125000
8253 7529 1000000
8464 7530 1
8255 7530 1000000
8490 7531 1
8257 7531 1000000
8516 7532 1
8259 7532 1000000
8544 7533 1
8261 7533 1000000
8572 7534 1
8263 7534 1000000
8600 7535 1
8265 7535 1000000
8629 7536 125000
8267 7536 1000000
8658 7537 500000
8269 7537 1000000
8687 7538 125000
8271 7538 1000000
8716 7539 1
8273 7539 1000000
8745 7540 1
8275 7540 1000000
8774 7541 1
8277 7541 1000000
8803 7542 1
8279 7542 1000000
8832 7543 1
8281 7543 1000000
8861 7544 1
8283 7544 1000000
8890 7545 1
8285 7545 1000000
8919 7546 1
8287 7546 1000000
8948 7547 1
8289 7547 1000000
8977 7548 1
8291 7548 1000000
9006 7549 1
8293 7549 1000000
9035 7550 1
8295 7550 1000000
8330 7551 1
8243 7551 1000000
251 7551 -5399
8389 7552 1000000
8249 7552 1000000
524 7552 -2
8465 7553 1
8255 7553 1000000
797 7553 -2
8491 7554 1
8257 7554 1000000
797 7554 -2
8517 7555 1
8259 7555 1000000
797 7555 -2
8545 7556 1
8261 7556 1000000
1070 7556 -2
8573 7557 1
8263 7557 1000000
1070 7557 -2
8601 7558 1
8265 7558 1000000
1070 7558 -2
8659 7559 1000000
8269 7559 1000000
1343 7559 -2
8688 7560 1000000
8271 7560 1000000
1343 7560 -2
8717 7561 1
8273 7561 1000000
1616 7561 -2
8775 7562 1
8277 7562 1000000
1616 7562 -2
8804 7563 1000000
8279 7563 1000000
1889 7563 -2
8833 7564 1000000
8281 7564 1000000
1889 7564 -2
8862 7565 1000000
8283 7565 1000000
1889 7565 -2
8891 7566 1000000
8285 7566 1000000
2162 7566 -2
8920 7567 1000000
8287 7567 1000000
2162 7567 -2
8949 7568 1000000
8289 7568 1000000
2162 7568 -2
8978 7569 1000000
8291 7569 1000000
2435 7569 -2
9007 7570 1000000
8293 7570 1000000
2435 7570 -2
9036 7571 1000000
8295 7571 1000000
2435 7571 -2
9632 7572 -911050
9199 7572 50000
8262 7572 959000
1014 7572 -327980
39 7572 431000
21 7572 629000
3 7572 257000
9623 7573 -911050
9046 7573 5000
8244 7573 959000
9624 7574 -455525
9061 7574 5000
8246 7574 959000
9625 7575 -911050
9076 7575 5000
8248 7575 959000
9626 7576 -911050
9092 7576 5000
8250 7576 959000
9627 7577 -455525
9110 7577 5000
8252 7577 959000
9628 7578 -911050
9128 7578 5000
8254 7578 959000
9629 7579 -911050
9147 7579 5000
8256 7579 959000
9630 7580 -455525
9166 7580 5000
8258 7580 959000
9631 7581 -911050
9185 7581 5000
8260 7581 959000
9632 7582 -911050
9205 7582 5000
8262 7582 959000
9633 7583 -455525
9226 7583 5000
8264 7583 959000
9634 7584 -911050
9247 7584 5000
8266 7584 959000
9635 7585 -911050
9269 7585 5000
8268 7585 959000
9636 7586 -455525
9291 7586 5000
8270 7586 959000
9637 7587 -911050
9313 7587 5000
8272 7587 959000
9638 7588 -911050
9335 7588 5000
8274 7588 959000
9639 7589 -455525
9357 7589 5000
8276 7589 959000
9640 7590 -911050
9379 7590 5000
8278 7590 959000
9641 7591 -911050
9401 7591 5000
8280 7591 959000
9642 7592 -455525
9423 7592 5000
8282 7592 959000
9643 7593 -911050
9445 7593 5000
8284 7593 959000
9644 7594 -911050
9467 7594 5000
8286 7594 959000
9645 7595 -455525
9489 7595 5000
8288 7595 959000
9646 7596 -911050
9511 7596 5000
8290 7596 959000
9647 7597 -911050
9533 7597 5000
8292 7597 959000
9648 7598 -455525
9555 7598 5000
8294 7598 959000
9649 7599 -911050
9577 7599 5000
8296 7599 959000
9731 7600 3
9623 7600 -911050
9047 7600 1
8244 7600 959000
315 7600 3
9731 7601 3
9624 7601 -455525
9062 7601 1
8246 7601 959000
315 7601 3
9731 7602 3
9625 7602 -911050
9077 7602 1
8248 7602 959000
315 7602 3
9732 7603 3
9627 7603 -455525
9111 7603 25000
8252 7603 959000
588 7603 3
9732 7604 3
9628 7604 -911050
9129 7604 25000
8254 7604 959000
588 7604 3
9733 7605 3
9629 7605 -911050
9148 7605 1
8256 7605 959000
861 7605 3
9733 7606 3
9630 7606 -455525
9167 7606 1
8258 7606 959000
861 7606 3
9733 7607 3
9631 7607 -911050
9186 7607 1
8260 7607 959000
861 7607 3
9734 7608 3
9632 7608 -911050
9206 7608 1
8262 7608 959000
1134 7608 3
9735 7609 3
9635 7609 -911050
9270 7609 1
8268 7609 959000
1407 7609 3
9735 7610 3
9637 7610 -911050
9314 7610 1
8272 7610 959000
1407 7610 3
9736 7611 3
9638 7611 -911050
9336 7611 1
8274 7611 959000
1680 7611 3
9737 7612 3
9641 7612 -911050
9402 7612 1
8280 7612 959000
1953 7612 3
9739 7613 3
9647 7613 -911050
9534 7613 1
8292 7613 959000
2499 7613 3
9739 7614 3
9648 7614 -455525
9556 7614 1
8294 7614 959000
2499 7614 3
9739 7615 3
9649 7615 -911050
9578 7615 1
8296 7615 959000
2499 7615 3
9732 7616 3
9627 7616 -455525
9112 7616 1
8252 7616 959000
588 7616 3
9732 7617 3
9628 7617 -911050
9130 7617 1
8254 7617 959000
588 7617 3
9733 7618 3
9629 7618 -911050
9149 7618 1
8256 7618 959000
861 7618 3
9733 7619 3
9630 7619 -455525
9168 7619 1
8258 7619 959000
861 7619 3
9733 7620 3
9631 7620 -911050
9187 7620 1
8260 7620 959000
861 7620 3
9734 7621 3
9632 7621 -911050
9207 7621 1
8262 7621 959000
1134 7621 3
9735 7622 3
9635 7622 -911050
9271 7622 1
8268 7622 959000
1407 7622 3
9735 7623 3
9637 7623 -911050
9315 7623 1
8272 7623 959000
1407 7623 3
9736 7624 3
9638 7624 -911050
9337 7624 1
8274 7624 959000
1680 7624 3
9737 7625 3
9641 7625 -911050
9403 7625 1
8280 7625 959000
1953 7625 3
9738 7626 3
9644 7626 -911050
9469 7626 1
8286 7626 959000
2226 7626 3
9739 7627 3
9647 7627 -911050
9535 7627 1
8292 7627 959000
2499 7627 3
9739 7628 3
9648 7628 -455525
9557 7628 1
8294 7628 959000
2499 7628 3
9739 7629 3
9649 7629 -911050
9579 7629 1
8296 7629 959000
2499 7629 3
9731 7630 3
9623 7630 -911050
9048 7630 1
8244 7630 959000
315 7630 3
9731 7631 3
9624 7631 -455525
9063 7631 1
8246 7631 959000
315 7631 3
9731 7632 3
9625 7632 -911050
9078 7632 1
8248 7632 959000
315 7632 3
9732 7633 3
9627 7633 -455525
9113 7633 6250
8252 7633 959000
588 7633 3
9732 7634 3
9628 7634 -911050
9131 7634 6250
8254 7634 959000
588 7634 3
9733 7635 3
9629 7635 -911050
9150 7635 6250
8256 7635 959000
861 7635 3
9733 7636 3
9630 7636 -455525
9169 7636 6250
8258 7636 959000
861 7636 3
9733 7637 3
9631 7637 -911050
9188 7637 6250
8260 7637 959000
861 7637 3
9734 7638 3
9632 7638 -911050
9208 7638 1
8262 7638 959000
1134 7638 3
9735 7639 3
9635 7639 -911050
9272 7639 1
8268 7639 959000
1407 7639 3
9735 7640 3
9637 7640 -911050
9316 7640 1
8272 7640 959000
1407 7640 3
9736 7641 3
9638 7641 -911050
9338 7641 1
8274 7641 959000
1680 7641 3
9737 7642 3
9641 7642 -911050
9404 7642 1
8280 7642 959000
1953 7642 3
9739 7643 3
9647 7643 -911050
9536 7643 1
8292 7643 959000
2499 7643 3
9739 7644 3
9648 7644 -455525
9558 7644 1
8294 7644 959000
2499 7644 3
9739 7645 3
9649 7645 -911050
9580 7645 1
8296 7645 959000
2499 7645 3
9731 7646 3
9623 7646 -911050
9049 7646 1
8244 7646 959000
315 7646 3
9731 7647 3
9624 7647 -455525
9064 7647 1
8246 7647 959000
315 7647 3
9731 7648 3
9625 7648 -911050
9079 7648 1
8248 7648 959000
315 7648 3
9732 7649 3
9627 7649 -455525
9114 7649 1
8252 7649 959000
588 7649 3
9732 7650 3
9628 7650 -911050
9132 7650 1
8254 7650 959000
588 7650 3
9733 7651 3
9629 7651 -911050
9151 7651 50000
8256 7651 959000
861 7651 3
9733 7652 3
9630 7652 -455525
9170 7652 50000
8258 7652 959000
861 7652 3
9733 7653 3
9631 7653 -911050
9189 7653 50000
8260 7653 959000
861 7653 3
9734 7654 3
9632 7654 -911050
9209 7654 1
8262 7654 959000
1134 7654 3
9735 7655 3
9635 7655 -911050
9273 7655 1
8268 7655 959000
1407 7655 3
9735 7656 3
9637 7656 -911050
9317 7656 1
8272 7656 959000
1407 7656 3
9736 7657 3
9638 7657 -911050
9339 7657 50000
8274 7657 959000
1680 7657 3
9737 7658 3
9641 7658 -911050
9405 7658 1
8280 7658 959000
1953 7658 3
9738 7659 3
9644 7659 -911050
9471 7659 1
8286 7659 959000
2226 7659 3
9739 7660 3
9647 7660 -911050
9537 7660 1
8292 7660 959000
2499 7660 3
9739 7661 3
9648 7661 -455525
9559 7661 1
8294 7661 959000
2499 7661 3
9739 7662 3
9649 7662 -911050
9581 7662 1
8296 7662 959000
2499 7662 3
9732 7663 3
9627 7663 -455525
9115 7663 2500
8252 7663 959000
588 7663 3
9732 7664 3
9628 7664 -911050
9133 7664 2500
8254 7664 959000
588 7664 3
9733 7665 3
9629 7665 -911050
9152 7665 1
8256 7665 959000
861 7665 3
9733 7666 3
9630 7666 -455525
9171 7666 1
8258 7666 959000
861 7666 3
9733 7667 3
9631 7667 -911050
9190 7667 1
8260 7667 959000
861 7667 3
9734 7668 3
9632 7668 -911050
9210 7668 1
8262 7668 959000
1134 7668 3
9735 7669 3
9635 7669 -911050
9274 7669 1
8268 7669 959000
1407 7669 3
9735 7670 3
9637 7670 -911050
9318 7670 1
8272 7670 959000
1407 7670 3
9736 7671 3
9638 7671 -911050
9340 7671 1
8274 7671 959000
1680 7671 3
9737 7672 3
9641 7672 -911050
9406 7672 1
8280 7672 959000
1953 7672 3
9738 7673 3
9644 7673 -911050
9472 7673 1
8286 7673 959000
2226 7673 3
9739 7674 3
9647 7674 -911050
9538 7674 1
8292 7674 959000
2499 7674 3
9739 7675 3
9649 7675 -911050
9582 7675 1
8296 7675 959000
2499 7675 3
9734 7676 3
9632 7676 -911050
9211 7676 50000
8262 7676 959000
1134 7676 3
9735 7677 3
9635 7677 -911050
9275 7677 1
8268 7677 959000
1407 7677 3
9735 7678 3
9637 7678 -911050
9319 7678 1
8272 7678 959000
1407 7678 3
9736 7679 3
9638 7679 -911050
9341 7679 1
8274 7679 959000
1680 7679 3
9737 7680 3
9641 7680 -911050
9407 7680 1
8280 7680 959000
1953 7680 3
9738 7681 3
9644 7681 -911050
9473 7681 1
8286 7681 959000
2226 7681 3
9739 7682 3
9647 7682 -911050
9539 7682 50000
8292 7682 959000
2499 7682 3
9739 7683 3
9648 7683 -455525
9561 7683 50000
8294 7683 959000
2499 7683 3
9739 7684 3
9649 7684 -911050
9583 7684 50000
8296 7684 959000
2499 7684 3
9623 7685 -950000
9050 7685 1
8244 7685 1000000
9624 7686 -475000
9065 7686 1
8246 7686 1000000
9625 7687 -950000
9080 7687 1
8248 7687 1000000
9626 7688 -950000
9098 7688 10000
8250 7688 1000000
9627 7689 -475000
9116 7689 10000
8252 7689 1000000
9628 7690 -950000
9134 7690 10000
8254 7690 1000000
9629 7691 -950000
9153 7691 1
8256 7691 1000000
9630 7692 -475000
9172 7692 1
8258 7692 1000000
9631 7693 -950000
9191 7693 1
8260 7693 1000000
9632 7694 -950000
9212 7694 1
8262 7694 1000000
9633 7695 -475000
9233 7695 1
8264 7695 1000000
9634 7696 -950000
9254 7696 1
8266 7696 1000000
9635 7697 -950000
9276 7697 10000
8268 7697 1000000
9636 7698 -475000
9298 7698 10000
8270 7698 1000000
9637 7699 -950000
9320 7699 10000
8272 7699 1000000
9638 7700 -950000
9342 7700 1
8274 7700 1000000
9639 7701 -475000
9364 7701 1
8276 7701 1000000
9640 7702 -950000
9386 7702 1
8278 7702 1000000
9641 7703 -950000
9408 7703 1
8280 7703 1000000
9642 7704 -475000
9430 7704 1
8282 7704 1000000
9643 7705 -950000
9452 7705 1
8284 7705 1000000
9644 7706 -950000
9474 7706 1
8286 7706 1000000
9645 7707 -475000
9496 7707 1
8288 7707 1000000
9646 7708 -950000
9518 7708 1
8290 7708 1000000
9647 7709 -950000
9540 7709 1
8292 7709 1000000
9648 7710 -475000
9562 7710 1
8294 7710 1000000
9649 7711 -950000
9584 7711 1
8296 7711 1000000
10503 7712 -153714
10726 7712 694
10725 7712 -3400002
10504 7712 388
10502 7712 -125
2188 7712 -1497
2019 7712 -1
2025 7712 641600
10286 7713 -415932
10565 7713 694
10564 7713 -3400002
10287 7713 388
10285 7713 -125
277 7713 -1497
109 7713 -1
114 7713 642208
10317 7714 -415932
10588 7714 694
10587 7714 -1700001
10318 7714 388
10316 7714 -125
550 7714 -1497
382 7714 -1
387 7714 642208
10503 7715 -207966
10726 7715 694
10725 7715 -3400002
10504 7715 388
10502 7715 -125
2188 7715 -1497
2020 7715 -1
2025 7715 642208
10286 7716 -328887
10565 7716 85
10564 7716 25400000
10287 7716 -221
10285 7716 -154
277 7716 -1497
110 7716 -200
114 7716 611143
10317 7717 -328887
10588 7717 85
10587 7717 12700000
10318 7717 -221
10316 7717 -154
550 7717 -1497
383 7717 -200
387 7717 611143
10317 7718 -387918
10588 7718 85
10587 7718 12700000
10318 7718 -221
10316 7718 -154
550 7718 -1497
384 7718 -200
387 7718 611483
10379 7719 -387918
10634 7719 85
10633 7719 254
10380 7719 -221
10378 7719 -154
1096 7719 -1497
930 7719 -200
933 7719 611483
10286 7720 -371082
10565 7720 -281
10564 7720 15800000
10287 7720 -587
10285 7720 55
277 7720 -1497
121 7720 -100
114 7720 591745
10503 7721 -185541
10726 7721 -281
10725 7721 15800000
10504 7721 -587
10502 7721 55
2188 7721 -1497
2032 7721 -100
2025 7721 591745
10286 7722 -396658
10565 7722 275
10564 7722 -3700001
10287 7722 -31
10285 7722 55
277 7722 -1497
122 7722 -100
114 7722 621359
10410 7723 -396658
10657 7723 275
10656 7723 -3700001
10411 7723 -31
10409 7723 55
1369 7723 -1497
1214 7723 -100
1206 7723 621359
10441 7724 -396658
10680 7724 275
10679 7724 -3700001
10442 7724 -31
10440 7724 55
1642 7724 -1497
1487 7724 -100
1479 7724 621359
10472 7725 -396658
10703 7725 275
10702 7725 -3700001
10473 7725 -31
10471 7725 55
1915 7725 -1497
1760 7725 -100
1752 7725 621359
10503 7726 -198329
10726 7726 275
10725 7726 -3700001
10504 7726 -31
10502 7726 55
2188 7726 -1497
2033 7726 -100
2025 7726 621359
10348 7727 -118062
10611 7727 85
10610 7727 21400000
10349 7727 -221
10347 7727 -154
823 7727 -14970
670 7727 -20
660 7727 610609
10410 7728 -236124
10657 7728 85
10656 7728 21400000
10411 7728 -221
10409 7728 -154
1369 7728 -1497
1216 7728 -20
1206 7728 610609
10441 7729 -236124
10680 7729 85
10679 7729 21400000
10442 7729 -221
10440 7729 -154
1642 7729 -1497
1489 7729 -20
1479 7729 610609
10472 7730 -236124
10703 7730 85
10702 7730 21400000
10473 7730 -221
10471 7730 -154
1915 7730 -1497
1762 7730 -20
1752 7730 610609
10503 7731 -118062
10726 7731 85
10725 7731 21400000
10504 7731 -221
10502 7731 -154
2188 7731 -1497
2035 7731 -20
2025 7731 610609
10534 7732 -236124
10749 7732 85
10748 7732 10700000
10535 7732 -221
10533 7732 -154
2461 7732 -1497
2308 7732 -20
2298 7732 610609
10317 7733 -383082
10588 7733 -530
10587 7733 549999
10318 7733 -836
10316 7733 575
550 7733 -1497
399 7733 -200
387 7733 577935
10348 7734 -191541
10611 7734 -530
10610 7734 1099998
10349 7734 -836
10347 7734 575
823 7734 -14970
672 7734 -200
660 7734 577935
10503 7735 -191541
10726 7735 -530
10725 7735 1099998
10504 7735 -836
10502 7735 575
2188 7735 -1497
2037 7735 -200
2025 7735 577935
10534 7736 -383082
10749 7736 -530
10748 7736 549999
10535 7736 -836
10533 7736 575
2461 7736 -1497
2310 7736 -200
2298 7736 577935
10379 7737 -400526
10634 7737 -174
10633 7737 -81
10380 7737 -480
10378 7737 575
1096 7737 -1497
946 7737 -200
933 7737 597753
10410 7738 -400526
10657 7738 -174
10656 7738 -8100000
10411 7738 -480
10409 7738 575
1369 7738 -1497
1219 7738 -200
1206 7738 597753
10503 7739 -200263
10726 7739 -174
10725 7739 -8100000
10504 7739 -480
10502 7739 575
2188 7739 -1497
2038 7739 -200
2025 7739 597753
10534 7740 -400526
10749 7740 -174
10748 7740 -4050000
10535 7740 -480
10533 7740 575
2461 7740 -1497
2311 7740 -200
2298 7740 597753
10348 7741 -209950
10611 7741 50
10610 7741 -5299999
10349 7741 -256
10347 7741 225
823 7741 -14970
696 7741 -1
660 7741 609829
10410 7742 -419900
10657 7742 50
10656 7742 -5299999
10411 7742 -256
10409 7742 225
1369 7742 -1497
1242 7742 -1
1206 7742 609829
10503 7743 -209950
10726 7743 50
10725 7743 -5299999
10504 7743 -256
10502 7743 225
2188 7743 -1497
2061 7743 -1
2025 7743 609829
10286 7744 -282345
10565 7744 -281
10564 7744 11800000
10287 7744 -587
10285 7744 55
277 7744 -1497
161 7744 -100
114 7744 591227
10379 7745 -282345
10634 7745 -281
10633 7745 118
10380 7745 -587
10378 7745 55
1096 7745 -1497
980 7745 -100
933 7745 591227
10410 7746 -282345
10657 7746 -281
10656 7746 11800000
10411 7746 -587
10409 7746 55
1369 7746 -1497
1253 7746 -100
1206 7746 591227
10441 7747 -282345
10680 7747 -281
10679 7747 11800000
10442 7747 -587
10440 7747 55
1642 7747 -1497
1526 7747 -100
1479 7747 591227
10472 7748 -282345
10703 7748 -281
10702 7748 11800000
10473 7748 -587
10471 7748 55
1915 7748 -1497
1799 7748 -100
1752 7748 591227
10534 7749 -282345
10749 7749 -281
10748 7749 5900000
10535 7749 -587
10533 7749 55
2461 7749 -1497
2345 7749 -100
2298 7749 591227
10286 7750 -301805
10565 7750 275
10564 7750 -7700001
10287 7750 -31
10285 7750 55
277 7750 -1497
163 7750 -1
114 7750 620817
10286 7751 1007490
10565 7751 811
10564 7751 -15100000
10287 7751 505
10285 7751 -125
277 7751 -1497
165 7751 -200
114 7751 639824
10317 7752 1007490
10588 7752 811
10587 7752 -7550000
10318 7752 505
10316 7752 -125
550 7752 -1497
438 7752 -200
387 7752 639824
10348 7753 503745
10611 7753 811
10610 7753 -15100000
10349 7753 505
10347 7753 -125
823 7753 -14970
711 7753 -200
660 7753 639824
10410 7754 1007490
10657 7754 811
10656 7754 -15100000
10411 7754 505
10409 7754 -125
1369 7754 -1497
1257 7754 -200
1206 7754 639824
10441 7755 1007490
10680 7755 811
10679 7755 -15100000
10442 7755 505
10440 7755 -125
1642 7755 -1497
1530 7755 -200
1479 7755 639824
10534 7756 1007490
10749 7756 811
10748 7756 -7550000
10535 7756 505
10533 7756 -125
2461 7756 -1497
2349 7756 -200
2298 7756 639824
10317 7757 -183180
10588 7757 811
10587 7757 -7550000
10318 7757 505
10316 7757 -125
550 7757 -1497
439 7757 -2000
387 7757 646467
10441 7758 -183180
10680 7758 811
10679 7758 -15100000
10442 7758 505
10440 7758 -125
1642 7758 -1497
1531 7758 -2000
1479 7758 646467
10472 7759 -183180
10703 7759 811
10702 7759 -15100000
10473 7759 505
10471 7759 -125
1915 7759 -1497
1804 7759 -2000
1752 7759 646467
10534 7760 -183180
10749 7760 811
10748 7760 -7550000
10535 7760 505
10533 7760 -125
2461 7760 -1497
2350 7760 -2000
2298 7760 646467
10534 7761 412155
10749 7761 811
10748 7761 -7550000
10535 7761 505
10533 7761 -125
2461 7761 -1497
2351 7761 -200
2298 7761 643146
10291 7762 -160340
10567 7762 517
10292 7762 7
277 7762 -1497
151 7762 -200
159 7762 589165
10322 7763 -160340
10590 7763 517
10323 7763 7
550 7763 -1497
424 7763 -200
432 7763 589165
10353 7764 -8017
10613 7764 517
10354 7764 7
823 7764 -14970
697 7764 -200
705 7764 589165
10384 7765 -8017
10636 7765 517
10385 7765 7
1096 7765 -1497
970 7765 -200
978 7765 589165
10415 7766 -160340
10659 7766 517
10416 7766 7
1369 7766 -1497
1243 7766 -200
1251 7766 589165
10446 7767 -8017
10682 7767 517
10447 7767 7
1642 7767 -1497
1516 7767 -200
1524 7767 589165
10477 7768 -160340
10705 7768 517
10478 7768 7
1915 7768 -1497
1789 7768 -200
1797 7768 589165
10508 7769 -160340
10728 7769 517
10509 7769 7
2188 7769 -1497
2062 7769 -200
2070 7769 589165
10539 7770 -160340
10751 7770 517
10540 7770 7
2461 7770 -1497
2335 7770 -200
2343 7770 589165
10353 7771 -5694
10613 7771 -1641
10354 7771 -2151
823 7771 -14970
742 7771 -10000
705 7771 453783
10384 7772 -5694
10636 7772 -1641
10385 7772 -2151
1096 7772 -1497
1015 7772 -200
978 7772 453783
10446 7773 -5694
10682 7773 -1641
10447 7773 -2151
1642 7773 -1497
1561 7773 -200
1524 7773 453783
10291 7774 -125343
10567 7774 -903
10292 7774 -1413
277 7774 -1497
238 7774 -100
159 7774 503848
10322 7775 -125343
10590 7775 -903
10323 7775 -1413
550 7775 -1497
511 7775 -100
432 7775 503848
10415 7776 -125343
10659 7776 -903
10416 7776 -1413
1369 7776 -1497
1330 7776 -100
1251 7776 503848
10477 7777 -125343
10705 7777 -903
10478 7777 -1413
1915 7777 -1497
1876 7777 -100
1797 7777 503848
10508 7778 -125343
10728 7778 -903
10509 7778 -1413
2188 7778 -1497
2149 7778 -100
2070 7778 503848
10539 7779 -125343
10751 7779 -903
10540 7779 -1413
2461 7779 -1497
2422 7779 -100
2343 7779 503848
10356 7780 -415932
10614 7780 694
10357 7780 280
10355 7780 -125
823 7780 -14970
655 7780 -1
717 7780 6422080
10418 7781 -415932
10660 7781 694
10419 7781 280
10417 7781 -125
1369 7781 -1497
1201 7781 -1
1263 7781 6422080
10294 7782 -328887
10568 7782 85
10295 7782 -329
10293 7782 -154
277 7782 -1497
110 7782 -200
171 7782 6111430
10325 7783 -328887
10591 7783 85
10326 7783 -329
10324 7783 -154
550 7783 -1497
383 7783 -200
444 7783 6111430
10356 7784 -328887
10614 7784 85
10357 7784 -329
10355 7784 -154
823 7784 -14970
656 7784 -200
717 7784 6111430
10387 7785 -328887
10637 7785 85
10388 7785 -329
10386 7785 -154
1096 7785 -1497
929 7785 -200
990 7785 6111430
10418 7786 -328887
10660 7786 85
10419 7786 -329
10417 7786 -154
1369 7786 -1497
1202 7786 -200
1263 7786 6111430
10449 7787 -328887
10683 7787 85
10450 7787 -329
10448 7787 -154
1642 7787 -1497
1475 7787 -200
1536 7787 6111430
10480 7788 -328887
10706 7788 85
10481 7788 -329
10479 7788 -154
1915 7788 -1497
1748 7788 -200
1809 7788 6111430
10511 7789 -328887
10729 7789 85
10512 7789 -329
10510 7789 -154
2188 7789 -1497
2021 7789 -200
2082 7789 6111430
10542 7790 -328887
10752 7790 85
10543 7790 -329
10541 7790 -154
2461 7790 -1497
2294 7790 -200
2355 7790 6111430
10294 7791 -387918
10568 7791 85
10295 7791 -329
10293 7791 -154
277 7791 -1497
111 7791 -200
171 7791 6114830
10356 7792 -387918
10614 7792 85
10357 7792 -329
10355 7792 -154
823 7792 -14970
657 7792 -200
717 7792 6114830
10387 7793 -387918
10637 7793 85
10388 7793 -329
10386 7793 -154
1096 7793 -1497
930 7793 -200
990 7793 6114830
10418 7794 -387918
10660 7794 85
10419 7794 -329
10417 7794 -154
1369 7794 -1497
1203 7794 -200
1263 7794 6114830
10449 7795 -387918
10683 7795 85
10450 7795 -329
10448 7795 -154
1642 7795 -1497
1476 7795 -200
1536 7795 6114830
10480 7796 -387918
10706 7796 85
10481 7796 -329
10479 7796 -154
1915 7796 -1497
1749 7796 -200
1809 7796 6114830
10511 7797 -387918
10729 7797 85
10512 7797 -329
10510 7797 -154
2188 7797 -1497
2022 7797 -200
2082 7797 6114830
10542 7798 -387918
10752 7798 85
10543 7798 -329
10541 7798 -154
2461 7798 -1497
2295 7798 -200
2355 7798 6114830
10325 7799 -371082
10591 7799 -281
10326 7799 -695
10324 7799 55
550 7799 -1497
394 7799 -100
444 7799 5917450
10356 7800 -371082
10614 7800 -281
10357 7800 -695
10355 7800 55
823 7800 -14970
667 7800 -100
717 7800 5917450
10387 7801 -371082
10637 7801 -281
10388 7801 -695
10386 7801 55
1096 7801 -1497
940 7801 -100
990 7801 5917450
10418 7802 -371082
10660 7802 -281
10419 7802 -695
10417 7802 55
1369 7802 -1497
1213 7802 -100
1263 7802 5917450
10449 7803 -371082
10683 7803 -281
10450 7803 -695
10448 7803 55
1642 7803 -1497
1486 7803 -100
1536 7803 5917450
10480 7804 -371082
10706 7804 -281
10481 7804 -695
10479 7804 55
1915 7804 -1497
1759 7804 -100
1809 7804 5917450
10511 7805 -371082
10729 7805 -281
10512 7805 -695
10510 7805 55
2188 7805 -1497
2032 7805 -100
2082 7805 5917450
10542 7806 -371082
10752 7806 -281
10543 7806 -695
10541 7806 55
2461 7806 -1497
2305 7806 -100
2355 7806 5917450
10325 7807 -396658
10591 7807 275
10326 7807 -139
10324 7807 55
550 7807 -1497
395 7807 -100
444 7807 6213590
10356 7808 -396658
10614 7808 275
10357 7808 -139
10355 7808 55
823 7808 -14970
668 7808 -100
717 7808 6213590
10387 7809 -396658
10637 7809 275
10388 7809 -139
10386 7809 55
1096 7809 -1497
941 7809 -100
990 7809 6213590
10418 7810 -396658
10660 7810 275
10419 7810 -139
10417 7810 55
1369 7810 -1497
1214 7810 -100
1263 7810 6213590
10480 7811 -396658
10706 7811 275
10481 7811 -139
10479 7811 55
1915 7811 -1497
1760 7811 -100
1809 7811 6213590
10542 7812 -396658
10752 7812 275
10543 7812 -139
10541 7812 55
2461 7812 -1497
2306 7812 -100
2355 7812 6213590
10294 7813 -236124
10568 7813 85
10295 7813 -329
10293 7813 -154
277 7813 -1497
124 7813 -20
171 7813 6106090
10325 7814 -236124
10591 7814 85
10326 7814 -329
10324 7814 -154
550 7814 -1497
397 7814 -20
444 7814 6106090
10356 7815 -236124
10614 7815 85
10357 7815 -329
10355 7815 -154
823 7815 -14970
670 7815 -20
717 7815 6106090
10387 7816 -236124
10637 7816 85
10388 7816 -329
10386 7816 -154
1096 7816 -1497
943 7816 -20
990 7816 6106090
10418 7817 -236124
10660 7817 85
10419 7817 -329
10417 7817 -154
1369 7817 -1497
1216 7817 -20
1263 7817 6106090
10449 7818 -236124
10683 7818 85
10450 7818 -329
10448 7818 -154
1642 7818 -1497
1489 7818 -20
1536 7818 6106090
10480 7819 -236124
10706 7819 85
10481 7819 -329
10479 7819 -154
1915 7819 -1497
1762 7819 -20
1809 7819 6106090
10511 7820 -236124
10729 7820 85
10512 7820 -329
10510 7820 -154
2188 7820 -1497
2035 7820 -20
2082 7820 6106090
10542 7821 -236124
10752 7821 85
10543 7821 -329
10541 7821 -154
2461 7821 -1497
2308 7821 -20
2355 7821 6106090
10294 7822 -383082
10568 7822 -530
10295 7822 -944
10293 7822 575
277 7822 -1497
126 7822 -200
171 7822 5779350
10325 7823 -383082
10591 7823 -530
10326 7823 -944
10324 7823 575
550 7823 -1497
399 7823 -200
444 7823 5779350
10356 7824 -383082
10614 7824 -530
10357 7824 -944
10355 7824 575
823 7824 -14970
672 7824 -200
717 7824 5779350
10387 7825 -383082
10637 7825 -530
10388 7825 -944
10386 7825 575
1096 7825 -1497
945 7825 -200
990 7825 5779350
10418 7826 -383082
10660 7826 -530
10419 7826 -944
10417 7826 575
1369 7826 -1497
1218 7826 -200
1263 7826 5779350
10449 7827 -383082
10683 7827 -530
10450 7827 -944
10448 7827 575
1642 7827 -1497
1491 7827 -200
1536 7827 5779350
10480 7828 -383082
10706 7828 -530
10481 7828 -944
10479 7828 575
1915 7828 -1497
1764 7828 -200
1809 7828 5779350
10511 7829 -383082
10729 7829 -530
10512 7829 -944
10510 7829 575
2188 7829 -1497
2037 7829 -200
2082 7829 5779350
10542 7830 -383082
10752 7830 -530
10543 7830 -944
10541 7830 575
2461 7830 -1497
2310 7830 -200
2355 7830 5779350
10325 7831 -400526
10591 7831 -174
10326 7831 -588
10324 7831 575
550 7831 -1497
400 7831 -200
444 7831 5977530
10356 7832 -400526
10614 7832 -174
10357 7832 -588
10355 7832 575
823 7832 -14970
673 7832 -200
717 7832 5977530
10449 7833 -400526
10683 7833 -174
10450 7833 -588
10448 7833 575
1642 7833 -1497
1492 7833 -200
1536 7833 5977530
10480 7834 -400526
10706 7834 -174
10481 7834 -588
10479 7834 575
1915 7834 -1497
1765 7834 -200
1809 7834 5977530
10449 7835 -419900
10683 7835 50
10450 7835 -364
10448 7835 225
1642 7835 -1497
1515 7835 -1
1536 7835 6098290
10542 7836 -419900
10752 7836 50
10543 7836 -364
10541 7836 225
2461 7836 -1497
2334 7836 -1
2355 7836 6098290
10325 7837 -282345
10591 7837 -281
10326 7837 -695
10324 7837 55
550 7837 -1497
434 7837 -100
444 7837 5912270
10356 7838 -282345
10614 7838 -281
10357 7838 -695
10355 7838 55
823 7838 -14970
707 7838 -100
717 7838 5912270
10387 7839 -282345
10637 7839 -281
10388 7839 -695
10386 7839 55
1096 7839 -1497
980 7839 -100
990 7839 5912270
10418 7840 -282345
10660 7840 -281
10419 7840 -695
10417 7840 55
1369 7840 -1497
1253 7840 -100
1263 7840 5912270
10449 7841 -282345
10683 7841 -281
10450 7841 -695
10448 7841 55
1642 7841 -1497
1526 7841 -100
1536 7841 5912270
10480 7842 -282345
10706 7842 -281
10481 7842 -695
10479 7842 55
1915 7842 -1497
1799 7842 -100
1809 7842 5912270
10511 7843 -282345
10729 7843 -281
10512 7843 -695
10510 7843 55
2188 7843 -1497
2072 7843 -100
2082 7843 5912270
10325 7844 -301805
10591 7844 275
10326 7844 -139
10324 7844 55
550 7844 -1497
436 7844 -1
444 7844 6208170
10356 7845 -301805
10614 7845 275
10357 7845 -139
10355 7845 55
823 7845 -14970
709 7845 -1
717 7845 6208170
10387 7846 -301805
10637 7846 275
10388 7846 -139
10386 7846 55
1096 7846 -1497
982 7846 -1
990 7846 6208170
10418 7847 -301805
10660 7847 275
10419 7847 -139
10417 7847 55
1369 7847 -1497
1255 7847 -1
1263 7847 6208170
10449 7848 -301805
10683 7848 275
10450 7848 -139
10448 7848 55
1642 7848 -1497
1528 7848 -1
1536 7848 6208170
10480 7849 -301805
10706 7849 275
10481 7849 -139
10479 7849 55
1915 7849 -1497
1801 7849 -1
1809 7849 6208170
10511 7850 -301805
10729 7850 275
10512 7850 -139
10510 7850 55
2188 7850 -1497
2074 7850 -1
2082 7850 6208170
10542 7851 -301805
10752 7851 275
10543 7851 -139
10541 7851 55
2461 7851 -1497
2347 7851 -1
2355 7851 6208170
10325 7852 1007490
10591 7852 811
10326 7852 397
10324 7852 -125
550 7852 -1497
438 7852 -200
444 7852 6398240
10356 7853 1007490
10614 7853 811
10357 7853 397
10355 7853 -125
823 7853 -14970
711 7853 -200
717 7853 6398240
10387 7854 1007490
10637 7854 811
10388 7854 397
10386 7854 -125
1096 7854 -1497
984 7854 -200
990 7854 6398240
10418 7855 1007490
10660 7855 811
10419 7855 397
10417 7855 -125
1369 7855 -1497
1257 7855 -200
1263 7855 6398240
10449 7856 1007490
10683 7856 811
10450 7856 397
10448 7856 -125
1642 7856 -1497
1530 7856 -200
1536 7856 6398240
10480 7857 1007490
10706 7857 811
10481 7857 397
10479 7857 -125
1915 7857 -1497
1803 7857 -200
1809 7857 6398240
10511 7858 1007490
10729 7858 811
10512 7858 397
10510 7858 -125
2188 7858 -1497
2076 7858 -200
2082 7858 6398240
10542 7859 1007490
10752 7859 811
10543 7859 397
10541 7859 -125
2461 7859 -1497
2349 7859 -200
2355 7859 6398240
10294 7860 -183180
10568 7860 811
10295 7860 397
10293 7860 -125
277 7860 -1497
166 7860 -2000
171 7860 6464670
10356 7861 -183180
10614 7861 811
10357 7861 397
10355 7861 -125
823 7861 -14970
712 7861 -10000
717 7861 6464670
10387 7862 -183180
10637 7862 811
10388 7862 397
10386 7862 -125
1096 7862 -1497
985 7862 -2000
990 7862 6464670
10418 7863 -183180
10660 7863 811
10419 7863 397
10417 7863 -125
1369 7863 -1497
1258 7863 -10000
1263 7863 6464670
10511 7864 -183180
10729 7864 811
10512 7864 397
10510 7864 -125
2188 7864 -1497
2077 7864 -2000
2082 7864 6464670
10294 7865 412155
10568 7865 811
10295 7865 397
10293 7865 -125
277 7865 -1497
167 7865 -200
171 7865 6431460
10325 7866 412155
10591 7866 811
10326 7866 397
10324 7866 -125
550 7866 -1497
440 7866 -40
444 7866 6431460
10480 7867 412155
10706 7867 811
10481 7867 397
10479 7867 -125
1915 7867 -1497
1805 7867 -1
1809 7867 6431460
10772 7868 -1
10771 7868 -1
10569 7868 1
8298 7868 -720
8297 7868 -720
8246 7868 -90
8245 7868 -150
8248 7868 -90
8247 7868 -150
8244 7868 -90
8243 7868 -150
94 7868 -100000
183 7868 403264
10774 7869 -1
10773 7869 -1
10592 7869 1
8300 7869 -720
8299 7869 -720
8252 7869 -90
8251 7869 -150
8254 7869 -90
8253 7869 -150
8250 7869 -90
8249 7869 -150
367 7869 -200
456 7869 403264
10776 7870 -1
10775 7870 -1
10615 7870 1
8302 7870 -720
8301 7870 -720
8258 7870 -90
8257 7870 -150
8260 7870 -90
8259 7870 -150
8256 7870 -90
8255 7870 -150
640 7870 -20000
729 7870 403264
10778 7871 -1
10777 7871 -1
10638 7871 1
8304 7871 -720
8303 7871 -720
8264 7871 -90
8263 7871 -150
8266 7871 -90
8265 7871 -150
8262 7871 -90
8261 7871 -150
913 7871 -200
1002 7871 403264
10780 7872 -1
10779 7872 -1
10661 7872 1
8306 7872 -720
8305 7872 -720
8270 7872 -90
8269 7872 -150
8272 7872 -90
8271 7872 -150
8268 7872 -90
8267 7872 -150
1186 7872 -200
1275 7872 403264
10782 7873 -1
10781 7873 -1
10684 7873 1
8308 7873 -720
8307 7873 -720
8276 7873 -90
8275 7873 -150
8278 7873 -90
8277 7873 -150
8274 7873 -90
8273 7873 -150
1459 7873 -200
1548 7873 403264
10784 7874 -1
10783 7874 -1
10707 7874 1
8310 7874 -720
8309 7874 -720
8282 7874 -90
8281 7874 -150
8284 7874 -90
8283 7874 -150
8280 7874 -90
8279 7874 -150
1732 7874 -200
1821 7874 403264
10786 7875 -1
10785 7875 -1
10730 7875 1
8312 7875 -720
8311 7875 -720
8288 7875 -90
8287 7875 -150
8290 7875 -90
8289 7875 -150
8286 7875 -90
8285 7875 -150
2005 7875 -200
2094 7875 403264
10788 7876 -1
10787 7876 -1
10753 7876 1
8314 7876 -720
8313 7876 -720
8294 7876 -90
8293 7876 -150
8296 7876 -90
8295 7876 -150
8292 7876 -90
8291 7876 -150
2278 7876 -200
2367 7876 403264
10772 7877 -1
10771 7877 19
10569 7877 -9
8298 7877 -720
8297 7877 -720
8246 7877 -90
8245 7877 -150
8248 7877 -90
8247 7877 -150
8244 7877 -90
8243 7877 -150
267 7877 -200
183 7877 406037
10774 7878 -1
10773 7878 19
10592 7878 -9
8300 7878 -720
8299 7878 -720
8252 7878 -90
8251 7878 -150
8254 7878 -90
8253 7878 -150
8250 7878 -90
8249 7878 -150
540 7878 -200
456 7878 406037
10776 7879 -1
10775 7879 19
10615 7879 -9
8302 7879 -720
8301 7879 -720
8258 7879 -90
8257 7879 -150
8260 7879 -90
8259 7879 -150
8256 7879 -90
8255 7879 -150
813 7879 -200
729 7879 406037
10778 7880 -1
10777 7880 19
10638 7880 -9
8304 7880 -720
8303 7880 -720
8264 7880 -90
8263 7880 -150
8266 7880 -90
8265 7880 -150
8262 7880 -90
8261 7880 -150
1086 7880 -200
1002 7880 406037
10780 7881 -1
10779 7881 19
10661 7881 -9
8306 7881 -720
8305 7881 -720
8270 7881 -90
8269 7881 -150
8272 7881 -90
8271 7881 -150
8268 7881 -90
8267 7881 -150
1359 7881 -200
1275 7881 406037
10782 7882 -1
10781 7882 19
10684 7882 -9
8308 7882 -720
8307 7882 -720
8276 7882 -90
8275 7882 -150
8278 7882 -90
8277 7882 -150
8274 7882 -90
8273 7882 -150
1632 7882 -200
1548 7882 406037
10784 7883 -1
10783 7883 19
10707 7883 -9
8310 7883 -720
8309 7883 -720
8282 7883 -90
8281 7883 -150
8284 7883 -90
8283 7883 -150
8280 7883 -90
8279 7883 -150
1905 7883 -200
1821 7883 406037
10786 7884 -1
10785 7884 19
10730 7884 -9
8312 7884 -720
8311 7884 -720
8288 7884 -90
8287 7884 -150
8290 7884 -90
8289 7884 -150
8286 7884 -90
8285 7884 -150
2178 7884 -200
2094 7884 406037
10788 7885 -1
10787 7885 19
10753 7885 -9
8314 7885 -720
8313 7885 -720
8294 7885 -90
8293 7885 -150
8296 7885 -90
8295 7885 -150
8292 7885 -90
8291 7885 -150
2451 7885 -200
2367 7885 406037
10772 7886 39
10771 7886 -1
10569 7886 -9
8298 7886 -720
8297 7886 -720
8246 7886 -90
8245 7886 -150
8248 7886 -90
8247 7886 -150
8244 7886 -90
8243 7886 -150
268 7886 -200
183 7886 464042
10774 7887 39
10773 7887 -1
10592 7887 -9
8300 7887 -720
8299 7887 -720
8252 7887 -90
8251 7887 -150
8254 7887 -90
8253 7887 -150
8250 7887 -90
8249 7887 -150
541 7887 -200
456 7887 464042
10776 7888 39
10775 7888 -1
10615 7888 -9
8302 7888 -720
8301 7888 -720
8258 7888 -90
8257 7888 -150
8260 7888 -90
8259 7888 -150
8256 7888 -90
8255 7888 -150
814 7888 -200
729 7888 464042
10778 7889 39
10777 7889 -1
10638 7889 -9
8304 7889 -720
8303 7889 -720
8264 7889 -90
8263 7889 -150
8266 7889 -90
8265 7889 -150
8262 7889 -90
8261 7889 -150
1087 7889 -200
1002 7889 464042
10780 7890 39
10779 7890 -1
10661 7890 -9
8306 7890 -720
8305 7890 -720
8270 7890 -90
8269 7890 -150
8272 7890 -90
8271 7890 -150
8268 7890 -90
8267 7890 -150
1360 7890 -200
1275 7890 464042
10782 7891 39
10781 7891 -1
10684 7891 -9
8308 7891 -720
8307 7891 -720
8276 7891 -90
8275 7891 -150
8278 7891 -90
8277 7891 -150
8274 7891 -90
8273 7891 -150
1633 7891 -200
1548 7891 464042
10784 7892 39
10783 7892 -1
10707 7892 -9
8310 7892 -720
8309 7892 -720
8282 7892 -90
8281 7892 -150
8284 7892 -90
8283 7892 -150
8280 7892 -90
8279 7892 -150
1906 7892 -200
1821 7892 464042
10786 7893 39
10785 7893 -1
10730 7893 -9
8312 7893 -720
8311 7893 -720
8288 7893 -90
8287 7893 -150
8290 7893 -90
8289 7893 -150
8286 7893 -90
8285 7893 -150
2179 7893 -200
2094 7893 464042
10788 7894 39
10787 7894 -1
10753 7894 -9
8314 7894 -720
8313 7894 -720
8294 7894 -90
8293 7894 -150
8296 7894 -90
8295 7894 -150
8292 7894 -90
8291 7894 -150
2452 7894 -200
2367 7894 464042
8298 7895 -720
8297 7895 -720
8246 7895 -90
8245 7895 -150
8248 7895 -90
8247 7895 -150
8244 7895 -90
8243 7895 -150
196 7895 -200
184 7895 453783
8300 7896 -720
8299 7896 -720
8252 7896 -90
8251 7896 -150
8254 7896 -90
8253 7896 -150
8250 7896 -90
8249 7896 -150
469 7896 -200
457 7896 453783
8302 7897 -720
8301 7897 -720
8258 7897 -90
8257 7897 -150
8260 7897 -90
8259 7897 -150
8256 7897 -90
8255 7897 -150
742 7897 -10000
730 7897 453783
8304 7898 -720
8303 7898 -720
8264 7898 -90
8263 7898 -150
8266 7898 -90
8265 7898 -150
8262 7898 -90
8261 7898 -150
1015 7898 -200
1003 7898 453783
8306 7899 -720
8305 7899 -720
8270 7899 -90
8269 7899 -150
8272 7899 -90
8271 7899 -150
8268 7899 -90
8267 7899 -150
1288 7899 -200
1276 7899 453783
8308 7900 -720
8307 7900 -720
8276 7900 -90
8275 7900 -150
8278 7900 -90
8277 7900 -150
8274 7900 -90
8273 7900 -150
1561 7900 -200
1549 7900 453783
8310 7901 -720
8309 7901 -720
8282 7901 -90
8281 7901 -150
8284 7901 -90
8283 7901 -150
8280 7901 -90
8279 7901 -150
1834 7901 -200
1822 7901 453783
8312 7902 -720
8311 7902 -720
8288 7902 -90
8287 7902 -150
8290 7902 -90
8289 7902 -150
8286 7902 -90
8285 7902 -150
2107 7902 -200
2095 7902 453783
8314 7903 -720
8313 7903 -720
8294 7903 -90
8293 7903 -150
8296 7903 -90
8295 7903 -150
8292 7903 -90
8291 7903 -150
2380 7903 -200
2368 7903 453783
8298 7904 -720
8297 7904 -720
8246 7904 -90
8245 7904 -150
8248 7904 -90
8247 7904 -150
8244 7904 -90
8243 7904 -150
268 7904 -200
184 7904 464042
8300 7905 -720
8299 7905 -720
8252 7905 -90
8251 7905 -150
8254 7905 -90
8253 7905 -150
8250 7905 -90
8249 7905 -150
541 7905 -200
457 7905 464042
8302 7906 -720
8301 7906 -720
8258 7906 -90
8257 7906 -150
8260 7906 -90
8259 7906 -150
8256 7906 -90
8255 7906 -150
814 7906 -200
730 7906 464042
8304 7907 -720
8303 7907 -720
8264 7907 -90
8263 7907 -150
8266 7907 -90
8265 7907 -150
8262 7907 -90
8261 7907 -150
1087 7907 -200
1003 7907 464042
8306 7908 -720
8305 7908 -720
8270 7908 -90
8269 7908 -150
8272 7908 -90
8271 7908 -150
8268 7908 -90
8267 7908 -150
1360 7908 -200
1276 7908 464042
8308 7909 -720
8307 7909 -720
8276 7909 -90
8275 7909 -150
8278 7909 -90
8277 7909 -150
8274 7909 -90
8273 7909 -150
1633 7909 -200
1549 7909 464042
8310 7910 -720
8309 7910 -720
8282 7910 -90
8281 7910 -150
8284 7910 -90
8283 7910 -150
8280 7910 -90
8279 7910 -150
1906 7910 -200
1822 7910 464042
8312 7911 -720
8311 7911 -720
8288 7911 -90
8287 7911 -150
8290 7911 -90
8289 7911 -150
8286 7911 -90
8285 7911 -150
2179 7911 -200
2095 7911 464042
8314 7912 -720
8313 7912 -720
8294 7912 -90
8293 7912 -150
8296 7912 -90
8295 7912 -150
8292 7912 -90
8291 7912 -150
2452 7912 -200
2368 7912 464042
8298 7913 -37800
8297 7913 -37800
8246 7913 -4725
8245 7913 -7878
8248 7913 -4725
8247 7913 -7874
8244 7913 -4725
8243 7913 -7874
277 7913 -134720
274 7913 -86210
145 7913 -200
189 7913 637803
8300 7914 -37800
8299 7914 -37800
8252 7914 -4725
8251 7914 -7878
8254 7914 -4725
8253 7914 -7874
8250 7914 -4725
8249 7914 -7874
550 7914 -134720
547 7914 -86210
418 7914 -200
462 7914 637803
8302 7915 -37800
8301 7915 -37800
8258 7915 -4725
8257 7915 -7878
8260 7915 -4725
8259 7915 -7874
8256 7915 -4725
8255 7915 -7874
823 7915 -1347200
820 7915 -86210
691 7915 -200
735 7915 637803
8304 7916 -37800
8303 7916 -37800
8264 7916 -4725
8263 7916 -7878
8266 7916 -4725
8265 7916 -7874
8262 7916 -4725
8261 7916 -7874
1096 7916 -134720
1093 7916 -86210
964 7916 -200
1008 7916 637803
8306 7917 -37800
8305 7917 -37800
8270 7917 -4725
8269 7917 -7878
8272 7917 -4725
8271 7917 -7874
8268 7917 -4725
8267 7917 -7874
1369 7917 -134720
1366 7917 -86210
1237 7917 -200
1281 7917 637803
8308 7918 -37800
8307 7918 -37800
8276 7918 -4725
8275 7918 -7878
8278 7918 -4725
8277 7918 -7874
8274 7918 -4725
8273 7918 -7874
1642 7918 -134720
1639 7918 -86210
1510 7918 -200
1554 7918 637803
8310 7919 -37800
8309 7919 -37800
8282 7919 -4725
8281 7919 -7878
8284 7919 -4725
8283 7919 -7874
8280 7919 -4725
8279 7919 -7874
1915 7919 -134720
1912 7919 -86210
1783 7919 -200
1827 7919 637803
8312 7920 -37800
8311 7920 -37800
8288 7920 -4725
8287 7920 -7878
8290 7920 -4725
8289 7920 -7874
8286 7920 -4725
8285 7920 -7874
2188 7920 -134720
2185 7920 -86210
2056 7920 -200
2100 7920 637803
8314 7921 -37800
8313 7921 -37800
8294 7921 -4725
8293 7921 -7878
8296 7921 -4725
8295 7921 -7874
8292 7921 -4725
8291 7921 -7874
2461 7921 -134720
2458 7921 -86210
2329 7921 -200
2373 7921 637803
10297 7922 -387216
10571 7922 -32
10570 7922 -695
10299 7922 -44
10298 7922 -2693
10296 7922 190
277 7922 -1497
121 7922 -100
192 7922 591745
10390 7923 -387216
10640 7923 -32
10639 7923 -695
10392 7923 -44
10391 7923 -2693
10389 7923 190
1096 7923 -1497
940 7923 -100
1011 7923 591745
10452 7924 -387216
10686 7924 -32
10685 7924 -695
10454 7924 -44
10453 7924 -2693
10451 7924 190
1642 7924 -1497
1486 7924 -100
1557 7924 591745
10483 7925 -387216
10709 7925 -32
10708 7925 -695
10485 7925 -44
10484 7925 -2693
10482 7925 190
1915 7925 -1497
1759 7925 -100
1830 7925 591745
10514 7926 -387216
10732 7926 -32
10731 7926 -695
10516 7926 -44
10515 7926 -2693
10513 7926 190
2188 7926 -1497
2032 7926 -100
2103 7926 591745
10545 7927 -387216
10755 7927 -32
10754 7927 -695
10547 7927 -44
10546 7927 -2693
10544 7927 190
2461 7927 -1497
2305 7927 -100
2376 7927 591745
10328 7928 -126495
10594 7928 -18
10593 7928 -329
10330 7928 -30
10329 7928 -2327
10327 7928 -19
550 7928 -1497
398 7928 -100
465 7928 608279
10514 7929 -126495
10732 7929 -18
10731 7929 -329
10516 7929 -30
10515 7929 -2327
10513 7929 -19
2188 7929 -1497
2036 7929 -100
2103 7929 608279
10514 7930 -295155
10732 7930 -18
10731 7930 -329
10516 7930 -30
10515 7930 -2327
10513 7930 -19
2188 7930 -1497
2040 7930 -1
2103 7930 610221
10571 7931 22
10570 7931 1238
10299 7931 10
10298 7931 -760
10296 7931 -35
277 7931 -1497
130 7931 -1
192 7931 679644
10617 7932 22
10616 7932 1238
10361 7932 10
10360 7932 -760
10358 7932 -35
823 7932 -14970
676 7932 -2
738 7932 679644
10640 7933 22
10639 7933 1238
10392 7933 10
10391 7933 -760
10389 7933 -35
1096 7933 -1497
949 7933 -2
1011 7933 679644
10663 7934 22
10662 7934 1238
10423 7934 10
10422 7934 -760
10420 7934 -35
1369 7934 -1497
1222 7934 -2
1284 7934 679644
10686 7935 22
10685 7935 1238
10454 7935 10
10453 7935 -760
10451 7935 -35
1642 7935 -1497
1495 7935 -2
1557 7935 679644
10709 7936 22
10708 7936 1238
10485 7936 10
10484 7936 -760
10482 7936 -35
1915 7936 -1497
1768 7936 -2
1830 7936 679644
10732 7937 22
10731 7937 1238
10516 7937 10
10515 7937 -760
10513 7937 -35
2188 7937 -1497
2041 7937 -2
2103 7937 679644
10755 7938 22
10754 7938 1238
10547 7938 10
10546 7938 -760
10544 7938 -35
2461 7938 -1497
2314 7938 -2
2376 7938 679644
10297 7939 -253575
10571 7939 22
10570 7939 1381
10299 7939 10
10298 7939 -617
10296 7939 -35
277 7939 -1497
131 7939 -1
192 7939 688018
10390 7940 -253575
10640 7940 22
10639 7940 1381
10392 7940 10
10391 7940 -617
10389 7940 -35
1096 7940 -1497
950 7940 -200
1011 7940 688018
10421 7941 -253575
10663 7941 22
10662 7941 1381
10423 7941 10
10422 7941 -617
10420 7941 -35
1369 7941 -1497
1223 7941 -200
1284 7941 688018
10452 7942 -253575
10686 7942 22
10685 7942 1381
10454 7942 10
10453 7942 -617
10451 7942 -35
1642 7942 -1497
1496 7942 -200
1557 7942 688018
10483 7943 -253575
10709 7943 22
10708 7943 1381
10485 7943 10
10484 7943 -617
10482 7943 -35
1915 7943 -1497
1769 7943 -200
1830 7943 688018
10514 7944 -253575
10732 7944 22
10731 7944 1381
10516 7944 10
10515 7944 -617
10513 7944 -35
2188 7944 -1497
2042 7944 -200
2103 7944 688018
10545 7945 -253575
10755 7945 22
10754 7945 1381
10547 7945 10
10546 7945 -617
10544 7945 -35
2461 7945 -1497
2315 7945 -200
2376 7945 688018
10483 7946 705177
10709 7946 7
10708 7946 456
10485 7946 -5
10484 7946 -1542
10482 7946 -35
1915 7946 -1497
1783 7946 -200
1830 7946 637803
10514 7947 705177
10732 7947 7
10731 7947 456
10516 7947 -5
10515 7947 -1542
10513 7947 -35
2188 7947 -1497
2056 7947 -200
2103 7947 637803
10545 7948 705177
10755 7948 7
10754 7948 456
10547 7948 -5
10546 7948 -1542
10544 7948 -35
2461 7948 -1497
2329 7948 -200
2376 7948 637803
10297 7949 -373329
10571 7949 7
10570 7949 456
10299 7949 -5
10298 7949 -1542
10296 7949 -35
277 7949 -1497
146 7949 -200
192 7949 649804
10328 7950 -373329
10594 7950 7
10593 7950 456
10330 7950 -5
10329 7950 -1542
10327 7950 -35
550 7950 -1497
419 7950 -200
465 7950 649804
10359 7951 -373329
10617 7951 7
10616 7951 456
10361 7951 -5
10360 7951 -1542
10358 7951 -35
823 7951 -14970
692 7951 -200
738 7951 649804
10390 7952 -373329
10640 7952 7
10639 7952 456
10392 7952 -5
10391 7952 -1542
10389 7952 -35
1096 7952 -1497
965 7952 -200
1011 7952 649804
10421 7953 -373329
10663 7953 7
10662 7953 456
10423 7953 -5
10422 7953 -1542
10420 7953 -35
1369 7953 -1497
1238 7953 -200
1284 7953 649804
10452 7954 -373329
10686 7954 7
10685 7954 456
10454 7954 -5
10453 7954 -1542
10451 7954 -35
1642 7954 -1497
1511 7954 -200
1557 7954 649804
10483 7955 -373329
10709 7955 7
10708 7955 456
10485 7955 -5
10484 7955 -1542
10482 7955 -35
1915 7955 -1497
1784 7955 -200
1830 7955 649804
10514 7956 -373329
10732 7956 7
10731 7956 456
10516 7956 -5
10515 7956 -1542
10513 7956 -35
2188 7956 -1497
2057 7956 -200
2103 7956 649804
10545 7957 -373329
10755 7957 7
10754 7957 456
10547 7957 -5
10546 7957 -1542
10544 7957 -35
2461 7957 -1497
2330 7957 -200
2376 7957 649804
10359 7958 165924
10617 7958 7
10616 7958 456
10361 7958 -5
10360 7958 -1542
10358 7958 -35
823 7958 -14970
693 7958 -200
738 7958 643803
10390 7959 165924
10640 7959 7
10639 7959 456
10392 7959 -5
10391 7959 -1542
10389 7959 -35
1096 7959 -1497
966 7959 -200
1011 7959 643803
10421 7960 165924
10663 7960 7
10662 7960 456
10423 7960 -5
10422 7960 -1542
10420 7960 -35
1369 7960 -1497
1239 7960 -200
1284 7960 643803
10452 7961 165924
10686 7961 7
10685 7961 456
10454 7961 -5
10453 7961 -1542
10451 7961 -35
1642 7961 -1497
1512 7961 -200
1557 7961 643803
10483 7962 165924
10709 7962 7
10708 7962 456
10485 7962 -5
10484 7962 -1542
10482 7962 -35
1915 7962 -1497
1785 7962 -200
1830 7962 643803
10514 7963 165924
10732 7963 7
10731 7963 456
10516 7963 -5
10515 7963 -1542
10513 7963 -35
2188 7963 -1497
2058 7963 -200
2103 7963 643803
10545 7964 165924
10755 7964 7
10754 7964 456
10547 7964 -5
10546 7964 -1542
10544 7964 -35
2461 7964 -1497
2331 7964 -200
2376 7964 643803
10328 7965 -352640
10594 7965 6
10593 7965 54
10330 7965 -6
10329 7965 -1944
10327 7965 -35
550 7965 -1497
421 7965 -1
465 7965 630325
10359 7966 -352640
10617 7966 6
10616 7966 54
10361 7966 -6
10360 7966 -1944
10358 7966 -35
823 7966 -14970
694 7966 -1
738 7966 630325
10390 7967 -352640
10640 7967 6
10639 7967 54
10392 7967 -6
10391 7967 -1944
10389 7967 -35
1096 7967 -1497
967 7967 -1
1011 7967 630325
10421 7968 -352640
10663 7968 6
10662 7968 54
10423 7968 -6
10422 7968 -1944
10420 7968 -35
1369 7968 -1497
1240 7968 -1
1284 7968 630325
10483 7969 -352640
10709 7969 6
10708 7969 54
10485 7969 -6
10484 7969 -1944
10482 7969 -35
1915 7969 -1497
1786 7969 -1
1830 7969 630325
10545 7970 -352640
10755 7970 6
10754 7970 54
10547 7970 -6
10546 7970 -1944
10544 7970 -35
2461 7970 -1497
2332 7970 -1
2376 7970 630325
10390 7971 570130
10640 7971 26
10639 7971 1604
10392 7971 14
10391 7971 -394
10389 7971 -35
1096 7971 -1497
1051 7971 -100
1011 7971 687850
10452 7972 570130
10686 7972 26
10685 7972 1604
10454 7972 14
10453 7972 -394
10451 7972 -35
1642 7972 -1497
1597 7972 -100
1557 7972 687850
10297 7973 -345135
10571 7973 26
10570 7973 1099
10299 7973 14
10298 7973 -899
10296 7973 -35
277 7973 -1497
233 7973 -25
192 7973 677683
10328 7974 -345135
10594 7974 26
10593 7974 1099
10330 7974 14
10329 7974 -899
10327 7974 -35
550 7974 -1497
506 7974 -25
465 7974 677683
10359 7975 -345135
10617 7975 26
10616 7975 1099
10361 7975 14
10360 7975 -899
10358 7975 -35
823 7975 -14970
779 7975 -25
738 7975 677683
10390 7976 -345135
10640 7976 26
10639 7976 1099
10392 7976 14
10391 7976 -899
10389 7976 -35
1096 7976 -1497
1052 7976 -25
1011 7976 677683
10421 7977 -345135
10663 7977 26
10662 7977 1099
10423 7977 14
10422 7977 -899
10420 7977 -35
1369 7977 -1497
1325 7977 -25
1284 7977 677683
10452 7978 -345135
10686 7978 26
10685 7978 1099
10454 7978 14
10453 7978 -899
10451 7978 -35
1642 7978 -1497
1598 7978 -25
1557 7978 677683
10483 7979 -345135
10709 7979 26
10708 7979 1099
10485 7979 14
10484 7979 -899
10482 7979 -35
1915 7979 -1497
1871 7979 -25
1830 7979 677683
10514 7980 -345135
10732 7980 26
10731 7980 1099
10516 7980 14
10515 7980 -899
10513 7980 -35
2188 7980 -1497
2144 7980 -25
2103 7980 677683
10545 7981 -345135
10755 7981 26
10754 7981 1099
10547 7981 14
10546 7981 -899
10544 7981 -35
2461 7981 -1497
2417 7981 -25
2376 7981 677683
10297 7982 1133660
10571 7982 27
10570 7982 1544
10299 7982 15
10298 7982 -454
10296 7982 -35
277 7982 -1497
235 7982 -25
192 7982 679645
10328 7983 1133660
10594 7983 27
10593 7983 1544
10330 7983 15
10329 7983 -454
10327 7983 -35
550 7983 -1497
508 7983 -25
465 7983 679645
10359 7984 1133660
10617 7984 27
10616 7984 1544
10361 7984 15
10360 7984 -454
10358 7984 -35
823 7984 -14970
781 7984 -25
738 7984 679645
10390 7985 1133660
10640 7985 27
10639 7985 1544
10392 7985 15
10391 7985 -454
10389 7985 -35
1096 7985 -1497
1054 7985 -25
1011 7985 679645
10421 7986 1133660
10663 7986 27
10662 7986 1544
10423 7986 15
10422 7986 -454
10420 7986 -35
1369 7986 -1497
1327 7986 -25
1284 7986 679645
10452 7987 1133660
10686 7987 27
10685 7987 1544
10454 7987 15
10453 7987 -454
10451 7987 -35
1642 7987 -1497
1600 7987 -25
1557 7987 679645
10483 7988 1133660
10709 7988 27
10708 7988 1544
10485 7988 15
10484 7988 -454
10482 7988 -35
1915 7988 -1497
1873 7988 -25
1830 7988 679645
10514 7989 1133660
10732 7989 27
10731 7989 1544
10516 7989 15
10515 7989 -454
10513 7989 -35
2188 7989 -1497
2146 7989 -25
2103 7989 679645
10297 7990 -340375
10571 7990 21
10570 7990 963
10299 7990 9
10298 7990 -1035
10296 7990 -35
277 7990 -1497
245 7990 -2
192 7990 659621
10390 7991 -340375
10640 7991 21
10639 7991 963
10392 7991 9
10391 7991 -1035
10389 7991 -35
1096 7991 -1497
1064 7991 -1
1011 7991 659621
10456 7992 910350
10688 7992 2
10687 7992 821
10458 7992 -2
10457 7992 -178
10455 7992 -35
1642 7992 -1497
1469 7992 -200
1558 7992 661023
10518 7993 18207
10734 7993 1
10733 7993 821
10520 7993 -1
10519 7993 -89
10517 7993 -35
2188 7993 -1497
2015 7993 -200
2104 7993 661023
10549 7994 1820700
10757 7994 2
10756 7994 821
10551 7994 -2
10550 7994 -178
10548 7994 -35
2461 7994 -1497
2288 7994 -200
2377 7994 661023
10301 7995 -588891
10573 7995 -32
10572 7995 -695
10303 7995 -44
10302 7995 -2693
10300 7995 190
277 7995 -1497
121 7995 -100
193 7995 591745
10487 7996 -588891
10711 7996 -32
10710 7996 -695
10489 7996 -44
10488 7996 -2693
10486 7996 190
1915 7996 -1497
1759 7996 -100
1831 7996 591745
10425 7997 -253575
10665 7997 22
10664 7997 1381
10427 7997 2
10426 7997 -617
10424 7997 -35
1369 7997 -1497
1223 7997 -200
1285 7997 688018
10549 7998 474727
10757 7998 7
10756 7998 228
10551 7998 -1
10550 7998 -771
10548 7998 -35
2461 7998 -1497
2329 7998 -200
2377 7998 637803
10301 7999 -603779
10573 7999 7
10572 7999 456
10303 7999 -5
10302 7999 -1542
10300 7999 -35
277 7999 -1497
146 7999 -200
193 7999 649804
10332 8000 -603779
10596 8000 7
10595 8000 456
10334 8000 -5
10333 8000 -1542
10331 8000 -35
550 8000 -1497
419 8000 -200
466 8000 649804
10487 8001 -603779
10711 8001 7
10710 8001 456
10489 8001 -5
10488 8001 -1542
10486 8001 -35
1915 8001 -1497
1784 8001 -200
1831 8001 649804
10363 8002 -32263
10619 8002 7
10618 8002 57
10365 8002 -1
10364 8002 -771
10362 8002 -35
823 8002 -14970
693 8002 -200
739 8002 643803
10394 8003 -32263
10642 8003 7
10641 8003 456
10396 8003 -5
10395 8003 -1542
10393 8003 -35
1096 8003 -1497
966 8003 -200
1012 8003 643803
10425 8004 -32263
10665 8004 7
10664 8004 456
10427 8004 -1
10426 8004 -1542
10424 8004 -35
1369 8004 -1497
1239 8004 -200
1285 8004 643803
10456 8005 -32263
10688 8005 7
10687 8005 228
10458 8005 -1
10457 8005 -771
10455 8005 -35
1642 8005 -1497
1512 8005 -200
1558 8005 643803
10332 8006 -591660
10596 8006 26
10595 8006 1099
10334 8006 14
10333 8006 -899
10331 8006 -35
550 8006 -1497
506 8006 -25
466 8006 677683
10301 8007 876010
10573 8007 27
10572 8007 1544
10303 8007 15
10302 8007 -454
10300 8007 -35
277 8007 -1497
235 8007 -25
193 8007 679645
10332 8008 876010
10596 8008 27
10595 8008 1544
10334 8008 15
10333 8008 -454
10331 8008 -35
550 8008 -1497
508 8008 -25
466 8008 679645
10363 8009 438005
10619 8009 27
10618 8009 193
10365 8009 3
10364 8009 -227
10362 8009 -35
823 8009 -14970
781 8009 -25
739 8009 679645
10394 8010 438005
10642 8010 27
10641 8010 1544
10396 8010 15
10395 8010 -454
10393 8010 -35
1096 8010 -1497
1054 8010 -25
1012 8010 679645
10425 8011 438005
10665 8011 27
10664 8011 1544
10427 8011 3
10426 8011 -454
10424 8011 -35
1369 8011 -1497
1327 8011 -25
1285 8011 679645
10456 8012 438005
10688 8012 27
10687 8012 772
10458 8012 3
10457 8012 -227
10455 8012 -35
1642 8012 -1497
1600 8012 -25
1558 8012 679645
10301 8013 -583500
10573 8013 21
10572 8013 963
10303 8013 9
10302 8013 -1035
10300 8013 -35
277 8013 -1497
245 8013 -2
193 8013 659621
10394 8014 -291750
10642 8014 21
10641 8014 963
10396 8014 9
10395 8014 -1035
10393 8014 -35
1096 8014 -1497
1064 8014 -1
1012 8014 659621
10398 8015 1560600
10644 8015 1
10643 8015 1642
10400 8015 -5
10399 8015 -356
10397 8015 -35
1096 8015 -1497
923 8015 -200
1013 8015 661023
10491 8016 1560600
10713 8016 1
10712 8016 1642
10493 8016 -5
10492 8016 -356
10490 8016 -35
1915 8016 -1497
1742 8016 -200
1832 8016 661023
10522 8017 1560600
10736 8017 2
10735 8017 821
10524 8017 -2
10523 8017 -178
10521 8017 -35
2188 8017 -1497
2015 8017 -200
2105 8017 661023
10553 8018 7803
10759 8018 1
10758 8018 821
10555 8018 -1
10554 8018 -89
10552 8018 -35
2461 8018 -1497
2288 8018 -200
2378 8018 661023
10398 8019 676260
10644 8019 1
10643 8019 1642
10400 8019 -5
10399 8019 -356
10397 8019 -35
1096 8019 -1497
925 8019 -40
1013 8019 670066
10305 8020 -790566
10575 8020 -32
10574 8020 -695
10307 8020 -44
10306 8020 -2693
10304 8020 190
277 8020 -1497
121 8020 -100
194 8020 591745
10367 8021 -790566
10621 8021 -32
10620 8021 -695
10369 8021 -44
10368 8021 -2693
10366 8021 190
823 8021 -14970
667 8021 -100
740 8021 591745
10398 8022 -790566
10644 8022 -16
10643 8022 -695
10400 8022 -22
10399 8022 -2693
10397 8022 190
1096 8022 -1497
940 8022 -100
1013 8022 591745
10491 8023 -790566
10713 8023 -16
10712 8023 -695
10493 8023 -22
10492 8023 -2693
10490 8023 190
1915 8023 -1497
1759 8023 -100
1832 8023 591745
10305 8024 -548145
10575 8024 -18
10574 8024 -329
10307 8024 -30
10306 8024 -2327
10304 8024 -19
277 8024 -1497
125 8024 -100
194 8024 608279
10336 8025 -109629
10598 8025 -18
10597 8025 -329
10338 8025 -30
10337 8025 -2327
10335 8025 -19
550 8025 -1497
398 8025 -100
467 8025 608279
10491 8026 -548145
10713 8026 -9
10712 8026 -329
10493 8026 -15
10492 8026 -2327
10490 8026 -19
1915 8026 -1497
1763 8026 -100
1832 8026 608279
10398 8027 -716805
10644 8027 -9
10643 8027 -329
10400 8027 -15
10399 8027 -2327
10397 8027 -19
1096 8027 -1497
948 8027 -1
1013 8027 610221
10398 8028 -760725
10644 8028 11
10643 8028 1381
10400 8028 5
10399 8028 -617
10397 8028 -35
1096 8028 -1497
950 8028 -200
1013 8028 688018
10429 8029 -760725
10667 8029 22
10666 8029 1381
10431 8029 2
10430 8029 -617
10428 8029 -35
1369 8029 -1497
1223 8029 -200
1286 8029 344009
10522 8030 244277
10736 8030 7
10735 8030 228
10524 8030 -1
10523 8030 -771
10521 8030 -35
2188 8030 -1497
2056 8030 -200
2105 8030 637803
10305 8031 -834229
10575 8031 7
10574 8031 456
10307 8031 -5
10306 8031 -1542
10304 8031 -35
277 8031 -1497
146 8031 -200
194 8031 649804
10367 8032 -834229
10621 8032 7
10620 8032 456
10369 8032 -5
10368 8032 -1542
10366 8032 -35
823 8032 -14970
692 8032 -200
740 8032 649804
10429 8033 -834229
10667 8033 7
10666 8033 456
10431 8033 -1
10430 8033 -1542
10428 8033 -35
1369 8033 -1497
1238 8033 -200
1286 8033 324902
10367 8034 -294976
10621 8034 7
10620 8034 456
10369 8034 -5
10368 8034 -1542
10366 8034 -35
823 8034 -14970
693 8034 -200
740 8034 643803
10460 8035 10366
10690 8035 13
10689 8035 1604
10462 8035 7
10461 8035 -394
10459 8035 -35
1642 8035 -1497
1597 8035 -100
1559 8035 687850
10336 8036 -167637
10598 8036 26
10597 8036 1099
10338 8036 14
10337 8036 -899
10335 8036 -35
550 8036 -1497
506 8036 -25
467 8036 677683
10460 8037 -167637
10690 8037 13
10689 8037 1099
10462 8037 7
10461 8037 -899
10459 8037 -35
1642 8037 -1497
1598 8037 -25
1559 8037 677683
10305 8038 618360
10575 8038 27
10574 8038 1544
10307 8038 15
10306 8038 -454
10304 8038 -35
277 8038 -1497
235 8038 -25
194 8038 679645
10336 8039 123672
10598 8039 27
10597 8039 1544
10338 8039 15
10337 8039 -454
10335 8039 -35
550 8039 -1497
508 8039 -25
467 8039 679645
10367 8040 618360
10621 8040 27
10620 8040 1544
10369 8040 15
10368 8040 -454
10366 8040 -35
823 8040 -14970
781 8040 -25
740 8040 679645
10367 8041 51085
10621 8041 21
10620 8041 1455
10369 8041 9
10368 8041 -543
10366 8041 -35
823 8041 -14970
790 8041 -2
740 8041 669258
10367 8042 -826625
10621 8042 21
10620 8042 963
10369 8042 9
10368 8042 -1035
10366 8042 -35
823 8042 -14970
791 8042 -2
740 8042 659621
10309 8043 1300500
10577 8043 2
10576 8043 1642
10311 8043 -10
10310 8043 -356
10308 8043 -35
277 8043 -1497
104 8043 -200
195 8043 661023
10340 8044 1300500
10600 8044 2
10599 8044 1642
10342 8044 -10
10341 8044 -356
10339 8044 -35
550 8044 -1497
377 8044 -200
468 8044 661023
10371 8045 1300500
10623 8045 2
10622 8045 1642
10373 8045 -10
10372 8045 -356
10370 8045 -35
823 8045 -14970
650 8045 -200
741 8045 661023
10402 8046 1300500
10646 8046 2
10645 8046 1642
10404 8046 -10
10403 8046 -356
10401 8046 -35
1096 8046 -1497
923 8046 -200
1014 8046 661023
10433 8047 1300500
10669 8047 2
10668 8047 1642
10435 8047 -10
10434 8047 -356
10432 8047 -35
1369 8047 -1497
1196 8047 -200
1287 8047 661023
10464 8048 1300500
10692 8048 2
10691 8048 1642
10466 8048 -10
10465 8048 -356
10463 8048 -35
1642 8048 -1497
1469 8048 -200
1560 8048 661023
10495 8049 1300500
10715 8049 2
10714 8049 1642
10497 8049 -10
10496 8049 -356
10494 8049 -35
1915 8049 -1497
1742 8049 -200
1833 8049 661023
10526 8050 1300500
10738 8050 2
10737 8050 1642
10528 8050 -10
10527 8050 -356
10525 8050 -35
2188 8050 -1497
2015 8050 -200
2106 8050 661023
10557 8051 1300500
10761 8051 2
10760 8051 1642
10559 8051 -10
10558 8051 -356
10556 8051 -35
2461 8051 -1497
2288 8051 -200
2379 8051 661023
10309 8052 -468180
10577 8052 2
10576 8052 1642
10311 8052 -10
10310 8052 -356
10308 8052 -35
277 8052 -1497
105 8052 -200
195 8052 679109
10340 8053 -468180
10600 8053 2
10599 8053 1642
10342 8053 -10
10341 8053 -356
10339 8053 -35
550 8053 -1497
378 8053 -20
468 8053 679109
10433 8054 -468180
10669 8054 2
10668 8054 1642
10435 8054 -10
10434 8054 -356
10432 8054 -35
1369 8054 -1497
1197 8054 -1
1287 8054 679109
10495 8055 -468180
10715 8055 2
10714 8055 1642
10497 8055 -10
10496 8055 -356
10494 8055 -35
1915 8055 -1497
1743 8055 -1
1833 8055 679109
10557 8056 -468180
10761 8056 2
10760 8056 1642
10559 8056 -10
10558 8056 -356
10556 8056 -35
2461 8056 -1497
2289 8056 -1
2379 8056 679109
10309 8057 416160
10577 8057 2
10576 8057 1642
10311 8057 -10
10310 8057 -356
10308 8057 -35
277 8057 -1497
106 8057 -200
195 8057 670066
10340 8058 416160
10600 8058 2
10599 8058 1642
10342 8058 -10
10341 8058 -356
10339 8058 -35
550 8058 -1497
379 8058 -40
468 8058 670066
10371 8059 416160
10623 8059 2
10622 8059 1642
10373 8059 -10
10372 8059 -356
10370 8059 -35
823 8059 -14970
652 8059 -200
741 8059 670066
10464 8060 416160
10692 8060 2
10691 8060 1642
10466 8060 -10
10465 8060 -356
10463 8060 -35
1642 8060 -1497
1471 8060 -40
1560 8060 670066
10495 8061 416160
10715 8061 2
10714 8061 1642
10497 8061 -10
10496 8061 -356
10494 8061 -35
1915 8061 -1497
1744 8061 -1
1833 8061 670066
10526 8062 416160
10738 8062 2
10737 8062 1642
10528 8062 -10
10527 8062 -356
10525 8062 -35
2188 8062 -1497
2017 8062 -40
2106 8062 670066
10309 8063 -992241
10577 8063 -32
10576 8063 -695
10311 8063 -44
10310 8063 -2693
10308 8063 190
277 8063 -1497
121 8063 -100
195 8063 591745
10340 8064 -992241
10600 8064 -32
10599 8064 -695
10342 8064 -44
10341 8064 -2693
10339 8064 190
550 8064 -1497
394 8064 -100
468 8064 591745
10371 8065 -992241
10623 8065 -32
10622 8065 -695
10373 8065 -44
10372 8065 -2693
10370 8065 190
823 8065 -14970
667 8065 -100
741 8065 591745
10402 8066 -992241
10646 8066 -32
10645 8066 -695
10404 8066 -44
10403 8066 -2693
10401 8066 190
1096 8066 -1497
940 8066 -100
1014 8066 591745
10464 8067 -992241
10692 8067 -32
10691 8067 -695
10466 8067 -44
10465 8067 -2693
10463 8067 190
1642 8067 -1497
1486 8067 -100
1560 8067 591745
10495 8068 -992241
10715 8068 -32
10714 8068 -695
10497 8068 -44
10496 8068 -2693
10494 8068 190
1915 8068 -1497
1759 8068 -100
1833 8068 591745
10526 8069 -992241
10738 8069 -32
10737 8069 -695
10528 8069 -44
10527 8069 -2693
10525 8069 190
2188 8069 -1497
2032 8069 -100
2106 8069 591745
10557 8070 -992241
10761 8070 -32
10760 8070 -695
10559 8070 -44
10558 8070 -2693
10556 8070 190
2461 8070 -1497
2305 8070 -100
2379 8070 591745
10340 8071 -1060629
10600 8071 -32
10599 8071 -139
10342 8071 -44
10341 8071 -2137
10339 8071 190
550 8071 -1497
395 8071 -100
468 8071 621359
10309 8072 -758970
10577 8072 -18
10576 8072 -329
10311 8072 -30
10310 8072 -2327
10308 8072 -19
277 8072 -1497
125 8072 -100
195 8072 608279
10340 8073 -758970
10600 8073 -18
10599 8073 -329
10342 8073 -30
10341 8073 -2327
10339 8073 -19
550 8073 -1497
398 8073 -100
468 8073 608279
10433 8074 -758970
10669 8074 -18
10668 8074 -329
10435 8074 -30
10434 8074 -2327
10432 8074 -19
1369 8074 -1497
1217 8074 -100
1287 8074 608279
10495 8075 -758970
10715 8075 -18
10714 8075 -329
10497 8075 -30
10496 8075 -2327
10494 8075 -19
1915 8075 -1497
1763 8075 -100
1833 8075 608279
10526 8076 -758970
10738 8076 -18
10737 8076 -329
10528 8076 -30
10527 8076 -2327
10525 8076 -19
2188 8076 -1497
2036 8076 -100
2106 8076 608279
10309 8077 -927630
10577 8077 -18
10576 8077 -329
10311 8077 -30
10310 8077 -2327
10308 8077 -19
277 8077 -1497
129 8077 -1
195 8077 610221
10340 8078 -927630
10600 8078 -18
10599 8078 -329
10342 8078 -30
10341 8078 -2327
10339 8078 -19
550 8078 -1497
402 8078 -1
468 8078 610221
10402 8079 -927630
10646 8079 -18
10645 8079 -329
10404 8079 -30
10403 8079 -2327
10401 8079 -19
1096 8079 -1497
948 8079 -1
1014 8079 610221
10433 8080 -927630
10669 8080 -18
10668 8080 -329
10435 8080 -30
10434 8080 -2327
10432 8080 -19
1369 8080 -1497
1221 8080 -1
1287 8080 610221
10464 8081 -927630
10692 8081 -18
10691 8081 -329
10466 8081 -30
10465 8081 -2327
10463 8081 -19
1642 8081 -1497
1494 8081 -1
1560 8081 610221
10495 8082 -927630
10715 8082 -18
10714 8082 -329
10497 8082 -30
10496 8082 -2327
10494 8082 -19
1915 8082 -1497
1767 8082 -1
1833 8082 610221
10340 8083 -1014300
10600 8083 22
10599 8083 1381
10342 8083 10
10341 8083 -617
10339 8083 -35
550 8083 -1497
404 8083 -200
468 8083 688018
10433 8084 -1014300
10669 8084 22
10668 8084 1381
10435 8084 10
10434 8084 -617
10432 8084 -35
1369 8084 -1497
1223 8084 -200
1287 8084 688018
10495 8085 -1014300
10715 8085 22
10714 8085 1381
10497 8085 10
10496 8085 -617
10494 8085 -35
1915 8085 -1497
1769 8085 -200
1833 8085 688018
10526 8086 -1014300
10738 8086 22
10737 8086 1381
10528 8086 10
10527 8086 -617
10525 8086 -35
2188 8086 -1497
2042 8086 -200
2106 8086 688018
10557 8087 -1014300
10761 8087 22
10760 8087 1381
10559 8087 10
10558 8087 -617
10556 8087 -35
2461 8087 -1497
2315 8087 -200
2379 8087 688018
10433 8088 13827
10669 8088 7
10668 8088 456
10435 8088 -5
10434 8088 -1542
10432 8088 -35
1369 8088 -1497
1237 8088 -200
1287 8088 637803
10557 8089 13827
10761 8089 7
10760 8089 456
10559 8089 -5
10558 8089 -1542
10556 8089 -35
2461 8089 -1497
2329 8089 -200
2379 8089 637803
10309 8090 -1064679
10577 8090 7
10576 8090 456
10311 8090 -5
10310 8090 -1542
10308 8090 -35
277 8090 -1497
146 8090 -200
195 8090 649804
10371 8091 -525426
10623 8091 7
10622 8091 456
10373 8091 -5
10372 8091 -1542
10370 8091 -35
823 8091 -14970
693 8091 -200
741 8091 643803
10402 8092 -525426
10646 8092 7
10645 8092 456
10404 8092 -5
10403 8092 -1542
10401 8092 -35
1096 8092 -1497
966 8092 -200
1014 8092 643803
10433 8093 -525426
10669 8093 7
10668 8093 456
10435 8093 -5
10434 8093 -1542
10432 8093 -35
1369 8093 -1497
1239 8093 -200
1287 8093 643803
10464 8094 -525426
10692 8094 7
10691 8094 456
10466 8094 -5
10465 8094 -1542
10463 8094 -35
1642 8094 -1497
1512 8094 -200
1560 8094 643803
10340 8095 -207320
10600 8095 26
10599 8095 1604
10342 8095 14
10341 8095 -394
10339 8095 -35
550 8095 -1497
505 8095 -100
468 8095 687850
10402 8096 -207320
10646 8096 26
10645 8096 1604
10404 8096 14
10403 8096 -394
10401 8096 -35
1096 8096 -1497
1051 8096 -100
1014 8096 687850
10433 8097 -207320
10669 8097 26
10668 8097 1604
10435 8097 14
10434 8097 -394
10432 8097 -35
1369 8097 -1497
1324 8097 -100
1287 8097 687850
10464 8098 -207320
10692 8098 26
10691 8098 1604
10466 8098 14
10465 8098 -394
10463 8098 -35
1642 8098 -1497
1597 8098 -100
1560 8098 687850
10495 8099 -207320
10715 8099 26
10714 8099 1604
10497 8099 14
10496 8099 -394
10494 8099 -35
1915 8099 -1497
1870 8099 -100
1833 8099 687850
10526 8100 -207320
10738 8100 26
10737 8100 1604
10528 8100 14
10527 8100 -394
10525 8100 -35
2188 8100 -1497
2143 8100 -100
2106 8100 687850
10557 8101 -207320
10761 8101 26
10760 8101 1604
10559 8101 14
10558 8101 -394
10556 8101 -35
2461 8101 -1497
2416 8101 -100
2379 8101 687850
10340 8102 -1084710
10600 8102 26
10599 8102 1099
10342 8102 14
10341 8102 -899
10339 8102 -35
550 8102 -1497
506 8102 -25
468 8102 677683
10309 8103 360710
10577 8103 27
10576 8103 1544
10311 8103 15
10310 8103 -454
10308 8103 -35
277 8103 -1497
235 8103 -25
195 8103 679645
10340 8104 360710
10600 8104 27
10599 8104 1544
10342 8104 15
10341 8104 -454
10339 8104 -35
550 8104 -1497
508 8104 -25
468 8104 679645
10371 8105 360710
10623 8105 27
10622 8105 1544
10373 8105 15
10372 8105 -454
10370 8105 -35
823 8105 -14970
781 8105 -25
741 8105 679645
10402 8106 360710
10646 8106 27
10645 8106 1544
10404 8106 15
10403 8106 -454
10401 8106 -35
1096 8106 -1497
1054 8106 -25
1014 8106 679645
10433 8107 360710
10669 8107 27
10668 8107 1544
10435 8107 15
10434 8107 -454
10432 8107 -35
1369 8107 -1497
1327 8107 -25
1287 8107 679645
10464 8108 360710
10692 8108 27
10691 8108 1544
10466 8108 15
10465 8108 -454
10463 8108 -35
1642 8108 -1497
1600 8108 -25
1560 8108 679645
10495 8109 360710
10715 8109 27
10714 8109 1544
10497 8109 15
10496 8109 -454
10494 8109 -35
1915 8109 -1497
1873 8109 -25
1833 8109 679645
10526 8110 360710
10738 8110 27
10737 8110 1544
10528 8110 15
10527 8110 -454
10525 8110 -35
2188 8110 -1497
2146 8110 -25
2106 8110 679645
10557 8111 360710
10761 8111 27
10760 8111 1544
10559 8111 15
10558 8111 -454
10556 8111 -35
2461 8111 -1497
2419 8111 -25
2379 8111 679645
10309 8112 -204340
10577 8112 21
10576 8112 1455
10311 8112 9
10310 8112 -543
10308 8112 -35
277 8112 -1497
244 8112 -2
195 8112 669258
10433 8113 -204340
10669 8113 21
10668 8113 1455
10435 8113 9
10434 8113 -543
10432 8113 -35
1369 8113 -1497
1336 8113 -1
1287 8113 669258
10464 8114 -204340
10692 8114 21
10691 8114 1455
10466 8114 9
10465 8114 -543
10463 8114 -35
1642 8114 -1497
1609 8114 -2
1560 8114 669258
10526 8115 -204340
10738 8115 21
10737 8115 1455
10528 8115 9
10527 8115 -543
10525 8115 -35
2188 8115 -1497
2155 8115 -1
2106 8115 669258
10557 8116 -204340
10761 8116 21
10760 8116 1455
10559 8116 9
10558 8116 -543
10556 8116 -35
2461 8116 -1497
2428 8116 -1
2379 8116 669258
10604 8117 -8949997
10603 8117 -71
10602 8117 -15
10601 8117 -40
10344 8117 -121
10343 8117 -600
8300 8117 -720
8299 8117 -720
8252 8117 -90
8251 8117 -150
8254 8117 -90
8253 8117 -150
8250 8117 -90
8249 8117 -150
413 8117 -2000
489 8117 584308
10581 8118 272
10580 8118 630
10579 8118 10
10578 8118 40
10313 8118 580
10312 8118 400
8298 8118 -720
8297 8118 -720
8246 8118 -90
8245 8118 -150
8248 8118 -90
8247 8118 -150
8244 8118 -90
8243 8118 -150
155 8118 -200
216 8118 439359
10604 8119 13600000
10603 8119 630
10602 8119 10
10601 8119 40
10344 8119 580
10343 8119 400
8300 8119 -720
8299 8119 -720
8252 8119 -90
8251 8119 -150
8254 8119 -90
8253 8119 -150
8250 8119 -90
8249 8119 -150
428 8119 -200
489 8119 439359
10627 8120 272
10626 8120 630
10625 8120 10
10624 8120 40
10375 8120 580
10374 8120 400
8302 8120 -720
8301 8120 -720
8258 8120 -90
8257 8120 -150
8260 8120 -90
8259 8120 -150
8256 8120 -90
8255 8120 -150
701 8120 -200
762 8120 439359
10673 8121 272
10672 8121 630
10671 8121 10
10670 8121 40
10437 8121 580
10436 8121 400
8306 8121 -720
8305 8121 -720
8270 8121 -90
8269 8121 -150
8272 8121 -90
8271 8121 -150
8268 8121 -90
8267 8121 -150
1247 8121 -200
1308 8121 439359
10719 8122 272
10718 8122 630
10717 8122 10
10716 8122 40
10499 8122 580
10498 8122 400
8310 8122 -720
8309 8122 -720
8282 8122 -90
8281 8122 -150
8284 8122 -90
8283 8122 -150
8280 8122 -90
8279 8122 -150
1793 8122 -200
1854 8122 439359
10742 8123 272
10741 8123 630
10740 8123 10
10739 8123 40
10530 8123 580
10529 8123 400
8312 8123 -720
8311 8123 -720
8288 8123 -90
8287 8123 -150
8290 8123 -90
8289 8123 -150
8286 8123 -90
8285 8123 -150
2066 8123 -200
2127 8123 439359
10765 8124 272
10764 8124 630
10763 8124 10
10762 8124 40
10561 8124 580
10560 8124 400
8314 8124 -720
8313 8124 -720
8294 8124 -90
8293 8124 -150
8296 8124 -90
8295 8124 -150
8292 8124 -90
8291 8124 -150
2339 8124 -200
2400 8124 439359
10581 8125 -90
10580 8125 42
10579 8125 10
10578 8125 40
10313 8125 -8
10312 8125 350
8298 8125 -720
8297 8125 -720
8246 8125 -90
8245 8125 -150
8248 8125 -90
8247 8125 -150
8244 8125 -90
8243 8125 -150
168 8125 -2000
216 8125 532446
10604 8126 -4500000
10603 8126 42
10602 8126 10
10601 8126 40
10344 8126 -8
10343 8126 350
8300 8126 -720
8299 8126 -720
8252 8126 -90
8251 8126 -150
8254 8126 -90
8253 8126 -150
8250 8126 -90
8249 8126 -150
441 8126 -2000
489 8126 532446
10627 8127 -90
10626 8127 42
10625 8127 10
10624 8127 40
10375 8127 -8
10374 8127 350
8302 8127 -720
8301 8127 -720
8258 8127 -90
8257 8127 -150
8260 8127 -90
8259 8127 -150
8256 8127 -90
8255 8127 -150
714 8127 -2000
762 8127 532446
10650 8128 -9
10649 8128 42
10648 8128 10
10647 8128 40
10406 8128 -8
10405 8128 175
8304 8128 -720
8303 8128 -720
8264 8128 -90
8263 8128 -150
8266 8128 -90
8265 8128 -150
8262 8128 -90
8261 8128 -150
987 8128 -2000
1035 8128 532446
10673 8129 -90
10672 8129 42
10671 8129 10
10670 8129 40
10437 8129 -8
10436 8129 350
8306 8129 -720
8305 8129 -720
8270 8129 -90
8269 8129 -150
8272 8129 -90
8271 8129 -150
8268 8129 -90
8267 8129 -150
1260 8129 -1000
1308 8129 532446
10696 8130 -90
10695 8130 42
10694 8130 10
10693 8130 40
10468 8130 -8
10467 8130 350
8308 8130 -720
8307 8130 -720
8276 8130 -90
8275 8130 -150
8278 8130 -90
8277 8130 -150
8274 8130 -90
8273 8130 -150
1533 8130 -2000
1581 8130 532446
10719 8131 -90
10718 8131 42
10717 8131 10
10716 8131 40
10499 8131 -8
10498 8131 350
8310 8131 -720
8309 8131 -720
8282 8131 -90
8281 8131 -150
8284 8131 -90
8283 8131 -150
8280 8131 -90
8279 8131 -150
1806 8131 -1000
1854 8131 532446
10742 8132 -90
10741 8132 42
10740 8132 10
10739 8132 40
10530 8132 -8
10529 8132 350
8312 8132 -720
8311 8132 -720
8288 8132 -90
8287 8132 -150
8290 8132 -90
8289 8132 -150
8286 8132 -90
8285 8132 -150
2079 8132 -2000
2127 8132 532446
10765 8133 -90
10764 8133 42
10763 8133 10
10762 8133 40
10561 8133 -8
10560 8133 350
8314 8133 -720
8313 8133 -720
8294 8133 -90
8293 8133 -150
8296 8133 -90
8295 8133 -150
8292 8133 -90
8291 8133 -150
2352 8133 -1000
2400 8133 532446
10581 8134 -80
10580 8134 42
10579 8134 10
10578 8134 40
10313 8134 -8
10312 8134 350
8298 8134 -720
8297 8134 -720
8246 8134 -90
8245 8134 -150
8248 8134 -90
8247 8134 -150
8244 8134 -90
8243 8134 -150
169 8134 -2000
216 8134 532446
10696 8135 -983
10695 8135 -61
10694 8135 10
10693 8135 40
10468 8135 -111
10467 8135 -65
8308 8135 -720
8307 8135 -720
8276 8135 -90
8275 8135 -150
8278 8135 -90
8277 8135 -150
8274 8135 -90
8273 8135 -150
1545 8135 -100
1581 8135 541495
10627 8136 140
10626 8136 570
10625 8136 10
10624 8136 40
10375 8136 520
10374 8136 400
8302 8136 -720
8301 8136 -720
8258 8136 -90
8257 8136 -150
8260 8136 -90
8259 8136 -150
8256 8136 -90
8255 8136 -150
742 8136 -10000
762 8136 453783
10650 8137 14
10649 8137 570
10648 8137 10
10647 8137 40
10406 8137 520
10405 8137 200
8304 8137 -720
8303 8137 -720
8264 8137 -90
8263 8137 -150
8266 8137 -90
8265 8137 -150
8262 8137 -90
8261 8137 -150
1015 8137 -200
1035 8137 453783
10696 8138 140
10695 8138 570
10694 8138 10
10693 8138 40
10468 8138 520
10467 8138 400
8308 8138 -720
8307 8138 -720
8276 8138 -90
8275 8138 -150
8278 8138 -90
8277 8138 -150
8274 8138 -90
8273 8138 -150
1561 8138 -200
1581 8138 453783
10581 8139 90
10580 8139 -49
10579 8139 10
10578 8139 -17
10313 8139 -99
10312 8139 -398
8298 8139 -720
8297 8139 -720
8246 8139 -90
8245 8139 -150
8248 8139 -90
8247 8139 -150
8244 8139 -90
8243 8139 -150
217 8139 -200
216 8139 593751
10604 8140 4500000
10603 8140 -49
10602 8140 10
10601 8140 -17
10344 8140 -99
10343 8140 -398
8300 8140 -720
8299 8140 -720
8252 8140 -90
8251 8140 -150
8254 8140 -90
8253 8140 -150
8250 8140 -90
8249 8140 -150
490 8140 -200
489 8140 593751
10627 8141 90
10626 8141 -49
10625 8141 10
10624 8141 -17
10375 8141 -99
10374 8141 -398
8302 8141 -720
8301 8141 -720
8258 8141 -90
8257 8141 -150
8260 8141 -90
8259 8141 -150
8256 8141 -90
8255 8141 -150
763 8141 -200
762 8141 593751
10650 8142 9
10649 8142 -49
10648 8142 10
10647 8142 -17
10406 8142 -99
10405 8142 -199
8304 8142 -720
8303 8142 -720
8264 8142 -90
8263 8142 -150
8266 8142 -90
8265 8142 -150
8262 8142 -90
8261 8142 -150
1036 8142 -200
1035 8142 593751
10673 8143 90
10672 8143 -49
10671 8143 10
10670 8143 -17
10437 8143 -99
10436 8143 -398
8306 8143 -720
8305 8143 -720
8270 8143 -90
8269 8143 -150
8272 8143 -90
8271 8143 -150
8268 8143 -90
8267 8143 -150
1309 8143 -200
1308 8143 593751
10696 8144 90
10695 8144 -49
10694 8144 10
10693 8144 -17
10468 8144 -99
10467 8144 -398
8308 8144 -720
8307 8144 -720
8276 8144 -90
8275 8144 -150
8278 8144 -90
8277 8144 -150
8274 8144 -90
8273 8144 -150
1582 8144 -200
1581 8144 593751
10719 8145 90
10718 8145 -49
10717 8145 10
10716 8145 -17
10499 8145 -99
10498 8145 -398
8310 8145 -720
8309 8145 -720
8282 8145 -90
8281 8145 -150
8284 8145 -90
8283 8145 -150
8280 8145 -90
8279 8145 -150
1855 8145 -200
1854 8145 593751
10742 8146 90
10741 8146 -49
10740 8146 10
10739 8146 -17
10530 8146 -99
10529 8146 -398
8312 8146 -720
8311 8146 -720
8288 8146 -90
8287 8146 -150
8290 8146 -90
8289 8146 -150
8286 8146 -90
8285 8146 -150
2128 8146 -200
2127 8146 593751
10765 8147 90
10764 8147 -49
10763 8147 10
10762 8147 -17
10561 8147 -99
10560 8147 -398
8314 8147 -720
8313 8147 -720
8294 8147 -90
8293 8147 -150
8296 8147 -90
8295 8147 -150
8292 8147 -90
8291 8147 -150
2401 8147 -200
2400 8147 593751
10673 8148 -252
10672 8148 -66
10671 8148 10
10670 8148 -17
10437 8148 -116
10436 8148 -435
8306 8148 -720
8305 8148 -720
8270 8148 -90
8269 8148 -150
8272 8148 -90
8271 8148 -150
8268 8148 -90
8267 8148 -150
1310 8148 -1
1308 8148 576956
10719 8149 -252
10718 8149 -66
10717 8149 10
10716 8149 -17
10499 8149 -116
10498 8149 -435
8310 8149 -720
8309 8149 -720
8282 8149 -90
8281 8149 -150
8284 8149 -90
8283 8149 -150
8280 8149 -90
8279 8149 -150
1856 8149 -1
1854 8149 576956
10581 8150 -5
10580 8150 -54
10579 8150 10
10578 8150 -17
10313 8150 -104
10312 8150 -415
8298 8150 -720
8297 8150 -720
8246 8150 -90
8245 8150 -150
8248 8150 -90
8247 8150 -150
8244 8150 -90
8243 8150 -150
220 8150 -100
216 8150 588219
10604 8151 -250000
10603 8151 -54
10602 8151 10
10601 8151 -17
10344 8151 -104
10343 8151 -415
8300 8151 -720
8299 8151 -720
8252 8151 -90
8251 8151 -150
8254 8151 -90
8253 8151 -150
8250 8151 -90
8249 8151 -150
493 8151 -100
489 8151 588219
10627 8152 -5
10626 8152 -54
10625 8152 10
10624 8152 -17
10375 8152 -104
10374 8152 -415
8302 8152 -720
8301 8152 -720
8258 8152 -90
8257 8152 -150
8260 8152 -90
8259 8152 -150
8256 8152 -90
8255 8152 -150
766 8152 -100
762 8152 588219
10673 8153 -5
10672 8153 -54
10671 8153 10
10670 8153 -17
10437 8153 -104
10436 8153 -415
8306 8153 -720
8305 8153 -720
8270 8153 -90
8269 8153 -150
8272 8153 -90
8271 8153 -150
8268 8153 -90
8267 8153 -150
1312 8153 -100
1308 8153 588219
10719 8154 -5
10718 8154 -54
10717 8154 10
10716 8154 -17
10499 8154 -104
10498 8154 -415
8310 8154 -720
8309 8154 -720
8282 8154 -90
8281 8154 -150
8284 8154 -90
8283 8154 -150
8280 8154 -90
8279 8154 -150
1858 8154 -100
1854 8154 588219
10742 8155 -5
10741 8155 -54
10740 8155 10
10739 8155 -17
10530 8155 -104
10529 8155 -415
8312 8155 -720
8311 8155 -720
8288 8155 -90
8287 8155 -150
8290 8155 -90
8289 8155 -150
8286 8155 -90
8285 8155 -150
2131 8155 -100
2127 8155 588219
10765 8156 -5
10764 8156 -54
10763 8156 10
10762 8156 -17
10561 8156 -104
10560 8156 -415
8314 8156 -720
8313 8156 -720
8294 8156 -90
8293 8156 -150
8296 8156 -90
8295 8156 -150
8292 8156 -90
8291 8156 -150
2404 8156 -100
2400 8156 588219
10627 8157 -630
10626 8157 20
10625 8157 10
10624 8157 40
10375 8157 -30
10374 8157 400
8302 8157 -720
8301 8157 -720
8258 8157 -90
8257 8157 -150
8260 8157 -90
8259 8157 -150
8256 8157 -90
8255 8157 -150
785 8157 -200
762 8157 503848
10650 8158 -63
10649 8158 20
10648 8158 10
10647 8158 40
10406 8158 -30
10405 8158 200
8304 8158 -720
8303 8158 -720
8264 8158 -90
8263 8158 -150
8266 8158 -90
8265 8158 -150
8262 8158 -90
8261 8158 -150
1058 8158 -200
1035 8158 503848
10586 8159 5949997
10585 8159 -28
10584 8159 10
10583 8159 3
10582 8159 9800003
10315 8159 -91
10314 8159 -170
8298 8159 -720
8297 8159 -720
8246 8159 -90
8245 8159 -150
8248 8159 -90
8247 8159 -150
8244 8159 -90
8243 8159 -150
85 8159 -1
234 8159 530593
10632 8160 5949997
10631 8160 -28
10630 8160 10
10629 8160 3
10628 8160 9800003
10377 8160 -91
10376 8160 -170
8302 8160 -720
8301 8160 -720
8258 8160 -90
8257 8160 -150
8260 8160 -90
8259 8160 -150
8256 8160 -90
8255 8160 -150
631 8160 -1
780 8160 530593
10678 8161 3500000
10677 8161 -19
10676 8161 10
10675 8161 3
10674 8161 7500000
10439 8161 -82
10438 8161 -170
8306 8161 -720
8305 8161 -720
8270 8161 -90
8269 8161 -150
8272 8161 -90
8271 8161 -150
8268 8161 -90
8267 8161 -150
1179 8161 -1
1326 8161 528115
10724 8162 3500000
10723 8162 -19
10722 8162 10
10721 8162 3
10720 8162 7500000
10501 8162 -82
10500 8162 -170
8310 8162 -720
8309 8162 -720
8282 8162 -90
8281 8162 -150
8284 8162 -90
8283 8162 -150
8280 8162 -90
8279 8162 -150
1725 8162 -1
1872 8162 528115
10586 8163 2500000
10585 8163 -37
10584 8163 10
10583 8163 20
10582 8163 1000000
10315 8163 -100
10314 8163 -100
8298 8163 -720
8297 8163 -720
8246 8163 -90
8245 8163 -150
8248 8163 -90
8247 8163 -150
8244 8163 -90
8243 8163 -150
107 8163 -4
234 8163 559574
10586 8164 -4000000
10585 8164 -62
10584 8164 -50
10583 8164 -49
10582 8164 1000000
10315 8164 -125
10314 8164 -600
8298 8164 -720
8297 8164 -720
8246 8164 -90
8245 8164 -150
8248 8164 -90
8247 8164 -150
8244 8164 -90
8243 8164 -150
138 8164 -1
234 8164 535519
10609 8165 -4000000
10608 8165 -62
10607 8165 -50
10606 8165 -49
10605 8165 1000000
10346 8165 -125
10345 8165 -600
8300 8165 -720
8299 8165 -720
8252 8165 -90
8251 8165 -150
8254 8165 -90
8253 8165 -150
8250 8165 -90
8249 8165 -150
411 8165 -1
507 8165 535519
10632 8166 -4000000
10631 8166 -62
10630 8166 -50
10629 8166 -49
10628 8166 1000000
10377 8166 -125
10376 8166 -600
8302 8166 -720
8301 8166 -720
8258 8166 -90
8257 8166 -150
8260 8166 -90
8259 8166 -150
8256 8166 -90
8255 8166 -150
684 8166 -1
780 8166 535519
10655 8167 -4000000
10654 8167 -62
10653 8167 -50
10652 8167 -49
10651 8167 1000000
10408 8167 -125
10407 8167 -600
8304 8167 -720
8303 8167 -720
8264 8167 -90
8263 8167 -150
8266 8167 -90
8265 8167 -150
8262 8167 -90
8261 8167 -150
957 8167 -1
1053 8167 535519
10678 8168 -4000000
10677 8168 -62
10676 8168 -50
10675 8168 -49
10674 8168 1000000
10439 8168 -125
10438 8168 -600
8306 8168 -720
8305 8168 -720
8270 8168 -90
8269 8168 -150
8272 8168 -90
8271 8168 -150
8268 8168 -90
8267 8168 -150
1230 8168 -1
1326 8168 535519
10701 8169 -4000000
10700 8169 -62
10699 8169 -50
10698 8169 -49
10697 8169 1000000
10470 8169 -125
10469 8169 -600
8308 8169 -720
8307 8169 -720
8276 8169 -90
8275 8169 -150
8278 8169 -90
8277 8169 -150
8274 8169 -90
8273 8169 -150
1503 8169 -1
1599 8169 535519
10724 8170 -4000000
10723 8170 -62
10722 8170 -50
10721 8170 -49
10720 8170 1000000
10501 8170 -125
10500 8170 -600
8310 8170 -720
8309 8170 -720
8282 8170 -90
8281 8170 -150
8284 8170 -90
8283 8170 -150
8280 8170 -90
8279 8170 -150
1776 8170 -1
1872 8170 535519
10747 8171 -4000000
10746 8171 -62
10745 8171 -50
10744 8171 -49
10743 8171 1000000
10532 8171 -125
10531 8171 -600
8312 8171 -720
8311 8171 -720
8288 8171 -90
8287 8171 -150
8290 8171 -90
8289 8171 -150
8286 8171 -90
8285 8171 -150
2049 8171 -1
2145 8171 535519
10770 8172 -4000000
10769 8172 -62
10768 8172 -50
10767 8172 -49
10766 8172 1000000
10563 8172 -125
10562 8172 -600
8314 8172 -720
8313 8172 -720
8294 8172 -90
8293 8172 -150
8296 8172 -90
8295 8172 -150
8292 8172 -90
8291 8172 -150
2322 8172 -1
2418 8172 535519
10609 8173 -5949997
10608 8173 -58
10607 8173 -15
10606 8173 -40
10605 8173 -5400002
10346 8173 -121
10345 8173 -600
8300 8173 -720
8299 8173 -720
8252 8173 -90
8251 8173 -150
8254 8173 -90
8253 8173 -150
8250 8173 -90
8249 8173 -150
413 8173 -2000
507 8173 584308
10632 8174 -5949997
10631 8174 -58
10630 8174 -15
10629 8174 -40
10628 8174 -5400002
10377 8174 -121
10376 8174 -600
8302 8174 -720
8301 8174 -720
8258 8174 -90
8257 8174 -150
8260 8174 -90
8259 8174 -150
8256 8174 -90
8255 8174 -150
686 8174 -2000
780 8174 584308
10655 8175 -5949997
10654 8175 -58
10653 8175 -15
10652 8175 -40
10651 8175 -5400002
10408 8175 -121
10407 8175 -600
8304 8175 -720
8303 8175 -720
8264 8175 -90
8263 8175 -150
8266 8175 -90
8265 8175 -150
8262 8175 -90
8261 8175 -150
959 8175 -2000
1053 8175 584308
10678 8176 -5949997
10677 8176 -58
10676 8176 -15
10675 8176 -40
10674 8176 -5400002
10439 8176 -121
10438 8176 -600
8306 8176 -720
8305 8176 -720
8270 8176 -90
8269 8176 -150
8272 8176 -90
8271 8176 -150
8268 8176 -90
8267 8176 -150
1232 8176 -2000
1326 8176 584308
10701 8177 -5949997
10700 8177 -58
10699 8177 -15
10698 8177 -40
10697 8177 -5400002
10470 8177 -121
10469 8177 -600
8308 8177 -720
8307 8177 -720
8276 8177 -90
8275 8177 -150
8278 8177 -90
8277 8177 -150
8274 8177 -90
8273 8177 -150
1505 8177 -2000
1599 8177 584308
10724 8178 -5949997
10723 8178 -58
10722 8178 -15
10721 8178 -40
10720 8178 -5400002
10501 8178 -121
10500 8178 -600
8310 8178 -720
8309 8178 -720
8282 8178 -90
8281 8178 -150
8284 8178 -90
8283 8178 -150
8280 8178 -90
8279 8178 -150
1778 8178 -2000
1872 8178 584308
10747 8179 -5949997
10746 8179 -58
10745 8179 -15
10744 8179 -40
10743 8179 -5400002
10532 8179 -121
10531 8179 -600
8312 8179 -720
8311 8179 -720
8288 8179 -90
8287 8179 -150
8290 8179 -90
8289 8179 -150
8286 8179 -90
8285 8179 -150
2051 8179 -2000
2145 8179 584308
10770 8180 -5949997
10769 8180 -58
10768 8180 -15
10767 8180 -40
10766 8180 -5400002
10563 8180 -121
10562 8180 -600
8314 8180 -720
8313 8180 -720
8294 8180 -90
8293 8180 -150
8296 8180 -90
8295 8180 -150
8292 8180 -90
8291 8180 -150
2324 8180 -2000
2418 8180 584308
10586 8181 -5449997
10585 8181 -58
10584 8181 -15
10583 8181 -40
10582 8181 -4900002
10315 8181 -121
10314 8181 -600
8298 8181 -720
8297 8181 -720
8246 8181 -90
8245 8181 -150
8248 8181 -90
8247 8181 -150
8244 8181 -90
8243 8181 -150
141 8181 -2000
234 8181 584308
10609 8182 -5449997
10608 8182 -58
10607 8182 -15
10606 8182 -40
10605 8182 -4900002
10346 8182 -121
10345 8182 -600
8300 8182 -720
8299 8182 -720
8252 8182 -90
8251 8182 -150
8254 8182 -90
8253 8182 -150
8250 8182 -90
8249 8182 -150
414 8182 -1000
507 8182 584308
10678 8183 -5449997
10677 8183 -58
10676 8183 -15
10675 8183 -40
10674 8183 -4900002
10439 8183 -121
10438 8183 -600
8306 8183 -720
8305 8183 -720
8270 8183 -90
8269 8183 -150
8272 8183 -90
8271 8183 -150
8268 8183 -90
8267 8183 -150
1233 8183 -2000
1326 8183 584308
10701 8184 -5449997
10700 8184 -58
10699 8184 -15
10698 8184 -40
10697 8184 -4900002
10470 8184 -121
10469 8184 -600
8308 8184 -720
8307 8184 -720
8276 8184 -90
8275 8184 -150
8278 8184 -90
8277 8184 -150
8274 8184 -90
8273 8184 -150
1506 8184 -500
1599 8184 584308
10724 8185 -5449997
10723 8185 -58
10722 8185 -15
10721 8185 -40
10720 8185 -4900002
10501 8185 -121
10500 8185 -600
8310 8185 -720
8309 8185 -720
8282 8185 -90
8281 8185 -150
8284 8185 -90
8283 8185 -150
8280 8185 -90
8279 8185 -150
1779 8185 -1
1872 8185 584308
10747 8186 -5449997
10746 8186 -58
10745 8186 -15
10744 8186 -40
10743 8186 -4900002
10532 8186 -121
10531 8186 -600
8312 8186 -720
8311 8186 -720
8288 8186 -90
8287 8186 -150
8290 8186 -90
8289 8186 -150
8286 8186 -90
8285 8186 -150
2052 8186 -500
2145 8186 584308
10770 8187 -5449997
10769 8187 -58
10768 8187 -15
10767 8187 -40
10766 8187 -4900002
10563 8187 -121
10562 8187 -600
8314 8187 -720
8313 8187 -720
8294 8187 -90
8293 8187 -150
8296 8187 -90
8295 8187 -150
8292 8187 -90
8291 8187 -150
2325 8187 -1
2418 8187 584308
10655 8188 -4449997
10654 8188 -58
10653 8188 -15
10652 8188 -40
10651 8188 -3900002
10408 8188 -121
10407 8188 -600
8304 8188 -720
8303 8188 -720
8264 8188 -90
8263 8188 -150
8266 8188 -90
8265 8188 -150
8262 8188 -90
8261 8188 -150
961 8188 -2000
1053 8188 584308
10747 8189 -4449997
10746 8189 -58
10745 8189 -15
10744 8189 -40
10743 8189 -3900002
10532 8189 -121
10531 8189 -600
8312 8189 -720
8311 8189 -720
8288 8189 -90
8287 8189 -150
8290 8189 -90
8289 8189 -150
8286 8189 -90
8285 8189 -150
2053 8189 -2000
2145 8189 584308
10770 8190 -4449997
10769 8190 -58
10768 8190 -15
10767 8190 -40
10766 8190 -3900002
10563 8190 -121
10562 8190 -600
8314 8190 -720
8313 8190 -720
8294 8190 -90
8293 8190 -150
8296 8190 -90
8295 8190 -150
8292 8190 -90
8291 8190 -150
2326 8190 -10000
2418 8190 584308
10586 8191 16600000
10585 8191 643
10584 8191 10
10583 8191 40
10582 8191 22000000
10315 8191 580
10314 8191 400
8298 8191 -720
8297 8191 -720
8246 8191 -90
8245 8191 -150
8248 8191 -90
8247 8191 -150
8244 8191 -90
8243 8191 -150
155 8191 -200
234 8191 439359
10609 8192 16600000
10608 8192 643
10607 8192 10
10606 8192 40
10605 8192 22000000
10346 8192 580
10345 8192 400
8300 8192 -720
8299 8192 -720
8252 8192 -90
8251 8192 -150
8254 8192 -90
8253 8192 -150
8250 8192 -90
8249 8192 -150
428 8192 -200
507 8192 439359
10632 8193 16600000
10631 8193 643
10630 8193 10
10629 8193 40
10628 8193 22000000
10377 8193 580
10376 8193 400
8302 8193 -720
8301 8193 -720
8258 8193 -90
8257 8193 -150
8260 8193 -90
8259 8193 -150
8256 8193 -90
8255 8193 -150
701 8193 -200
780 8193 439359
10655 8194 16600000
10654 8194 643
10653 8194 10
10652 8194 40
10651 8194 22000000
10408 8194 580
10407 8194 400
8304 8194 -720
8303 8194 -720
8264 8194 -90
8263 8194 -150
8266 8194 -90
8265 8194 -150
8262 8194 -90
8261 8194 -150
974 8194 -200
1053 8194 439359
10678 8195 16600000
10677 8195 643
10676 8195 10
10675 8195 40
10674 8195 22000000
10439 8195 580
10438 8195 400
8306 8195 -720
8305 8195 -720
8270 8195 -90
8269 8195 -150
8272 8195 -90
8271 8195 -150
8268 8195 -90
8267 8195 -150
1247 8195 -200
1326 8195 439359
10701 8196 16600000
10700 8196 643
10699 8196 10
10698 8196 40
10697 8196 22000000
10470 8196 580
10469 8196 400
8308 8196 -720
8307 8196 -720
8276 8196 -90
8275 8196 -150
8278 8196 -90
8277 8196 -150
8274 8196 -90
8273 8196 -150
1520 8196 -200
1599 8196 439359
10724 8197 16600000
10723 8197 643
10722 8197 10
10721 8197 40
10720 8197 22000000
10501 8197 580
10500 8197 400
8310 8197 -720
8309 8197 -720
8282 8197 -90
8281 8197 -150
8284 8197 -90
8283 8197 -150
8280 8197 -90
8279 8197 -150
1793 8197 -200
1872 8197 439359
10747 8198 16600000
10746 8198 643
10745 8198 10
10744 8198 40
10743 8198 22000000
10532 8198 580
10531 8198 400
8312 8198 -720
8311 8198 -720
8288 8198 -90
8287 8198 -150
8290 8198 -90
8289 8198 -150
8286 8198 -90
8285 8198 -150
2066 8198 -200
2145 8198 439359
10770 8199 16600000
10769 8199 643
10768 8199 10
10767 8199 40
10766 8199 22000000
10563 8199 580
10562 8199 400
8314 8199 -720
8313 8199 -720
8294 8199 -90
8293 8199 -150
8296 8199 -90
8295 8199 -150
8292 8199 -90
8291 8199 -150
2339 8199 -200
2418 8199 439359
10586 8200 2199997
10585 8200 137
10584 8200 10
10583 8200 40
10582 8200 5300003
10315 8200 74
10314 8200 400
8298 8200 -720
8297 8200 -720
8246 8200 -90
8245 8200 -150
8248 8200 -90
8247 8200 -150
8244 8200 -90
8243 8200 -150
156 8200 -1
234 8200 481116
10609 8201 2199997
10608 8201 137
10607 8201 10
10606 8201 40
10605 8201 5300003
10346 8201 74
10345 8201 400
8300 8201 -720
8299 8201 -720
8252 8201 -90
8251 8201 -150
8254 8201 -90
8253 8201 -150
8250 8201 -90
8249 8201 -150
429 8201 -5
507 8201 481116
10632 8202 2199997
10631 8202 137
10630 8202 10
10629 8202 40
10628 8202 5300003
10377 8202 74
10376 8202 400
8302 8202 -720
8301 8202 -720
8258 8202 -90
8257 8202 -150
8260 8202 -90
8259 8202 -150
8256 8202 -90
8255 8202 -150
702 8202 -5
780 8202 481116
10655 8203 2199997
10654 8203 137
10653 8203 10
10652 8203 40
10651 8203 5300003
10408 8203 74
10407 8203 400
8304 8203 -720
8303 8203 -720
8264 8203 -90
8263 8203 -150
8266 8203 -90
8265 8203 -150
8262 8203 -90
8261 8203 -150
975 8203 -5
1053 8203 481116
10678 8204 2199997
10677 8204 137
10676 8204 10
10675 8204 40
10674 8204 5300003
10439 8204 74
10438 8204 400
8306 8204 -720
8305 8204 -720
8270 8204 -90
8269 8204 -150
8272 8204 -90
8271 8204 -150
8268 8204 -90
8267 8204 -150
1248 8204 -5
1326 8204 481116
10701 8205 2199997
10700 8205 137
10699 8205 10
10698 8205 40
10697 8205 5300003
10470 8205 74
10469 8205 400
8308 8205 -720
8307 8205 -720
8276 8205 -90
8275 8205 -150
8278 8205 -90
8277 8205 -150
8274 8205 -90
8273 8205 -150
1521 8205 -5
1599 8205 481116
10724 8206 2199997
10723 8206 137
10722 8206 10
10721 8206 40
10720 8206 5300003
10501 8206 74
10500 8206 400
8310 8206 -720
8309 8206 -720
8282 8206 -90
8281 8206 -150
8284 8206 -90
8283 8206 -150
8280 8206 -90
8279 8206 -150
1794 8206 -5
1872 8206 481116
10747 8207 2199997
10746 8207 137
10745 8207 10
10744 8207 40
10743 8207 5300003
10532 8207 74
10531 8207 400
8312 8207 -720
8311 8207 -720
8288 8207 -90
8287 8207 -150
8290 8207 -90
8289 8207 -150
8286 8207 -90
8285 8207 -150
2067 8207 -5
2145 8207 481116
10770 8208 2199997
10769 8208 137
10768 8208 10
10767 8208 40
10766 8208 5300003
10563 8208 74
10562 8208 400
8314 8208 -720
8313 8208 -720
8294 8208 -90
8293 8208 -150
8296 8208 -90
8295 8208 -150
8292 8208 -90
8291 8208 -150
2340 8208 -5
2418 8208 481116
10586 8209 -9800003
10585 8209 8
10584 8209 10
10583 8209 40
10582 8209 -6900002
10315 8209 -55
10314 8209 400
8298 8209 -720
8297 8209 -720
8246 8209 -90
8245 8209 -150
8248 8209 -90
8247 8209 -150
8244 8209 -90
8243 8209 -150
157 8209 -1
234 8209 517043
10632 8210 -9800003
10631 8210 8
10630 8210 10
10629 8210 40
10628 8210 -6900002
10377 8210 -55
10376 8210 400
8302 8210 -720
8301 8210 -720
8258 8210 -90
8257 8210 -150
8260 8210 -90
8259 8210 -150
8256 8210 -90
8255 8210 -150
703 8210 -20
780 8210 517043
10678 8211 -9800003
10677 8211 8
10676 8211 10
10675 8211 40
10674 8211 -6900002
10439 8211 -55
10438 8211 400
8306 8211 -720
8305 8211 -720
8270 8211 -90
8269 8211 -150
8272 8211 -90
8271 8211 -150
8268 8211 -90
8267 8211 -150
1249 8211 -20
1326 8211 517043
10747 8212 -9800003
10746 8212 8
10745 8212 10
10744 8212 40
10743 8212 -6900002
10532 8212 -55
10531 8212 400
8312 8212 -720
8311 8212 -720
8288 8212 -90
8287 8212 -150
8290 8212 -90
8289 8212 -150
8286 8212 -90
8285 8212 -150
2068 8212 -20
2145 8212 517043
10609 8213 -1500000
10608 8213 55
10607 8213 10
10606 8213 40
10605 8213 -3300003
10346 8213 -8
10345 8213 350
8300 8213 -720
8299 8213 -720
8252 8213 -90
8251 8213 -150
8254 8213 -90
8253 8213 -150
8250 8213 -90
8249 8213 -150
441 8213 -2000
507 8213 532446
10632 8214 -1500000
10631 8214 55
10630 8214 10
10629 8214 40
10628 8214 -3300003
10377 8214 -8
10376 8214 350
8302 8214 -720
8301 8214 -720
8258 8214 -90
8257 8214 -150
8260 8214 -90
8259 8214 -150
8256 8214 -90
8255 8214 -150
714 8214 -2000
780 8214 532446
10655 8215 -1500000
10654 8215 55
10653 8215 10
10652 8215 40
10651 8215 -3300003
10408 8215 -8
10407 8215 350
8304 8215 -720
8303 8215 -720
8264 8215 -90
8263 8215 -150
8266 8215 -90
8265 8215 -150
8262 8215 -90
8261 8215 -150
987 8215 -2000
1053 8215 532446
10678 8216 -1500000
10677 8216 55
10676 8216 10
10675 8216 40
10674 8216 -3300003
10439 8216 -8
10438 8216 350
8306 8216 -720
8305 8216 -720
8270 8216 -90
8269 8216 -150
8272 8216 -90
8271 8216 -150
8268 8216 -90
8267 8216 -150
1260 8216 -1000
1326 8216 532446
10701 8217 -1500000
10700 8217 55
10699 8217 10
10698 8217 40
10697 8217 -3300003
10470 8217 -8
10469 8217 350
8308 8217 -720
8307 8217 -720
8276 8217 -90
8275 8217 -150
8278 8217 -90
8277 8217 -150
8274 8217 -90
8273 8217 -150
1533 8217 -2000
1599 8217 532446
10724 8218 -1500000
10723 8218 55
10722 8218 10
10721 8218 40
10720 8218 -3300003
10501 8218 -8
10500 8218 350
8310 8218 -720
8309 8218 -720
8282 8218 -90
8281 8218 -150
8284 8218 -90
8283 8218 -150
8280 8218 -90
8279 8218 -150
1806 8218 -1000
1872 8218 532446
10747 8219 -1500000
10746 8219 55
10745 8219 10
10744 8219 40
10743 8219 -3300003
10532 8219 -8
10531 8219 350
8312 8219 -720
8311 8219 -720
8288 8219 -90
8287 8219 -150
8290 8219 -90
8289 8219 -150
8286 8219 -90
8285 8219 -150
2079 8219 -2000
2145 8219 532446
10770 8220 -1500000
10769 8220 55
10768 8220 10
10767 8220 40
10766 8220 -3300003
10563 8220 -8
10562 8220 350
8314 8220 -720
8313 8220 -720
8294 8220 -90
8293 8220 -150
8296 8220 -90
8295 8220 -150
8292 8220 -90
8291 8220 -150
2352 8220 -1000
2418 8220 532446
10586 8221 -1000000
10585 8221 55
10584 8221 10
10583 8221 40
10582 8221 -2800003
10315 8221 -8
10314 8221 350
8298 8221 -720
8297 8221 -720
8246 8221 -90
8245 8221 -150
8248 8221 -90
8247 8221 -150
8244 8221 -90
8243 8221 -150
169 8221 -2000
234 8221 532446
10609 8222 -1000000
10608 8222 55
10607 8222 10
10606 8222 40
10605 8222 -2800003
10346 8222 -8
10345 8222 350
8300 8222 -720
8299 8222 -720
8252 8222 -90
8251 8222 -150
8254 8222 -90
8253 8222 -150
8250 8222 -90
8249 8222 -150
442 8222 -2000
507 8222 532446
10632 8223 -1000000
10631 8223 55
10630 8223 10
10629 8223 40
10628 8223 -2800003
10377 8223 -8
10376 8223 350
8302 8223 -720
8301 8223 -720
8258 8223 -90
8257 8223 -150
8260 8223 -90
8259 8223 -150
8256 8223 -90
8255 8223 -150
715 8223 -10000
780 8223 532446
10655 8224 -1000000
10654 8224 55
10653 8224 10
10652 8224 40
10651 8224 -2800003
10408 8224 -8
10407 8224 350
8304 8224 -720
8303 8224 -720
8264 8224 -90
8263 8224 -150
8266 8224 -90
8265 8224 -150
8262 8224 -90
8261 8224 -150
988 8224 -2000
1053 8224 532446
10678 8225 -1000000
10677 8225 55
10676 8225 10
10675 8225 40
10674 8225 -2800003
10439 8225 -8
10438 8225 350
8306 8225 -720
8305 8225 -720
8270 8225 -90
8269 8225 -150
8272 8225 -90
8271 8225 -150
8268 8225 -90
8267 8225 -150
1261 8225 -10000
1326 8225 532446
10701 8226 -1000000
10700 8226 55
10699 8226 10
10698 8226 40
10697 8226 -2800003
10470 8226 -8
10469 8226 350
8308 8226 -720
8307 8226 -720
8276 8226 -90
8275 8226 -150
8278 8226 -90
8277 8226 -150
8274 8226 -90
8273 8226 -150
1534 8226 -2000
1599 8226 532446
10724 8227 -1000000
10723 8227 55
10722 8227 10
10721 8227 40
10720 8227 -2800003
10501 8227 -8
10500 8227 350
8310 8227 -720
8309 8227 -720
8282 8227 -90
8281 8227 -150
8284 8227 -90
8283 8227 -150
8280 8227 -90
8279 8227 -150
1807 8227 -200
1872 8227 532446
10747 8228 -1000000
10746 8228 55
10745 8228 10
10744 8228 40
10743 8228 -2800003
10532 8228 -8
10531 8228 350
8312 8228 -720
8311 8228 -720
8288 8228 -90
8287 8228 -150
8290 8228 -90
8289 8228 -150
8286 8228 -90
8285 8228 -150
2080 8228 -2000
2145 8228 532446
10770 8229 -1000000
10769 8229 55
10768 8229 10
10767 8229 40
10766 8229 -2800003
10563 8229 -8
10562 8229 350
8314 8229 -720
8313 8229 -720
8294 8229 -90
8293 8229 -150
8296 8229 -90
8295 8229 -150
8292 8229 -90
8291 8229 -150
2353 8229 -200
2418 8229 532446
10585 8230 55
10584 8230 10
10583 8230 40
10582 8230 -1800003
10315 8230 -8
10314 8230 350
8298 8230 -720
8297 8230 -720
8246 8230 -90
8245 8230 -150
8248 8230 -90
8247 8230 -150
8244 8230 -90
8243 8230 -150
170 8230 -400
234 8230 532446
10608 8231 55
10607 8231 10
10606 8231 40
10605 8231 -1800003
10346 8231 -8
10345 8231 350
8300 8231 -720
8299 8231 -720
8252 8231 -90
8251 8231 -150
8254 8231 -90
8253 8231 -150
8250 8231 -90
8249 8231 -150
443 8231 -80
507 8231 532446
10631 8232 55
10630 8232 10
10629 8232 40
10628 8232 -1800003
10377 8232 -8
10376 8232 350
8302 8232 -720
8301 8232 -720
8258 8232 -90
8257 8232 -150
8260 8232 -90
8259 8232 -150
8256 8232 -90
8255 8232 -150
716 8232 -10000
780 8232 532446
10677 8233 55
10676 8233 10
10675 8233 40
10674 8233 -1800003
10439 8233 -8
10438 8233 350
8306 8233 -720
8305 8233 -720
8270 8233 -90
8269 8233 -150
8272 8233 -90
8271 8233 -150
8268 8233 -90
8267 8233 -150
1262 8233 -2500
1326 8233 532446
10700 8234 55
10699 8234 10
10698 8234 40
10697 8234 -1800003
10470 8234 -8
10469 8234 350
8308 8234 -720
8307 8234 -720
8276 8234 -90
8275 8234 -150
8278 8234 -90
8277 8234 -150
8274 8234 -90
8273 8234 -150
1535 8234 -250
1599 8234 532446
10723 8235 55
10722 8235 10
10721 8235 40
10720 8235 -1800003
10501 8235 -8
10500 8235 350
8310 8235 -720
8309 8235 -720
8282 8235 -90
8281 8235 -150
8284 8235 -90
8283 8235 -150
8280 8235 -90
8279 8235 -150
1808 8235 -250
1872 8235 532446
10586 8236 -2300003
10585 8236 73
10584 8236 10
10583 8236 40
10582 8236 1300003
10315 8236 10
10314 8236 400
8298 8236 -720
8297 8236 -720
8246 8236 -90
8245 8236 -150
8248 8236 -90
8247 8236 -150
8244 8236 -90
8243 8236 -150
176 8236 -200
234 8236 504122
10609 8237 -2300003
10608 8237 73
10607 8237 10
10606 8237 40
10605 8237 1300003
10346 8237 10
10345 8237 400
8300 8237 -720
8299 8237 -720
8252 8237 -90
8251 8237 -150
8254 8237 -90
8253 8237 -150
8250 8237 -90
8249 8237 -150
449 8237 -200
507 8237 504122
10632 8238 -2300003
10631 8238 73
10630 8238 10
10629 8238 40
10628 8238 1300003
10377 8238 10
10376 8238 400
8302 8238 -720
8301 8238 -720
8258 8238 -90
8257 8238 -150
8260 8238 -90
8259 8238 -150
8256 8238 -90
8255 8238 -150
722 8238 -200
780 8238 504122
10655 8239 -2300003
10654 8239 73
10653 8239 10
10652 8239 40
10651 8239 1300003
10408 8239 10
10407 8239 400
8304 8239 -720
8303 8239 -720
8264 8239 -90
8263 8239 -150
8266 8239 -90
8265 8239 -150
8262 8239 -90
8261 8239 -150
995 8239 -200
1053 8239 504122
10678 8240 -2300003
10677 8240 73
10676 8240 10
10675 8240 40
10674 8240 1300003
10439 8240 10
10438 8240 400
8306 8240 -720
8305 8240 -720
8270 8240 -90
8269 8240 -150
8272 8240 -90
8271 8240 -150
8268 8240 -90
8267 8240 -150
1268 8240 -200
1326 8240 504122
10701 8241 -2300003
10700 8241 73
10699 8241 10
10698 8241 40
10697 8241 1300003
10470 8241 10
10469 8241 400
8308 8241 -720
8307 8241 -720
8276 8241 -90
8275 8241 -150
8278 8241 -90
8277 8241 -150
8274 8241 -90
8273 8241 -150
1541 8241 -200
1599 8241 504122
10724 8242 -2300003
10723 8242 73
10722 8242 10
10721 8242 40
10720 8242 1300003
10501 8242 10
10500 8242 400
8310 8242 -720
8309 8242 -720
8282 8242 -90
8281 8242 -150
8284 8242 -90
8283 8242 -150
8280 8242 -90
8279 8242 -150
1814 8242 -200
1872 8242 504122
10747 8243 -2300003
10746 8243 73
10745 8243 10
10744 8243 40
10743 8243 1300003
10532 8243 10
10531 8243 400
8312 8243 -720
8311 8243 -720
8288 8243 -90
8287 8243 -150
8290 8243 -90
8289 8243 -150
8286 8243 -90
8285 8243 -150
2087 8243 -200
2145 8243 504122
10770 8244 -2300003
10769 8244 73
10768 8244 10
10767 8244 40
10766 8244 1300003
10563 8244 10
10562 8244 400
8314 8244 -720
8313 8244 -720
8294 8244 -90
8293 8244 -150
8296 8244 -90
8295 8244 -150
8292 8244 -90
8291 8244 -150
2360 8244 -200
2418 8244 504122
10701 8245 -17700000
10700 8245 -51
10699 8245 10
10698 8245 40
10697 8245 -13700000
10470 8245 -114
10469 8245 -65
8308 8245 -720
8307 8245 -720
8276 8245 -90
8275 8245 -150
8278 8245 -90
8277 8245 -150
8274 8245 -90
8273 8245 -150
1544 8245 -1
1599 8245 541495
10701 8246 -46150000
10700 8246 -48
10699 8246 10
10698 8246 40
10697 8246 -41400000
10470 8246 -111
10469 8246 -65
8308 8246 -720
8307 8246 -720
8276 8246 -90
8275 8246 -150
8278 8246 -90
8277 8246 -150
8274 8246 -90
8273 8246 -150
1545 8246 -100
1599 8246 541495
10609 8247 -13350000
10608 8247 -49
10607 8247 10
10606 8247 9
10605 8247 -10700000
10346 8247 -112
10345 8247 -65
8300 8247 -720
8299 8247 -720
8252 8247 -90
8251 8247 -150
8254 8247 -90
8253 8247 -150
8250 8247 -90
8249 8247 -150
463 8247 -200
507 8247 519372
10632 8248 -13350000
10631 8248 -49
10630 8248 10
10629 8248 9
10628 8248 -10700000
10377 8248 -112
10376 8248 -65
8302 8248 -720
8301 8248 -720
8258 8248 -90
8257 8248 -150
8260 8248 -90
8259 8248 -150
8256 8248 -90
8255 8248 -150
736 8248 -1
780 8248 519372
10655 8249 -13350000
10654 8249 -49
10653 8249 10
10652 8249 9
10651 8249 -10700000
10408 8249 -112
10407 8249 -65
8304 8249 -720
8303 8249 -720
8264 8249 -90
8263 8249 -150
8266 8249 -90
8265 8249 -150
8262 8249 -90
8261 8249 -150
1009 8249 -200
1053 8249 519372
10701 8250 -13350000
10700 8250 -49
10699 8250 10
10698 8250 9
10697 8250 -10700000
10470 8250 -112
10469 8250 -65
8308 8250 -720
8307 8250 -720
8276 8250 -90
8275 8250 -150
8278 8250 -90
8277 8250 -150
8274 8250 -90
8273 8250 -150
1555 8250 -1
1599 8250 519372
10724 8251 -13350000
10723 8251 -49
10722 8251 10
10721 8251 9
10720 8251 -10700000
10501 8251 -112
10500 8251 -65
8310 8251 -720
8309 8251 -720
8282 8251 -90
8281 8251 -150
8284 8251 -90
8283 8251 -150
8280 8251 -90
8279 8251 -150
1828 8251 -200
1872 8251 519372
10747 8252 -13350000
10746 8252 -49
10745 8252 10
10744 8252 9
10743 8252 -10700000
10532 8252 -112
10531 8252 -65
8312 8252 -720
8311 8252 -720
8288 8252 -90
8287 8252 -150
8290 8252 -90
8289 8252 -150
8286 8252 -90
8285 8252 -150
2101 8252 -1
2145 8252 519372
10770 8253 -13350000
10769 8253 -49
10768 8253 10
10767 8253 9
10766 8253 -10700000
10563 8253 -112
10562 8253 -65
8314 8253 -720
8313 8253 -720
8294 8253 -90
8293 8253 -150
8296 8253 -90
8295 8253 -150
8292 8253 -90
8291 8253 -150
2374 8253 -1
2418 8253 519372
10586 8254 -14000000
10585 8254 -49
10584 8254 10
10583 8254 9
10582 8254 -8500000
10315 8254 -112
10314 8254 -65
8298 8254 -720
8297 8254 -720
8246 8254 -90
8245 8254 -150
8248 8254 -90
8247 8254 -150
8244 8254 -90
8243 8254 -150
191 8254 -200
234 8254 519372
10609 8255 -14000000
10608 8255 -49
10607 8255 10
10606 8255 9
10605 8255 -8500000
10346 8255 -112
10345 8255 -65
8300 8255 -720
8299 8255 -720
8252 8255 -90
8251 8255 -150
8254 8255 -90
8253 8255 -150
8250 8255 -90
8249 8255 -150
464 8255 -200
507 8255 519372
10632 8256 -14000000
10631 8256 -49
10630 8256 10
10629 8256 9
10628 8256 -8500000
10377 8256 -112
10376 8256 -65
8302 8256 -720
8301 8256 -720
8258 8256 -90
8257 8256 -150
8260 8256 -90
8259 8256 -150
8256 8256 -90
8255 8256 -150
737 8256 -200
780 8256 519372
10655 8257 -14000000
10654 8257 -49
10653 8257 10
10652 8257 9
10651 8257 -8500000
10408 8257 -112
10407 8257 -65
8304 8257 -720
8303 8257 -720
8264 8257 -90
8263 8257 -150
8266 8257 -90
8265 8257 -150
8262 8257 -90
8261 8257 -150
1010 8257 -200
1053 8257 519372
10678 8258 -14000000
10677 8258 -49
10676 8258 10
10675 8258 9
10674 8258 -8500000
10439 8258 -112
10438 8258 -65
8306 8258 -720
8305 8258 -720
8270 8258 -90
8269 8258 -150
8272 8258 -90
8271 8258 -150
8268 8258 -90
8267 8258 -150
1283 8258 -200
1326 8258 519372
10701 8259 -14000000
10700 8259 -49
10699 8259 10
10698 8259 9
10697 8259 -8500000
10470 8259 -112
10469 8259 -65
8308 8259 -720
8307 8259 -720
8276 8259 -90
8275 8259 -150
8278 8259 -90
8277 8259 -150
8274 8259 -90
8273 8259 -150
1556 8259 -200
1599 8259 519372
10724 8260 -14000000
10723 8260 -49
10722 8260 10
10721 8260 9
10720 8260 -8500000
10501 8260 -112
10500 8260 -65
8310 8260 -720
8309 8260 -720
8282 8260 -90
8281 8260 -150
8284 8260 -90
8283 8260 -150
8280 8260 -90
8279 8260 -150
1829 8260 -200
1872 8260 519372
10747 8261 -14000000
10746 8261 -49
10745 8261 10
10744 8261 9
10743 8261 -8500000
10532 8261 -112
10531 8261 -65
8312 8261 -720
8311 8261 -720
8288 8261 -90
8287 8261 -150
8290 8261 -90
8289 8261 -150
8286 8261 -90
8285 8261 -150
2102 8261 -200
2145 8261 519372
10770 8262 -14000000
10769 8262 -49
10768 8262 10
10767 8262 9
10766 8262 -8500000
10563 8262 -112
10562 8262 -65
8314 8262 -720
8313 8262 -720
8294 8262 -90
8293 8262 -150
8296 8262 -90
8295 8262 -150
8292 8262 -90
8291 8262 -150
2375 8262 -200
2418 8262 519372
10655 8263 10000000
10654 8263 583
10653 8263 10
10652 8263 40
10651 8263 16000000
10408 8263 520
10407 8263 400
8304 8263 -720
8303 8263 -720
8264 8263 -90
8263 8263 -150
8266 8263 -90
8265 8263 -150
8262 8263 -90
8261 8263 -150
1015 8263 -200
1053 8263 453783
10701 8264 10000000
10700 8264 583
10699 8264 10
10698 8264 40
10697 8264 16000000
10470 8264 520
10469 8264 400
8308 8264 -720
8307 8264 -720
8276 8264 -90
8275 8264 -150
8278 8264 -90
8277 8264 -150
8274 8264 -90
8273 8264 -150
1561 8264 -200
1599 8264 453783
10586 8265 7500000
10585 8265 -36
10584 8265 10
10583 8265 -17
10582 8265 7000000
10315 8265 -99
10314 8265 -398
8298 8265 -720
8297 8265 -720
8246 8265 -90
8245 8265 -150
8248 8265 -90
8247 8265 -150
8244 8265 -90
8243 8265 -150
217 8265 -200
234 8265 593751
10609 8266 7500000
10608 8266 -36
10607 8266 10
10606 8266 -17
10605 8266 7000000
10346 8266 -99
10345 8266 -398
8300 8266 -720
8299 8266 -720
8252 8266 -90
8251 8266 -150
8254 8266 -90
8253 8266 -150
8250 8266 -90
8249 8266 -150
490 8266 -200
507 8266 593751
10632 8267 7500000
10631 8267 -36
10630 8267 10
10629 8267 -17
10628 8267 7000000
10377 8267 -99
10376 8267 -398
8302 8267 -720
8301 8267 -720
8258 8267 -90
8257 8267 -150
8260 8267 -90
8259 8267 -150
8256 8267 -90
8255 8267 -150
763 8267 -200
780 8267 593751
10655 8268 7500000
10654 8268 -36
10653 8268 10
10652 8268 -17
10651 8268 7000000
10408 8268 -99
10407 8268 -398
8304 8268 -720
8303 8268 -720
8264 8268 -90
8263 8268 -150
8266 8268 -90
8265 8268 -150
8262 8268 -90
8261 8268 -150
1036 8268 -200
1053 8268 593751
10678 8269 7500000
10677 8269 -36
10676 8269 10
10675 8269 -17
10674 8269 7000000
10439 8269 -99
10438 8269 -398
8306 8269 -720
8305 8269 -720
8270 8269 -90
8269 8269 -150
8272 8269 -90
8271 8269 -150
8268 8269 -90
8267 8269 -150
1309 8269 -200
1326 8269 593751
10701 8270 7500000
10700 8270 -36
10699 8270 10
10698 8270 -17
10697 8270 7000000
10470 8270 -99
10469 8270 -398
8308 8270 -720
8307 8270 -720
8276 8270 -90
8275 8270 -150
8278 8270 -90
8277 8270 -150
8274 8270 -90
8273 8270 -150
1582 8270 -200
1599 8270 593751
10724 8271 7500000
10723 8271 -36
10722 8271 10
10721 8271 -17
10720 8271 7000000
10501 8271 -99
10500 8271 -398
8310 8271 -720
8309 8271 -720
8282 8271 -90
8281 8271 -150
8284 8271 -90
8283 8271 -150
8280 8271 -90
8279 8271 -150
1855 8271 -200
1872 8271 593751
10747 8272 7500000
10746 8272 -36
10745 8272 10
10744 8272 -17
10743 8272 7000000
10532 8272 -99
10531 8272 -398
8312 8272 -720
8311 8272 -720
8288 8272 -90
8287 8272 -150
8290 8272 -90
8289 8272 -150
8286 8272 -90
8285 8272 -150
2128 8272 -200
2145 8272 593751
10770 8273 7500000
10769 8273 -36
10768 8273 10
10767 8273 -17
10766 8273 7000000
10563 8273 -99
10562 8273 -398
8314 8273 -720
8313 8273 -720
8294 8273 -90
8293 8273 -150
8296 8273 -90
8295 8273 -150
8292 8273 -90
8291 8273 -150
2401 8273 -200
2418 8273 593751
10586 8274 2750000
10585 8274 -41
10584 8274 10
10583 8274 -17
10582 8274 2500000
10315 8274 -104
10314 8274 -415
8298 8274 -720
8297 8274 -720
8246 8274 -90
8245 8274 -150
8248 8274 -90
8247 8274 -150
8244 8274 -90
8243 8274 -150
220 8274 -100
234 8274 588219
10632 8275 2750000
10631 8275 -41
10630 8275 10
10629 8275 -17
10628 8275 2500000
10377 8275 -104
10376 8275 -415
8302 8275 -720
8301 8275 -720
8258 8275 -90
8257 8275 -150
8260 8275 -90
8259 8275 -150
8256 8275 -90
8255 8275 -150
766 8275 -100
780 8275 588219
10655 8276 2750000
10654 8276 -41
10653 8276 10
10652 8276 -17
10651 8276 2500000
10408 8276 -104
10407 8276 -415
8304 8276 -720
8303 8276 -720
8264 8276 -90
8263 8276 -150
8266 8276 -90
8265 8276 -150
8262 8276 -90
8261 8276 -150
1039 8276 -100
1053 8276 588219
10678 8277 2750000
10677 8277 -41
10676 8277 10
10675 8277 -17
10674 8277 2500000
10439 8277 -104
10438 8277 -415
8306 8277 -720
8305 8277 -720
8270 8277 -90
8269 8277 -150
8272 8277 -90
8271 8277 -150
8268 8277 -90
8267 8277 -150
1312 8277 -100
1326 8277 588219
10701 8278 2750000
10700 8278 -41
10699 8278 10
10698 8278 -17
10697 8278 2500000
10470 8278 -104
10469 8278 -415
8308 8278 -720
8307 8278 -720
8276 8278 -90
8275 8278 -150
8278 8278 -90
8277 8278 -150
8274 8278 -90
8273 8278 -150
1585 8278 -100
1599 8278 588219
10724 8279 2750000
10723 8279 -41
10722 8279 10
10721 8279 -17
10720 8279 2500000
10501 8279 -104
10500 8279 -415
8310 8279 -720
8309 8279 -720
8282 8279 -90
8281 8279 -150
8284 8279 -90
8283 8279 -150
8280 8279 -90
8279 8279 -150
1858 8279 -100
1872 8279 588219
10747 8280 2750000
10746 8280 -41
10745 8280 10
10744 8280 -17
10743 8280 2500000
10532 8280 -104
10531 8280 -415
8312 8280 -720
8311 8280 -720
8288 8280 -90
8287 8280 -150
8290 8280 -90
8289 8280 -150
8286 8280 -90
8285 8280 -150
2131 8280 -100
2145 8280 588219
10770 8281 2750000
10769 8281 -41
10768 8281 10
10767 8281 -17
10766 8281 2500000
10563 8281 -104
10562 8281 -415
8314 8281 -720
8313 8281 -720
8294 8281 -90
8293 8281 -150
8296 8281 -90
8295 8281 -150
8292 8281 -90
8291 8281 -150
2404 8281 -100
2418 8281 588219
10586 8282 -6900002
10585 8282 33
10584 8282 10
10583 8282 40
10582 8282 -1900002
10315 8282 -30
10314 8282 400
8298 8282 -720
8297 8282 -720
8246 8282 -90
8245 8282 -150
8248 8282 -90
8247 8282 -150
8244 8282 -90
8243 8282 -150
237 8282 -200
234 8282 503848
10609 8283 -6900002
10608 8283 33
10607 8283 10
10606 8283 40
10605 8283 -1900002
10346 8283 -30
10345 8283 400
8300 8283 -720
8299 8283 -720
8252 8283 -90
8251 8283 -150
8254 8283 -90
8253 8283 -150
8250 8283 -90
8249 8283 -150
510 8283 -200
507 8283 503848
10632 8284 -6900002
10631 8284 33
10630 8284 10
10629 8284 40
10628 8284 -1900002
10377 8284 -30
10376 8284 400
8302 8284 -720
8301 8284 -720
8258 8284 -90
8257 8284 -150
8260 8284 -90
8259 8284 -150
8256 8284 -90
8255 8284 -150
783 8284 -5000
780 8284 503848
10655 8285 -6900002
10654 8285 33
10653 8285 10
10652 8285 40
10651 8285 -1900002
10408 8285 -30
10407 8285 400
8304 8285 -720
8303 8285 -720
8264 8285 -90
8263 8285 -150
8266 8285 -90
8265 8285 -150
8262 8285 -90
8261 8285 -150
1056 8285 -200
1053 8285 503848
10678 8286 -6900002
10677 8286 33
10676 8286 10
10675 8286 40
10674 8286 -1900002
10439 8286 -30
10438 8286 400
8306 8286 -720
8305 8286 -720
8270 8286 -90
8269 8286 -150
8272 8286 -90
8271 8286 -150
8268 8286 -90
8267 8286 -150
1329 8286 -200
1326 8286 503848
10701 8287 -6900002
10700 8287 33
10699 8287 10
10698 8287 40
10697 8287 -1900002
10470 8287 -30
10469 8287 400
8308 8287 -720
8307 8287 -720
8276 8287 -90
8275 8287 -150
8278 8287 -90
8277 8287 -150
8274 8287 -90
8273 8287 -150
1602 8287 -200
1599 8287 503848
10724 8288 -6900002
10723 8288 33
10722 8288 10
10721 8288 40
10720 8288 -1900002
10501 8288 -30
10500 8288 400
8310 8288 -720
8309 8288 -720
8282 8288 -90
8281 8288 -150
8284 8288 -90
8283 8288 -150
8280 8288 -90
8279 8288 -150
1875 8288 -200
1872 8288 503848
10747 8289 -6900002
10746 8289 33
10745 8289 10
10744 8289 40
10743 8289 -1900002
10532 8289 -30
10531 8289 400
8312 8289 -720
8311 8289 -720
8288 8289 -90
8287 8289 -150
8290 8289 -90
8289 8289 -150
8286 8289 -90
8285 8289 -150
2148 8289 -200
2145 8289 503848
10770 8290 -6900002
10769 8290 33
10768 8290 10
10767 8290 40
10766 8290 -1900002
10563 8290 -30
10562 8290 400
8314 8290 -720
8313 8290 -720
8294 8290 -90
8293 8290 -150
8296 8290 -90
8295 8290 -150
8292 8290 -90
8291 8290 -150
2421 8290 -200
2418 8290 503848
10586 8291 -17700000
10585 8291 33
10584 8291 10
10583 8291 40
10582 8291 -12700000
10315 8291 -30
10314 8291 400
8298 8291 -720
8297 8291 -720
8246 8291 -90
8245 8291 -150
8248 8291 -90
8247 8291 -150
8244 8291 -90
8243 8291 -150
238 8291 -100
234 8291 503848
10609 8292 -17700000
10608 8292 33
10607 8292 10
10606 8292 40
10605 8292 -12700000
10346 8292 -30
10345 8292 400
8300 8292 -720
8299 8292 -720
8252 8292 -90
8251 8292 -150
8254 8292 -90
8253 8292 -150
8250 8292 -90
8249 8292 -150
511 8292 -100
507 8292 503848
10632 8293 -17700000
10631 8293 33
10630 8293 10
10629 8293 40
10628 8293 -12700000
10377 8293 -30
10376 8293 400
8302 8293 -720
8301 8293 -720
8258 8293 -90
8257 8293 -150
8260 8293 -90
8259 8293 -150
8256 8293 -90
8255 8293 -150
784 8293 -100
780 8293 503848
10655 8294 -17700000
10654 8294 33
10653 8294 10
10652 8294 40
10651 8294 -12700000
10408 8294 -30
10407 8294 400
8304 8294 -720
8303 8294 -720
8264 8294 -90
8263 8294 -150
8266 8294 -90
8265 8294 -150
8262 8294 -90
8261 8294 -150
1057 8294 -100
1053 8294 503848
10678 8295 -17700000
10677 8295 33
10676 8295 10
10675 8295 40
10674 8295 -12700000
10439 8295 -30
10438 8295 400
8306 8295 -720
8305 8295 -720
8270 8295 -90
8269 8295 -150
8272 8295 -90
8271 8295 -150
8268 8295 -90
8267 8295 -150
1330 8295 -100
1326 8295 503848
10701 8296 -17700000
10700 8296 33
10699 8296 10
10698 8296 40
10697 8296 -12700000
10470 8296 -30
10469 8296 400
8308 8296 -720
8307 8296 -720
8276 8296 -90
8275 8296 -150
8278 8296 -90
8277 8296 -150
8274 8296 -90
8273 8296 -150
1603 8296 -100
1599 8296 503848
10724 8297 -17700000
10723 8297 33
10722 8297 10
10721 8297 40
10720 8297 -12700000
10501 8297 -30
10500 8297 400
8310 8297 -720
8309 8297 -720
8282 8297 -90
8281 8297 -150
8284 8297 -90
8283 8297 -150
8280 8297 -90
8279 8297 -150
1876 8297 -100
1872 8297 503848
10747 8298 -17700000
10746 8298 33
10745 8298 10
10744 8298 40
10743 8298 -12700000
10532 8298 -30
10531 8298 400
8312 8298 -720
8311 8298 -720
8288 8298 -90
8287 8298 -150
8290 8298 -90
8289 8298 -150
8286 8298 -90
8285 8298 -150
2149 8298 -100
2145 8298 503848
10770 8299 -17700000
10769 8299 33
10768 8299 10
10767 8299 40
10766 8299 -12700000
10563 8299 -30
10562 8299 400
8314 8299 -720
8313 8299 -720
8294 8299 -90
8293 8299 -150
8296 8299 -90
8295 8299 -150
8292 8299 -90
8291 8299 -150
2422 8299 -100
2418 8299 503848
10655 8300 -28500000
10654 8300 33
10653 8300 10
10652 8300 40
10651 8300 -23500000
10408 8300 -30
10407 8300 400
8304 8300 -720
8303 8300 -720
8264 8300 -90
8263 8300 -150
8266 8300 -90
8265 8300 -150
8262 8300 -90
8261 8300 -150
1058 8300 -200
1053 8300 503848
10701 8301 -28500000
10700 8301 33
10699 8301 10
10698 8301 40
10697 8301 -23500000
10470 8301 -30
10469 8301 400
8308 8301 -720
8307 8301 -720
8276 8301 -90
8275 8301 -150
8278 8301 -90
8277 8301 -150
8274 8301 -90
8273 8301 -150
1604 8301 -200
1599 8301 503848
94 8302 -100000
274 8302 403264
367 8303 -200
547 8303 403264
640 8304 -20000
820 8304 403264
913 8305 -200
1093 8305 403264
1186 8306 -200
1366 8306 403264
1459 8307 -200
1639 8307 403264
1732 8308 -200
1912 8308 403264
2005 8309 -200
2185 8309 403264
252 8310 -2000
274 8310 663131
525 8311 -2000
547 8311 663131
798 8312 -2000
820 8312 663131
1071 8313 -2000
1093 8313 663131
1344 8314 -2000
1366 8314 663131
1617 8315 -2000
1639 8315 663131
1890 8316 -2000
1912 8316 663131
2163 8317 -2000
2185 8317 663131
2436 8318 -2000
2458 8318 663131
428 8319 -200
547 8319 439359
1247 8320 -200
1366 8320 439359
1793 8321 -200
1912 8321 439359
2066 8322 -200
2185 8322 439359
2339 8323 -200
2458 8323 439359
196 8324 -200
274 8324 453783
469 8325 -200
547 8325 453783
742 8326 -10000
820 8326 453783
1015 8327 -200
1093 8327 453783
1288 8328 -200
1366 8328 453783
1561 8329 -200
1639 8329 453783
1834 8330 -200
1912 8330 453783
2107 8331 -200
2185 8331 453783
2380 8332 -200
2458 8332 453783
212 8333 -2000
274 8333 663131
485 8334 -2000
547 8334 663131
758 8335 -8000
820 8335 663131
1031 8336 -2000
1093 8336 663131
1304 8337 -2000
1366 8337 663131
1577 8338 -2000
1639 8338 663131
1850 8339 -2000
1912 8339 663131
2123 8340 -2000
2185 8340 663131
2396 8341 -2000
2458 8341 663131
267 8342 -200
274 8342 406037
540 8343 -200
547 8343 406037
813 8344 -200
820 8344 406037
1086 8345 -200
1093 8345 406037
1359 8346 -200
1366 8346 406037
1632 8347 -200
1639 8347 406037
1905 8348 -200
1912 8348 406037
2178 8349 -200
2185 8349 406037
2451 8350 -200
2458 8350 406037
0 8351 -1000000
1 8352 -1000000
2 8353 -1000000
3 8354 -1000000
4 8355 -1000000
5 8356 -1000000
6 8357 -1000000
7 8358 -1000000
8 8359 -1000000
18 8360 -1000000
9 8361 1
10 8362 1
11 8363 1
12 8364 1
13 8365 1
14 8366 1
15 8367 1
16 8368 1
17 8369 1
27 8370 1
28 8371 1
29 8372 1
30 8373 1
31 8374 1
32 8375 1
33 8376 1
34 8377 1
35 8378 1
45 8379 1
46 8380 1
47 8381 1
48 8382 1
49 8383 1
50 8384 1
51 8385 1
52 8386 1
53 8387 1
89 8388 -10000
92 8389 -1
100 8390 -1
143 8391 -1
158 8392 -1
164 8393 -1
177 8394 -1
181 8395 -1
182 8396 -1
188 8397 -1
210 8398 -1
213 8399 -1
221 8400 -1
248 8401 -1
254 8402 -1
255 8403 -1
256 8404 -1
257 8405 -1
258 8406 -1
259 8407 -1
260 8408 -1
261 8409 -1
262 8410 -1
263 8411 -1
264 8412 -1
265 8413 -1
288 8414 -1
297 8415 -1
300 8416 -10000
302 8417 -1
307 8418 -40
314 8419 -2500
315 8420 -400
316 8421 -1000
317 8422 -1000
318 8423 -1000
319 8424 -1000
320 8425 -1000
321 8426 -1000
322 8427 -1000
323 8428 -1000
324 8429 -1
325 8430 -1
327 8431 -250
328 8432 -250
329 8433 -250
330 8434 -250
339 8435 -100
341 8436 -1
343 8437 -100
344 8438 -1000
347 8439 -1000
365 8440 -1
373 8441 -1
416 8442 -1
424 8443 -200
431 8444 -1
437 8445 -1
450 8446 -1
454 8447 -1
455 8448 -1
461 8449 -5000
515 8450 -1
521 8451 -1
527 8452 -200
531 8453 -1
532 8454 -1
533 8455 -1
535 8456 -1
561 8457 -1
570 8458 -1
573 8459 -10000
575 8460 -1
580 8461 -40
587 8462 -2500
588 8463 -400
589 8464 -1000
590 8465 -1000
591 8466 -1000
592 8467 -1000
593 8468 -1000
594 8469 -1000
595 8470 -1000
596 8471 -1000
597 8472 -1
598 8473 -1
600 8474 -250
601 8475 -250
602 8476 -250
603 8477 -250
612 8478 -100
614 8479 -1
616 8480 -100
617 8481 -1000
620 8482 -1000
638 8483 -1
646 8484 -1
697 8485 -200
704 8486 -1
710 8487 -1
723 8488 -1
727 8489 -1
728 8490 -1
734 8491 -5000
800 8492 -200
834 8493 -1
843 8494 -1
846 8495 -10000
848 8496 -1
853 8497 -40
855 8498 -1000
860 8499 -2500
861 8500 -400
862 8501 -1000
863 8502 -1000
864 8503 -1000
865 8504 -1000
866 8505 -1000
867 8506 -1000
868 8507 -1000
869 8508 -1000
870 8509 -1
871 8510 -1
873 8511 -250
874 8512 -250
875 8513 -250
876 8514 -250
885 8515 -100
887 8516 -1
889 8517 -20
890 8518 -1000
893 8519 -1000
895 8520 -100
911 8521 -1
919 8522 -1
970 8523 -200
977 8524 -1
983 8525 -1
996 8526 -1
1000 8527 -1
1001 8528 -1
1067 8529 -10000
1107 8530 -1
1116 8531 -1
1119 8532 -10000
1121 8533 -1
1133 8534 -2500
1134 8535 -400
1135 8536 -1000
1136 8537 -1000
1137 8538 -1000
1138 8539 -1000
1139 8540 -1000
1140 8541 -1000
1141 8542 -1000
1142 8543 -1000
1143 8544 -1
1144 8545 -1
1146 8546 -250
1147 8547 -250
1148 8548 -250
1149 8549 -250
1158 8550 -100
1160 8551 -1
1162 8552 -100
1163 8553 -1000
1166 8554 -1000
1184 8555 -1
1192 8556 -1
1243 8557 -200
1250 8558 -1
1256 8559 -1
1269 8560 -1
1273 8561 -1
1274 8562 -1
1368 8563 -500
1380 8564 -1
1389 8565 -1
1392 8566 -10000
1394 8567 -1
1401 8568 -1000
1406 8569 -2500
1407 8570 -400
1408 8571 -1000
1409 8572 -1000
1410 8573 -1000
1411 8574 -1000
1412 8575 -1000
1413 8576 -1000
1414 8577 -1000
1415 8578 -1000
1416 8579 -1
1417 8580 -1
1419 8581 -250
1420 8582 -250
1421 8583 -250
1422 8584 -250
1431 8585 -100
1433 8586 -1
1435 8587 -20
1436 8588 -1000
1439 8589 -1000
1457 8590 -1
1465 8591 -1
1516 8592 -200
1523 8593 -1
1529 8594 -1
1542 8595 -1
1546 8596 -1
1547 8597 -1
1653 8598 -1
1662 8599 -1
1665 8600 -10000
1667 8601 -1
1672 8602 -40
1679 8603 -2500
1680 8604 -400
1681 8605 -1000
1682 8606 -1000
1683 8607 -1000
1684 8608 -1000
1685 8609 -1000
1686 8610 -1000
1687 8611 -1000
1688 8612 -1000
1689 8613 -1
1690 8614 -1
1692 8615 -250
1693 8616 -250
1694 8617 -250
1695 8618 -250
1704 8619 -100
1706 8620 -1
1708 8621 -100
1709 8622 -1000
1712 8623 -1000
1730 8624 -1
1738 8625 -1
1789 8626 -200
1796 8627 -1
1802 8628 -1
1815 8629 -1
1819 8630 -1
1820 8631 -1
1852 8632 -4
1892 8633 -200
1926 8634 -1
1935 8635 -1
1938 8636 -10000
1940 8637 -1
1945 8638 -40
1947 8639 -1000
1952 8640 -2500
1953 8641 -400
1954 8642 -1000
1955 8643 -1000
1956 8644 -1000
1957 8645 -1000
1958 8646 -1000
1959 8647 -1000
1960 8648 -1000
1961 8649 -1000
1962 8650 -1
1963 8651 -1
1965 8652 -250
1966 8653 -250
1967 8654 -250
1968 8655 -250
1977 8656 -100
1979 8657 -1
1981 8658 -20
1982 8659 -1000
1984 8660 -1
1985 8661 -1000
2003 8662 -1
2011 8663 -1
2026 8664 -1
2062 8665 -200
2069 8666 -1
2075 8667 -1
2088 8668 -1
2092 8669 -1
2093 8670 -1
2199 8671 -1
2208 8672 -1
2211 8673 -10000
2213 8674 -1
2225 8675 -2500
2226 8676 -400
2227 8677 -1000
2228 8678 -1000
2229 8679 -1000
2230 8680 -1000
2231 8681 -1000
2232 8682 -1000
2233 8683 -1000
2234 8684 -1000
2235 8685 -1
2236 8686 -1
2238 8687 -250
2239 8688 -250
2240 8689 -250
2241 8690 -250
2250 8691 -100
2252 8692 -1
2254 8693 -100
2255 8694 -1000
2257 8695 -1
2258 8696 -1000
2276 8697 -1
2284 8698 -1
2335 8699 -200
2342 8700 -1
2348 8701 -1
2358 8702 -200
2361 8703 -1
2365 8704 -1
2366 8705 -1
2424 8706 -1
2425 8707 -1
2426 8708 -1
2427 8709 -1
2454 8710 -25000
2472 8711 -1
2481 8712 -1
2484 8713 -10000
2486 8714 -1
2498 8715 -2500
2499 8716 -400
2500 8717 -1000
2501 8718 -1000
2502 8719 -1000
2503 8720 -1000
2504 8721 -1000
2505 8722 -1000
2506 8723 -1000
2507 8724 -1000
2508 8725 -1
2509 8726 -1
2511 8727 -250
2512 8728 -250
2513 8729 -250
2514 8730 -250
2523 8731 -100
2525 8732 -1
2527 8733 -100
2528 8734 -1000
2531 8735 -1000
2557 8736 1
2604 8737 1
2623 8738 1
2624 8739 1
2628 8740 1
2629 8741 1
2686 8742 1
2690 8743 1
2691 8744 1
2788 8745 1
2877 8746 1
2881 8747 1
2943 8748 1
3135 8749 1
3145 8750 1
3208 8751 1
3248 8752 1
3315 8753 1
3416 8754 1
3480 8755 1
3594 8756 1
3690 8757 1
3748 8758 1
3749 8759 1
3754 8760 1
3859 8761 1
3862 8762 1
3869 8763 1
3964 8764 1
4030 8765 1
4139 8766 1
4141 8767 1
4148 8768 1
4257 8769 1
4319 8770 1
4320 8771 1
4321 8772 1
4327 8773 1
4434 8774 1
4437 8775 1
4438 8776 1
4445 8777 1
4616 8778 1
4617 8779 1
4618 8780 1
4624 8781 1
4635 8782 1
4667 8783 1
4732 8784 1
4735 8785 1
4742 8786 1
4843 8787 1
4851 8788 1
4853 8789 1
4913 8790 1
4914 8791 1
4915 8792 1
4921 8793 1
4923 8794 1
4963 8795 1
4964 8796 1
5032 8797 1
5036 8798 1
5044 8799 1
5045 8800 1
5046 8801 1
5047 8802 1
5049 8803 1
5050 8804 1
5051 8805 1
5057 8806 1
5058 8807 1
5068 8808 1
5069 8809 1
5070 8810 1
5074 8811 1
5075 8812 1
5085 8813 1
5086 8814 1
5102 8815 1
5104 8816 1
5106 8817 1
5108 8818 1
5109 8819 1
5114 8820 1
5115 8821 1
5116 8822 1
5119 8823 1
5120 8824 1
5123 8825 1
5126 8826 1
5153 8827 1
5154 8828 1
5171 8829 1
5172 8830 1
5180 8831 1
5182 8832 1
5183 8833 1
5185 8834 1
5186 8835 1
5187 8836 1
5193 8837 1
5194 8838 1
5195 8839 1
5196 8840 1
5197 8841 1
5202 8842 1
5204 8843 1
5205 8844 1
5206 8845 1
5221 8846 1
5222 8847 1
5224 8848 1
5225 8849 1
5226 8850 1
5230 8851 1
5238 8852 1
5240 8853 1
5242 8854 1
5244 8855 1
5249 8856 1
5255 8857 1
5259 8858 1
5262 8859 1
5309 8860 1
5310 8861 1
5311 8862 1
5312 8863 1
5317 8864 1
5318 8865 1
5319 8866 1
5320 8867 1
5326 8868 1
5328 8869 1
5329 8870 1
5331 8871 1
5332 8872 1
5334 8873 1
5335 8874 1
5340 8875 1
5341 8876 1
5342 8877 1
5343 8878 1
5348 8879 1
5350 8880 1
5351 8881 1
5352 8882 1
5358 8883 1
5360 8884 1
5367 8885 1
5368 8886 1
5369 8887 1
5370 8888 1
5371 8889 1
5372 8890 1
5376 8891 1
5379 8892 1
5382 8893 1
5384 8894 1
5386 8895 1
5388 8896 1
5390 8897 1
5395 8898 1
5402 8899 1
5405 8900 1
5408 8901 1
5409 8902 1
5461 8903 1
5462 8904 1
5463 8905 1
5464 8906 1
5465 8907 1
5470 8908 1
5471 8909 1
5472 8910 1
5479 8911 1
5481 8912 1
5485 8913 1
5486 8914 1
5487 8915 1
5488 8916 1
5492 8917 1
5493 8918 1
5494 8919 1
5495 8920 1
5496 8921 1
5501 8922 1
5503 8923 1
5504 8924 1
5505 8925 1
5520 8926 1
5521 8927 1
5522 8928 1
5523 8929 1
5524 8930 1
5525 8931 1
5532 8932 1
5533 8933 1
5535 8934 1
5537 8935 1
5539 8936 1
5541 8937 1
5543 8938 1
5548 8939 1
5554 8940 1
5555 8941 1
5558 8942 1
5561 8943 1
5562 8944 1
5567 8945 1
5581 8946 1
5615 8947 1
5616 8948 1
5623 8949 1
5624 8950 1
5632 8951 1
5634 8952 1
5635 8953 1
5638 8954 1
5640 8955 1
5645 8956 1
5646 8957 1
5647 8958 1
5648 8959 1
5649 8960 1
5654 8961 1
5656 8962 1
5657 8963 1
5658 8964 1
5664 8965 1
5665 8966 1
5666 8967 1
5673 8968 1
5674 8969 1
5676 8970 1
5677 8971 1
5678 8972 1
5680 8973 1
5682 8974 1
5685 8975 1
5688 8976 1
5690 8977 1
5694 8978 1
5696 8979 1
5701 8980 1
5707 8981 1
5708 8982 1
5711 8983 1
5714 8984 1
5715 8985 1
5768 8986 1
5769 8987 1
5770 8988 1
5772 8989 1
5776 8990 1
5777 8991 1
5778 8992 1
5779 8993 1
5785 8994 1
5787 8995 1
5790 8996 1
5791 8997 1
5792 8998 1
5798 8999 1
5799 9000 1
5800 9001 1
5801 9002 1
5802 9003 1
5809 9004 1
5810 9005 1
5811 9006 1
5826 9007 1
5827 9008 1
5828 9009 1
5829 9010 1
5830 9011 1
5831 9012 1
5838 9013 1
5841 9014 1
5843 9015 1
5845 9016 1
5847 9017 1
5849 9018 1
5854 9019 1
5860 9020 1
5861 9021 1
5864 9022 1
5867 9023 1
5868 9024 1
5920 9025 1
5921 9026 1
5922 9027 1
5923 9028 1
5924 9029 1
5925 9030 1
5929 9031 1
5930 9032 1
5931 9033 1
5932 9034 1
5938 9035 1
5940 9036 1
5941 9037 1
5943 9038 1
5944 9039 1
5945 9040 1
5947 9041 1
5952 9042 1
5956 9043 1
5957 9044 1
5958 9045 1
5963 9046 1
5964 9047 1
5967 9048 1
5968 9049 1
5969 9050 1
5970 9051 1
5972 9052 1
5979 9053 1
5980 9054 1
5981 9055 1
5988 9056 1
5991 9057 1
5994 9058 1
5996 9059 1
5998 9060 1
6000 9061 1
6002 9062 1
6007 9063 1
6014 9064 1
6017 9065 1
6021 9066 1
6073 9067 1
6074 9068 1
6075 9069 1
6076 9070 1
6077 9071 1
6078 9072 1
6082 9073 1
6083 9074 1
6084 9075 1
6091 9076 1
6093 9077 1
6096 9078 1
6097 9079 1
6098 9080 1
6100 9081 1
6105 9082 1
6106 9083 1
6108 9084 1
6109 9085 1
6113 9086 1
6115 9087 1
6116 9088 1
6117 9089 1
6123 9090 1
6132 9091 1
6133 9092 1
6134 9093 1
6144 9094 1
6147 9095 1
6149 9096 1
6151 9097 1
6153 9098 1
6155 9099 1
6160 9100 1
6167 9101 1
6170 9102 1
6173 9103 1
6174 9104 1
6227 9105 1
6228 9106 1
6229 9107 1
6230 9108 1
6231 9109 1
6235 9110 1
6236 9111 1
6237 9112 1
6238 9113 1
6244 9114 1
6246 9115 1
6249 9116 1
6250 9117 1
6251 9118 1
6258 9119 1
6260 9120 1
6261 9121 1
6263 9122 1
6264 9123 1
6269 9124 1
6270 9125 1
6274 9126 1
6276 9127 1
6277 9128 1
6278 9129 1
6286 9130 1
6288 9131 1
6289 9132 1
6290 9133 1
6291 9134 1
6292 9135 1
6297 9136 1
6300 9137 1
6302 9138 1
6304 9139 1
6306 9140 1
6308 9141 1
6313 9142 1
6320 9143 1
6323 9144 1
6326 9145 1
6327 9146 1
6332 9147 1
6414 9148 -1
6467 9149 -1
6508 9150 -1
6549 9151 -1
6590 9152 -1
6631 9153 -1
6672 9154 -1
6713 9155 -1
6745 9156 20
6746 9157 20
6748 9158 1
6752 9159 20
6753 9160 10
6754 9161 20
6778 9162 1
6779 9163 1
6787 9164 1
6789 9165 1
6790 9166 10
6792 9167 10
6793 9168 1
6802 9169 20
6804 9170 10
6805 9171 1
6809 9172 10
6810 9173 10
6813 9174 1
6817 9175 20
6821 9176 20
6827 9177 100
6828 9178 200
6834 9179 200
6838 9180 10
6840 9181 5
6841 9182 20
6842 9183 10
6843 9184 20
6844 9185 10
6845 9186 10
6847 9187 10
6848 9188 10
6849 9189 10
6850 9190 20
6851 9191 1
6852 9192 10
6853 9193 20
6854 9194 100
6855 9195 5
6856 9196 5
6857 9197 5
6859 9198 20
6864 9199 1
6865 9200 1
6868 9201 1
6875 9202 1
6879 9203 20
6881 9204 20
6882 9205 20
6883 9206 20
6885 9207 20
6886 9208 20
6888 9209 10
6889 9210 10
6893 9211 10
6894 9212 20
6924 9213 10
6925 9214 1
6933 9215 10
6935 9216 1
6938 9217 10
6939 9218 10
6948 9219 20
6950 9220 10
6951 9221 10
6953 9222 10
6954 9223 1
6955 9224 10
6956 9225 10
6959 9226 1
6961 9227 10
6962 9228 10
6963 9229 20
6967 9230 20
6973 9231 100
6981 9232 200
6982 9233 200
6986 9234 10
6988 9235 5
6989 9236 20
6991 9237 20
6992 9238 10
6995 9239 10
6996 9240 10
6997 9241 10
6998 9242 20
7000 9243 10
7001 9244 1
7002 9245 100
7003 9246 5
7004 9247 5
7005 9248 5
7007 9249 20
7009 9250 1
7011 9251 1
7014 9252 1
7016 9253 1
7017 9254 1
7018 9255 1
7019 9256 1
7022 9257 1
7023 9258 1
7027 9259 1
7029 9260 1
7034 9261 20
7035 9262 1
7036 9263 1
7037 9264 1
7042 9265 10
7043 9266 10
7079 9267 1
7080 9268 10
7090 9269 10
7103 9270 20
7107 9271 10
7111 9272 10
7112 9273 10
7116 9274 10
7118 9275 10
7137 9276 200
7138 9277 200
7142 9278 1
7144 9279 5
7145 9280 20
7146 9281 10
7148 9282 10
7151 9283 10
7152 9284 10
7153 9285 10
7154 9286 20
7156 9287 10
7157 9288 20
7159 9289 5
7160 9290 5
7161 9291 5
7162 9292 5
7163 9293 20
7165 9294 1
7172 9295 1
7174 9296 1
7175 9297 1
7176 9298 1
7179 9299 1
7180 9300 1
7182 9301 1
7185 9302 1
7186 9303 1
7189 9304 1
7192 9305 20
7193 9306 20
7194 9307 1
7195 9308 20
7196 9309 20
7201 9310 10
7243 9311 10
7250 9312 10
7254 9313 10
7263 9314 20
7271 9315 10
7272 9316 10
7273 9317 10
7276 9318 1
7277 9319 10
7278 9320 10
7279 9321 10
7298 9322 1
7304 9323 10
7305 9324 5
7306 9325 20
7309 9326 10
7312 9327 10
7313 9328 10
7314 9329 10
7315 9330 20
7316 9331 1
7317 9332 10
7318 9333 1
7319 9334 100
7322 9335 5
7323 9336 5
7324 9337 20
7325 9338 1
7326 9339 1
7328 9340 1
7329 9341 1
7331 9342 1
7333 9343 1
7338 9344 1
7340 9345 1
7341 9346 1
7349 9347 1
7354 9348 20
7355 9349 20
7356 9350 20
7357 9351 20
7368 9352 20
7405 9353 10
7425 9354 20
7428 9355 1
7429 9356 1
7430 9357 10
7433 9358 10
7434 9359 10
7435 9360 10
7438 9361 1
7465 9362 10
7467 9363 5
7468 9364 20
7469 9365 10
7470 9366 20
7471 9367 10
7472 9368 10
7474 9369 10
7475 9370 10
7476 9371 10
7477 9372 20
7479 9373 10
7480 9374 20
7482 9375 5
7483 9376 5
7484 9377 5
7485 9378 5
7486 9379 20
7489 9380 1
7490 9381 1
7491 9382 1
7493 9383 1
7496 9384 1
7498 9385 1
7499 9386 1
7500 9387 1
7503 9388 1
7504 9389 1
7505 9390 1
7506 9391 1
7507 9392 1
7508 9393 1
7509 9394 1
7510 9395 1
7512 9396 1
7516 9397 1
7517 9398 1
7518 9399 1
7519 9400 20
7523 9401 20
7529 9402 10
7562 9403 10
7574 9404 10
7578 9405 10
7587 9406 20
7597 9407 10
7599 9408 10
7600 9409 10
7601 9410 10
7607 9411 10
7609 9412 20
7613 9413 1
7632 9414 10
7634 9415 5
7635 9416 20
7636 9417 10
7637 9418 20
7638 9419 10
7640 9420 10
7641 9421 10
7642 9422 10
7643 9423 10
7644 9424 20
7646 9425 10
7647 9426 20
7648 9427 100
7650 9428 5
7651 9429 5
7652 9430 5
7653 9431 20
7654 9432 1
7660 9433 1
7662 9434 1
7664 9435 1
7665 9436 1
7670 9437 1
7676 9438 1
7677 9439 1
7678 9440 1
7679 9441 1
7683 9442 1
7684 9443 20
7685 9444 20
7686 9445 1
7696 9446 10
7748 9447 10
7765 9448 10000
7766 9449 5000
7771 9450 20
7775 9451 1
7776 9452 1
7777 9453 1
7778 9454 10
7782 9455 10
7784 9456 10
7785 9457 10
7786 9458 10
7790 9459 1
7791 9460 10
7793 9461 10
7804 9462 100
7812 9463 1
7813 9464 200
7817 9465 10
7819 9466 5
7820 9467 20
7822 9468 20
7823 9469 10
7824 9470 10
7826 9471 10
7827 9472 10
7828 9473 10
7829 9474 20
7831 9475 1
7832 9476 1
7834 9477 5
7838 9478 20
7842 9479 1
7843 9480 1
7848 9481 1
7849 9482 1
7851 9483 1
7852 9484 1
7858 9485 1
7859 9486 1
7861 9487 1
7862 9488 1
7868 9489 20
7869 9490 20
7870 9491 1
7871 9492 1
7879 9493 10
7881 9494 10
7932 9495 10
7947 9496 10
7950 9497 10000
7956 9498 20
7960 9499 1
7961 9500 1
7962 9501 1
7967 9502 10
7969 9503 10
7970 9504 10
7971 9505 10
7976 9506 10
7978 9507 10
7979 9508 20
7983 9509 20
8002 9510 1
8004 9511 5
8005 9512 20
8007 9513 20
8008 9514 10
8009 9515 10
8011 9516 10
8012 9517 10
8013 9518 10
8014 9519 20
8016 9520 10
8017 9521 1
8020 9522 5
8023 9523 20
8024 9524 1
8025 9525 1
8027 9526 1
8028 9527 1
8030 9528 1
8031 9529 1
8034 9530 1
8037 9531 1
8038 9532 1
8044 9533 1
8053 9534 20
8054 9535 1
8055 9536 20
8056 9537 1
8060 9538 20
8111 9539 1
8112 9540 10
8113 9541 10
8118 9542 10
8132 9543 10
8141 9544 20
8145 9545 1
8146 9546 1
8147 9547 1
8152 9548 1
8154 9549 10
8155 9550 10
8156 9551 10
8161 9552 10
8163 9553 10
8167 9554 20
8174 9555 1
8182 9556 200
8186 9557 1
8189 9558 5
8190 9559 20
8192 9560 20
8193 9561 10
8194 9562 10
8196 9563 10
8197 9564 10
8198 9565 10
8199 9566 20
8202 9567 20
8203 9568 100
8204 9569 5
8205 9570 5
8209 9571 1
8210 9572 1
8211 9573 1
8212 9574 1
8213 9575 1
8216 9576 1
8220 9577 1
8223 9578 1
8225 9579 1
8227 9580 1
8228 9581 1
8229 9582 1
8230 9583 1
8231 9584 1
8234 9585 1
8238 9586 1
8239 9587 20
8240 9588 1
8241 9589 1
8246 9590 -1000000
8248 9591 -1000000
8252 9592 -1000000
8254 9593 -1000000
8297 9594 -1000000
8298 9595 -1000000
8299 9596 -1000000
8300 9597 -1000000
8302 9598 -1000000
8304 9599 -1000000
8306 9600 -1000000
8308 9601 -1000000
8310 9602 -1000000
8312 9603 -1000000
8314 9604 -1000000
8316 9605 125000
8317 9606 1000000
8318 9607 50000
8319 9608 1000000
8330 9609 1
8333 9610 500000
8334 9611 500000
8335 9612 1000000
8336 9613 500000
8347 9614 1
8348 9615 1000000
8350 9616 125000
8351 9617 1000000
8352 9618 50000
8353 9619 1000000
8364 9620 1
8366 9621 1000000
8367 9622 1000000
8371 9623 125000
8372 9624 1000000
8373 9625 50000
8374 9626 1000000
8377 9627 1
8389 9628 1000000
8392 9629 1000000
8396 9630 500000
8397 9631 500000
8398 9632 1000000
8399 9633 500000
8402 9634 1
8414 9635 1000000
8416 9636 1000000
8417 9637 1000000
8421 9638 125000
8422 9639 1000000
8423 9640 50000
8424 9641 1000000
8427 9642 1
8439 9643 1000000
8446 9644 125000
8447 9645 1000000
8452 9646 1
8453 9647 125000
8454 9648 1000000
8472 9649 500000
8473 9650 500000
8474 9651 1000000
8475 9652 500000
8478 9653 1
8479 9654 500000
8480 9655 500000
8491 9656 1
8499 9657 1000000
8504 9658 1
8505 9659 125000
8506 9660 1000000
8530 9661 1
8531 9662 125000
8533 9663 1000000
8554 9664 1000000
8558 9665 1
8559 9666 500000
8560 9667 1
8561 9668 500000
8586 9669 1
8588 9670 1
8589 9671 1000000
8614 9672 1
8616 9673 1
8618 9674 1000000
8630 9675 1000000
8640 9676 500000
8643 9677 1
8644 9678 500000
8645 9679 1
8647 9680 500000
8659 9681 1000000
8672 9682 1
8673 9683 125000
8674 9684 1
8676 9685 1000000
8701 9686 1000000
8705 9687 1000000
8717 9688 1
8731 9689 500000
8732 9690 500000
8733 9691 1
8746 9692 1
8759 9693 1000000
8760 9694 125000
8761 9695 1000000
8788 9696 1000000
8789 9697 125000
8817 9698 1000000
8818 9699 500000
8819 9700 500000
8820 9701 1000000
8846 9702 1000000
8849 9703 50000
8875 9704 1000000
8898 9705 500000
8904 9706 1000000
8905 9707 500000
8906 9708 500000
8907 9709 1000000
8908 9710 500000
8933 9711 1000000
8934 9712 125000
8960 9713 1
8962 9714 1000000
8965 9715 1
8966 9716 1000000
8984 9717 1000000
8985 9718 500000
8986 9719 1
8987 9720 1000000
8988 9721 500000
8989 9722 1
8992 9723 500000
8993 9724 500000
8994 9725 1
8995 9726 500000
9018 9727 1
9020 9728 1000000
9022 9729 1000000
9023 9730 1
9024 9731 1000000
9038 9732 1
9039 9733 10000
9040 9734 6250
9041 9735 25000
9042 9736 12500
9043 9737 50000
9044 9738 1
9045 9739 1
9046 9740 5000
9051 9741 1
9052 9742 5000
9053 9743 1
9054 9744 10000
9055 9745 6250
9056 9746 25000
9057 9747 12500
9058 9748 50000
9059 9749 1
9060 9750 1
9061 9751 5000
9066 9752 1
9067 9753 5000
9068 9754 1
9069 9755 10000
9070 9756 6250
9071 9757 25000
9072 9758 12500
9073 9759 50000
9074 9760 1
9075 9761 1
9076 9762 5000
9081 9763 1
9082 9764 5000
9083 9765 1
9084 9766 10000
9085 9767 6250
9086 9768 25000
9087 9769 12500
9088 9770 50000
9089 9771 1250
9090 9772 1
9091 9773 5000
9092 9774 5000
9093 9775 25000
9094 9776 1
9095 9777 6250
9096 9778 1
9097 9779 2500
9099 9780 2000
9100 9781 5000
9101 9782 1
9102 9783 10000
9103 9784 6250
9104 9785 25000
9105 9786 12500
9106 9787 50000
9107 9788 1250
9108 9789 1
9109 9790 5000
9110 9791 5000
9117 9792 2000
9118 9793 5000
9119 9794 1
9120 9795 10000
9121 9796 6250
9122 9797 25000
9123 9798 12500
9124 9799 50000
9125 9800 1250
9126 9801 1
9127 9802 5000
9128 9803 5000
9135 9804 2000
9136 9805 5000
9137 9806 1
9138 9807 10000
9139 9808 6250
9140 9809 25000
9141 9810 12500
9142 9811 50000
9143 9812 1
9144 9813 10000
9145 9814 12500
9146 9815 5000
9154 9816 1
9155 9817 5000
9156 9818 1
9157 9819 10000
9158 9820 6250
9159 9821 25000
9160 9822 12500
9161 9823 50000
9162 9824 1
9163 9825 10000
9164 9826 12500
9165 9827 5000
9166 9828 5000
9173 9829 1
9174 9830 5000
9175 9831 1
9176 9832 10000
9177 9833 6250
9178 9834 25000
9179 9835 12500
9180 9836 50000
9181 9837 1
9182 9838 10000
9183 9839 12500
9184 9840 5000
9185 9841 5000
9192 9842 1
9193 9843 5000
9194 9844 1
9195 9845 10000
9196 9846 6250
9197 9847 25000
9198 9848 12500
9200 9849 1250
9201 9850 10000
9202 9851 1
9203 9852 12500
9204 9853 5000
9213 9854 1
9214 9855 1
9215 9856 1
9216 9857 10000
9217 9858 6250
9218 9859 25000
9219 9860 12500
9220 9861 50000
9221 9862 1250
9222 9863 10000
9223 9864 1
9224 9865 12500
9225 9866 5000
9226 9867 5000
9227 9868 1
9228 9869 1
9229 9870 1
9230 9871 1
9231 9872 1
9232 9873 50000
9234 9874 1
9235 9875 1
9236 9876 1
9237 9877 10000
9238 9878 6250
9239 9879 25000
9240 9880 12500
9241 9881 50000
9242 9882 1250
9243 9883 10000
9244 9884 1
9245 9885 12500
9246 9886 5000
9247 9887 5000
9248 9888 1
9249 9889 1
9250 9890 1
9251 9891 1
9252 9892 1
9253 9893 50000
9255 9894 1
9256 9895 1
9257 9896 2500
9258 9897 10000
9259 9898 6250
9260 9899 25000
9261 9900 12500
9262 9901 1
9263 9902 1250
9264 9903 10000
9265 9904 1
9266 9905 25000
9267 9906 12500
9268 9907 1
9277 9908 2000
9278 9909 1
9279 9910 2500
9280 9911 10000
9281 9912 6250
9282 9913 25000
9283 9914 12500
9284 9915 1
9285 9916 1250
9286 9917 10000
9287 9918 1
9288 9919 25000
9289 9920 12500
9290 9921 1
9291 9922 5000
9292 9923 1
9293 9924 1
9294 9925 1
9295 9926 1
9296 9927 1
9297 9928 1
9299 9929 2000
9300 9930 1
9301 9931 2500
9302 9932 10000
9303 9933 6250
9304 9934 25000
9305 9935 12500
9306 9936 1
9307 9937 1250
9308 9938 10000
9309 9939 1
9310 9940 25000
9311 9941 12500
9312 9942 1
9313 9943 5000
9321 9944 2000
9322 9945 1
9323 9946 2500
9324 9947 10000
9325 9948 6250
9326 9949 25000
9327 9950 12500
9328 9951 1
9329 9952 1250
9330 9953 10000
9331 9954 6250
9332 9955 1
9333 9956 12500
9334 9957 1
9343 9958 1
9344 9959 1
9345 9960 2500
9346 9961 10000
9347 9962 6250
9348 9963 25000
9349 9964 12500
9350 9965 1
9351 9966 1250
9352 9967 10000
9353 9968 6250
9354 9969 1
9355 9970 12500
9356 9971 1
9357 9972 5000
9358 9973 1
9359 9974 1
9360 9975 1
9361 9976 50000
9362 9977 1
9363 9978 1
9365 9979 1
9366 9980 1
9367 9981 2500
9368 9982 10000
9369 9983 6250
9370 9984 25000
9371 9985 12500
9372 9986 1
9373 9987 1250
9374 9988 10000
9375 9989 6250
9376 9990 1
9377 9991 12500
9378 9992 1
9379 9993 5000
9380 9994 1
9381 9995 1
9382 9996 1
9383 9997 50000
9384 9998 1
9385 9999 1
9387 10000 1
9388 10001 1
9389 10002 2500
9390 10003 10000
9391 10004 6250
9392 10005 25000
9393 10006 12500
9394 10007 1
9395 10008 1250
9396 10009 10000
9397 10010 6250
9398 10011 25000
9399 10012 12500
9400 10013 1
9409 10014 2000
9410 10015 1
9411 10016 2500
9412 10017 10000
9413 10018 6250
9414 10019 25000
9415 10020 12500
9416 10021 1
9417 10022 1250
9418 10023 10000
9419 10024 6250
9420 10025 25000
9421 10026 12500
9422 10027 1
9423 10028 5000
9424 10029 1
9425 10030 1
9426 10031 1
9427 10032 1
9428 10033 1
9429 10034 1
9431 10035 2000
9432 10036 1
9433 10037 2500
9434 10038 10000
9435 10039 6250
9436 10040 25000
9437 10041 12500
9438 10042 1
9439 10043 1250
9440 10044 10000
9441 10045 6250
9442 10046 25000
9443 10047 12500
9444 10048 1
9445 10049 5000
9446 10050 1
9447 10051 1
9448 10052 1
9449 10053 1
9450 10054 1
9451 10055 1
9453 10056 2000
9454 10057 1
9455 10058 2500
9456 10059 10000
9457 10060 6250
9458 10061 25000
9459 10062 12500
9460 10063 1
9461 10064 1250
9462 10065 10000
9463 10066 6250
9464 10067 25000
9465 10068 12500
9466 10069 1
9468 10070 1
9470 10071 1
9472 10072 1
9475 10073 2000
9476 10074 1
9477 10075 2500
9478 10076 10000
9479 10077 6250
9480 10078 25000
9481 10079 12500
9482 10080 1
9483 10081 1250
9484 10082 10000
9485 10083 6250
9486 10084 25000
9487 10085 12500
9488 10086 1
9489 10087 5000
9490 10088 1
9491 10089 1
9492 10090 1
9493 10091 1
9494 10092 1
9495 10093 1
9497 10094 2000
9498 10095 1
9499 10096 2500
9500 10097 10000
9501 10098 6250
9502 10099 25000
9503 10100 12500
9504 10101 1
9505 10102 1250
9506 10103 10000
9507 10104 6250
9508 10105 25000
9509 10106 12500
9510 10107 1
9511 10108 5000
9512 10109 1
9513 10110 1
9514 10111 1
9515 10112 1
9516 10113 1
9517 10114 1
9519 10115 2000
9520 10116 1
9521 10117 2500
9522 10118 10000
9523 10119 1
9524 10120 25000
9525 10121 12500
9526 10122 1
9527 10123 1250
9528 10124 10000
9529 10125 6250
9530 10126 1
9531 10127 12500
9532 10128 1
9541 10129 2000
9542 10130 1
9543 10131 2500
9544 10132 10000
9545 10133 1
9546 10134 25000
9547 10135 12500
9548 10136 1
9549 10137 1250
9550 10138 10000
9551 10139 6250
9552 10140 1
9553 10141 12500
9554 10142 1
9555 10143 5000
9560 10144 1
9563 10145 2000
9564 10146 1
9565 10147 2500
9566 10148 10000
9567 10149 1
9568 10150 25000
9569 10151 12500
9570 10152 1
9571 10153 1250
9572 10154 10000
9573 10155 6250
9574 10156 1
9575 10157 12500
9576 10158 1
9577 10159 5000
9585 10160 2000
9586 10161 1
9587 10162 1
9588 10163 1
9589 10164 1
9590 10165 1
9591 10166 1
9592 10167 1
9593 10168 1
9594 10169 1
9595 10170 1
9596 10171 1
9597 10172 1
9598 10173 1
9599 10174 1
9600 10175 1
9601 10176 1
9602 10177 1
9603 10178 1
9604 10179 1
9605 10180 1
9606 10181 1
9607 10182 1
9608 10183 1
9609 10184 1
9610 10185 1
9611 10186 1
9612 10187 1
9613 10188 1
9614 10189 1
9615 10190 1
9616 10191 1
9617 10192 1
9618 10193 1
9619 10194 1
9620 10195 1
9621 10196 1
9622 10197 1
9626 10198 1000000
9629 10199 1000000
9630 10200 500000
9631 10201 1000000
9632 10202 1000000
9633 10203 500000
9634 10204 1000000
9635 10205 1000000
9636 10206 500000
9637 10207 1000000
9638 10208 1000000
9639 10209 500000
9640 10210 1000000
9641 10211 1000000
9642 10212 500000
9643 10213 1000000
9644 10214 1000000
9645 10215 500000
9646 10216 1000000
9647 10217 1000000
9648 10218 500000
9649 10219 1000000
9821 10220 1
9822 10221 1
9823 10222 1
9825 10223 1
9827 10224 1
9828 10225 1
9829 10226 1
9830 10227 1
9831 10228 1
9832 10229 1
9833 10230 1
9834 10231 1
9835 10232 1
9836 10233 1
9854 10234 1
9856 10235 1
9857 10236 1
9858 10237 1
9859 10238 1
9860 10239 1
9861 10240 1
9863 10241 1
9864 10242 1
9865 10243 1
9868 10244 1
9878 10245 1
9879 10246 1
9880 10247 1
9881 10248 1
9882 10249 1
9883 10250 1
9884 10251 1
9885 10252 1
9892 10253 1
9893 10254 1
9894 10255 1
9896 10256 1
9898 10257 1
9899 10258 1
9900 10259 1
9901 10260 1
9903 10261 1
9905 10262 1
9906 10263 1
9907 10264 1
9908 10265 1
9912 10266 1
9914 10267 1
9915 10268 1
9916 10269 1
9917 10270 1
9918 10271 1
9919 10272 1
9920 10273 1
9921 10274 1
9922 10275 1
9923 10276 1
9924 10277 1
9931 10278 1
9932 10279 1
9933 10280 1
9935 10281 1
9936 10282 1
9938 10283 1
9941 10284 1
9942 10285 1
9943 10286 1
9944 10287 1
9945 10288 1
9946 10289 1
9947 10290 1
9948 10291 1
9949 10292 1
9950 10293 1
9951 10294 1
9961 10295 1
9962 10296 1
9963 10297 1
9964 10298 1
9965 10299 1
9966 10300 1
9967 10301 1
9968 10302 1
9969 10303 1
9979 10304 1
9980 10305 1
9981 10306 1
9982 10307 1
9983 10308 1
9984 10309 1
9985 10310 1
9986 10311 1
9987 10312 1
9997 10313 1
9998 10314 1
9999 10315 1
10000 10316 1
10001 10317 1
10002 10318 1
10003 10319 1
10004 10320 1
10005 10321 1
10015 10322 1
10016 10323 1
10017 10324 1
10018 10325 1
10019 10326 1
10020 10327 1
10021 10328 1
10022 10329 1
10023 10330 1
10033 10331 1
10034 10332 1
10035 10333 1
10036 10334 1
10037 10335 1
10038 10336 1
10039 10337 1
10040 10338 1
10041 10339 1
10044 10340 1
10068 10341 1
10070 10342 1
10071 10343 1
10072 10344 1
10074 10345 1
10075 10346 1
10076 10347 1
10077 10348 1
10078 10349 1
10079 10350 1
10080 10351 1
10081 10352 1
10082 10353 1
10084 10354 1
10085 10355 1
10086 10356 1
10087 10357 1
10088 10358 1
10089 10359 1
10090 10360 1
10091 10361 1
10092 10362 1
10093 10363 1
10094 10364 1
10095 10365 1
10096 10366 1
10097 10367 1
10098 10368 1
10099 10369 1
10100 10370 1
10104 10371 1
10105 10372 1
10107 10373 1
10108 10374 1
10110 10375 1
10111 10376 1
10112 10377 1
10113 10378 1
10114 10379 1
10119 10380 1
10121 10381 1
10123 10382 1
10124 10383 1
10125 10384 1
10126 10385 1
10127 10386 1
10132 10387 1
10133 10388 1
10134 10389 1
10135 10390 1
10136 10391 1
10137 10392 1
10138 10393 1
10139 10394 1
10140 10395 1
10141 10396 1
10142 10397 1
10143 10398 1
10144 10399 1
10145 10400 1
10146 10401 1
10153 10402 1
10154 10403 1
10155 10404 1
10159 10405 1
10160 10406 1
10161 10407 1
10162 10408 1
10163 10409 1
10164 10410 1
10168 10411 1
10169 10412 1
10170 10413 1
10174 10414 1
10175 10415 1
10176 10416 1
10183 10417 1
10184 10418 1
10185 10419 1
10186 10420 1
10187 10421 1
10188 10422 1
10190 10423 1
10191 10424 1
10192 10425 1
10193 10426 1
10194 10427 1
10195 10428 1
10196 10429 1
10197 10430 1
10198 10431 1
10199 10432 1
10200 10433 1
10201 10434 1
10202 10435 1
10203 10436 1
10205 10437 1
10206 10438 1
10208 10439 1
10209 10440 1
10218 10441 1
10219 10442 1
10220 10443 1
10221 10444 1
10222 10445 1
10223 10446 1
10224 10447 1
10225 10448 1
10226 10449 100
10227 10450 100
10228 10451 100
10229 10452 100
10230 10453 100
10231 10454 100
10232 10455 100
10233 10456 100
10285 10457 1
10286 10458 1000000
10287 10459 10000
10288 10460 1
10289 10461 1
10290 10462 1
10291 10463 500000
10293 10464 1
10294 10465 1000000
10295 10466 10000
10298 10467 10000
10302 10468 10000
10306 10469 10000
10310 10470 10000
10317 10471 1000000
10318 10472 10000
10319 10473 1
10320 10474 1
10321 10475 1
10322 10476 500000
10325 10477 1000000
10326 10478 10000
10327 10479 1
10329 10480 10000
10333 10481 10000
10337 10482 10000
10339 10483 1
10341 10484 10000
10343 10485 10
10345 10486 10
10349 10487 10000
10350 10488 1
10351 10489 1
10352 10490 1
10353 10491 25000
10355 10492 1
10356 10493 1000000
10357 10494 10000
10358 10495 1
10360 10496 10000
10362 10497 1
10364 10498 5000
10366 10499 1
10368 10500 10000
10372 10501 10000
10374 10502 10
10378 10503 1
10379 10504 1000000
10380 10505 10000
10381 10506 1
10382 10507 1
10383 10508 1
10384 10509 25000
10386 10510 1
10387 10511 1000000
10388 10512 10000
10389 10513 1
10391 10514 10000
10395 10515 10000
10399 10516 10000
10403 10517 10000
10405 10518 5
10406 10519 10
10407 10520 10
10408 10521 10
10411 10522 10000
10412 10523 1
10413 10524 1
10414 10525 1
10415 10526 500000
10417 10527 1
10418 10528 1000000
10419 10529 10000
10420 10530 1
10422 10531 10000
10426 10532 10000
10428 10533 1
10430 10534 10000
10432 10535 1
10434 10536 10000
10436 10537 10
10437 10538 10
10438 10539 10
10439 10540 10
10441 10541 1000000
10442 10542 10000
10443 10543 1
10444 10544 1
10445 10545 1
10446 10546 25000
10448 10547 1
10449 10548 1000000
10450 10549 10000
10451 10550 1
10453 10551 10000
10457 10552 5000
10459 10553 1
10461 10554 10000
10465 10555 10000
10467 10556 10
10468 10557 10
10469 10558 10
10470 10559 10
10472 10560 1000000
10473 10561 10000
10474 10562 1
10475 10563 1
10476 10564 1
10477 10565 500000
10479 10566 1
10480 10567 1000000
10481 10568 10000
10482 10569 1
10484 10570 10000
10485 10571 100
10488 10572 10000
10489 10573 100
10493 10574 50
10496 10575 10000
10498 10576 10
10499 10577 10
10500 10578 10
10501 10579 10
10503 10580 500000
10504 10581 10000
10505 10582 1
10506 10583 1
10507 10584 1
10508 10585 500000
10510 10586 1
10511 10587 1000000
10512 10588 10000
10513 10589 1
10515 10590 10000
10516 10591 100
10517 10592 1
10519 10593 2500
10520 10594 10
10523 10595 5000
10524 10596 20
10527 10597 10000
10529 10598 10
10530 10599 10
10531 10600 10
10532 10601 10
10534 10602 1000000
10535 10603 10000
10536 10604 1
10537 10605 1
10538 10606 1
10539 10607 500000
10541 10608 1
10542 10609 1000000
10543 10610 10000
10544 10611 1
10546 10612 10000
10547 10613 100
10550 10614 5000
10551 10615 20
10553 10616 2500
10554 10617 2500
10555 10618 10
10556 10619 1
10558 10620 10000
10560 10621 10
10561 10622 10
10562 10623 10
10563 10624 10
10564 10625 -1000000
10565 10626 -10000
10566 10627 -1
10567 10628 -10000
10568 10629 -10000
10569 10630 -10
10570 10631 -10000
10571 10632 -100
10572 10633 -10000
10573 10634 -100
10574 10635 -10000
10575 10636 -100
10576 10637 -10000
10577 10638 -100
10578 10639 -1
10579 10640 -1
10580 10641 -10
10582 10642 -1000000
10583 10643 -1
10584 10644 -1
10585 10645 -10
10587 10646 -500000
10588 10647 -10000
10589 10648 -1
10590 10649 -10000
10592 10650 -10
10593 10651 -10000
10594 10652 -100
10595 10653 -10000
10596 10654 -100
10597 10655 -10000
10598 10656 -100
10599 10657 -10000
10600 10658 -100
10602 10659 -1
10603 10660 -10
10605 10661 -1000000
10606 10662 -1
10607 10663 -1
10608 10664 -10
10610 10665 -1000000
10611 10666 -10000
10612 10667 -1
10613 10668 -10000
10614 10669 -10000
10615 10670 -10
10616 10671 -10000
10617 10672 -100
10618 10673 -1250
10619 10674 -100
10620 10675 -10000
10621 10676 -100
10622 10677 -10000
10623 10678 -100
10624 10679 -1
10625 10680 -1
10626 10681 -10
10628 10682 -1000000
10629 10683 -1
10630 10684 -1
10631 10685 -10
10633 10686 -10
10635 10687 -1
10636 10688 -10000
10637 10689 -10000
10638 10690 -10
10639 10691 -10000
10640 10692 -100
10641 10693 -10000
10642 10694 -100
10644 10695 -50
10645 10696 -10000
10646 10697 -100
10648 10698 -1
10651 10699 -1000000
10652 10700 -1
10653 10701 -1
10654 10702 -10
10656 10703 -1000000
10658 10704 -1
10659 10705 -10000
10661 10706 -10
10662 10707 -10000
10663 10708 -100
10664 10709 -10000
10665 10710 -100
10666 10711 -10000
10667 10712 -100
10668 10713 -10000
10669 10714 -100
10671 10715 -1
10674 10716 -1000000
10675 10717 -1
10676 10718 -1
10677 10719 -10
10679 10720 -1000000
10681 10721 -1
10682 10722 -10000
10683 10723 -10000
10684 10724 -10
10685 10725 -10000
10686 10726 -100
10687 10727 -5000
10688 10728 -100
10689 10729 -10000
10690 10730 -50
10691 10731 -10000
10692 10732 -100
10694 10733 -1
10697 10734 -1000000
10698 10735 -1
10699 10736 -1
10700 10737 -10
10702 10738 -1000000
10704 10739 -1
10705 10740 -10000
10707 10741 -10
10708 10742 -10000
10709 10743 -100
10710 10744 -10000
10711 10745 -100
10712 10746 -10000
10713 10747 -50
10714 10748 -10000
10715 10749 -100
10717 10750 -1
10720 10751 -1000000
10721 10752 -1
10722 10753 -1
10723 10754 -10
10725 10755 -1000000
10727 10756 -1
10728 10757 -10000
10730 10758 -10
10731 10759 -10000
10732 10760 -100
10733 10761 -5000
10734 10762 -50
10735 10763 -5000
10736 10764 -100
10737 10765 -10000
10738 10766 -100
10740 10767 -1
10743 10768 -1000000
10744 10769 -1
10745 10770 -1
10746 10771 -10
10748 10772 -500000
10750 10773 -1
10751 10774 -10000
10753 10775 -10
10754 10776 -10000
10755 10777 -100
10756 10778 -5000
10757 10779 -100
10758 10780 -5000
10759 10781 -50
10760 10782 -10000
10761 10783 -100
10763 10784 -1
10766 10785 -1000000
10767 10786 -1
10768 10787 -1
10769 10788 -10
