1903 4760 22623
0 0 1
1 1 1
2 2 1
3 3 1
4 4 1
5 5 1
6 6 1
7 7 1
0 7 -1
8 8 1
5 8 -1
9 9 1
6 9 -1
109 10 33383/2500
108 10 21491/20000
110 10 131089/50000
154 10 604307/100000
107 10 -675023/25000
113 10 1481031/12500
112 10 2150013/20000
106 10 6337091/100000
155 10 1227/12500
75 10 1
65 10 59241/50000
11 10 -1
109 11 8397/625
108 11 107657/100000
110 11 154789/50000
154 11 1053913/50000
107 11 -1779/800
113 11 11639477/100000
106 11 3450303/50000
155 11 9747/50000
75 11 1
65 11 23279/20000
13 11 -1
109 12 676093/50000
108 12 107741/100000
110 12 100233/50000
154 12 179599/100000
107 12 -6448099/10000
113 12 3073499/25000
112 12 3073499/25000
111 12 74083/800
106 12 1484359/25000
155 12 4047/100000
75 12 1
65 12 6147/5000
41 12 -1
117 13 33383/2500
116 13 21491/20000
118 13 131089/50000
156 13 604307/100000
115 13 -675023/25000
121 13 1481031/12500
120 13 2150013/20000
114 13 6337091/100000
158 13 1227/12500
76 13 1
66 13 59241/50000
11 13 -1
117 14 8397/625
116 14 107657/100000
118 14 154789/50000
156 14 1053913/50000
115 14 -1779/800
121 14 11639477/100000
114 14 3450303/50000
158 14 9747/50000
76 14 1
66 14 23279/20000
13 14 -1
117 15 676093/50000
116 15 107741/100000
118 15 100233/50000
156 15 179599/100000
115 15 -6448099/10000
121 15 3073499/25000
120 15 3073499/25000
119 15 74083/800
114 15 1484359/25000
158 15 4047/100000
76 15 1
66 15 6147/5000
41 15 -1
122 16 21491/20000
159 16 1227/12500
78 16 1
31 16 1491/20000
11 16 -1
122 17 107657/100000
159 17 9747/50000
78 17 1
31 17 7657/100000
13 17 -1
122 18 53939/50000
78 18 1
31 18 3939/50000
15 18 -1
122 19 107741/100000
159 19 4047/100000
78 19 1
31 19 7741/100000
41 19 -1
122 20 102379/100000
159 20 54867/100000
78 20 1
31 20 2379/100000
56 20 -1
123 21 21491/20000
161 21 61/25
160 21 1227/12500
79 21 1
33 21 1491/20000
11 21 -1
123 22 107657/100000
161 22 291/100
160 22 9747/50000
79 22 1
33 22 7657/100000
13 22 -1
123 23 53939/50000
161 23 12/5
79 23 1
33 23 3939/50000
15 23 -1
123 24 107741/100000
161 24 91/50
160 24 4047/100000
79 24 1
33 24 7741/100000
41 24 -1
123 25 102379/100000
161 25 397/100
160 25 54867/100000
79 25 1
33 25 2379/100000
56 25 -1
124 26 21491/20000
163 26 61/25
162 26 1227/12500
80 26 1
34 26 1491/20000
11 26 -1
124 27 107657/100000
163 27 291/100
162 27 9747/50000
80 27 1
34 27 7657/100000
13 27 -1
124 28 53939/50000
163 28 12/5
80 28 1
34 28 3939/50000
15 28 -1
124 29 107741/100000
163 29 91/50
162 29 4047/100000
80 29 1
34 29 7741/100000
41 29 -1
124 30 102379/100000
163 30 397/100
162 30 54867/100000
80 30 1
34 30 2379/100000
56 30 -1
150 31 16877811/100000
151 31 8769367/50000
125 31 227/200
127 31 434/25
165 31 1705151/10000
164 31 3507993/25000
81 31 1
67 31 8881/5000
17 31 -1
150 32 284437/2000
151 32 7460789/50000
125 32 559/500
127 32 839/50
165 32 1412/25
164 32 168/5
81 32 1
67 32 8/5
18 32 -1
150 33 7457177/50000
151 33 15851493/100000
125 33 1139/1000
127 33 434/25
165 33 3296233/25000
164 33 10273973/100000
81 33 1
67 33 171233/100000
22 33 -1
150 34 5640113/50000
151 34 11339347/100000
125 34 1121/1000
127 34 839/50
165 34 1111111/25000
164 34 297619/12500
81 34 1
67 34 15873/10000
23 34 -1
150 35 1482959/12500
151 35 2994511/25000
125 35 110957/100000
127 35 202477/12500
165 35 3505241/100000
164 35 191353/12500
81 35 1
67 35 75871/50000
48 35 -1
150 36 8064701/100000
151 36 7598343/100000
125 36 13581/12500
127 36 684741/50000
165 36 145701/100000
164 36 15293/5000
81 36 1
67 36 16557/12500
49 36 -1
150 37 10648247/100000
151 37 2384733/20000
125 37 107053/100000
127 37 1231391/100000
165 37 199327/50000
164 37 389581/100000
81 37 1
67 37 126557/100000
51 37 -1
150 38 10912527/100000
151 38 12410627/100000
125 38 106261/100000
127 38 117351/10000
165 38 354921/100000
164 38 373287/100000
81 38 1
67 38 62049/50000
52 38 -1
150 39 6795143/50000
151 39 2879479/20000
125 39 111179/100000
127 39 1685641/100000
165 39 3711631/100000
164 39 2010467/100000
81 39 1
67 39 154651/100000
53 39 -1
150 40 7366091/50000
151 40 9227661/50000
125 40 1123/1000
127 40 719/50
165 40 290099/2000
164 40 2929043/25000
81 40 1
67 40 165017/100000
60 40 -1
152 41 16877811/100000
153 41 8769367/50000
130 41 227/200
132 41 434/25
167 41 1705151/10000
166 41 3507993/25000
82 41 1
68 41 8881/5000
17 41 -1
152 42 284437/2000
153 42 7460789/50000
130 42 559/500
132 42 839/50
167 42 1412/25
166 42 168/5
82 42 1
68 42 8/5
18 42 -1
152 43 7457177/50000
153 43 15851493/100000
130 43 1139/1000
132 43 434/25
167 43 3296233/25000
166 43 10273973/100000
82 43 1
68 43 171233/100000
22 43 -1
152 44 5640113/50000
153 44 11339347/100000
130 44 1121/1000
132 44 839/50
167 44 1111111/25000
166 44 297619/12500
82 44 1
68 44 15873/10000
23 44 -1
152 45 1482959/12500
153 45 2994511/25000
130 45 110957/100000
132 45 202477/12500
167 45 3505241/100000
166 45 191353/12500
82 45 1
68 45 75871/50000
48 45 -1
152 46 8064701/100000
153 46 7598343/100000
130 46 13581/12500
132 46 684741/50000
167 46 145701/100000
166 46 15293/5000
82 46 1
68 46 16557/12500
49 46 -1
152 47 10648247/100000
153 47 2384733/20000
130 47 107053/100000
132 47 1231391/100000
167 47 199327/50000
166 47 389581/100000
82 47 1
68 47 126557/100000
51 47 -1
152 48 10912527/100000
153 48 12410627/100000
130 48 106261/100000
132 48 117351/10000
167 48 354921/100000
166 48 373287/100000
82 48 1
68 48 62049/50000
52 48 -1
152 49 6795143/50000
153 49 2879479/20000
130 49 111179/100000
132 49 1685641/100000
167 49 3711631/100000
166 49 2010467/100000
82 49 1
68 49 154651/100000
53 49 -1
152 50 7366091/50000
153 50 9227661/50000
130 50 1123/1000
132 50 719/50
167 50 290099/2000
166 50 2929043/25000
82 50 1
68 50 165017/100000
60 50 -1
63 51 589027/50000
138 51 33383/2500
168 51 181259/100000
136 51 21491/20000
142 51 10750069/100000
171 51 38913/10000
169 51 2881849/100000
170 51 491/5000
139 51 2053183/100000
137 51 -921757/100000
135 51 -675023/25000
83 51 1
69 51 59241/50000
11 51 -1
63 52 37221/3125
138 52 8397/625
168 52 52241/25000
136 52 107657/100000
171 52 10947/2500
169 52 299379/10000
170 52 1949/10000
139 52 1605433/100000
137 52 -527143/50000
135 52 -1779/800
83 52 1
69 52 23279/20000
13 52 -1
63 53 1176931/100000
138 53 676093/50000
140 53 602299/25000
168 53 4663/3125
136 53 107741/100000
142 53 3073499/25000
141 53 74083/800
171 53 81673/25000
169 53 2008501/100000
170 53 4047/100000
139 53 2771689/100000
137 53 -376199/50000
135 53 -6448099/10000
83 53 1
69 53 6147/5000
41 53 -1
63 54 1177361/100000
138 54 676669/50000
140 54 602519/25000
168 54 14927/10000
136 54 53893/50000
142 54 12298483/100000
141 54 1852751/20000
171 54 81673/25000
169 54 1004617/50000
170 54 81/20000
139 54 27727/1000
137 54 -376199/50000
135 54 -2580181/4000
83 54 1
69 54 24597/20000
42 54 -1
63 55 292331/25000
138 55 1331787/100000
140 55 19149/800
168 55 148251/100000
136 55 107531/100000
142 55 2442907/20000
141 55 4600261/50000
171 55 81673/25000
169 55 748319/50000
139 55 1613543/50000
137 55 -664319/100000
135 55 -32032111/50000
83 55 1
69 55 24429/20000
43 55 -1
1890 56 -1
91 56 1
1895 57 -1
92 57 1
1898 58 -1
93 58 1
1897 59 -1
95 59 1
1898 60 -1
96 60 1
1900 61 -1
1897 61 -1
97 61 1
1900 62 -1
1897 62 -1
98 62 1
1901 63 -1
99 63 1
1902 64 -1
103 64 1
91 65 1
92 66 1
93 67 1
94 68 1
95 69 1
96 70 1
97 71 1
98 72 1
99 73 1
103 74 1
105 75 2141/2000
64 75 2531/2000
74 75 1
51 75 -1
105 76 666/625
64 76 1241/1000
74 76 1
52 76 -1
16 77 99/100
64 77 -1
74 78 -1
27 79 1
30 79 -1
28 80 1
30 80 -1
77 81 1
29 81 227/200
17 81 -1
77 82 1
29 82 623/500
19 82 -1
77 83 1
29 83 1183/1000
20 83 -1
77 84 1
29 84 231/200
21 84 -1
77 85 1
29 85 1139/1000
22 85 -1
77 86 1
29 86 299/100
39 86 -1
77 87 1
58 87 -1
29 87 47/40
77 88 1
59 88 -1
29 88 57/50
77 89 1
60 89 -1
29 89 1123/1000
77 90 -1
30 91 1
29 91 -1
31 92 -1
30 92 1
32 93 1
30 93 -1
143 94 10819/10000
84 94 1
70 94 641/500
41 94 -831/1000
50 94 -169/1000
143 95 1361/1250
84 95 1
70 95 166/125
41 95 -43/200
49 95 -697/1000
50 95 -11/125
143 96 2719/2500
84 96 1
70 96 1323/1000
41 96 -107/250
49 96 -397/1000
50 96 -7/40
45 97 99/100
70 97 -1
84 98 -1
144 99 144/125
85 99 1
71 99 19141/10000
17 99 -657/5000
21 99 -4343/5000
144 100 231/200
85 100 1
71 100 1939/1000
21 100 -1
144 101 1153/1000
85 101 1
71 101 2381/1250
22 101 -339/2500
21 101 -2161/2500
144 102 1153/1000
85 102 1
71 102 2417/1250
59 102 -41/400
21 102 -359/400
46 103 197/200
71 103 -1
85 104 -1
145 105 5387/5000
72 105 11091/10000
86 105 1
61 105 -1
72 106 -1
47 106 1
86 107 -1
62 108 -1
21 108 3/10
49 108 3/20
48 108 3/10
17 108 7/80
22 108 13/80
87 109 1
73 109 163/125
13 109 -1123/5000
11 109 -2207/10000
49 109 -1481/5000
48 109 -517/2000
54 110 1
73 110 -1
146 111 2719/2500
87 111 -1
10 112 1
7 112 -1
10 113 -1
90 113 53/5000
88 113 9/2500
89 113 39/10000
56 113 20317/50000
11 113 11907/100000
13 113 861/10000
41 113 14801/100000
49 113 1779/10000
48 113 4417/100000
22 113 531/50000
17 113 9/2500
21 113 387/100000
20 113 31/100000
91 113 -11957/10000
149 113 -81/10000
148 113 -3/625
147 113 -37/2500
77 114 3993/100000
50 114 -1
53 114 79501/100000
23 114 857/100000
18 114 2103/12500
29 114 3993/100000
39 114 -47/4000
92 114 -607/400
149 114 -319/10000
148 114 -91/10000
147 114 -53/5000
42 115 24991/25000
41 115 -1
38 115 37/100000
39 115 -1/50000
93 115 -6147/5000
149 115 -37/10000
148 115 -1/1000
41 116 -1
43 116 100569/100000
38 116 41/100000
39 116 -61/10000
94 116 -6147/5000
149 116 -1/400
148 116 -1/400
147 116 -37/10000
77 117 1/20
88 117 -1
29 117 227/4000
17 117 -1/20
77 118 3/20
89 118 -1
29 118 693/4000
21 118 -3/20
77 119 1/20
90 119 -1
29 119 1139/20000
22 119 -1/20
77 120 3/20
101 120 -1
29 120 171/1000
59 120 -3/20
77 121 1/20
102 121 -1
29 121 1123/20000
60 121 -1/20
50 122 99993/100000
48 122 -1
95 122 -607/400
148 122 -1/1250
147 122 -19/2500
14 123 3993/4000
13 123 -1
38 123 9/5000
39 123 -1/10000
96 123 -291/250
148 123 -13/2000
147 123 -21/10000
12 124 12489/12500
11 124 -1
38 124 9/10000
39 124 -1/20000
96 124 -1481/1250
148 124 -33/5000
147 124 -21/10000
90 125 59/2000
88 125 189/10000
89 125 69/2000
49 125 -1
52 125 85867/100000
22 125 2951/100000
17 125 943/50000
21 125 689/20000
20 125 2463/100000
19 125 91/6250
39 125 1931/100000
97 125 -2649/2000
149 125 -199/10000
148 125 -19/1250
147 125 -543/10000
90 126 29/1000
88 126 33/2000
89 126 69/2000
51 126 2713/3125
22 126 579/20000
17 126 413/25000
21 126 3451/100000
20 126 2457/100000
19 126 1393/100000
39 126 167/12500
49 126 -1
98 126 -2649/2000
149 126 -37/2000
148 126 -179/10000
147 126 -53/1000
55 127 499/500
38 127 -17/16
100 127 -17/16
149 127 53/200
148 127 -16/625
147 127 -657/10000
39 128 1
40 128 -1
29 129 -613/200
19 129 49/200
40 129 1
104 129 -613/200
149 129 8/25
148 129 -41/100
147 129 -119/50
154 130 -956061/100000
107 130 6187/40
113 130 -85
112 130 -1
111 130 -12
106 130 -44
65 130 -1
24 130 1
155 131 -27/100
75 131 -1
156 132 -956061/100000
115 132 20205493/50000
121 132 -85
120 132 -1
119 132 -12
114 132 -1/10000
157 132 -2177/2500
66 132 -1
25 132 1
157 133 1
158 133 -27/100
76 133 -1
159 134 -3/5
78 134 -1
31 134 1
161 135 -42119/10000
160 135 -3/5
79 135 -1
33 135 1
163 136 -8737/2000
162 136 -23/10
80 136 -1
34 136 1
128 137 -91
129 137 -96
126 137 -86
165 137 -16
164 137 -13
67 137 -1
36 137 99/100
81 138 -1
133 139 -87
134 139 -92
131 139 -82
167 139 -16
166 139 -13
68 139 -1
37 139 99/100
82 140 -1
63 141 -1
168 141 1731/2500
63 142 -38327/4000
140 142 -15
168 142 -61177/50000
142 142 -1
141 142 -1
169 142 -18
139 142 -43/2
135 142 6726709/12500
69 142 -1
44 142 199/200
171 143 -5
170 143 -7/25
137 143 1785159/100000
83 143 -1
1865 144 -1
17 144 1
1866 145 -1
22 145 1
1867 146 -1
62 146 1
147 147 1
27 148 -1
147 148 1
28 149 -1
148 149 1
32 150 -1
149 150 1
147 151 -1
128 152 1/2
126 152 1
150 152 -1
128 153 1/2
129 153 1
151 153 -1
133 154 1/2
131 154 1
152 154 -1
133 155 1/2
134 155 1
153 155 -1
349 156 33383/2500
348 156 21491/20000
350 156 131089/50000
398 156 604307/100000
347 156 -675023/25000
353 156 1481031/12500
352 156 2150013/20000
346 156 6337091/100000
399 156 1227/12500
295 156 1
285 156 59241/50000
175 156 -1
349 157 8397/625
348 157 107657/100000
350 157 154789/50000
398 157 1053913/50000
347 157 -1779/800
353 157 11639477/100000
346 157 3450303/50000
399 157 9747/50000
295 157 1
285 157 23279/20000
177 157 -1
349 158 54519/4000
348 158 53939/50000
350 158 13/5
398 158 1634889/50000
347 158 -16134/625
353 158 9562697/100000
352 158 3586011/100000
346 158 1195337/25000
295 158 1
285 158 59767/50000
180 158 -1
349 159 1150537/100000
348 159 103403/100000
350 159 16/5
398 159 85171/25000
347 159 -239597/100000
353 159 2339793/25000
352 159 3853777/100000
346 159 1376349/50000
399 159 1/1000
295 159 1
285 159 27527/25000
185 159 -1
349 160 672209/50000
348 160 21549/20000
350 160 13/5
398 160 1680401/100000
347 160 -254803/100000
353 160 4976581/50000
352 160 3512881/100000
346 160 6791569/100000
399 160 21/1000
295 160 1
285 160 14637/12500
186 160 -1
349 161 676093/50000
348 161 107741/100000
350 161 100233/50000
398 161 179599/100000
347 161 -6448099/10000
353 161 3073499/25000
352 161 3073499/25000
351 161 74083/800
346 161 1484359/25000
399 161 4047/100000
295 161 1
285 161 6147/5000
213 161 -1
349 162 273921/20000
348 162 107977/100000
350 162 2
398 162 714137/100000
347 162 -3582781/25000
353 162 6180179/50000
352 162 6180179/50000
351 162 4449729/100000
346 162 6180179/100000
295 162 1
285 162 30901/25000
216 162 -1
349 163 137/10
348 163 1089/1000
350 163 2
398 163 7017/4000
347 163 -7894029/25000
353 163 12536041/100000
352 163 12536041/100000
351 163 180519/4000
346 163 6268021/100000
295 163 1
285 163 1567/1250
218 163 -1
349 164 342/25
348 164 1351/1250
350 164 2
398 164 154509/12500
347 164 -8132719/12500
352 164 6197323/50000
351 164 583323/6250
346 164 5862667/100000
399 164 1/250
295 164 1
285 164 61973/50000
219 164 -1
349 165 601/50
348 165 657/625
350 165 2
398 165 168233/100000
347 165 -60335427/100000
353 165 11494253/100000
352 165 11494253/100000
351 165 2163793/25000
346 165 1534483/50000
399 165 17/50
295 165 1
285 165 114943/100000
220 165 -1
349 166 244851/20000
348 166 26523/25000
350 166 11/5
398 166 457201/100000
347 166 -4674877/100000
353 166 1176609/10000
352 166 1176609/10000
351 166 3529827/50000
346 166 1029533/25000
399 166 1/1000
295 166 1
285 166 117661/100000
223 166 -1
349 167 138063/10000
348 167 108059/100000
350 167 19/10
398 167 795171/100000
347 167 -2449857/50000
353 167 12331977/100000
352 167 5857689/50000
351 167 1541497/25000
346 167 1572327/25000
399 167 21/1000
295 167 1
285 167 3083/2500
224 167 -1
349 168 168069/10000
348 168 55253/50000
350 168 19/10
398 168 60349/50000
347 168 -11041253/20000
353 168 6830601/50000
352 168 6830601/50000
351 168 6147541/50000
346 168 6830601/100000
399 168 1/10
295 168 1
285 168 34153/25000
244 168 -1
349 169 756619/50000
348 169 21871/20000
350 169 19/10
398 169 114891/100000
347 169 -52550047/100000
353 169 13003901/100000
352 169 13003901/100000
351 169 11703511/100000
346 169 6501951/100000
399 169 1/10
295 169 1
285 169 130039/100000
247 169 -1
349 170 246701/20000
348 170 53177/50000
350 170 19/10
398 170 46739/50000
347 170 -90995877/100000
353 170 12065637/100000
352 170 12065637/100000
351 170 12065637/100000
346 170 2413127/100000
399 170 9/100
295 170 1
285 170 7541/6250
274 170 -1
349 171 36718/3125
348 171 4203/4000
350 171 128913/50000
398 171 707217/100000
347 171 -1350181/6250
353 171 11069043/100000
352 171 1453707/20000
351 171 500193/50000
346 171 928919/25000
399 171 24193/100000
295 171 1
285 171 56191/50000
276 171 -1
349 172 105953/10000
348 172 10229/10000
350 172 8367/3125
398 172 679817/100000
347 172 -23849531/100000
353 172 10719329/100000
352 172 1614473/25000
351 172 6529/400
346 172 1158009/50000
399 172 19213/50000
295 172 1
285 172 27007/25000
277 172 -1
349 173 68289/6250
348 173 25713/25000
350 173 3
398 173 152657/20000
347 173 -24411019/100000
353 173 10326087/100000
352 173 5434783/100000
346 173 1576087/50000
399 173 3/1000
295 173 1
285 173 13587/12500
280 173 -1
357 174 33383/2500
356 174 21491/20000
358 174 131089/50000
400 174 604307/100000
355 174 -675023/25000
361 174 1481031/12500
360 174 2150013/20000
354 174 6337091/100000
402 174 1227/12500
296 174 1
286 174 59241/50000
175 174 -1
357 175 8397/625
356 175 107657/100000
358 175 154789/50000
400 175 1053913/50000
355 175 -1779/800
361 175 11639477/100000
354 175 3450303/50000
402 175 9747/50000
296 175 1
286 175 23279/20000
177 175 -1
357 176 54519/4000
356 176 53939/50000
358 176 13/5
400 176 1634889/50000
355 176 -16134/625
361 176 9562697/100000
360 176 3586011/100000
354 176 1195337/25000
296 176 1
286 176 59767/50000
180 176 -1
357 177 1150537/100000
356 177 103403/100000
358 177 16/5
400 177 85171/25000
355 177 -239597/100000
361 177 2339793/25000
360 177 3853777/100000
354 177 1376349/50000
402 177 1/1000
296 177 1
286 177 27527/25000
185 177 -1
357 178 672209/50000
356 178 21549/20000
358 178 13/5
400 178 1680401/100000
355 178 -254803/100000
361 178 4976581/50000
360 178 3512881/100000
354 178 6791569/100000
402 178 21/1000
296 178 1
286 178 14637/12500
186 178 -1
357 179 676093/50000
356 179 107741/100000
358 179 100233/50000
400 179 179599/100000
355 179 -6448099/10000
361 179 3073499/25000
360 179 3073499/25000
359 179 74083/800
354 179 1484359/25000
402 179 4047/100000
296 179 1
286 179 6147/5000
213 179 -1
357 180 273921/20000
356 180 107977/100000
358 180 2
400 180 714137/100000
355 180 -3582781/25000
361 180 6180179/50000
360 180 6180179/50000
359 180 4449729/100000
354 180 6180179/100000
296 180 1
286 180 30901/25000
216 180 -1
357 181 137/10
356 181 1089/1000
358 181 2
400 181 7017/4000
355 181 -7894029/25000
361 181 12536041/100000
360 181 12536041/100000
359 181 180519/4000
354 181 6268021/100000
296 181 1
286 181 1567/1250
218 181 -1
357 182 342/25
356 182 1351/1250
358 182 2
400 182 154509/12500
355 182 -8132719/12500
360 182 6197323/50000
359 182 583323/6250
354 182 5862667/100000
402 182 1/250
296 182 1
286 182 61973/50000
219 182 -1
357 183 601/50
356 183 657/625
358 183 2
400 183 168233/100000
355 183 -60335427/100000
361 183 11494253/100000
360 183 11494253/100000
359 183 2163793/25000
354 183 1534483/50000
402 183 17/50
296 183 1
286 183 114943/100000
220 183 -1
357 184 244851/20000
356 184 26523/25000
358 184 11/5
400 184 457201/100000
355 184 -4674877/100000
361 184 1176609/10000
360 184 1176609/10000
359 184 3529827/50000
354 184 1029533/25000
402 184 1/1000
296 184 1
286 184 117661/100000
223 184 -1
357 185 138063/10000
356 185 108059/100000
358 185 19/10
400 185 795171/100000
355 185 -2449857/50000
361 185 12331977/100000
360 185 5857689/50000
359 185 1541497/25000
354 185 1572327/25000
402 185 21/1000
296 185 1
286 185 3083/2500
224 185 -1
357 186 168069/10000
356 186 55253/50000
358 186 19/10
400 186 60349/50000
355 186 -11041253/20000
361 186 6830601/50000
360 186 6830601/50000
359 186 6147541/50000
354 186 6830601/100000
402 186 1/10
296 186 1
286 186 34153/25000
244 186 -1
357 187 756619/50000
356 187 21871/20000
358 187 19/10
400 187 114891/100000
355 187 -52550047/100000
361 187 13003901/100000
360 187 13003901/100000
359 187 11703511/100000
354 187 6501951/100000
402 187 1/10
296 187 1
286 187 130039/100000
247 187 -1
357 188 246701/20000
356 188 53177/50000
358 188 19/10
400 188 46739/50000
355 188 -90995877/100000
361 188 12065637/100000
360 188 12065637/100000
359 188 12065637/100000
354 188 2413127/100000
402 188 9/100
296 188 1
286 188 7541/6250
274 188 -1
357 189 36718/3125
356 189 4203/4000
358 189 128913/50000
400 189 707217/100000
355 189 -1350181/6250
361 189 11069043/100000
360 189 1453707/20000
359 189 500193/50000
354 189 928919/25000
402 189 24193/100000
296 189 1
286 189 56191/50000
276 189 -1
357 190 105953/10000
356 190 10229/10000
358 190 8367/3125
400 190 679817/100000
355 190 -23849531/100000
361 190 10719329/100000
360 190 1614473/25000
359 190 6529/400
354 190 1158009/50000
402 190 19213/50000
296 190 1
286 190 27007/25000
277 190 -1
357 191 68289/6250
356 191 25713/25000
358 191 3
400 191 152657/20000
355 191 -24411019/100000
361 191 10326087/100000
360 191 5434783/100000
354 191 1576087/50000
402 191 3/1000
296 191 1
286 191 13587/12500
280 191 -1
363 192 33383/2500
362 192 21491/20000
403 192 1227/12500
298 192 1
202 192 1491/20000
175 192 -1
363 193 8397/625
362 193 107657/100000
403 193 9747/50000
298 193 1
202 193 7657/100000
177 193 -1
363 194 54519/4000
362 194 53939/50000
298 194 1
202 194 3939/50000
180 194 -1
363 195 1150537/100000
362 195 103403/100000
403 195 1/1000
298 195 1
202 195 3403/100000
185 195 -1
363 196 672209/50000
362 196 21549/20000
403 196 21/1000
298 196 1
202 196 1549/20000
186 196 -1
363 197 676093/50000
362 197 107741/100000
403 197 4047/100000
298 197 1
202 197 7741/100000
213 197 -1
363 198 49/4
362 198 1313/1250
403 198 17/100
298 198 1
202 198 63/1250
220 198 -1
363 199 244851/20000
362 199 26523/25000
403 199 1/1000
298 199 1
202 199 1523/25000
223 199 -1
363 200 138063/10000
362 200 108059/100000
403 200 21/1000
298 200 1
202 200 8059/100000
224 200 -1
363 201 1268869/100000
362 201 102379/100000
403 201 54867/100000
298 201 1
202 201 2379/100000
260 201 -1
363 202 1115063/100000
362 202 98973/100000
403 202 102279/100000
298 202 1
202 202 -1027/100000
261 202 -1
363 203 149189/20000
362 203 95579/100000
403 203 11/200
298 203 1
202 203 -4421/100000
262 203 -1
363 204 1379387/100000
362 204 109591/100000
403 204 1/50
298 204 1
202 204 9591/100000
263 204 -1
363 205 650139/50000
362 205 107737/100000
403 205 40957/100000
298 205 1
202 205 7737/100000
268 205 -1
363 206 36427/3125
362 206 5093/5000
403 206 541/5000
298 206 1
202 206 93/5000
270 206 -1
363 207 36718/3125
362 207 4203/4000
403 207 24193/100000
298 207 1
202 207 203/4000
276 207 -1
363 208 105953/10000
362 208 10229/10000
403 208 19213/50000
298 208 1
202 208 229/10000
277 208 -1
363 209 68289/6250
362 209 25713/25000
403 209 3/1000
298 209 1
202 209 713/25000
280 209 -1
363 210 639147/100000
362 210 9343/10000
403 210 297/500
298 210 1
202 210 -657/10000
281 210 -1
363 211 489951/50000
362 211 9933/10000
403 211 1/200
298 211 1
202 211 -67/10000
282 211 -1
365 212 33383/2500
364 212 21491/20000
405 212 61/25
404 212 1227/12500
299 212 1
205 212 1491/20000
175 212 -1
365 213 8397/625
364 213 107657/100000
405 213 291/100
404 213 9747/50000
299 213 1
205 213 7657/100000
177 213 -1
365 214 54519/4000
364 214 53939/50000
405 214 12/5
299 214 1
205 214 3939/50000
180 214 -1
365 215 1150537/100000
364 215 103403/100000
405 215 27/10
404 215 1/1000
299 215 1
205 215 3403/100000
185 215 -1
365 216 672209/50000
364 216 21549/20000
405 216 12/5
404 216 21/1000
299 216 1
205 216 1549/20000
186 216 -1
365 217 676093/50000
364 217 107741/100000
405 217 91/50
404 217 4047/100000
299 217 1
205 217 7741/100000
213 217 -1
365 218 49/4
364 218 1313/1250
405 218 91/50
404 218 17/100
299 218 1
205 218 63/1250
220 218 -1
365 219 244851/20000
364 219 26523/25000
405 219 21/10
404 219 1/1000
299 219 1
205 219 1523/25000
223 219 -1
365 220 138063/10000
364 220 108059/100000
405 220 17/10
404 220 21/1000
299 220 1
205 220 8059/100000
224 220 -1
365 221 1268869/100000
364 221 102379/100000
405 221 397/100
404 221 54867/100000
299 221 1
205 221 2379/100000
260 221 -1
365 222 1115063/100000
364 222 98973/100000
405 222 253/50
404 222 102279/100000
299 222 1
205 222 -1027/100000
261 222 -1
365 223 149189/20000
364 223 95579/100000
405 223 7/2
404 223 11/200
299 223 1
205 223 -4421/100000
262 223 -1
365 224 1379387/100000
364 224 109591/100000
405 224 197/50
404 224 1/50
299 224 1
205 224 9591/100000
263 224 -1
365 225 650139/50000
364 225 107737/100000
405 225 189/50
404 225 40957/100000
299 225 1
205 225 7737/100000
268 225 -1
365 226 36427/3125
364 226 5093/5000
405 226 307/100
404 226 541/5000
299 226 1
205 226 93/5000
270 226 -1
365 227 36718/3125
364 227 4203/4000
405 227 12/5
404 227 24193/100000
299 227 1
205 227 203/4000
276 227 -1
365 228 105953/10000
364 228 10229/10000
405 228 12/5
404 228 19213/50000
299 228 1
205 228 229/10000
277 228 -1
365 229 68289/6250
364 229 25713/25000
405 229 31/10
404 229 3/1000
299 229 1
205 229 713/25000
280 229 -1
365 230 639147/100000
364 230 9343/10000
405 230 249/50
404 230 297/500
299 230 1
205 230 -657/10000
281 230 -1
365 231 489951/50000
364 231 9933/10000
405 231 49/10
404 231 1/200
299 231 1
205 231 -67/10000
282 231 -1
367 232 33383/2500
366 232 21491/20000
407 232 61/25
406 232 1227/12500
300 232 1
206 232 1491/20000
175 232 -1
367 233 8397/625
366 233 107657/100000
407 233 291/100
406 233 9747/50000
300 233 1
206 233 7657/100000
177 233 -1
367 234 54519/4000
366 234 53939/50000
407 234 12/5
300 234 1
206 234 3939/50000
180 234 -1
367 235 1150537/100000
366 235 103403/100000
407 235 27/10
406 235 1/1000
300 235 1
206 235 3403/100000
185 235 -1
367 236 672209/50000
366 236 21549/20000
407 236 12/5
406 236 21/1000
300 236 1
206 236 1549/20000
186 236 -1
367 237 676093/50000
366 237 107741/100000
407 237 91/50
406 237 4047/100000
300 237 1
206 237 7741/100000
213 237 -1
367 238 49/4
366 238 1313/1250
407 238 91/50
406 238 17/100
300 238 1
206 238 63/1250
220 238 -1
367 239 244851/20000
366 239 26523/25000
407 239 21/10
406 239 1/1000
300 239 1
206 239 1523/25000
223 239 -1
367 240 138063/10000
366 240 108059/100000
407 240 17/10
406 240 21/1000
300 240 1
206 240 8059/100000
224 240 -1
367 241 1268869/100000
366 241 102379/100000
407 241 397/100
406 241 54867/100000
300 241 1
206 241 2379/100000
260 241 -1
367 242 1115063/100000
366 242 98973/100000
407 242 253/50
406 242 102279/100000
300 242 1
206 242 -1027/100000
261 242 -1
367 243 149189/20000
366 243 95579/100000
407 243 7/2
406 243 11/200
300 243 1
206 243 -4421/100000
262 243 -1
367 244 1379387/100000
366 244 109591/100000
407 244 197/50
406 244 1/50
300 244 1
206 244 9591/100000
263 244 -1
367 245 650139/50000
366 245 107737/100000
407 245 189/50
406 245 40957/100000
300 245 1
206 245 7737/100000
268 245 -1
367 246 36427/3125
366 246 5093/5000
407 246 307/100
406 246 541/5000
300 246 1
206 246 93/5000
270 246 -1
367 247 36718/3125
366 247 4203/4000
407 247 12/5
406 247 24193/100000
300 247 1
206 247 203/4000
276 247 -1
367 248 105953/10000
366 248 10229/10000
407 248 12/5
406 248 19213/50000
300 248 1
206 248 229/10000
277 248 -1
367 249 68289/6250
366 249 25713/25000
407 249 31/10
406 249 3/1000
300 249 1
206 249 713/25000
280 249 -1
367 250 639147/100000
366 250 9343/10000
407 250 249/50
406 250 297/500
300 250 1
206 250 -657/10000
281 250 -1
367 251 489951/50000
366 251 9933/10000
407 251 49/10
406 251 1/200
300 251 1
206 251 -67/10000
282 251 -1
394 252 16877811/100000
395 252 8769367/50000
368 252 227/200
370 252 434/25
409 252 1705151/10000
408 252 3507993/25000
301 252 1
287 252 8881/5000
188 252 -1
394 253 284437/2000
395 253 7460789/50000
368 253 559/500
370 253 839/50
409 253 1412/25
408 253 168/5
301 253 1
287 253 8/5
189 253 -1
394 254 7457177/50000
395 254 15851493/100000
368 254 1139/1000
370 254 434/25
409 254 3296233/25000
408 254 10273973/100000
301 254 1
287 254 171233/100000
193 254 -1
394 255 5640113/50000
395 255 11339347/100000
368 255 1121/1000
370 255 839/50
409 255 1111111/25000
408 255 297619/12500
301 255 1
287 255 15873/10000
194 255 -1
394 256 1482959/12500
395 256 2994511/25000
368 256 110957/100000
370 256 202477/12500
409 256 3505241/100000
408 256 191353/12500
301 256 1
287 256 75871/50000
227 256 -1
394 257 8064701/100000
395 257 7598343/100000
368 257 13581/12500
370 257 684741/50000
409 257 145701/100000
408 257 15293/5000
301 257 1
287 257 16557/12500
228 257 -1
394 258 5627497/50000
395 258 5758511/50000
368 258 110907/100000
370 258 814163/50000
409 258 3771877/100000
408 258 1131563/50000
301 258 1
287 258 1207/800
229 258 -1
394 259 11864549/100000
395 259 11978929/100000
368 259 27741/25000
370 259 162007/10000
409 259 7011/200
408 259 1530937/100000
301 259 1
287 259 151753/100000
230 259 -1
394 260 10648247/100000
395 260 2384733/20000
368 260 107053/100000
370 260 1231391/100000
409 260 199327/50000
408 260 389581/100000
301 260 1
287 260 126557/100000
232 260 -1
394 261 10912527/100000
395 261 12410627/100000
368 261 106261/100000
370 261 117351/10000
409 261 354921/100000
408 261 373287/100000
301 261 1
287 261 62049/50000
233 261 -1
394 262 6795143/50000
395 262 2879479/20000
368 262 111179/100000
370 262 1685641/100000
409 262 3711631/100000
408 262 2010467/100000
301 262 1
287 262 154651/100000
234 262 -1
394 263 10743381/100000
395 263 6133991/50000
368 263 105101/100000
370 263 1101423/100000
409 263 843373/100000
408 263 60241/10000
301 263 1
287 263 60241/50000
236 263 -1
394 264 5865573/50000
395 264 12916949/100000
368 264 4453/4000
370 264 893643/50000
409 264 3023847/100000
408 264 517237/50000
301 264 1
287 264 3183/2000
241 264 -1
394 265 9531037/100000
395 265 2572837/25000
368 265 109433/100000
370 265 1456151/100000
409 265 6533/800
408 265 408313/100000
301 265 1
287 265 17013/12500
242 265 -1
394 266 12749257/100000
395 266 2661981/20000
368 266 110287/100000
370 266 153753/10000
409 266 244253/50000
408 266 86207/25000
301 266 1
287 266 71839/50000
243 266 -1
394 267 2954169/25000
395 267 6088369/50000
368 267 55253/50000
370 267 168069/10000
409 267 191257/100000
408 267 191257/100000
301 267 1
287 267 34153/25000
244 267 -1
394 268 13004587/100000
395 268 109633/800
368 268 1377/1250
370 268 1530877/100000
409 268 14539/2500
408 268 109929/25000
301 268 1
287 268 35461/25000
245 268 -1
394 269 1071881/10000
395 269 1237547/10000
368 269 51729/50000
370 269 984091/100000
409 269 76651/25000
408 269 76651/25000
301 269 1
287 269 4717/4000
246 269 -1
394 270 2086739/20000
395 270 10565103/100000
368 270 21871/20000
370 270 756619/50000
409 270 136541/50000
408 270 136541/50000
301 270 1
287 270 130039/100000
247 270 -1
394 271 2231531/20000
395 271 116293/1000
368 271 109319/100000
370 271 1380359/100000
409 271 265883/10000
408 271 174923/12500
301 271 1
287 271 69969/50000
249 271 -1
394 272 1507049/12500
395 272 6211771/50000
368 272 11089/10000
370 272 81/5
409 272 3374561/100000
408 272 446633/25000
301 272 1
287 272 30539/20000
250 272 -1
394 273 4442581/50000
395 273 916433/10000
368 273 2721/2500
370 273 139/10
409 273 418749/100000
408 273 418749/100000
301 273 1
287 273 3377/2500
251 273 -1
394 274 7366091/50000
395 274 9227661/50000
368 274 1123/1000
370 274 719/50
409 274 290099/2000
408 274 2929043/25000
301 274 1
287 274 165017/100000
267 274 -1
394 275 12222313/100000
395 275 13923041/100000
368 275 110003/100000
370 275 732211/50000
409 275 58071/2000
408 275 698577/50000
301 275 1
287 275 7187/5000
272 275 -1
394 276 9975411/100000
395 276 2315489/20000
368 276 53983/50000
370 276 655501/50000
409 276 298237/100000
408 276 298237/100000
301 276 1
287 276 32417/25000
273 276 -1
394 277 8846261/100000
395 277 10184837/100000
368 277 53177/50000
370 277 246701/20000
409 277 84459/100000
408 277 84459/100000
301 277 1
287 277 7541/6250
274 277 -1
396 278 16877811/100000
397 278 8769367/50000
373 278 227/200
375 278 434/25
411 278 1705151/10000
410 278 3507993/25000
302 278 1
288 278 8881/5000
188 278 -1
396 279 284437/2000
397 279 7460789/50000
373 279 559/500
375 279 839/50
411 279 1412/25
410 279 168/5
302 279 1
288 279 8/5
189 279 -1
396 280 7457177/50000
397 280 15851493/100000
373 280 1139/1000
375 280 434/25
411 280 3296233/25000
410 280 10273973/100000
302 280 1
288 280 171233/100000
193 280 -1
396 281 5640113/50000
397 281 11339347/100000
373 281 1121/1000
375 281 839/50
411 281 1111111/25000
410 281 297619/12500
302 281 1
288 281 15873/10000
194 281 -1
396 282 1482959/12500
397 282 2994511/25000
373 282 110957/100000
375 282 202477/12500
411 282 3505241/100000
410 282 191353/12500
302 282 1
288 282 75871/50000
227 282 -1
396 283 8064701/100000
397 283 7598343/100000
373 283 13581/12500
375 283 684741/50000
411 283 145701/100000
410 283 15293/5000
302 283 1
288 283 16557/12500
228 283 -1
396 284 5627497/50000
397 284 5758511/50000
373 284 110907/100000
375 284 814163/50000
411 284 3771877/100000
410 284 1131563/50000
302 284 1
288 284 1207/800
229 284 -1
396 285 11864549/100000
397 285 11978929/100000
373 285 27741/25000
375 285 162007/10000
411 285 7011/200
410 285 1530937/100000
302 285 1
288 285 151753/100000
230 285 -1
396 286 10648247/100000
397 286 2384733/20000
373 286 107053/100000
375 286 1231391/100000
411 286 199327/50000
410 286 389581/100000
302 286 1
288 286 126557/100000
232 286 -1
396 287 10912527/100000
397 287 12410627/100000
373 287 106261/100000
375 287 117351/10000
411 287 354921/100000
410 287 373287/100000
302 287 1
288 287 62049/50000
233 287 -1
396 288 6795143/50000
397 288 2879479/20000
373 288 111179/100000
375 288 1685641/100000
411 288 3711631/100000
410 288 2010467/100000
302 288 1
288 288 154651/100000
234 288 -1
396 289 10743381/100000
397 289 6133991/50000
373 289 105101/100000
375 289 1101423/100000
411 289 843373/100000
410 289 60241/10000
302 289 1
288 289 60241/50000
236 289 -1
396 290 5865573/50000
397 290 12916949/100000
373 290 4453/4000
375 290 893643/50000
411 290 3023847/100000
410 290 517237/50000
302 290 1
288 290 3183/2000
241 290 -1
396 291 9531037/100000
397 291 2572837/25000
373 291 109433/100000
375 291 1456151/100000
411 291 6533/800
410 291 408313/100000
302 291 1
288 291 17013/12500
242 291 -1
396 292 12749257/100000
397 292 2661981/20000
373 292 110287/100000
375 292 153753/10000
411 292 244253/50000
410 292 86207/25000
302 292 1
288 292 71839/50000
243 292 -1
396 293 2954169/25000
397 293 6088369/50000
373 293 55253/50000
375 293 168069/10000
411 293 191257/100000
410 293 191257/100000
302 293 1
288 293 34153/25000
244 293 -1
396 294 13004587/100000
397 294 109633/800
373 294 1377/1250
375 294 1530877/100000
411 294 14539/2500
410 294 109929/25000
302 294 1
288 294 35461/25000
245 294 -1
396 295 1071881/10000
397 295 1237547/10000
373 295 51729/50000
375 295 984091/100000
411 295 76651/25000
410 295 76651/25000
302 295 1
288 295 4717/4000
246 295 -1
396 296 2086739/20000
397 296 10565103/100000
373 296 21871/20000
375 296 756619/50000
411 296 136541/50000
410 296 136541/50000
302 296 1
288 296 130039/100000
247 296 -1
396 297 2231531/20000
397 297 116293/1000
373 297 109319/100000
375 297 1380359/100000
411 297 265883/10000
410 297 174923/12500
302 297 1
288 297 69969/50000
249 297 -1
396 298 1507049/12500
397 298 6211771/50000
373 298 11089/10000
375 298 81/5
411 298 3374561/100000
410 298 446633/25000
302 298 1
288 298 30539/20000
250 298 -1
396 299 4442581/50000
397 299 916433/10000
373 299 2721/2500
375 299 139/10
411 299 418749/100000
410 299 418749/100000
302 299 1
288 299 3377/2500
251 299 -1
396 300 7366091/50000
397 300 9227661/50000
373 300 1123/1000
375 300 719/50
411 300 290099/2000
410 300 2929043/25000
302 300 1
288 300 165017/100000
267 300 -1
396 301 12222313/100000
397 301 13923041/100000
373 301 110003/100000
375 301 732211/50000
411 301 58071/2000
410 301 698577/50000
302 301 1
288 301 7187/5000
272 301 -1
396 302 9975411/100000
397 302 2315489/20000
373 302 53983/50000
375 302 655501/50000
411 302 298237/100000
410 302 298237/100000
302 302 1
288 302 32417/25000
273 302 -1
396 303 8846261/100000
397 303 10184837/100000
373 303 53177/50000
375 303 246701/20000
411 303 84459/100000
410 303 84459/100000
302 303 1
288 303 7541/6250
274 303 -1
283 304 589027/50000
381 304 33383/2500
379 304 21491/20000
384 304 10750069/100000
415 304 38913/10000
413 304 2881849/100000
414 304 491/5000
382 304 2053183/100000
380 304 -921757/100000
412 304 181259/100000
378 304 -675023/25000
303 304 1
289 304 59241/50000
175 304 -1
283 305 37221/3125
381 305 8397/625
379 305 107657/100000
415 305 10947/2500
413 305 299379/10000
414 305 1949/10000
382 305 1605433/100000
380 305 -527143/50000
412 305 52241/25000
378 305 -1779/800
303 305 1
289 305 23279/20000
177 305 -1
283 306 111367/10000
381 306 1150537/100000
379 306 103403/100000
384 306 3853777/100000
415 306 21/5
413 306 1101079/25000
414 306 1/1000
382 306 27527/5000
380 306 -816903/50000
412 306 90047/50000
378 306 -210101/100000
303 306 1
289 306 27527/25000
185 306 -1
283 307 594077/50000
381 307 672209/50000
379 307 21549/20000
384 307 3512881/100000
415 307 97/25
413 307 190281/6250
414 307 21/1000
382 307 278103/12500
380 307 -429489/50000
412 307 201467/100000
378 307 -254803/100000
303 307 1
289 307 14637/12500
186 307 -1
283 308 1176931/100000
381 308 676093/50000
379 308 107741/100000
384 308 3073499/25000
383 308 74083/800
415 308 81673/25000
413 308 2008501/100000
414 308 4047/100000
382 308 2771689/100000
380 308 -376199/50000
412 308 4663/3125
378 308 -6448099/10000
303 308 1
289 308 6147/5000
213 308 -1
283 309 1177361/100000
381 309 676669/50000
379 309 53893/50000
384 309 12298483/100000
383 309 1852751/20000
415 309 81673/25000
413 309 1004617/50000
414 309 81/20000
382 309 27727/1000
380 309 -376199/50000
412 309 14927/10000
378 309 -2580181/4000
303 309 1
289 309 24597/20000
214 309 -1
283 310 292331/25000
381 310 1331787/100000
379 310 107531/100000
384 310 2442907/20000
383 310 4600261/50000
415 310 81673/25000
413 310 748319/50000
382 310 1613543/50000
380 310 -664319/100000
412 310 148251/100000
378 310 -32032111/50000
303 310 1
289 310 24429/20000
215 310 -1
283 311 14793/1250
381 311 273921/20000
379 311 107977/100000
384 311 6180179/50000
383 311 4449729/100000
415 311 327/100
413 311 451153/50000
382 311 3188971/100000
380 311 -343723/50000
412 311 74819/50000
378 311 -3582781/25000
303 311 1
289 311 30901/25000
216 311 -1
283 312 1203443/100000
381 312 137/10
379 312 1089/1000
384 312 12536041/100000
383 312 180519/4000
415 312 327/100
413 312 1002883/100000
382 312 877523/25000
380 312 -608101/100000
412 312 19323/12500
378 312 -7894029/25000
303 312 1
289 312 1567/1250
218 312 -1
283 313 296647/25000
381 313 342/25
379 313 1351/1250
384 313 6197323/50000
383 313 583323/6250
415 313 32669/10000
413 313 247893/20000
414 313 1/250
382 313 1673277/50000
380 313 -1249/200
412 313 3009/2000
378 313 -66700139/100000
303 313 1
289 313 61973/50000
219 313 -1
283 314 1129529/100000
381 314 244851/20000
379 314 26523/25000
384 314 1176609/10000
383 314 3529827/50000
415 314 7/2
413 314 1029533/25000
414 314 1/1000
382 314 1176609/100000
380 314 -367557/25000
412 314 289/200
378 314 -1031203/2000
303 314 1
289 314 117661/100000
223 314 -1
283 315 1188297/100000
381 315 138063/10000
379 315 108059/100000
384 315 5857689/50000
383 315 1541497/25000
415 315 63/20
413 315 1603157/50000
414 315 21/1000
382 315 585769/25000
380 315 -738421/100000
412 315 78691/50000
378 315 -2449857/50000
303 315 1
289 315 3083/2500
224 315 -1
283 316 1129849/100000
381 316 1229137/100000
379 316 2659/2500
384 316 12048193/100000
383 316 12048193/100000
415 316 31/10
413 316 492241/10000
414 316 9/1000
382 316 1686747/100000
380 316 -523529/50000
412 316 63997/50000
378 316 -90864317/100000
303 316 1
289 316 60241/50000
275 316 -1
283 317 55903/5000
381 317 47/4
379 317 10507/10000
384 317 1826209/25000
383 317 1011439/100000
415 317 4
413 317 8428657/100000
414 317 2419/10000
382 317 674293/100000
380 317 -367557/25000
412 317 173799/100000
378 317 -21622817/100000
303 317 1
289 317 56191/50000
276 317 -1
283 318 537371/50000
381 318 53/5
379 318 10229/10000
384 318 81021/1250
383 318 81021/5000
415 318 41/10
413 318 81021/1000
414 318 3843/10000
382 318 81021/12500
380 318 -367557/25000
412 318 164659/100000
378 318 -5951173/25000
303 318 1
289 318 27007/25000
277 318 -1
1888 319 -1
309 319 1
1889 320 -1
310 320 1
1890 321 -1
314 321 1
1895 322 -1
320 322 1
1898 323 -1
321 323 1
1896 324 -1
325 324 1
1897 325 -1
326 325 1
1898 326 -1
329 326 1
1899 327 -1
330 327 1
1900 328 -1
1897 328 -1
331 328 1
1900 329 -1
1897 329 -1
332 329 1
1901 330 -1
335 330 1
1902 331 -1
339 331 1
308 332 1
309 333 1
310 334 1
314 335 1
315 336 1
316 337 1
317 338 1
319 339 1
320 340 1
321 341 1
322 342 1
325 343 1
326 344 1
327 345 1
328 346 1
329 347 1
330 348 1
331 349 1
332 350 1
333 351 1
334 352 1
335 353 1
338 354 1
339 355 1
340 356 1
345 357 2141/2000
284 357 2531/2000
294 357 1
232 357 -1
345 358 666/625
284 358 1241/1000
294 358 1
233 358 -1
187 359 99/100
284 359 -1
294 360 -1
198 361 1
201 361 -1
199 362 1
201 362 -1
297 363 1
200 363 227/200
188 363 -1
297 364 1
200 364 623/500
190 364 -1
297 365 1
200 365 1183/1000
191 365 -1
297 366 1
200 366 231/200
192 366 -1
297 367 1
200 367 1139/1000
193 367 -1
297 368 1
200 368 299/100
211 368 -1
297 369 1
265 369 -1
200 369 47/40
297 370 1
266 370 -1
200 370 57/50
297 371 1
267 371 -1
200 371 1123/1000
297 372 -1
201 373 1
200 373 -1
202 374 -1
201 374 1
203 375 1
201 375 -1
257 376 443/1000
204 376 557/1000
256 376 -1
385 377 10819/10000
304 377 1
290 377 641/500
213 377 -831/1000
230 377 -169/1000
385 378 1361/1250
304 378 1
290 378 166/125
213 378 -43/200
228 378 -697/1000
230 378 -11/125
385 379 2719/2500
304 379 1
290 379 1323/1000
213 379 -107/250
228 379 -397/1000
230 379 -7/40
222 380 99/100
290 380 -1
304 381 -1
386 382 144/125
305 382 1
291 382 19141/10000
188 382 -657/5000
192 382 -4343/5000
386 383 231/200
305 383 1
291 383 1939/1000
192 383 -1
386 384 1153/1000
305 384 1
291 384 2381/1250
193 384 -339/2500
192 384 -2161/2500
386 385 1153/1000
305 385 1
291 385 2417/1250
266 385 -41/400
192 385 -359/400
225 386 197/200
291 386 -1
305 387 -1
387 388 5387/5000
292 388 11091/10000
306 388 1
268 388 -1
292 389 -1
226 389 1
306 390 -1
271 391 -1
192 391 3/10
228 391 3/20
227 391 3/10
188 391 7/80
193 391 13/80
307 392 1
293 392 163/125
177 392 -1123/5000
175 392 -2207/10000
228 392 -1481/5000
227 392 -517/2000
258 393 1
293 393 -1
388 394 2719/2500
307 394 -1
172 395 1
7 395 -1
173 396 1
8 396 -1
174 397 1
9 397 -1
220 398 14/125
219 398 111/125
213 398 -1
308 398 -153/125
391 398 -1/500
390 398 -1/500
389 398 -129/5000
244 399 1087/100000
243 399 98913/100000
188 399 -56919/100000
266 399 -43081/100000
309 399 -4127/5000
391 399 -653/5000
390 399 -69/10000
247 400 1111/25000
245 400 23889/25000
267 400 -4813/10000
188 400 -5187/10000
309 400 -3971/5000
391 400 -77/500
390 400 -13/2000
297 401 57/10000
337 401 247/5000
336 401 1/25
313 401 101/10000
311 401 53/1250
312 401 123/10000
324 401 -134/125
323 401 -771/5000
276 401 35087/100000
177 401 -1
255 401 2833/100000
281 401 51/50000
274 401 407/5000
273 401 17619/100000
272 401 19111/100000
210 401 23/25000
267 401 4943/100000
193 401 1007/100000
188 401 4243/100000
266 401 999/25000
192 401 617/50000
265 401 369/50000
191 401 147/50000
200 401 57/10000
310 401 -291/250
392 401 -41/100
391 401 51/2500
390 401 -253/10000
297 402 29/2000
337 402 43/1250
336 402 241/10000
313 402 37/5000
311 402 91/10000
312 402 143/10000
324 402 -1221/1000
323 402 -893/10000
200 402 29/2000
282 402 379/5000
280 402 419/2000
274 402 107/1000
273 402 2339/10000
272 402 1043/5000
255 402 541/10000
263 402 -1
267 402 43/1250
266 402 241/10000
193 402 37/5000
188 402 91/10000
192 402 143/10000
191 402 73/10000
210 402 1/50000
310 402 -11273/10000
392 402 -63/100
391 402 197/10000
390 402 -49/2000
297 403 413/50000
337 403 253/5000
336 403 183/5000
313 403 81/10000
311 403 73/2500
312 403 13/1250
324 403 -1169/1000
323 403 -1349/10000
277 403 12839/50000
268 403 -1
255 403 4591/100000
281 403 247/12500
274 403 487/5000
273 403 5663/25000
272 403 4891/25000
210 403 51/25000
267 403 5061/100000
193 403 811/100000
188 403 2919/100000
266 403 183/5000
192 403 519/50000
265 403 79/10000
191 403 489/100000
200 403 413/50000
310 403 -11091/10000
392 403 -21/50
391 403 97/5000
390 403 -241/10000
297 404 2929/100000
337 404 61/2000
336 404 257/10000
313 404 13/10000
311 404 101/10000
312 404 57/10000
324 404 -11841/10000
323 404 -183/2500
278 404 37341/100000
269 404 -1
255 404 5891/100000
281 404 10611/50000
274 404 493/10000
273 404 4691/50000
272 404 4221/50000
210 404 207/100000
267 404 3053/100000
193 404 4/3125
188 404 1011/100000
266 404 2567/100000
192 404 283/50000
265 404 39/5000
191 404 31/2000
200 404 2929/100000
310 404 -5439/5000
392 404 -17/40
391 404 19/1000
390 404 -59/2500
297 405 283/25000
337 405 337/10000
336 405 11/400
313 405 39/10000
311 405 79/5000
312 405 69/10000
270 405 -1
324 405 -7579/5000
323 405 -439/5000
279 405 19441/50000
255 405 937/20000
281 405 4721/100000
274 405 8321/100000
273 405 4743/25000
272 405 6311/50000
210 405 51/50000
267 405 337/10000
193 405 193/50000
188 405 79/5000
266 405 687/25000
192 405 69/10000
265 405 403/50000
191 405 197/20000
200 405 283/25000
310 405 -2659/2500
392 405 -2457/10000
391 405 93/5000
390 405 -231/10000
297 406 21/5000
337 406 209/5000
336 406 341/10000
313 406 7/625
311 406 481/10000
312 406 61/5000
324 406 -269/250
323 406 -737/5000
276 406 35223/100000
177 406 -1
255 406 29/800
281 406 3/6250
274 406 507/6250
273 406 8829/50000
272 406 19303/100000
210 406 91/100000
267 406 261/6250
193 406 1117/100000
188 406 2407/50000
266 406 213/6250
192 406 1221/100000
265 406 273/50000
191 406 57/25000
200 406 21/5000
310 406 -291/250
392 406 -263/500
391 406 51/2500
390 406 -253/10000
297 407 3/500
337 407 441/10000
336 407 31/1000
313 407 91/10000
311 407 21/625
312 407 51/5000
324 407 -1159/1000
323 407 -16/125
277 407 13057/50000
268 407 -1
255 407 5623/100000
281 407 233/12500
274 407 302/3125
273 407 11273/50000
272 407 19633/100000
210 407 51/25000
267 407 4413/100000
193 407 909/100000
188 407 1679/50000
266 407 3099/100000
192 407 511/50000
265 407 579/100000
191 407 371/100000
200 407 3/500
310 407 -11091/10000
392 407 -257/500
391 407 97/5000
390 407 -241/10000
297 408 2341/100000
337 408 7/250
336 408 223/10000
313 408 3/2000
311 408 111/10000
312 408 27/5000
324 408 -1181/1000
323 408 -683/10000
278 408 39239/100000
269 408 -1
255 408 1841/25000
281 408 19419/100000
274 408 4943/100000
273 408 1889/20000
272 408 8389/100000
210 408 13/6250
267 408 2799/100000
193 408 3/2000
188 408 111/10000
266 408 2227/100000
192 408 543/100000
265 408 661/100000
191 408 1163/100000
200 408 2341/100000
310 408 -5439/5000
392 408 -531/1000
391 408 19/1000
390 408 -59/2500
297 409 169/20000
337 409 73/2500
336 409 227/10000
313 409 43/10000
311 409 87/5000
312 409 13/2000
270 409 -1
324 409 -14691/10000
323 409 -801/10000
279 409 1294/3125
255 409 2739/50000
281 409 3881/100000
274 409 809/10000
273 409 18483/100000
272 409 12351/100000
210 409 99/100000
267 409 2919/100000
193 409 17/4000
188 409 349/20000
266 409 2271/100000
192 409 653/100000
265 409 609/100000
191 409 743/100000
200 409 169/20000
310 409 -2659/2500
392 409 -2873/10000
391 409 93/5000
390 409 -231/10000
342 410 1
344 410 -1
341 410 -1
343 410 -1
392 410 1
255 411 -1
342 411 -627/25
344 411 627/25
341 411 627/25
343 411 627/25
393 411 -337/500
257 412 -1
172 413 -1
260 413 20317/50000
177 413 861/10000
175 413 11907/100000
213 413 14801/100000
228 413 1779/10000
227 413 4417/100000
313 413 53/5000
311 413 9/2500
312 413 39/10000
193 413 531/50000
188 413 9/2500
192 413 387/100000
191 413 31/100000
314 413 -11957/10000
391 413 -81/10000
390 413 -3/625
389 413 -37/2500
173 414 -1
262 414 1083/5000
185 414 77/625
223 414 707/5000
248 414 2589/5000
313 414 3/5000
311 414 1/2500
193 414 3/5000
188 414 1/2500
314 414 -117/100
391 414 -1/125
390 414 -47/10000
389 414 -29/2000
174 415 -1
263 415 4231/10000
186 415 2123/10000
224 415 207/1250
231 415 703/5000
229 415 519/10000
313 415 1/250
311 415 1/400
193 415 1/250
188 415 1/400
314 415 -603/500
391 415 -41/5000
390 415 -3/625
389 415 -3/200
344 416 1
341 416 1
389 416 -289/10000
313 417 7/500
311 417 21/1000
312 417 1/100
268 417 -1
218 417 799/1250
251 417 23/100
250 417 239/2500
193 417 7/500
188 417 21/1000
192 417 1/100
191 417 1/500
190 417 1/200
210 417 11/2000
212 417 -223/10000
317 417 -11093/10000
391 417 -9/10000
390 417 -81/10000
389 417 -29/1000
313 418 159/5000
311 418 521/10000
312 418 97/5000
177 418 -1
180 418 8503/100000
216 418 25473/100000
239 418 41759/100000
237 418 1679/10000
210 418 99/50000
193 418 397/12500
188 418 5211/100000
192 418 97/5000
191 418 27/20000
190 418 49/100000
212 418 -1617/50000
318 418 -291/250
390 418 -21/1250
391 418 -3/2500
389 418 -337/10000
313 419 151/5000
311 419 31/625
312 419 37/2000
268 419 -1
180 419 8517/100000
216 419 5103/20000
239 419 41829/100000
237 419 8409/50000
210 419 13/3125
193 419 3021/100000
188 419 2479/50000
192 419 369/20000
191 419 4/3125
190 419 23/50000
212 419 -1547/50000
318 419 -11091/10000
390 419 -2/125
391 419 -11/10000
389 419 -161/5000
313 420 307/10000
311 420 503/10000
312 420 187/10000
276 420 -1
180 420 4261/50000
216 420 25531/100000
239 420 41853/100000
237 420 4207/25000
210 420 123/50000
193 420 1533/50000
188 420 503/10000
192 420 117/6250
191 420 13/10000
190 420 47/100000
212 420 -1563/50000
318 420 -5619/5000
390 420 -81/5000
391 420 -11/10000
389 420 -163/5000
313 421 147/5000
311 421 483/10000
312 421 9/500
277 421 -1
180 421 1067/12500
216 421 25571/100000
239 421 262/625
237 421 8427/50000
210 421 39/10000
193 421 92/3125
188 421 483/10000
192 421 899/50000
191 421 1/800
190 421 9/20000
212 421 -3013/100000
318 421 -10803/10000
390 421 -31/2000
391 421 -11/10000
389 421 -313/10000
344 422 1
393 422 -1
313 423 23/1000
311 423 143/5000
312 423 7/625
212 423 -187/10000
181 423 363/2000
217 423 393/1250
240 423 171/500
238 423 1081/10000
262 423 -1
193 423 23/1000
188 423 143/5000
192 423 7/625
191 423 1/400
190 423 27/5000
210 423 1/500
319 423 -901/1000
390 423 -7/1000
389 423 -33/1000
297 424 3993/100000
230 424 -1
234 424 79501/100000
194 424 857/100000
189 424 2103/12500
200 424 3993/100000
211 424 -47/4000
320 424 -607/400
391 424 -319/10000
390 424 -91/10000
389 424 -53/5000
214 425 24991/25000
213 425 -1
210 425 37/100000
211 425 -1/50000
321 425 -6147/5000
391 425 -37/10000
390 425 -1/1000
213 426 -1
215 426 100569/100000
210 426 41/100000
211 426 -61/10000
322 426 -6147/5000
391 426 -1/400
390 426 -1/400
389 426 -37/10000
297 427 1/20
311 427 -1
200 427 227/4000
188 427 -1/20
297 428 3/20
312 428 -1
200 428 693/4000
192 428 -3/20
297 429 1/20
313 429 -1
200 429 1139/20000
193 429 -1/20
297 430 3/20
336 430 -1
200 430 171/1000
266 430 -3/20
297 431 1/20
337 431 -1
200 431 1123/20000
267 431 -1/20
323 432 1
393 432 -1543/500
324 433 1
344 433 -6379/5000
341 433 -1363/2000
343 433 -2219/5000
342 433 6379/5000
393 433 337/500
230 434 99993/100000
227 434 -1
326 434 -607/400
390 434 -1/1250
389 434 -19/2500
252 435 3757/5000
249 435 2421/10000
248 435 -1
210 435 139/10000
212 435 -37/5000
327 435 -259/200
391 435 -9/1000
390 435 -1/200
389 435 -1/250
182 436 49817/50000
179 436 -1
210 436 519/100000
211 436 -153/100000
328 436 -11783/10000
390 436 -41/10000
389 436 -3/2500
184 437 6241/6250
183 437 -1
210 437 603/100000
211 437 -459/100000
328 437 -5731/5000
390 437 -21/5000
389 437 -3/2500
178 438 3993/4000
177 438 -1
210 438 9/5000
211 438 -1/10000
329 438 -291/250
390 438 -13/2000
389 438 -21/10000
176 439 12489/12500
175 439 -1
210 439 9/10000
211 439 -1/20000
329 439 -1481/1250
390 439 -33/5000
389 439 -21/10000
268 440 15439/20000
261 440 4561/20000
260 440 -1
330 440 -10859/10000
391 440 -17/10000
390 440 -9/5000
389 440 -137/10000
313 441 59/2000
311 441 189/10000
312 441 69/2000
228 441 -1
233 441 85867/100000
193 441 2951/100000
188 441 943/50000
192 441 689/20000
191 441 2463/100000
190 441 91/6250
211 441 1931/100000
331 441 -2649/2000
391 441 -199/10000
390 441 -19/1250
389 441 -543/10000
313 442 19/625
311 442 207/10000
312 442 89/2500
235 442 -1
233 442 85227/100000
193 442 19/625
188 442 207/10000
192 442 891/25000
191 442 509/20000
190 442 379/25000
211 442 1019/50000
331 442 -6797/5000
391 442 -51/2500
390 442 -39/2500
389 442 -557/10000
313 443 41/10000
311 443 43/10000
312 443 17/2000
239 443 -1
233 443 94299/100000
193 443 413/100000
188 443 43/10000
192 443 169/20000
191 443 113/20000
190 443 791/100000
211 443 83/3125
331 443 -2613/2000
391 443 -49/2500
390 443 -9/625
389 443 -59/1250
313 444 171/10000
311 444 8/625
312 444 14/625
233 444 45261/50000
193 444 341/20000
188 444 51/4000
192 444 2243/100000
191 444 1569/100000
190 444 563/50000
211 444 39/2500
273 444 -1
331 444 -12967/10000
391 444 -49/2500
390 444 -3/200
389 444 -537/10000
313 445 29/1000
311 445 33/2000
312 445 69/2000
232 445 2713/3125
193 445 579/20000
188 445 413/25000
192 445 3451/100000
191 445 2457/100000
190 445 1393/100000
211 445 167/12500
228 445 -1
332 445 -2649/2000
391 445 -37/2000
390 445 -179/10000
389 445 -53/1000
233 446 94299/100000
313 446 41/10000
311 446 43/10000
312 446 17/2000
240 446 -1
193 446 413/100000
188 446 101/25000
192 446 169/20000
191 446 113/20000
190 446 791/100000
211 446 83/3125
333 446 -6733/5000
390 446 -9/625
389 446 -59/1250
313 447 1/125
311 447 7/1000
312 447 11/1000
252 447 -1
246 447 919/1000
193 447 1/125
188 447 7/1000
192 447 11/1000
191 447 1/125
190 447 7/1000
211 447 1/25
333 447 -639/500
390 447 -9/1000
389 447 -1/200
313 448 13/500
311 448 17/1000
312 448 4/125
231 448 -1
236 448 213/250
193 448 13/500
188 448 17/1000
192 448 4/125
191 448 1/40
190 448 17/1000
211 448 31/1000
334 448 -53/40
391 448 -7/1000
390 448 -11/125
389 448 -1/100
259 449 499/500
210 449 -17/16
335 449 -1
391 449 53/200
390 449 -16/625
389 449 -657/10000
239 450 1
251 450 -1
297 451 219/5000
200 451 131/1000
212 451 1
211 451 -5219/5000
338 451 -1
391 451 -1/20
390 451 -59/100
200 452 -613/200
190 452 49/200
212 452 1
339 452 -1
391 452 8/25
390 452 -41/100
389 452 -119/50
297 453 413/2000
200 453 3087/5000
212 453 1
211 453 -2413/2000
340 453 -1
390 453 -21/50
398 454 -956061/100000
347 454 6187/40
353 454 -85
352 454 -1
351 454 -12
346 454 -44
285 454 -1
195 454 1
399 455 -27/100
295 455 -1
400 456 -956061/100000
355 456 20205493/50000
361 456 -85
360 456 -1
359 456 -12
354 456 -1/10000
401 456 -2177/2500
286 456 -1
196 456 1
401 457 1
402 457 -27/100
296 457 -1
403 458 -3/5
298 458 -1
202 458 1
405 459 -42119/10000
404 459 -3/5
299 459 -1
205 459 1
407 460 -8737/2000
406 460 -23/10
300 460 -1
206 460 1
371 461 -91
372 461 -96
369 461 -86
409 461 -16
408 461 -13
287 461 -1
208 461 99/100
301 462 -1
376 463 -87
377 463 -92
374 463 -82
411 463 -16
410 463 -13
288 463 -1
209 463 99/100
302 464 -1
283 465 -1
412 465 1731/2500
283 466 -38327/4000
384 466 -1
383 466 -1
413 466 -18
382 466 -43/2
412 466 -61177/50000
378 466 6726709/12500
289 466 -1
221 466 199/200
415 467 -5
414 467 -7/25
380 467 1785159/100000
303 467 -1
1865 468 -1
188 468 1
1866 469 -1
193 469 1
1867 470 -1
271 470 1
389 471 1
391 472 1
393 472 -83/2
389 473 -289/10000
393 473 1
198 474 -1
389 474 1
199 475 -1
390 475 1
203 476 -1
391 476 1
389 477 -1
371 478 1/2
369 478 1
394 478 -1
371 479 1/2
372 479 1
395 479 -1
376 480 1/2
374 480 1
396 480 -1
376 481 1/2
377 481 1
397 481 -1
607 482 33383/2500
606 482 21491/20000
608 482 131089/50000
657 482 604307/100000
605 482 -675023/25000
611 482 1481031/12500
610 482 2150013/20000
604 482 6337091/100000
658 482 1227/12500
551 482 1
541 482 59241/50000
419 482 -1
607 483 669047/50000
606 483 26891/25000
608 483 131089/50000
657 483 604841/100000
605 483 -1351239/50000
611 483 11858717/100000
610 483 2689891/25000
604 483 6342691/100000
658 483 491/50000
551 483 1
541 483 118587/100000
420 483 -1
607 484 8397/625
606 484 107657/100000
608 484 154789/50000
657 484 1053913/50000
605 484 -1779/800
611 484 11639477/100000
604 484 3450303/50000
658 484 9747/50000
551 484 1
541 484 23279/20000
421 484 -1
607 485 1349017/100000
606 485 863/800
608 485 154789/50000
657 485 211153/10000
605 485 -111383/50000
611 485 5829967/50000
604 485 3456367/50000
658 485 1949/100000
551 485 1
541 485 116599/100000
422 485 -1
607 486 54519/4000
606 486 53939/50000
608 486 13/5
657 486 1634889/50000
605 486 -16134/625
611 486 9562697/100000
610 486 3586011/100000
604 486 1195337/25000
551 486 1
541 486 59767/50000
425 486 -1
607 487 639113/50000
606 487 106929/100000
608 487 13/5
657 487 369087/100000
605 487 -248347/100000
611 487 4850491/50000
610 487 855969/25000
604 487 855969/25000
658 487 1/2000
551 487 1
541 487 114129/100000
426 487 -1
607 488 667887/50000
606 488 21499/20000
608 488 12/5
657 488 265501/100000
605 488 -23945003/50000
611 488 11850739/100000
610 488 8295517/100000
609 488 4147759/100000
604 488 2658449/50000
658 488 5659/100000
551 488 1
541 488 118507/100000
427 488 -1
607 489 129089/10000
606 489 106469/100000
608 489 12/5
657 489 3913/2000
605 489 -9344661/20000
611 489 10405827/100000
610 489 8093421/100000
609 489 4046711/100000
604 489 2601457/50000
658 489 41/625
551 489 1
541 489 5781/5000
429 489 -1
607 490 1150537/100000
606 490 103403/100000
608 490 16/5
657 490 85171/25000
605 490 -239597/100000
611 490 2339793/25000
610 490 3853777/100000
604 490 1376349/50000
658 490 1/1000
551 490 1
541 490 27527/25000
430 490 -1
607 491 672209/50000
606 491 21549/20000
608 491 13/5
657 491 1680401/100000
605 491 -254803/100000
611 491 4976581/50000
610 491 3512881/100000
604 491 6791569/100000
658 491 21/1000
551 491 1
541 491 14637/12500
431 491 -1
607 492 676093/50000
606 492 107741/100000
608 492 100233/50000
657 492 179599/100000
605 492 -6448099/10000
611 492 3073499/25000
610 492 3073499/25000
609 492 74083/800
604 492 1484359/25000
658 492 4047/100000
551 492 1
541 492 6147/5000
458 492 -1
607 493 273921/20000
606 493 107977/100000
608 493 2
657 493 714137/100000
605 493 -3582781/25000
611 493 6180179/50000
610 493 6180179/50000
609 493 4449729/100000
604 493 6180179/100000
551 493 1
541 493 30901/25000
461 493 -1
607 494 125673/10000
606 494 13317/12500
608 494 2
657 494 450131/100000
605 494 -2358529/50000
611 494 2374451/20000
610 494 2374451/20000
609 494 326487/5000
604 494 4511457/100000
658 494 1/2000
551 494 1
541 494 118723/100000
462 494 -1
607 495 137/10
606 495 1089/1000
608 495 2
657 495 7017/4000
605 495 -7894029/25000
611 495 12536041/100000
610 495 12536041/100000
609 495 180519/4000
604 495 6268021/100000
551 495 1
541 495 1567/1250
463 495 -1
607 496 342/25
606 496 1351/1250
608 496 2
657 496 154509/12500
605 496 -8132719/12500
610 496 6197323/50000
609 496 583323/6250
604 496 5862667/100000
658 496 1/250
551 496 1
541 496 61973/50000
464 496 -1
607 497 601/50
606 497 657/625
608 497 2
657 497 168233/100000
605 497 -60335427/100000
611 497 11494253/100000
610 497 11494253/100000
609 497 2163793/25000
604 497 1534483/50000
658 497 17/50
551 497 1
541 497 114943/100000
465 497 -1
607 498 244851/20000
606 498 26523/25000
608 498 11/5
657 498 457201/100000
605 498 -4674877/100000
611 498 1176609/10000
610 498 1176609/10000
609 498 3529827/50000
604 498 1029533/25000
658 498 1/1000
551 498 1
541 498 117661/100000
468 498 -1
607 499 138063/10000
606 499 108059/100000
608 499 19/10
657 499 795171/100000
605 499 -2449857/50000
611 499 12331977/100000
610 499 5857689/50000
609 499 1541497/25000
604 499 1572327/25000
658 499 21/1000
551 499 1
541 499 3083/2500
469 499 -1
607 500 168069/10000
606 500 55253/50000
608 500 19/10
657 500 60349/50000
605 500 -11041253/20000
611 500 6830601/50000
610 500 6830601/50000
609 500 6147541/50000
604 500 6830601/100000
658 500 1/10
551 500 1
541 500 34153/25000
493 500 -1
607 501 756619/50000
606 501 21871/20000
608 501 19/10
657 501 114891/100000
605 501 -52550047/100000
611 501 13003901/100000
610 501 13003901/100000
609 501 11703511/100000
604 501 6501951/100000
658 501 1/10
551 501 1
541 501 130039/100000
496 501 -1
607 502 246701/20000
606 502 53177/50000
608 502 19/10
657 502 46739/50000
605 502 -90995877/100000
611 502 12065637/100000
610 502 12065637/100000
609 502 12065637/100000
604 502 2413127/100000
658 502 9/100
551 502 1
541 502 7541/6250
528 502 -1
607 503 36718/3125
606 503 4203/4000
608 503 128913/50000
657 503 707217/100000
605 503 -1350181/6250
611 503 11069043/100000
610 503 1453707/20000
609 503 500193/50000
604 503 928919/25000
658 503 24193/100000
551 503 1
541 503 56191/50000
530 503 -1
607 504 105953/10000
606 504 10229/10000
608 504 8367/3125
657 504 679817/100000
605 504 -23849531/100000
611 504 10719329/100000
610 504 1614473/25000
609 504 6529/400
604 504 1158009/50000
658 504 19213/50000
551 504 1
541 504 27007/25000
531 504 -1
607 505 1138661/100000
606 505 104619/100000
608 505 131/50
657 505 349299/50000
605 505 -20272057/100000
611 505 5439609/50000
610 505 906139/12500
609 505 382993/50000
604 505 115897/4000
658 505 447/5000
551 505 1
541 505 27753/25000
533 505 -1
607 506 1291811/100000
606 506 53309/50000
608 506 14553/5000
657 506 734947/100000
605 506 -21082127/100000
611 506 10717607/100000
610 506 290459/10000
609 506 45451/6250
604 506 6253071/100000
658 506 21231/50000
551 506 1
541 506 116789/100000
534 506 -1
607 507 144621/12500
606 507 4199/4000
608 507 281/100
657 507 177307/20000
605 507 -21445987/100000
611 507 5160969/50000
610 507 1963713/50000
604 507 792123/20000
658 507 29/500
551 507 1
541 507 13829/12500
535 507 -1
607 508 68289/6250
606 508 25713/25000
608 508 3
657 508 152657/20000
605 508 -24411019/100000
611 508 10326087/100000
610 508 5434783/100000
604 508 1576087/50000
658 508 3/1000
551 508 1
541 508 13587/12500
536 508 -1
615 509 33383/2500
614 509 21491/20000
616 509 131089/50000
659 509 604307/100000
613 509 -675023/25000
619 509 1481031/12500
618 509 2150013/20000
612 509 6337091/100000
661 509 1227/12500
552 509 1
542 509 59241/50000
419 509 -1
615 510 669047/50000
614 510 26891/25000
616 510 131089/50000
659 510 604841/100000
613 510 -1351239/50000
619 510 11858717/100000
618 510 2689891/25000
612 510 6342691/100000
661 510 491/50000
552 510 1
542 510 118587/100000
420 510 -1
615 511 8397/625
614 511 107657/100000
616 511 154789/50000
659 511 1053913/50000
613 511 -1779/800
619 511 11639477/100000
612 511 3450303/50000
661 511 9747/50000
552 511 1
542 511 23279/20000
421 511 -1
615 512 1349017/100000
614 512 863/800
616 512 154789/50000
659 512 211153/10000
613 512 -111383/50000
619 512 5829967/50000
612 512 3456367/50000
661 512 1949/100000
552 512 1
542 512 116599/100000
422 512 -1
615 513 54519/4000
614 513 53939/50000
616 513 13/5
659 513 1634889/50000
613 513 -16134/625
619 513 9562697/100000
618 513 3586011/100000
612 513 1195337/25000
552 513 1
542 513 59767/50000
425 513 -1
615 514 639113/50000
614 514 106929/100000
616 514 13/5
659 514 369087/100000
613 514 -248347/100000
619 514 4850491/50000
618 514 855969/25000
612 514 855969/25000
661 514 1/2000
552 514 1
542 514 114129/100000
426 514 -1
615 515 667887/50000
614 515 21499/20000
616 515 12/5
659 515 265501/100000
613 515 -23945003/50000
619 515 11850739/100000
618 515 8295517/100000
617 515 4147759/100000
612 515 2658449/50000
661 515 5659/100000
552 515 1
542 515 118507/100000
427 515 -1
615 516 129089/10000
614 516 106469/100000
616 516 12/5
659 516 3913/2000
613 516 -9344661/20000
619 516 10405827/100000
618 516 8093421/100000
617 516 4046711/100000
612 516 2601457/50000
661 516 41/625
552 516 1
542 516 5781/5000
429 516 -1
615 517 1150537/100000
614 517 103403/100000
616 517 16/5
659 517 85171/25000
613 517 -239597/100000
619 517 2339793/25000
618 517 3853777/100000
612 517 1376349/50000
661 517 1/1000
552 517 1
542 517 27527/25000
430 517 -1
615 518 672209/50000
614 518 21549/20000
616 518 13/5
659 518 1680401/100000
613 518 -254803/100000
619 518 4976581/50000
618 518 3512881/100000
612 518 6791569/100000
661 518 21/1000
552 518 1
542 518 14637/12500
431 518 -1
615 519 676093/50000
614 519 107741/100000
616 519 100233/50000
659 519 179599/100000
613 519 -6448099/10000
619 519 3073499/25000
618 519 3073499/25000
617 519 74083/800
612 519 1484359/25000
661 519 4047/100000
552 519 1
542 519 6147/5000
458 519 -1
615 520 273921/20000
614 520 107977/100000
616 520 2
659 520 714137/100000
613 520 -3582781/25000
619 520 6180179/50000
618 520 6180179/50000
617 520 4449729/100000
612 520 6180179/100000
552 520 1
542 520 30901/25000
461 520 -1
615 521 125673/10000
614 521 13317/12500
616 521 2
659 521 450131/100000
613 521 -2358529/50000
619 521 2374451/20000
618 521 2374451/20000
617 521 326487/5000
612 521 4511457/100000
661 521 1/2000
552 521 1
542 521 118723/100000
462 521 -1
615 522 137/10
614 522 1089/1000
616 522 2
659 522 7017/4000
613 522 -7894029/25000
619 522 12536041/100000
618 522 12536041/100000
617 522 180519/4000
612 522 6268021/100000
552 522 1
542 522 1567/1250
463 522 -1
615 523 342/25
614 523 1351/1250
616 523 2
659 523 154509/12500
613 523 -8132719/12500
618 523 6197323/50000
617 523 583323/6250
612 523 5862667/100000
661 523 1/250
552 523 1
542 523 61973/50000
464 523 -1
615 524 601/50
614 524 657/625
616 524 2
659 524 168233/100000
613 524 -60335427/100000
619 524 11494253/100000
618 524 11494253/100000
617 524 2163793/25000
612 524 1534483/50000
661 524 17/50
552 524 1
542 524 114943/100000
465 524 -1
615 525 244851/20000
614 525 26523/25000
616 525 11/5
659 525 457201/100000
613 525 -4674877/100000
619 525 1176609/10000
618 525 1176609/10000
617 525 3529827/50000
612 525 1029533/25000
661 525 1/1000
552 525 1
542 525 117661/100000
468 525 -1
615 526 138063/10000
614 526 108059/100000
616 526 19/10
659 526 795171/100000
613 526 -2449857/50000
619 526 12331977/100000
618 526 5857689/50000
617 526 1541497/25000
612 526 1572327/25000
661 526 21/1000
552 526 1
542 526 3083/2500
469 526 -1
615 527 168069/10000
614 527 55253/50000
616 527 19/10
659 527 60349/50000
613 527 -11041253/20000
619 527 6830601/50000
618 527 6830601/50000
617 527 6147541/50000
612 527 6830601/100000
661 527 1/10
552 527 1
542 527 34153/25000
493 527 -1
615 528 756619/50000
614 528 21871/20000
616 528 19/10
659 528 114891/100000
613 528 -52550047/100000
619 528 13003901/100000
618 528 13003901/100000
617 528 11703511/100000
612 528 6501951/100000
661 528 1/10
552 528 1
542 528 130039/100000
496 528 -1
615 529 246701/20000
614 529 53177/50000
616 529 19/10
659 529 46739/50000
613 529 -90995877/100000
619 529 12065637/100000
618 529 12065637/100000
617 529 12065637/100000
612 529 2413127/100000
661 529 9/100
552 529 1
542 529 7541/6250
528 529 -1
615 530 36718/3125
614 530 4203/4000
616 530 128913/50000
659 530 707217/100000
613 530 -1350181/6250
619 530 11069043/100000
618 530 1453707/20000
617 530 500193/50000
612 530 928919/25000
661 530 24193/100000
552 530 1
542 530 56191/50000
530 530 -1
615 531 105953/10000
614 531 10229/10000
616 531 8367/3125
659 531 679817/100000
613 531 -23849531/100000
619 531 10719329/100000
618 531 1614473/25000
617 531 6529/400
612 531 1158009/50000
661 531 19213/50000
552 531 1
542 531 27007/25000
531 531 -1
615 532 1138661/100000
614 532 104619/100000
616 532 131/50
659 532 349299/50000
613 532 -20272057/100000
619 532 5439609/50000
618 532 906139/12500
617 532 382993/50000
612 532 115897/4000
661 532 447/5000
552 532 1
542 532 27753/25000
533 532 -1
615 533 1291811/100000
614 533 53309/50000
616 533 14553/5000
659 533 734947/100000
613 533 -21082127/100000
619 533 10717607/100000
618 533 290459/10000
617 533 45451/6250
612 533 6253071/100000
661 533 21231/50000
552 533 1
542 533 116789/100000
534 533 -1
615 534 144621/12500
614 534 4199/4000
616 534 281/100
659 534 177307/20000
613 534 -21445987/100000
619 534 5160969/50000
618 534 1963713/50000
612 534 792123/20000
661 534 29/500
552 534 1
542 534 13829/12500
535 534 -1
615 535 68289/6250
614 535 25713/25000
616 535 3
659 535 152657/20000
613 535 -24411019/100000
619 535 10326087/100000
618 535 5434783/100000
612 535 1576087/50000
661 535 3/1000
552 535 1
542 535 13587/12500
536 535 -1
621 536 33383/2500
620 536 21491/20000
662 536 1227/12500
554 536 1
447 536 1491/20000
419 536 -1
621 537 669047/50000
620 537 26891/25000
662 537 491/50000
554 537 1
447 537 1891/25000
420 537 -1
621 538 8397/625
620 538 107657/100000
662 538 9747/50000
554 538 1
447 538 7657/100000
421 538 -1
621 539 1349017/100000
620 539 863/800
662 539 1949/100000
554 539 1
447 539 63/800
422 539 -1
621 540 1317359/100000
620 540 26709/25000
662 540 56253/100000
554 540 1
447 540 1709/25000
424 540 -1
621 541 54519/4000
620 541 53939/50000
554 541 1
447 541 3939/50000
425 541 -1
621 542 639113/50000
620 542 106929/100000
662 542 1/2000
554 542 1
447 542 6929/100000
426 542 -1
621 543 667887/50000
620 543 21499/20000
662 543 5659/100000
554 543 1
447 543 1499/20000
427 543 -1
621 544 129089/10000
620 544 106469/100000
662 544 82/125
554 544 1
447 544 6469/100000
429 544 -1
621 545 1150537/100000
620 545 103403/100000
662 545 1/1000
554 545 1
447 545 3403/100000
430 545 -1
621 546 672209/50000
620 546 21549/20000
662 546 21/1000
554 546 1
447 546 1549/20000
431 546 -1
621 547 676093/50000
620 547 107741/100000
662 547 4047/100000
554 547 1
447 547 7741/100000
458 547 -1
621 548 49/4
620 548 1313/1250
662 548 17/100
554 548 1
447 548 63/1250
465 548 -1
621 549 244851/20000
620 549 26523/25000
662 549 1/1000
554 549 1
447 549 1523/25000
468 549 -1
621 550 138063/10000
620 550 108059/100000
662 550 21/1000
554 550 1
447 550 8059/100000
469 550 -1
621 551 1268869/100000
620 551 102379/100000
662 551 54867/100000
554 551 1
447 551 2379/100000
510 551 -1
621 552 1115063/100000
620 552 98973/100000
662 552 102279/100000
554 552 1
447 552 -1027/100000
511 552 -1
621 553 90269/12500
620 553 11667/12500
662 553 130249/100000
554 553 1
447 553 -833/12500
512 553 -1
621 554 149189/20000
620 554 95579/100000
662 554 11/200
554 554 1
447 554 -4421/100000
513 554 -1
621 555 1379387/100000
620 555 109591/100000
662 555 1/50
554 555 1
447 555 9591/100000
514 555 -1
621 556 650139/50000
620 556 107737/100000
662 556 40957/100000
554 556 1
447 556 7737/100000
519 556 -1
621 557 1213349/100000
620 557 25541/25000
662 557 22757/25000
554 557 1
447 557 541/25000
520 557 -1
621 558 340311/25000
620 558 107349/100000
662 558 9333/12500
554 558 1
447 558 7349/100000
521 558 -1
621 559 36427/3125
620 559 5093/5000
662 559 541/5000
554 559 1
447 559 93/5000
524 559 -1
621 560 36718/3125
620 560 4203/4000
662 560 24193/100000
554 560 1
447 560 203/4000
530 560 -1
621 561 105953/10000
620 561 10229/10000
662 561 19213/50000
554 561 1
447 561 229/10000
531 561 -1
621 562 229/20
620 562 1041/1000
662 562 641/10000
554 562 1
447 562 41/1000
532 562 -1
621 563 1291811/100000
620 563 53309/50000
662 563 21231/50000
554 563 1
447 563 3309/50000
534 563 -1
621 564 144621/12500
620 564 4199/4000
662 564 29/500
554 564 1
447 564 199/4000
535 564 -1
621 565 68289/6250
620 565 25713/25000
662 565 3/1000
554 565 1
447 565 713/25000
536 565 -1
621 566 639147/100000
620 566 9343/10000
662 566 297/500
554 566 1
447 566 -657/10000
537 566 -1
621 567 489951/50000
620 567 9933/10000
662 567 1/200
554 567 1
447 567 -67/10000
538 567 -1
623 568 33383/2500
622 568 21491/20000
664 568 61/25
663 568 1227/12500
555 568 1
450 568 1491/20000
419 568 -1
623 569 669047/50000
622 569 26891/25000
664 569 61/25
663 569 491/50000
555 569 1
450 569 1891/25000
420 569 -1
623 570 8397/625
622 570 107657/100000
664 570 291/100
663 570 9747/50000
555 570 1
450 570 7657/100000
421 570 -1
623 571 1349017/100000
622 571 863/800
664 571 291/100
663 571 1949/100000
555 571 1
450 571 63/800
422 571 -1
623 572 1317359/100000
622 572 26709/25000
664 572 21/10
663 572 56253/100000
555 572 1
450 572 1709/25000
424 572 -1
623 573 54519/4000
622 573 53939/50000
664 573 12/5
555 573 1
450 573 3939/50000
425 573 -1
623 574 639113/50000
622 574 106929/100000
664 574 12/5
663 574 1/2000
555 574 1
450 574 6929/100000
426 574 -1
623 575 667887/50000
622 575 21499/20000
664 575 21/10
663 575 5659/100000
555 575 1
450 575 1499/20000
427 575 -1
623 576 129089/10000
622 576 106469/100000
664 576 21/10
663 576 82/125
555 576 1
450 576 6469/100000
429 576 -1
623 577 1150537/100000
622 577 103403/100000
664 577 27/10
663 577 1/1000
555 577 1
450 577 3403/100000
430 577 -1
623 578 672209/50000
622 578 21549/20000
664 578 12/5
663 578 21/1000
555 578 1
450 578 1549/20000
431 578 -1
623 579 676093/50000
622 579 107741/100000
664 579 91/50
663 579 4047/100000
555 579 1
450 579 7741/100000
458 579 -1
623 580 49/4
622 580 1313/1250
664 580 91/50
663 580 17/100
555 580 1
450 580 63/1250
465 580 -1
623 581 244851/20000
622 581 26523/25000
664 581 21/10
663 581 1/1000
555 581 1
450 581 1523/25000
468 581 -1
623 582 138063/10000
622 582 108059/100000
664 582 17/10
663 582 21/1000
555 582 1
450 582 8059/100000
469 582 -1
623 583 1268869/100000
622 583 102379/100000
664 583 397/100
663 583 54867/100000
555 583 1
450 583 2379/100000
510 583 -1
623 584 1115063/100000
622 584 98973/100000
664 584 253/50
663 584 102279/100000
555 584 1
450 584 -1027/100000
511 584 -1
623 585 90269/12500
622 585 11667/12500
664 585 253/50
663 585 130249/100000
555 585 1
450 585 -833/12500
512 585 -1
623 586 149189/20000
622 586 95579/100000
664 586 7/2
663 586 11/200
555 586 1
450 586 -4421/100000
513 586 -1
623 587 1379387/100000
622 587 109591/100000
664 587 197/50
663 587 1/50
555 587 1
450 587 9591/100000
514 587 -1
623 588 650139/50000
622 588 107737/100000
664 588 189/50
663 588 40957/100000
555 588 1
450 588 7737/100000
519 588 -1
623 589 1213349/100000
622 589 25541/25000
664 589 33/10
663 589 22757/25000
555 589 1
450 589 541/25000
520 589 -1
623 590 340311/25000
622 590 107349/100000
664 590 283/100
663 590 9333/12500
555 590 1
450 590 7349/100000
521 590 -1
623 591 36427/3125
622 591 5093/5000
664 591 307/100
663 591 541/5000
555 591 1
450 591 93/5000
524 591 -1
623 592 36718/3125
622 592 4203/4000
664 592 12/5
663 592 24193/100000
555 592 1
450 592 203/4000
530 592 -1
623 593 105953/10000
622 593 10229/10000
664 593 12/5
663 593 19213/50000
555 593 1
450 593 229/10000
531 593 -1
623 594 229/20
622 594 1041/1000
664 594 12/5
663 594 641/10000
555 594 1
450 594 41/1000
532 594 -1
623 595 1291811/100000
622 595 53309/50000
664 595 12/5
663 595 21231/50000
555 595 1
450 595 3309/50000
534 595 -1
623 596 144621/12500
622 596 4199/4000
664 596 66/25
663 596 29/500
555 596 1
450 596 199/4000
535 596 -1
623 597 68289/6250
622 597 25713/25000
664 597 31/10
663 597 3/1000
555 597 1
450 597 713/25000
536 597 -1
623 598 639147/100000
622 598 9343/10000
664 598 249/50
663 598 297/500
555 598 1
450 598 -657/10000
537 598 -1
623 599 489951/50000
622 599 9933/10000
664 599 49/10
663 599 1/200
555 599 1
450 599 -67/10000
538 599 -1
625 600 33383/2500
624 600 21491/20000
666 600 61/25
665 600 1227/12500
556 600 1
451 600 1491/20000
419 600 -1
625 601 669047/50000
624 601 26891/25000
666 601 61/25
665 601 491/50000
556 601 1
451 601 1891/25000
420 601 -1
625 602 8397/625
624 602 107657/100000
666 602 291/100
665 602 9747/50000
556 602 1
451 602 7657/100000
421 602 -1
625 603 1349017/100000
624 603 863/800
666 603 291/100
665 603 1949/100000
556 603 1
451 603 63/800
422 603 -1
625 604 1317359/100000
624 604 26709/25000
666 604 21/10
665 604 56253/100000
556 604 1
451 604 1709/25000
424 604 -1
625 605 54519/4000
624 605 53939/50000
666 605 12/5
556 605 1
451 605 3939/50000
425 605 -1
625 606 639113/50000
624 606 106929/100000
666 606 12/5
665 606 1/2000
556 606 1
451 606 6929/100000
426 606 -1
625 607 667887/50000
624 607 21499/20000
666 607 21/10
665 607 5659/100000
556 607 1
451 607 1499/20000
427 607 -1
625 608 129089/10000
624 608 106469/100000
666 608 21/10
665 608 82/125
556 608 1
451 608 6469/100000
429 608 -1
625 609 1150537/100000
624 609 103403/100000
666 609 27/10
665 609 1/1000
556 609 1
451 609 3403/100000
430 609 -1
625 610 672209/50000
624 610 21549/20000
666 610 12/5
665 610 21/1000
556 610 1
451 610 1549/20000
431 610 -1
625 611 676093/50000
624 611 107741/100000
666 611 91/50
665 611 4047/100000
556 611 1
451 611 7741/100000
458 611 -1
625 612 49/4
624 612 1313/1250
666 612 91/50
665 612 17/100
556 612 1
451 612 63/1250
465 612 -1
625 613 244851/20000
624 613 26523/25000
666 613 21/10
665 613 1/1000
556 613 1
451 613 1523/25000
468 613 -1
625 614 138063/10000
624 614 108059/100000
666 614 17/10
665 614 21/1000
556 614 1
451 614 8059/100000
469 614 -1
625 615 1268869/100000
624 615 102379/100000
666 615 397/100
665 615 54867/100000
556 615 1
451 615 2379/100000
510 615 -1
625 616 1115063/100000
624 616 98973/100000
666 616 253/50
665 616 102279/100000
556 616 1
451 616 -1027/100000
511 616 -1
625 617 90269/12500
624 617 11667/12500
666 617 253/50
665 617 130249/100000
556 617 1
451 617 -833/12500
512 617 -1
625 618 149189/20000
624 618 95579/100000
666 618 7/2
665 618 11/200
556 618 1
451 618 -4421/100000
513 618 -1
625 619 1379387/100000
624 619 109591/100000
666 619 197/50
665 619 1/50
556 619 1
451 619 9591/100000
514 619 -1
625 620 650139/50000
624 620 107737/100000
666 620 189/50
665 620 40957/100000
556 620 1
451 620 7737/100000
519 620 -1
625 621 1213349/100000
624 621 25541/25000
666 621 33/10
665 621 22757/25000
556 621 1
451 621 541/25000
520 621 -1
625 622 340311/25000
624 622 107349/100000
666 622 283/100
665 622 9333/12500
556 622 1
451 622 7349/100000
521 622 -1
625 623 36427/3125
624 623 5093/5000
666 623 307/100
665 623 541/5000
556 623 1
451 623 93/5000
524 623 -1
625 624 36718/3125
624 624 4203/4000
666 624 12/5
665 624 24193/100000
556 624 1
451 624 203/4000
530 624 -1
625 625 105953/10000
624 625 10229/10000
666 625 12/5
665 625 19213/50000
556 625 1
451 625 229/10000
531 625 -1
625 626 229/20
624 626 1041/1000
666 626 12/5
665 626 641/10000
556 626 1
451 626 41/1000
532 626 -1
625 627 1291811/100000
624 627 53309/50000
666 627 12/5
665 627 21231/50000
556 627 1
451 627 3309/50000
534 627 -1
625 628 144621/12500
624 628 4199/4000
666 628 66/25
665 628 29/500
556 628 1
451 628 199/4000
535 628 -1
625 629 68289/6250
624 629 25713/25000
666 629 31/10
665 629 3/1000
556 629 1
451 629 713/25000
536 629 -1
625 630 639147/100000
624 630 9343/10000
666 630 249/50
665 630 297/500
556 630 1
451 630 -657/10000
537 630 -1
625 631 489951/50000
624 631 9933/10000
666 631 49/10
665 631 1/200
556 631 1
451 631 -67/10000
538 631 -1
653 632 16877811/100000
654 632 8769367/50000
628 632 434/25
626 632 227/200
668 632 1705151/10000
667 632 3507993/25000
557 632 1
543 632 8881/5000
433 632 -1
653 633 284437/2000
654 633 7460789/50000
628 633 839/50
626 633 559/500
668 633 1412/25
667 633 168/5
557 633 1
543 633 8/5
434 633 -1
653 634 7457177/50000
654 634 15851493/100000
628 634 434/25
626 634 1139/1000
668 634 3296233/25000
667 634 10273973/100000
557 634 1
543 634 171233/100000
438 634 -1
653 635 5640113/50000
654 635 11339347/100000
628 635 839/50
626 635 1121/1000
668 635 1111111/25000
667 635 297619/12500
557 635 1
543 635 15873/10000
439 635 -1
653 636 1482959/12500
654 636 2994511/25000
628 636 202477/12500
626 636 110957/100000
668 636 3505241/100000
667 636 191353/12500
557 636 1
543 636 75871/50000
472 636 -1
653 637 8064701/100000
654 637 7598343/100000
628 637 684741/50000
626 637 13581/12500
668 637 145701/100000
667 637 15293/5000
557 637 1
543 637 16557/12500
473 637 -1
653 638 5627497/50000
654 638 5758511/50000
628 638 814163/50000
626 638 110907/100000
668 638 3771877/100000
667 638 1131563/50000
557 638 1
543 638 1207/800
474 638 -1
653 639 11864549/100000
654 639 11978929/100000
628 639 162007/10000
626 639 27741/25000
668 639 7011/200
667 639 1530937/100000
557 639 1
543 639 151753/100000
475 639 -1
653 640 10648247/100000
654 640 2384733/20000
628 640 1231391/100000
626 640 107053/100000
668 640 199327/50000
667 640 389581/100000
557 640 1
543 640 126557/100000
477 640 -1
653 641 10912527/100000
654 641 12410627/100000
628 641 117351/10000
626 641 106261/100000
668 641 354921/100000
667 641 373287/100000
557 641 1
543 641 62049/50000
478 641 -1
653 642 6795143/50000
654 642 2879479/20000
628 642 1685641/100000
626 642 111179/100000
668 642 3711631/100000
667 642 2010467/100000
557 642 1
543 642 154651/100000
479 642 -1
653 643 4663351/50000
654 643 9292437/100000
628 643 1425993/100000
626 643 13669/12500
668 643 1096007/100000
667 643 479503/50000
557 643 1
543 643 137001/100000
481 643 -1
653 644 9130247/100000
654 644 4590431/50000
628 644 322693/25000
626 644 2701/2500
668 644 744401/100000
667 644 329381/50000
557 644 1
543 644 16469/12500
482 644 -1
653 645 10743381/100000
654 645 6133991/50000
628 645 1101423/100000
626 645 105101/100000
668 645 843373/100000
667 645 60241/10000
557 645 1
543 645 60241/50000
485 645 -1
653 646 11754671/100000
654 646 12308529/100000
628 646 759369/50000
626 646 110417/100000
668 646 3242799/100000
667 646 214597/12500
557 646 1
543 646 146733/100000
486 646 -1
653 647 11991173/100000
654 647 3108077/25000
628 647 94781/6250
626 647 22071/20000
668 647 262697/10000
667 647 262697/20000
557 647 1
543 647 145943/100000
487 647 -1
653 648 2359427/25000
654 648 4863027/50000
628 648 1321589/100000
626 648 54087/50000
668 648 20257/5000
667 648 405139/100000
557 648 1
543 648 13069/10000
488 648 -1
653 649 294456/3125
654 649 334224/3125
628 649 73239/6250
626 649 106167/100000
668 649 123457/50000
667 649 123457/100000
557 649 1
543 649 123457/100000
489 649 -1
653 650 5865573/50000
654 650 12916949/100000
628 650 893643/50000
626 650 4453/4000
668 650 3023847/100000
667 650 517237/50000
557 650 1
543 650 3183/2000
490 650 -1
653 651 9531037/100000
654 651 2572837/25000
628 651 1456151/100000
626 651 109433/100000
668 651 6533/800
667 651 408313/100000
557 651 1
543 651 17013/12500
491 651 -1
653 652 12749257/100000
654 652 2661981/20000
628 652 153753/10000
626 652 110287/100000
668 652 244253/50000
667 652 86207/25000
557 652 1
543 652 71839/50000
492 652 -1
653 653 2954169/25000
654 653 6088369/50000
628 653 168069/10000
626 653 55253/50000
668 653 191257/100000
667 653 191257/100000
557 653 1
543 653 34153/25000
493 653 -1
653 654 13004587/100000
654 654 109633/800
628 654 1530877/100000
626 654 1377/1250
668 654 14539/2500
667 654 109929/25000
557 654 1
543 654 35461/25000
494 654 -1
653 655 1071881/10000
654 655 1237547/10000
628 655 984091/100000
626 655 51729/50000
668 655 76651/25000
667 655 76651/25000
557 655 1
543 655 4717/4000
495 655 -1
653 656 2086739/20000
654 656 10565103/100000
628 656 756619/50000
626 656 21871/20000
668 656 136541/50000
667 656 136541/50000
557 656 1
543 656 130039/100000
496 656 -1
653 657 2231531/20000
654 657 116293/1000
628 657 1380359/100000
626 657 109319/100000
668 657 265883/10000
667 657 174923/12500
557 657 1
543 657 69969/50000
498 657 -1
653 658 1507049/12500
654 658 6211771/50000
628 658 81/5
626 658 11089/10000
668 658 3374561/100000
667 658 446633/25000
557 658 1
543 658 30539/20000
499 658 -1
653 659 4442581/50000
654 659 916433/10000
628 659 139/10
626 659 2721/2500
668 659 418749/100000
667 659 418749/100000
557 659 1
543 659 3377/2500
500 659 -1
653 660 7366091/50000
654 660 9227661/50000
628 660 719/50
626 660 1123/1000
668 660 290099/2000
667 660 2929043/25000
557 660 1
543 660 165017/100000
518 660 -1
653 661 12222313/100000
654 661 13923041/100000
628 661 732211/50000
626 661 110003/100000
668 661 58071/2000
667 661 698577/50000
557 661 1
543 661 7187/5000
526 661 -1
653 662 9975411/100000
654 662 2315489/20000
628 662 655501/50000
626 662 53983/50000
668 662 298237/100000
667 662 298237/100000
557 662 1
543 662 32417/25000
527 662 -1
653 663 8846261/100000
654 663 10184837/100000
628 663 246701/20000
626 663 53177/50000
668 663 84459/100000
667 663 84459/100000
557 663 1
543 663 7541/6250
528 663 -1
655 664 16877811/100000
656 664 8769367/50000
633 664 434/25
631 664 227/200
670 664 1705151/10000
669 664 3507993/25000
558 664 1
544 664 8881/5000
433 664 -1
655 665 284437/2000
656 665 7460789/50000
633 665 839/50
631 665 559/500
670 665 1412/25
669 665 168/5
558 665 1
544 665 8/5
434 665 -1
655 666 7457177/50000
656 666 15851493/100000
633 666 434/25
631 666 1139/1000
670 666 3296233/25000
669 666 10273973/100000
558 666 1
544 666 171233/100000
438 666 -1
655 667 5640113/50000
656 667 11339347/100000
633 667 839/50
631 667 1121/1000
670 667 1111111/25000
669 667 297619/12500
558 667 1
544 667 15873/10000
439 667 -1
655 668 1482959/12500
656 668 2994511/25000
633 668 202477/12500
631 668 110957/100000
670 668 3505241/100000
669 668 191353/12500
558 668 1
544 668 75871/50000
472 668 -1
655 669 8064701/100000
656 669 7598343/100000
633 669 684741/50000
631 669 13581/12500
670 669 145701/100000
669 669 15293/5000
558 669 1
544 669 16557/12500
473 669 -1
655 670 5627497/50000
656 670 5758511/50000
633 670 814163/50000
631 670 110907/100000
670 670 3771877/100000
669 670 1131563/50000
558 670 1
544 670 1207/800
474 670 -1
655 671 11864549/100000
656 671 11978929/100000
633 671 162007/10000
631 671 27741/25000
670 671 7011/200
669 671 1530937/100000
558 671 1
544 671 151753/100000
475 671 -1
655 672 10648247/100000
656 672 2384733/20000
633 672 1231391/100000
631 672 107053/100000
670 672 199327/50000
669 672 389581/100000
558 672 1
544 672 126557/100000
477 672 -1
655 673 10912527/100000
656 673 12410627/100000
633 673 117351/10000
631 673 106261/100000
670 673 354921/100000
669 673 373287/100000
558 673 1
544 673 62049/50000
478 673 -1
655 674 6795143/50000
656 674 2879479/20000
633 674 1685641/100000
631 674 111179/100000
670 674 3711631/100000
669 674 2010467/100000
558 674 1
544 674 154651/100000
479 674 -1
655 675 4663351/50000
656 675 9292437/100000
633 675 1425993/100000
631 675 13669/12500
670 675 1096007/100000
669 675 479503/50000
558 675 1
544 675 137001/100000
481 675 -1
655 676 9130247/100000
656 676 4590431/50000
633 676 322693/25000
631 676 2701/2500
670 676 744401/100000
669 676 329381/50000
558 676 1
544 676 16469/12500
482 676 -1
655 677 10743381/100000
656 677 6133991/50000
633 677 1101423/100000
631 677 105101/100000
670 677 843373/100000
669 677 60241/10000
558 677 1
544 677 60241/50000
485 677 -1
655 678 11754671/100000
656 678 12308529/100000
633 678 759369/50000
631 678 110417/100000
670 678 3242799/100000
669 678 214597/12500
558 678 1
544 678 146733/100000
486 678 -1
655 679 11991173/100000
656 679 3108077/25000
633 679 94781/6250
631 679 22071/20000
670 679 262697/10000
669 679 262697/20000
558 679 1
544 679 145943/100000
487 679 -1
655 680 2359427/25000
656 680 4863027/50000
633 680 1321589/100000
631 680 54087/50000
670 680 20257/5000
669 680 405139/100000
558 680 1
544 680 13069/10000
488 680 -1
655 681 294456/3125
656 681 334224/3125
633 681 73239/6250
631 681 106167/100000
670 681 123457/50000
669 681 123457/100000
558 681 1
544 681 123457/100000
489 681 -1
655 682 5865573/50000
656 682 12916949/100000
633 682 893643/50000
631 682 4453/4000
670 682 3023847/100000
669 682 517237/50000
558 682 1
544 682 3183/2000
490 682 -1
655 683 9531037/100000
656 683 2572837/25000
633 683 1456151/100000
631 683 109433/100000
670 683 6533/800
669 683 408313/100000
558 683 1
544 683 17013/12500
491 683 -1
655 684 12749257/100000
656 684 2661981/20000
633 684 153753/10000
631 684 110287/100000
670 684 244253/50000
669 684 86207/25000
558 684 1
544 684 71839/50000
492 684 -1
655 685 2954169/25000
656 685 6088369/50000
633 685 168069/10000
631 685 55253/50000
670 685 191257/100000
669 685 191257/100000
558 685 1
544 685 34153/25000
493 685 -1
655 686 13004587/100000
656 686 109633/800
633 686 1530877/100000
631 686 1377/1250
670 686 14539/2500
669 686 109929/25000
558 686 1
544 686 35461/25000
494 686 -1
655 687 1071881/10000
656 687 1237547/10000
633 687 984091/100000
631 687 51729/50000
670 687 76651/25000
669 687 76651/25000
558 687 1
544 687 4717/4000
495 687 -1
655 688 2086739/20000
656 688 10565103/100000
633 688 756619/50000
631 688 21871/20000
670 688 136541/50000
669 688 136541/50000
558 688 1
544 688 130039/100000
496 688 -1
655 689 2231531/20000
656 689 116293/1000
633 689 1380359/100000
631 689 109319/100000
670 689 265883/10000
669 689 174923/12500
558 689 1
544 689 69969/50000
498 689 -1
655 690 1507049/12500
656 690 6211771/50000
633 690 81/5
631 690 11089/10000
670 690 3374561/100000
669 690 446633/25000
558 690 1
544 690 30539/20000
499 690 -1
655 691 4442581/50000
656 691 916433/10000
633 691 139/10
631 691 2721/2500
670 691 418749/100000
669 691 418749/100000
558 691 1
544 691 3377/2500
500 691 -1
655 692 7366091/50000
656 692 9227661/50000
633 692 719/50
631 692 1123/1000
670 692 290099/2000
669 692 2929043/25000
558 692 1
544 692 165017/100000
518 692 -1
655 693 12222313/100000
656 693 13923041/100000
633 693 732211/50000
631 693 110003/100000
670 693 58071/2000
669 693 698577/50000
558 693 1
544 693 7187/5000
526 693 -1
655 694 9975411/100000
656 694 2315489/20000
633 694 655501/50000
631 694 53983/50000
670 694 298237/100000
669 694 298237/100000
558 694 1
544 694 32417/25000
527 694 -1
655 695 8846261/100000
656 695 10184837/100000
633 695 246701/20000
631 695 53177/50000
670 695 84459/100000
669 695 84459/100000
558 695 1
544 695 7541/6250
528 695 -1
539 696 589027/50000
639 696 33383/2500
637 696 21491/20000
643 696 10750069/100000
675 696 38913/10000
673 696 2881849/100000
674 696 491/5000
640 696 2053183/100000
638 696 -921757/100000
671 696 181259/100000
636 696 -675023/25000
559 696 1
545 696 59241/50000
419 696 -1
539 697 37221/3125
639 697 8397/625
637 697 107657/100000
675 697 10947/2500
673 697 299379/10000
674 697 1949/10000
640 697 1605433/100000
638 697 -527143/50000
671 697 52241/25000
636 697 -1779/800
559 697 1
545 697 23279/20000
421 697 -1
539 698 5891/500
639 698 667887/50000
637 698 21499/20000
643 698 8295517/100000
642 698 4147759/100000
675 698 33/10
673 698 592537/20000
674 698 283/5000
640 698 2133133/100000
638 698 -109079/12500
671 698 35603/20000
636 698 -23945003/50000
559 698 1
545 698 118507/100000
427 698 -1
539 699 233129/20000
639 699 129089/10000
637 699 106469/100000
643 699 8093421/100000
642 699 4046711/100000
675 699 33/10
673 699 722627/25000
674 699 82/125
640 699 416233/20000
638 699 -109079/12500
671 699 185587/100000
636 699 -9344661/20000
559 699 1
545 699 5781/5000
429 699 -1
539 700 111367/10000
639 700 1150537/100000
637 700 103403/100000
643 700 3853777/100000
675 700 21/5
673 700 1101079/25000
674 700 1/1000
640 700 27527/5000
638 700 -816903/50000
671 700 90047/50000
636 700 -210101/100000
559 700 1
545 700 27527/25000
430 700 -1
539 701 594077/50000
639 701 672209/50000
637 701 21549/20000
643 701 3512881/100000
675 701 97/25
673 701 190281/6250
674 701 21/1000
640 701 278103/12500
638 701 -429489/50000
671 701 201467/100000
636 701 -254803/100000
559 701 1
545 701 14637/12500
431 701 -1
539 702 1176931/100000
639 702 676093/50000
637 702 107741/100000
643 702 3073499/25000
642 702 74083/800
675 702 81673/25000
673 702 2008501/100000
674 702 4047/100000
640 702 2771689/100000
641 702 602299/25000
638 702 -376199/50000
671 702 4663/3125
636 702 -6448099/10000
559 702 1
545 702 6147/5000
458 702 -1
539 703 1177361/100000
639 703 676669/50000
637 703 53893/50000
643 703 12298483/100000
642 703 1852751/20000
675 703 81673/25000
673 703 1004617/50000
674 703 81/20000
640 703 27727/1000
641 703 602519/25000
638 703 -376199/50000
671 703 14927/10000
636 703 -2580181/4000
559 703 1
545 703 24597/20000
459 703 -1
539 704 292331/25000
639 704 1331787/100000
637 704 107531/100000
643 704 2442907/20000
642 704 4600261/50000
675 704 81673/25000
673 704 748319/50000
640 704 1613543/50000
641 704 19149/800
638 704 -664319/100000
671 704 148251/100000
636 704 -32032111/50000
559 704 1
545 704 24429/20000
460 704 -1
539 705 14793/1250
639 705 273921/20000
637 705 107977/100000
643 705 6180179/50000
642 705 4449729/100000
675 705 327/100
673 705 451153/50000
640 705 3188971/100000
641 705 242263/10000
638 705 -343723/50000
671 705 74819/50000
636 705 -3582781/25000
559 705 1
545 705 30901/25000
461 705 -1
539 706 142733/12500
639 706 125673/10000
637 706 13317/12500
643 706 2374451/20000
642 706 326487/5000
675 706 33/10
673 706 890419/50000
674 706 1/2000
640 706 92752/3125
641 706 4155289/100000
638 706 -707183/100000
671 706 36821/25000
636 706 -3441299/25000
559 706 1
545 706 118723/100000
462 706 -1
539 707 1203443/100000
639 707 137/10
637 707 1089/1000
643 707 12536041/100000
642 707 180519/4000
675 707 327/100
673 707 1002883/100000
640 707 877523/25000
641 707 307133/12500
638 707 -608101/100000
671 707 19323/12500
636 707 -7894029/25000
559 707 1
545 707 1567/1250
463 707 -1
539 708 296647/25000
639 708 342/25
637 708 1351/1250
643 708 6197323/50000
642 708 583323/6250
675 708 32669/10000
673 708 247893/20000
674 708 1/250
640 708 1673277/50000
641 708 2429351/100000
638 708 -1249/200
671 708 3009/2000
636 708 -66700139/100000
559 708 1
545 708 61973/50000
464 708 -1
539 709 1129529/100000
639 709 244851/20000
637 709 26523/25000
643 709 1176609/10000
642 709 3529827/50000
675 709 7/2
673 709 1029533/25000
674 709 1/1000
640 709 1176609/100000
641 709 1029533/25000
638 709 -367557/25000
671 709 289/200
636 709 -1031203/2000
559 709 1
545 709 117661/100000
468 709 -1
539 710 1188297/100000
639 710 138063/10000
637 710 108059/100000
643 710 5857689/50000
642 710 1541497/25000
675 710 63/20
673 710 1603157/50000
674 710 21/1000
640 710 585769/25000
641 710 3699593/100000
638 710 -738421/100000
671 710 78691/50000
636 710 -2449857/50000
559 710 1
545 710 3083/2500
469 710 -1
539 711 1129849/100000
639 711 1229137/100000
637 711 2659/2500
643 711 12048193/100000
642 711 12048193/100000
675 711 31/10
673 711 492241/10000
674 711 9/1000
640 711 1686747/100000
641 711 10843373/100000
638 711 -523529/50000
671 711 63997/50000
636 711 -90864317/100000
559 711 1
545 711 60241/50000
529 711 -1
539 712 55903/5000
639 712 47/4
637 712 10507/10000
643 712 1826209/25000
642 712 1011439/100000
675 712 4
673 712 8428657/100000
674 712 2419/10000
640 712 674293/100000
638 712 -367557/25000
671 712 173799/100000
636 712 -21622817/100000
559 712 1
545 712 56191/50000
530 712 -1
539 713 537371/50000
639 713 53/5
637 713 10229/10000
643 713 81021/1250
642 713 81021/5000
675 713 41/10
673 713 81021/1000
674 713 3843/10000
640 713 81021/12500
638 713 -367557/25000
671 713 164659/100000
636 713 -5951173/25000
559 713 1
545 713 27007/25000
531 713 -1
539 714 1109169/100000
639 714 229/20
637 714 1041/1000
643 714 1382457/20000
642 714 668931/50000
675 714 41/10
673 714 1672327/20000
674 714 641/10000
640 714 668931/100000
638 714 -367557/25000
671 714 171803/100000
636 714 -22778557/100000
559 714 1
545 714 3484/3125
532 714 -1
1888 715 -1
565 715 1
1889 716 -1
566 716 1
1890 717 -1
570 717 1
1891 718 -1
572 718 1
1892 719 -1
573 719 1
1893 720 -1
574 720 1
1894 721 -1
576 721 1
1895 722 -1
578 722 1
1898 723 -1
579 723 1
1896 724 -1
583 724 1
1897 725 -1
584 725 1
1898 726 -1
586 726 1
1898 727 -1
587 727 1
1899 728 -1
588 728 1
1900 729 -1
1897 729 -1
589 729 1
1900 730 -1
1897 730 -1
590 730 1
1901 731 -1
593 731 1
1902 732 -1
597 732 1
564 733 1
565 734 1
566 735 1
570 736 1
571 737 1
572 738 1
573 739 1
574 740 1
575 741 1
576 742 1
577 743 1
578 744 1
579 745 1
580 746 1
583 747 1
584 748 1
585 749 1
586 750 1
587 751 1
588 752 1
589 753 1
590 754 1
591 755 1
592 756 1
593 757 1
596 758 1
597 759 1
598 760 1
603 761 2141/2000
540 761 2531/2000
550 761 1
477 761 -1
603 762 666/625
540 762 1241/1000
550 762 1
478 762 -1
432 763 99/100
540 763 -1
550 764 -1
443 765 1
446 765 -1
444 766 1
446 766 -1
553 767 1
445 767 227/200
433 767 -1
553 768 1
445 768 623/500
435 768 -1
553 769 1
445 769 1183/1000
436 769 -1
553 770 1
445 770 231/200
437 770 -1
553 771 1
445 771 1139/1000
438 771 -1
449 772 -1
445 772 1
553 773 1
445 773 299/100
456 773 -1
553 774 1
516 774 -1
445 774 47/40
553 775 1
517 775 -1
445 775 57/50
553 776 1
518 776 -1
445 776 1123/1000
553 777 -1
446 778 1
445 778 -1
447 779 -1
446 779 1
448 780 1
446 780 -1
507 781 443/1000
449 781 557/1000
506 781 -1
644 782 10819/10000
560 782 1
546 782 641/500
458 782 -831/1000
475 782 -169/1000
644 783 1361/1250
560 783 1
546 783 166/125
458 783 -43/200
473 783 -697/1000
475 783 -11/125
644 784 2719/2500
560 784 1
546 784 1323/1000
458 784 -107/250
473 784 -397/1000
475 784 -7/40
467 785 99/100
546 785 -1
560 786 -1
645 787 144/125
561 787 1
547 787 19141/10000
433 787 -657/5000
437 787 -4343/5000
645 788 231/200
561 788 1
547 788 1939/1000
437 788 -1
645 789 1153/1000
561 789 1
547 789 2381/1250
438 789 -339/2500
437 789 -2161/2500
645 790 1153/1000
561 790 1
547 790 2417/1250
517 790 -41/400
437 790 -359/400
470 791 197/200
547 791 -1
561 792 -1
646 793 5387/5000
548 793 11091/10000
562 793 1
519 793 -1
548 794 -1
471 794 1
562 795 -1
525 796 -1
437 796 3/10
473 796 3/20
472 796 3/10
433 796 7/80
438 796 13/80
563 797 1
549 797 163/125
421 797 -1123/5000
419 797 -2207/10000
473 797 -1481/5000
472 797 -517/2000
508 798 1
549 798 -1
647 799 2719/2500
563 799 -1
416 800 1
7 800 -1
417 801 1
8 801 -1
418 802 1
9 802 -1
465 803 14/125
464 803 111/125
458 803 -1
564 803 -153/125
650 803 -1/500
649 803 -1/500
648 803 -129/5000
493 804 1087/100000
492 804 98913/100000
433 804 -56919/100000
517 804 -43081/100000
565 804 -4127/5000
650 804 -653/5000
649 804 -69/10000
496 805 1111/25000
494 805 23889/25000
518 805 -4813/10000
433 805 -5187/10000
565 805 -3971/5000
650 805 -77/500
649 805 -13/2000
553 806 57/10000
595 806 247/5000
594 806 1/25
569 806 101/10000
567 806 53/1250
568 806 123/10000
582 806 -134/125
581 806 -771/5000
530 806 35087/100000
421 806 -1
504 806 2833/100000
537 806 51/50000
528 806 407/5000
527 806 17619/100000
526 806 19111/100000
455 806 23/25000
518 806 4943/100000
438 806 1007/100000
433 806 4243/100000
517 806 999/25000
437 806 617/50000
516 806 369/50000
436 806 147/50000
445 806 57/10000
566 806 -291/250
651 806 -41/100
650 806 51/2500
649 806 -253/10000
553 807 29/2000
595 807 43/1250
594 807 241/10000
569 807 37/5000
567 807 91/10000
568 807 143/10000
582 807 -1221/1000
581 807 -893/10000
445 807 29/2000
538 807 379/5000
536 807 419/2000
528 807 107/1000
527 807 2339/10000
526 807 1043/5000
504 807 541/10000
514 807 -1
518 807 43/1250
517 807 241/10000
438 807 37/5000
433 807 91/10000
437 807 143/10000
436 807 73/10000
455 807 1/50000
566 807 -11273/10000
651 807 -63/100
650 807 197/10000
649 807 -49/2000
553 808 413/50000
595 808 253/5000
594 808 183/5000
569 808 81/10000
567 808 73/2500
568 808 13/1250
582 808 -1169/1000
581 808 -1349/10000
531 808 12839/50000
519 808 -1
504 808 4591/100000
537 808 247/12500
528 808 487/5000
527 808 5663/25000
526 808 4891/25000
455 808 51/25000
518 808 5061/100000
438 808 811/100000
433 808 2919/100000
517 808 183/5000
437 808 519/50000
516 808 79/10000
436 808 489/100000
445 808 413/50000
566 808 -11091/10000
651 808 -21/50
650 808 97/5000
649 808 -241/10000
553 809 2929/100000
595 809 61/2000
594 809 257/10000
569 809 13/10000
567 809 101/10000
568 809 57/10000
582 809 -11841/10000
581 809 -183/2500
534 809 37341/100000
520 809 -1
504 809 5891/100000
537 809 10611/50000
528 809 493/10000
527 809 4691/50000
526 809 4221/50000
455 809 207/100000
518 809 3053/100000
438 809 4/3125
433 809 1011/100000
517 809 2567/100000
437 809 283/50000
516 809 39/5000
436 809 31/2000
445 809 2929/100000
566 809 -5439/5000
651 809 -17/40
650 809 19/1000
649 809 -59/2500
553 810 1119/50000
595 810 363/10000
594 810 3/100
569 810 27/10000
567 810 143/10000
568 810 69/10000
581 810 -903/10000
532 810 3679/12500
522 810 -1
504 810 1533/25000
537 810 17869/100000
528 810 1709/25000
527 810 14253/100000
526 810 2991/25000
455 810 39/50000
518 810 1817/50000
438 810 133/50000
433 810 1433/100000
517 810 751/25000
437 810 139/20000
516 810 199/20000
436 810 293/25000
445 810 1119/50000
566 810 -2193/2000
651 810 -61/125
650 810 12/625
649 810 -119/5000
553 811 283/25000
595 811 337/10000
594 811 11/400
569 811 39/10000
567 811 79/5000
568 811 69/10000
524 811 -1
582 811 -7579/5000
581 811 -439/5000
535 811 19441/50000
504 811 937/20000
537 811 4721/100000
528 811 8321/100000
527 811 4743/25000
526 811 6311/50000
455 811 51/50000
518 811 337/10000
438 811 193/50000
433 811 79/5000
517 811 687/25000
437 811 69/10000
516 811 403/50000
436 811 197/20000
445 811 283/25000
566 811 -2659/2500
651 811 -2457/10000
650 811 93/5000
649 811 -231/10000
553 812 21/5000
595 812 209/5000
594 812 341/10000
569 812 7/625
567 812 481/10000
568 812 61/5000
582 812 -269/250
581 812 -737/5000
530 812 35223/100000
421 812 -1
504 812 29/800
537 812 3/6250
528 812 507/6250
527 812 8829/50000
526 812 19303/100000
455 812 91/100000
518 812 261/6250
438 812 1117/100000
433 812 2407/50000
517 812 213/6250
437 812 1221/100000
516 812 273/50000
436 812 57/25000
445 812 21/5000
566 812 -291/250
651 812 -263/500
650 812 51/2500
649 812 -253/10000
553 813 3/500
595 813 441/10000
594 813 31/1000
569 813 91/10000
567 813 21/625
568 813 51/5000
582 813 -1159/1000
581 813 -16/125
531 813 13057/50000
519 813 -1
504 813 5623/100000
537 813 233/12500
528 813 302/3125
527 813 11273/50000
526 813 19633/100000
455 813 51/25000
518 813 4413/100000
438 813 909/100000
433 813 1679/50000
517 813 3099/100000
437 813 511/50000
516 813 579/100000
436 813 371/100000
445 813 3/500
566 813 -11091/10000
651 813 -257/500
650 813 97/5000
649 813 -241/10000
553 814 2341/100000
595 814 7/250
594 814 223/10000
569 814 3/2000
567 814 111/10000
568 814 27/5000
582 814 -1181/1000
581 814 -683/10000
534 814 39239/100000
520 814 -1
504 814 1841/25000
537 814 19419/100000
528 814 4943/100000
527 814 1889/20000
526 814 8389/100000
455 814 13/6250
518 814 2799/100000
438 814 3/2000
433 814 111/10000
517 814 2227/100000
437 814 543/100000
516 814 661/100000
436 814 1163/100000
445 814 2341/100000
566 814 -5439/5000
651 814 -531/1000
650 814 19/1000
649 814 -59/2500
553 815 853/50000
595 815 159/5000
594 815 249/10000
569 815 3/1000
567 815 39/2500
568 815 13/2000
581 815 -817/10000
532 815 2061/6250
504 815 729/10000
537 815 8227/50000
528 815 3269/50000
527 815 3403/25000
526 815 1443/12500
522 815 -1
455 815 3/4000
518 815 397/12500
438 815 37/12500
433 815 311/20000
517 815 2489/100000
437 815 13/2000
516 815 193/25000
436 815 433/50000
445 815 1707/100000
566 815 -2193/2000
651 815 -29/50
650 815 12/625
649 815 -119/5000
553 816 169/20000
595 816 73/2500
594 816 227/10000
569 816 43/10000
567 816 87/5000
568 816 13/2000
524 816 -1
582 816 -14691/10000
581 816 -801/10000
535 816 1294/3125
504 816 2739/50000
537 816 3881/100000
528 816 809/10000
527 816 18483/100000
526 816 12351/100000
455 816 99/100000
518 816 2919/100000
438 816 17/4000
433 816 349/20000
517 816 2271/100000
437 816 653/100000
516 816 609/100000
436 816 743/100000
445 816 169/20000
566 816 -2659/2500
651 816 -2873/10000
650 816 93/5000
649 816 -231/10000
600 817 1
602 817 -1
599 817 -1
601 817 -1
651 817 1
504 818 -1
600 818 -627/25
602 818 627/25
599 818 627/25
601 818 627/25
652 818 -337/500
507 819 -1
416 820 -1
510 820 20317/50000
421 820 861/10000
419 820 11907/100000
458 820 14801/100000
473 820 1779/10000
472 820 4417/100000
569 820 53/5000
567 820 9/2500
568 820 39/10000
438 820 531/50000
433 820 9/2500
437 820 387/100000
436 820 31/100000
570 820 -11957/10000
650 820 -81/10000
649 820 -3/625
648 820 -37/2500
417 821 -1
513 821 1083/5000
430 821 77/625
468 821 707/5000
497 821 2589/5000
569 821 3/5000
567 821 1/2500
438 821 3/5000
433 821 1/2500
570 821 -117/100
650 821 -1/125
649 821 -47/10000
648 821 -29/2000
418 822 -1
514 822 4231/10000
431 822 2123/10000
469 822 207/1250
476 822 703/5000
474 822 519/10000
569 822 1/250
567 822 1/400
438 822 1/250
433 822 1/400
570 822 -603/500
650 822 -41/5000
649 822 -3/625
648 822 -3/200
569 823 47/10000
567 823 9/10000
595 823 59/5000
568 823 133/10000
594 823 159/10000
511 823 -1
505 823 23/2500
506 823 9/50
523 823 3771/10000
428 823 3/16
484 823 1183/10000
483 823 221/10000
438 823 47/10000
433 823 9/10000
518 823 59/5000
437 823 133/10000
517 823 159/10000
436 823 189/10000
516 823 7/625
435 823 247/10000
456 823 7/5000
455 823 21/10000
571 823 -10073/10000
650 823 2/125
649 823 -1/40
595 824 41/5000
594 824 153/10000
569 824 53/5000
567 824 33/10000
568 824 27/2500
503 824 2633/10000
520 824 159/800
424 824 14479/50000
484 824 12013/100000
483 824 2891/100000
511 824 -1
455 824 217/100000
518 824 817/100000
438 824 33/3125
433 824 331/100000
517 824 1531/100000
437 824 541/50000
516 824 1323/100000
436 824 753/50000
435 824 2071/100000
572 824 -10073/10000
650 824 3/10000
649 824 -67/10000
648 824 -349/10000
553 825 13/500
595 825 3/2500
594 825 1/1000
569 825 7/2000
567 825 17/10000
568 825 3/2000
511 825 -1
512 825 3493/6250
521 825 6751/20000
480 825 6851/100000
518 825 3/2500
438 825 173/50000
433 825 167/100000
517 825 103/100000
437 825 151/100000
445 825 13/500
455 825 19/100000
573 825 -10073/10000
650 825 7/2000
649 825 -7/2500
648 825 -183/10000
602 826 1
599 826 1
648 826 -289/10000
569 827 3/10000
567 827 1/5000
568 827 3/5000
524 827 91883/100000
523 827 -1
423 827 7081/100000
482 827 23/10000
455 827 93/10000
438 827 13/50000
433 827 3/12500
437 827 31/50000
436 827 47/100000
435 827 13/25000
457 827 -167/50000
574 827 -2113/2000
650 827 -53/5000
649 827 -4/625
648 827 -17/2000
569 828 7/500
567 828 21/1000
568 828 1/100
519 828 -1
463 828 799/1250
500 828 23/100
499 828 239/2500
438 828 7/500
433 828 21/1000
437 828 1/100
436 828 1/500
435 828 1/200
455 828 11/2000
457 828 -223/10000
575 828 -11093/10000
650 828 -9/10000
649 828 -81/10000
648 828 -29/1000
569 829 159/5000
567 829 521/10000
568 829 97/5000
421 829 -1
425 829 8503/100000
461 829 25473/100000
488 829 41759/100000
486 829 1679/10000
455 829 99/50000
438 829 397/12500
433 829 5211/100000
437 829 97/5000
436 829 27/20000
435 829 49/100000
457 829 -1617/50000
576 829 -291/250
649 829 -21/1250
650 829 -3/2500
648 829 -337/10000
569 830 151/5000
567 830 31/625
568 830 37/2000
519 830 -1
425 830 8517/100000
461 830 5103/20000
488 830 41829/100000
486 830 8409/50000
455 830 13/3125
438 830 3021/100000
433 830 2479/50000
437 830 369/20000
436 830 4/3125
435 830 23/50000
457 830 -1547/50000
576 830 -11091/10000
649 830 -2/125
650 830 -11/10000
648 830 -161/5000
569 831 59/2000
567 831 121/2500
568 831 9/500
520 831 -1
425 831 8489/100000
461 831 25433/100000
488 831 41693/100000
486 831 16763/100000
455 831 23/2500
438 831 2951/100000
433 831 2421/50000
437 831 901/50000
436 831 1/800
435 831 9/20000
457 831 -383/12500
576 831 -5439/5000
649 831 -157/10000
650 831 -11/10000
648 831 -63/2000
569 832 307/10000
567 832 503/10000
568 832 187/10000
530 832 -1
425 832 4261/50000
461 832 25531/100000
488 832 41853/100000
486 832 4207/25000
455 832 123/50000
438 832 1533/50000
433 832 503/10000
437 832 117/6250
436 832 13/10000
435 832 47/100000
457 832 -1563/50000
576 832 -5619/5000
649 832 -81/5000
650 832 -11/10000
648 832 -163/5000
569 833 147/5000
567 833 483/10000
568 833 9/500
531 833 -1
425 833 1067/12500
461 833 25571/100000
488 833 262/625
486 833 8427/50000
455 833 39/10000
438 833 92/3125
433 833 483/10000
437 833 899/50000
436 833 1/800
435 833 9/20000
457 833 -3013/100000
576 833 -10803/10000
649 833 -31/2000
650 833 -11/10000
648 833 -313/10000
569 834 61/2000
567 834 1/20
568 834 93/5000
532 834 -1
425 834 4271/50000
461 834 25589/100000
488 834 839/2000
486 834 8433/50000
455 834 33/50000
438 834 1523/50000
433 834 4999/100000
437 834 93/5000
436 834 129/100000
435 834 47/100000
457 834 -1547/50000
576 834 -51547/50000
649 834 -79/5000
650 834 -11/10000
648 834 -319/10000
602 835 1
652 835 -1
569 836 23/1000
567 836 143/5000
568 836 7/625
457 836 -187/10000
426 836 363/2000
462 836 393/1250
489 836 171/500
487 836 1081/10000
513 836 -1
438 836 23/1000
433 836 143/5000
437 836 7/625
436 836 1/400
435 836 27/5000
455 836 1/500
577 836 -901/1000
649 836 -7/1000
648 836 -33/1000
553 837 3993/100000
475 837 -1
479 837 79501/100000
439 837 857/100000
434 837 2103/12500
445 837 3993/100000
456 837 -47/4000
578 837 -607/400
650 837 -319/10000
649 837 -91/10000
648 837 -53/5000
459 838 24991/25000
458 838 -1
455 838 37/100000
456 838 -1/50000
579 838 -6147/5000
650 838 -37/10000
649 838 -1/1000
458 839 -1
460 839 100569/100000
455 839 41/100000
456 839 -61/10000
580 839 -6147/5000
650 839 -1/400
649 839 -1/400
648 839 -37/10000
553 840 1/20
567 840 -1
445 840 227/4000
433 840 -1/20
553 841 3/20
568 841 -1
445 841 693/4000
437 841 -3/20
553 842 1/20
569 842 -1
445 842 1139/20000
438 842 -1/20
553 843 3/20
594 843 -1
445 843 171/1000
517 843 -3/20
553 844 1/20
595 844 -1
445 844 1123/20000
518 844 -1/20
581 845 1
652 845 -1543/500
582 846 1
602 846 -6379/5000
599 846 -1363/2000
601 846 -2219/5000
600 846 6379/5000
652 846 337/500
490 847 24997/25000
483 847 -1
456 847 -21/25000
455 847 13/12500
583 847 -15913/10000
649 847 -31/2500
648 847 -103/10000
481 848 99989/100000
480 848 -1
455 848 57/100000
456 848 -21/50000
583 848 -13699/10000
649 848 -107/10000
648 848 -89/10000
491 849 49939/50000
484 849 -1
455 849 217/100000
456 849 -9/10000
583 849 -6797/5000
649 849 -53/5000
648 849 -11/1250
529 850 20031/20000
528 850 -1
455 850 43/50000
456 850 -241/100000
583 850 -6033/5000
649 850 -47/5000
648 850 -39/5000
475 851 99993/100000
472 851 -1
584 851 -607/400
649 851 -1/1250
648 851 -19/2500
501 852 3757/5000
498 852 2421/10000
497 852 -1
455 852 139/10000
457 852 -37/5000
585 852 -259/200
650 852 -9/1000
649 852 -1/200
648 852 -1/250
427 853 49817/50000
424 853 -1
455 853 519/100000
456 853 -153/100000
586 853 -11783/10000
649 853 -41/10000
648 853 -3/2500
429 854 6241/6250
428 854 -1
455 854 603/100000
456 854 -459/100000
586 854 -5731/5000
649 854 -21/5000
648 854 -3/2500
422 855 3993/4000
421 855 -1
455 855 9/5000
456 855 -1/10000
587 855 -291/250
649 855 -13/2000
648 855 -21/10000
420 856 12489/12500
419 856 -1
455 856 9/10000
456 856 -1/20000
587 856 -1481/1250
649 856 -33/5000
648 856 -21/10000
519 857 15439/20000
511 857 4561/20000
510 857 -1
588 857 -10859/10000
650 857 -17/10000
649 857 -9/5000
648 857 -137/10000
569 858 59/2000
567 858 189/10000
568 858 69/2000
473 858 -1
478 858 85867/100000
438 858 2951/100000
433 858 943/50000
437 858 689/20000
436 858 2463/100000
435 858 91/6250
456 858 1931/100000
589 858 -2649/2000
650 858 -199/10000
649 858 -19/1250
648 858 -543/10000
569 859 19/625
567 859 207/10000
568 859 89/2500
484 859 -1
478 859 85227/100000
438 859 19/625
433 859 207/10000
437 859 891/25000
436 859 509/20000
435 859 379/25000
456 859 1019/50000
589 859 -6797/5000
650 859 -51/2500
649 859 -39/2500
648 859 -557/10000
569 860 41/10000
567 860 43/10000
568 860 17/2000
488 860 -1
478 860 94299/100000
438 860 413/100000
433 860 43/10000
437 860 169/20000
436 860 113/20000
435 860 791/100000
456 860 83/3125
589 860 -2613/2000
650 860 -49/2500
649 860 -9/625
648 860 -59/1250
569 861 171/10000
567 861 8/625
568 861 14/625
478 861 45261/50000
438 861 341/20000
433 861 51/4000
437 861 2243/100000
436 861 1569/100000
435 861 563/50000
456 861 39/2500
527 861 -1
589 861 -12967/10000
650 861 -49/2500
649 861 -3/200
648 861 -537/10000
569 862 29/1000
567 862 33/2000
568 862 69/2000
477 862 2713/3125
438 862 579/20000
433 862 413/25000
437 862 3451/100000
436 862 2457/100000
435 862 1393/100000
456 862 167/12500
473 862 -1
590 862 -2649/2000
650 862 -37/2000
649 862 -179/10000
648 862 -53/1000
478 863 94299/100000
569 863 41/10000
567 863 43/10000
568 863 17/2000
489 863 -1
438 863 413/100000
433 863 101/25000
437 863 169/20000
436 863 113/20000
435 863 791/100000
456 863 83/3125
591 863 -6733/5000
649 863 -9/625
648 863 -59/1250
569 864 1/125
567 864 7/1000
568 864 11/1000
501 864 -1
495 864 919/1000
438 864 1/125
433 864 7/1000
437 864 11/1000
436 864 1/125
435 864 7/1000
456 864 1/25
591 864 -639/500
649 864 -9/1000
648 864 -1/200
569 865 13/500
567 865 17/1000
568 865 4/125
476 865 -1
485 865 213/250
438 865 13/500
433 865 17/1000
437 865 4/125
436 865 1/40
435 865 17/1000
456 865 31/1000
592 865 -53/40
650 865 -7/1000
649 865 -11/125
648 865 -1/100
509 866 499/500
455 866 -17/16
593 866 -1
650 866 53/200
649 866 -16/625
648 866 -657/10000
456 867 1
457 867 -1
488 868 1
500 868 -1
553 869 219/5000
445 869 131/1000
457 869 1
456 869 -5219/5000
596 869 -1
650 869 -1/20
649 869 -59/100
445 870 -613/200
435 870 49/200
457 870 1
597 870 -1
650 870 8/25
649 870 -41/100
648 870 -119/50
553 871 413/2000
445 871 3087/5000
457 871 1
456 871 -2413/2000
598 871 -1
649 871 -21/50
657 872 -956061/100000
605 872 6187/40
611 872 -85
610 872 -1
609 872 -12
604 872 -44
541 872 -1
440 872 1
658 873 -27/100
551 873 -1
659 874 -956061/100000
613 874 20205493/50000
619 874 -85
618 874 -1
617 874 -12
612 874 -1/10000
660 874 -2177/2500
542 874 -1
441 874 1
660 875 1
661 875 -27/100
552 875 -1
662 876 -3/5
554 876 -1
447 876 1
664 877 -42119/10000
663 877 -3/5
555 877 -1
450 877 1
666 878 -8737/2000
665 878 -23/10
556 878 -1
451 878 1
629 879 -91
630 879 -96
627 879 -86
668 879 -16
667 879 -13
543 879 -1
453 879 99/100
557 880 -1
634 881 -87
635 881 -92
632 881 -82
670 881 -16
669 881 -13
544 881 -1
454 881 99/100
558 882 -1
539 883 -1
671 883 1731/2500
539 884 -38327/4000
672 884 -21/25
643 884 -1
642 884 -1
673 884 -18
640 884 -43/2
641 884 -15
671 884 -61177/50000
636 884 6726709/12500
545 884 -1
466 884 199/200
672 885 1
675 885 -5
674 885 -7/25
638 885 1785159/100000
559 885 -1
1865 886 -1
433 886 1
1866 887 -1
438 887 1
1867 888 -1
525 888 1
648 889 1
650 890 1
652 890 -83/2
648 891 -289/10000
652 891 1
443 892 -1
648 892 1
444 893 -1
649 893 1
448 894 -1
650 894 1
648 895 -1
629 896 1/2
627 896 1
653 896 -1
629 897 1/2
630 897 1
654 897 -1
634 898 1/2
632 898 1
655 898 -1
634 899 1/2
635 899 1
656 899 -1
676 900 1
1 900 -1
677 901 1
5 901 -1
678 902 1
6 902 -1
852 903 34293/2500
851 903 53861/50000
853 903 128769/50000
900 903 192581/25000
850 903 -1710311/50000
856 903 12002029/100000
855 903 2781937/25000
849 903 6858703/100000
901 903 30217/100000
796 903 1
789 903 6001/5000
682 903 -1
852 904 690191/50000
851 904 54027/50000
853 904 128769/50000
900 904 96553/12500
850 904 -3429947/100000
856 904 6017373/50000
855 904 5579041/50000
849 904 6877399/100000
901 904 1511/50000
796 904 1
789 904 120347/100000
683 904 -1
852 905 676611/50000
851 905 10729/10000
853 905 76297/25000
900 905 268121/10000
850 905 -11139/5000
856 905 5837411/50000
849 905 7049869/100000
901 905 77651/100000
796 905 1
789 905 29187/25000
684 905 -1
852 906 1375301/100000
851 906 108153/100000
853 906 76297/25000
900 906 2700079/100000
850 906 -56087/25000
856 906 11756983/100000
849 906 3549741/50000
901 906 1553/20000
796 906 1
789 906 11757/10000
685 906 -1
852 907 270363/20000
851 907 107711/100000
853 907 12/5
900 907 212393/50000
850 907 -3477797/100000
856 907 11936023/100000
855 907 4476009/50000
854 907 1492003/50000
849 907 5609931/100000
901 907 39/2000
796 907 1
789 907 746/625
686 907 -1
852 908 317/25
851 908 10671/10000
853 908 12/5
900 908 1161083/100000
850 908 -1908759/100000
856 908 5902491/50000
855 908 9101641/100000
854 908 590249/20000
849 908 1239523/25000
901 908 19/200
796 908 1
789 908 2361/2000
689 908 -1
852 909 257251/20000
851 909 26711/25000
853 909 12/5
900 909 195357/100000
850 909 -23326591/50000
856 909 1039021/10000
855 909 323251/4000
854 909 4040637/100000
849 909 1039021/20000
901 909 1319/10000
796 909 1
789 909 115447/100000
690 909 -1
852 910 1150537/100000
851 910 103403/100000
853 910 16/5
900 910 85171/25000
850 910 -239597/100000
856 910 2339793/25000
855 910 3853777/100000
849 910 1376349/50000
901 910 1/1000
796 910 1
789 910 27527/25000
691 910 -1
852 911 672209/50000
851 911 21549/20000
853 911 13/5
900 911 1680401/100000
850 911 -254803/100000
856 911 4976581/50000
855 911 3512881/100000
849 911 6791569/100000
901 911 21/1000
796 911 1
789 911 14637/12500
692 911 -1
852 912 347823/25000
851 912 10823/10000
853 912 96343/50000
900 912 6026/3125
850 912 -16054289/25000
856 912 780281/6250
855 912 780281/6250
854 912 328208/3125
849 912 1287831/20000
901 912 221/25000
796 912 1
789 912 24969/20000
719 912 -1
852 913 306403/20000
851 913 109579/100000
853 913 2
900 913 150137/20000
850 913 -3012911/20000
856 913 1299293/10000
855 913 1299293/10000
854 913 935491/20000
849 913 1299293/20000
796 913 1
789 913 129929/100000
721 913 -1
852 914 137/10
851 914 1089/1000
853 914 2
900 914 17591/10000
850 914 -31663441/100000
856 914 1257071/10000
855 914 1257071/10000
854 914 282841/6250
849 914 1257071/20000
796 914 1
789 914 125707/100000
723 914 -1
852 915 71/5
851 915 1087/1000
853 915 193/100
900 915 97819/50000
850 915 -32542709/50000
856 915 3164557/25000
855 915 3164557/25000
854 915 10632911/100000
849 915 664557/10000
901 915 1/100
796 915 1
789 915 63291/50000
724 915 -1
852 916 299/25
851 916 419/400
853 916 19/10
900 916 11103/6250
850 916 -7387569/12500
856 916 11494253/100000
855 916 11494253/100000
854 916 9666667/100000
849 916 1454023/50000
901 916 47/1000
796 916 1
789 916 114943/100000
725 916 -1
852 917 244851/20000
851 917 26523/25000
853 917 11/5
900 917 457201/100000
850 917 -4674877/100000
856 917 1176609/10000
855 917 1176609/10000
854 917 3529827/50000
849 917 1029533/25000
901 917 1/1000
796 917 1
789 917 117661/100000
728 917 -1
852 918 138063/10000
851 918 108059/100000
853 918 19/10
900 918 795171/100000
850 918 -2449857/50000
856 918 12331977/100000
855 918 5857689/50000
854 918 1541497/25000
849 918 1572327/25000
901 918 21/1000
796 918 1
789 918 3083/2500
729 918 -1
852 919 168069/10000
851 919 55253/50000
853 919 19/10
900 919 60349/50000
850 919 -11041253/20000
856 919 6830601/50000
855 919 6830601/50000
854 919 6147541/50000
849 919 6830601/100000
901 919 1/10
796 919 1
789 919 34153/25000
747 919 -1
852 920 756619/50000
851 920 21871/20000
853 920 19/10
900 920 114891/100000
850 920 -52550047/100000
856 920 13003901/100000
855 920 13003901/100000
854 920 11703511/100000
849 920 6501951/100000
901 920 1/10
796 920 1
789 920 130039/100000
750 920 -1
852 921 617847/50000
851 921 106433/100000
853 921 19/10
900 921 46773/50000
850 921 -455309/500
856 921 6037189/50000
855 921 6037189/50000
854 921 6037189/50000
849 921 603719/25000
901 921 3/100
796 921 1
789 921 15093/12500
780 921 -1
852 922 1185389/100000
851 922 21071/20000
853 922 10203/4000
900 922 88711/12500
850 922 -4242429/20000
856 922 11109339/100000
855 922 1477007/20000
854 922 449223/50000
849 922 1907163/50000
901 922 4883/50000
796 922 1
789 922 4511/4000
782 922 -1
852 923 528617/50000
851 923 51217/50000
853 923 5509/2000
900 923 84909/12500
850 923 -24927847/100000
856 923 1346543/12500
855 923 220329/4000
854 923 1859611/100000
849 923 2402487/100000
901 923 7977/50000
796 923 1
789 923 107941/100000
783 923 -1
852 924 6878/625
851 924 102823/100000
853 924 289/100
900 924 577761/100000
850 924 -11615861/50000
856 924 10073897/100000
855 924 532493/20000
854 924 1488807/100000
849 924 763421/25000
901 924 7/250
796 924 1
789 924 3396/3125
784 924 -1
852 925 113249/10000
851 925 103027/100000
853 925 287/100
900 925 132689/25000
850 925 -11179313/50000
856 925 9006347/100000
855 925 716787/25000
849 925 3556577/100000
901 925 143/1000
796 925 1
789 925 109433/100000
785 925 -1
852 926 68289/6250
851 926 25713/25000
853 926 3
900 926 152657/20000
850 926 -24411019/100000
856 926 10326087/100000
855 926 5434783/100000
849 926 1576087/50000
901 926 3/1000
796 926 1
789 926 13587/12500
786 926 -1
860 927 34293/2500
859 927 53861/50000
861 927 128769/50000
902 927 192581/25000
858 927 -1710311/50000
864 927 12002029/100000
863 927 2781937/25000
857 927 6858703/100000
904 927 30217/100000
797 927 1
790 927 6001/5000
682 927 -1
860 928 690191/50000
859 928 54027/50000
861 928 128769/50000
902 928 96553/12500
858 928 -3429947/100000
864 928 6017373/50000
863 928 5579041/50000
857 928 6877399/100000
904 928 1511/50000
797 928 1
790 928 120347/100000
683 928 -1
860 929 676611/50000
859 929 10729/10000
861 929 76297/25000
902 929 268121/10000
858 929 -11139/5000
864 929 5837411/50000
857 929 7049869/100000
904 929 77651/100000
797 929 1
790 929 29187/25000
684 929 -1
860 930 1375301/100000
859 930 108153/100000
861 930 76297/25000
902 930 2700079/100000
858 930 -56087/25000
864 930 11756983/100000
857 930 3549741/50000
904 930 1553/20000
797 930 1
790 930 11757/10000
685 930 -1
860 931 270363/20000
859 931 107711/100000
861 931 12/5
902 931 212393/50000
858 931 -3477797/100000
864 931 11936023/100000
863 931 4476009/50000
862 931 1492003/50000
857 931 5609931/100000
904 931 39/2000
797 931 1
790 931 746/625
686 931 -1
860 932 317/25
859 932 10671/10000
861 932 12/5
902 932 1161083/100000
858 932 -1908759/100000
864 932 5902491/50000
863 932 9101641/100000
862 932 590249/20000
857 932 1239523/25000
904 932 19/200
797 932 1
790 932 2361/2000
689 932 -1
860 933 257251/20000
859 933 26711/25000
861 933 12/5
902 933 195357/100000
858 933 -23326591/50000
864 933 1039021/10000
863 933 323251/4000
862 933 4040637/100000
857 933 1039021/20000
904 933 1319/10000
797 933 1
790 933 115447/100000
690 933 -1
860 934 1150537/100000
859 934 103403/100000
861 934 16/5
902 934 85171/25000
858 934 -239597/100000
864 934 2339793/25000
863 934 3853777/100000
857 934 1376349/50000
904 934 1/1000
797 934 1
790 934 27527/25000
691 934 -1
860 935 672209/50000
859 935 21549/20000
861 935 13/5
902 935 1680401/100000
858 935 -254803/100000
864 935 4976581/50000
863 935 3512881/100000
857 935 6791569/100000
904 935 21/1000
797 935 1
790 935 14637/12500
692 935 -1
860 936 347823/25000
859 936 10823/10000
861 936 96343/50000
902 936 6026/3125
858 936 -16054289/25000
864 936 780281/6250
863 936 780281/6250
862 936 328208/3125
857 936 1287831/20000
904 936 221/25000
797 936 1
790 936 24969/20000
719 936 -1
860 937 306403/20000
859 937 109579/100000
861 937 2
902 937 150137/20000
858 937 -3012911/20000
864 937 1299293/10000
863 937 1299293/10000
862 937 935491/20000
857 937 1299293/20000
797 937 1
790 937 129929/100000
721 937 -1
860 938 137/10
859 938 1089/1000
861 938 2
902 938 17591/10000
858 938 -31663441/100000
864 938 1257071/10000
863 938 1257071/10000
862 938 282841/6250
857 938 1257071/20000
797 938 1
790 938 125707/100000
723 938 -1
860 939 71/5
859 939 1087/1000
861 939 193/100
902 939 97819/50000
858 939 -32542709/50000
864 939 3164557/25000
863 939 3164557/25000
862 939 10632911/100000
857 939 664557/10000
904 939 1/100
797 939 1
790 939 63291/50000
724 939 -1
860 940 299/25
859 940 419/400
861 940 19/10
902 940 11103/6250
858 940 -7387569/12500
864 940 11494253/100000
863 940 11494253/100000
862 940 9666667/100000
857 940 1454023/50000
904 940 47/1000
797 940 1
790 940 114943/100000
725 940 -1
860 941 244851/20000
859 941 26523/25000
861 941 11/5
902 941 457201/100000
858 941 -4674877/100000
864 941 1176609/10000
863 941 1176609/10000
862 941 3529827/50000
857 941 1029533/25000
904 941 1/1000
797 941 1
790 941 117661/100000
728 941 -1
860 942 138063/10000
859 942 108059/100000
861 942 19/10
902 942 795171/100000
858 942 -2449857/50000
864 942 12331977/100000
863 942 5857689/50000
862 942 1541497/25000
857 942 1572327/25000
904 942 21/1000
797 942 1
790 942 3083/2500
729 942 -1
860 943 168069/10000
859 943 55253/50000
861 943 19/10
902 943 60349/50000
858 943 -11041253/20000
864 943 6830601/50000
863 943 6830601/50000
862 943 6147541/50000
857 943 6830601/100000
904 943 1/10
797 943 1
790 943 34153/25000
747 943 -1
860 944 756619/50000
859 944 21871/20000
861 944 19/10
902 944 114891/100000
858 944 -52550047/100000
864 944 13003901/100000
863 944 13003901/100000
862 944 11703511/100000
857 944 6501951/100000
904 944 1/10
797 944 1
790 944 130039/100000
750 944 -1
860 945 617847/50000
859 945 106433/100000
861 945 19/10
902 945 46773/50000
858 945 -455309/500
864 945 6037189/50000
863 945 6037189/50000
862 945 6037189/50000
857 945 603719/25000
904 945 3/100
797 945 1
790 945 15093/12500
780 945 -1
860 946 1185389/100000
859 946 21071/20000
861 946 10203/4000
902 946 88711/12500
858 946 -4242429/20000
864 946 11109339/100000
863 946 1477007/20000
862 946 449223/50000
857 946 1907163/50000
904 946 4883/50000
797 946 1
790 946 4511/4000
782 946 -1
860 947 528617/50000
859 947 51217/50000
861 947 5509/2000
902 947 84909/12500
858 947 -24927847/100000
864 947 1346543/12500
863 947 220329/4000
862 947 1859611/100000
857 947 2402487/100000
904 947 7977/50000
797 947 1
790 947 107941/100000
783 947 -1
860 948 6878/625
859 948 102823/100000
861 948 289/100
902 948 577761/100000
858 948 -11615861/50000
864 948 10073897/100000
863 948 532493/20000
862 948 1488807/100000
857 948 763421/25000
904 948 7/250
797 948 1
790 948 3396/3125
784 948 -1
860 949 113249/10000
859 949 103027/100000
861 949 287/100
902 949 132689/25000
858 949 -11179313/50000
864 949 9006347/100000
863 949 716787/25000
857 949 3556577/100000
904 949 143/1000
797 949 1
790 949 109433/100000
785 949 -1
860 950 68289/6250
859 950 25713/25000
861 950 3
902 950 152657/20000
858 950 -24411019/100000
864 950 10326087/100000
863 950 5434783/100000
857 950 1576087/50000
904 950 3/1000
797 950 1
790 950 13587/12500
786 950 -1
866 951 34293/2500
865 951 53861/50000
905 951 30217/100000
799 951 1
708 951 3861/50000
682 951 -1
866 952 690191/50000
865 952 54027/50000
905 952 1511/50000
799 952 1
708 952 4027/50000
683 952 -1
866 953 676611/50000
865 953 10729/10000
905 953 77651/100000
799 953 1
708 953 729/10000
684 953 -1
866 954 1375301/100000
865 954 108153/100000
905 954 1553/20000
799 954 1
708 954 8153/100000
685 954 -1
866 955 270363/20000
865 955 107711/100000
905 955 1331/50000
799 955 1
708 955 7711/100000
686 955 -1
866 956 381277/25000
865 956 21917/20000
799 956 1
708 956 1917/20000
687 956 -1
866 957 623/50
865 957 10671/10000
905 957 19/200
799 957 1
708 957 671/10000
689 957 -1
866 958 257251/20000
865 958 26711/25000
905 958 1319/10000
799 958 1
708 958 1711/25000
690 958 -1
866 959 1150537/100000
865 959 103403/100000
905 959 1/1000
799 959 1
708 959 3403/100000
691 959 -1
866 960 672209/50000
865 960 21549/20000
905 960 21/1000
799 960 1
708 960 1549/20000
692 960 -1
866 961 86797/6250
865 961 54067/50000
905 961 221/2500
799 961 1
708 961 4067/50000
718 961 -1
866 962 347823/25000
865 962 10823/10000
905 962 221/25000
799 962 1
708 962 823/10000
719 962 -1
866 963 611/50
865 963 5253/5000
905 963 47/100
799 963 1
708 963 253/5000
725 963 -1
866 964 244851/20000
865 964 26523/25000
905 964 1/1000
799 964 1
708 964 1523/25000
728 964 -1
866 965 138063/10000
865 965 108059/100000
905 965 21/1000
799 965 1
708 965 8059/100000
729 965 -1
866 966 1251439/100000
865 966 50741/50000
905 966 63619/50000
799 966 1
708 966 741/50000
764 966 -1
866 967 1063043/100000
865 967 6089/6250
905 967 210283/100000
799 967 1
708 967 -161/6250
765 967 -1
866 968 149189/20000
865 968 95579/100000
905 968 11/200
799 968 1
708 968 -4421/100000
767 968 -1
866 969 1379387/100000
865 969 109591/100000
905 969 1/50
799 969 1
708 969 9591/100000
768 969 -1
866 970 325971/25000
865 970 107121/100000
905 970 61809/50000
799 970 1
708 970 7121/100000
773 970 -1
866 971 1341229/100000
865 971 54283/50000
905 971 13311/100000
799 971 1
708 971 4283/50000
774 971 -1
866 972 238081/20000
865 972 101981/100000
905 972 97/2500
799 972 1
708 972 1981/100000
775 972 -1
866 973 288353/25000
865 973 101599/100000
905 973 1091/5000
799 973 1
708 973 1599/100000
776 973 -1
866 974 1185389/100000
865 974 21071/20000
905 974 4883/50000
799 974 1
708 974 1071/20000
782 974 -1
866 975 528617/50000
865 975 51217/50000
905 975 7977/50000
799 975 1
708 975 1217/50000
783 975 -1
866 976 6878/625
865 976 102823/100000
905 976 7/250
799 976 1
708 976 2823/100000
784 976 -1
866 977 113249/10000
865 977 103027/100000
905 977 143/1000
799 977 1
708 977 3027/100000
785 977 -1
866 978 68289/6250
865 978 25713/25000
905 978 3/1000
799 978 1
708 978 713/25000
786 978 -1
866 979 633201/100000
865 979 93629/100000
905 979 131/500
799 979 1
708 979 -6371/100000
787 979 -1
866 980 489951/50000
865 980 9933/10000
905 980 1/200
799 980 1
708 980 -67/10000
788 980 -1
868 981 34293/2500
867 981 53861/50000
907 981 239/100
906 981 30217/100000
800 981 1
711 981 3861/50000
682 981 -1
868 982 690191/50000
867 982 54027/50000
907 982 239/100
906 982 1511/50000
800 982 1
711 982 4027/50000
683 982 -1
868 983 676611/50000
867 983 10729/10000
907 983 72/25
906 983 77651/100000
800 983 1
711 983 729/10000
684 983 -1
868 984 1375301/100000
867 984 108153/100000
907 984 72/25
906 984 1553/20000
800 984 1
711 984 8153/100000
685 984 -1
868 985 270363/20000
867 985 107711/100000
907 985 56/25
906 985 1331/50000
800 985 1
711 985 7711/100000
686 985 -1
868 986 381277/25000
867 986 21917/20000
907 986 12/5
800 986 1
711 986 1917/20000
687 986 -1
868 987 623/50
867 987 10671/10000
907 987 12/5
906 987 19/200
800 987 1
711 987 671/10000
689 987 -1
868 988 257251/20000
867 988 26711/25000
907 988 21/10
906 988 1319/10000
800 988 1
711 988 1711/25000
690 988 -1
868 989 1150537/100000
867 989 103403/100000
907 989 27/10
906 989 1/1000
800 989 1
711 989 3403/100000
691 989 -1
868 990 672209/50000
867 990 21549/20000
907 990 12/5
906 990 21/1000
800 990 1
711 990 1549/20000
692 990 -1
868 991 86797/6250
867 991 54067/50000
907 991 87/50
906 991 221/2500
800 991 1
711 991 4067/50000
718 991 -1
868 992 347823/25000
867 992 10823/10000
907 992 87/50
906 992 221/25000
800 992 1
711 992 823/10000
719 992 -1
868 993 611/50
867 993 5253/5000
907 993 87/50
906 993 47/100
800 993 1
711 993 253/5000
725 993 -1
868 994 244851/20000
867 994 26523/25000
907 994 21/10
906 994 1/1000
800 994 1
711 994 1523/25000
728 994 -1
868 995 138063/10000
867 995 108059/100000
907 995 17/10
906 995 21/1000
800 995 1
711 995 8059/100000
729 995 -1
868 996 1251439/100000
867 996 50741/50000
907 996 106/25
906 996 63619/50000
800 996 1
711 996 741/50000
764 996 -1
868 997 1063043/100000
867 997 6089/6250
907 997 263/50
906 997 210283/100000
800 997 1
711 997 -161/6250
765 997 -1
868 998 149189/20000
867 998 95579/100000
907 998 7/2
906 998 11/200
800 998 1
711 998 -4421/100000
767 998 -1
868 999 1379387/100000
867 999 109591/100000
907 999 197/50
906 999 1/50
800 999 1
711 999 9591/100000
768 999 -1
868 1000 325971/25000
867 1000 107121/100000
907 1000 92/25
906 1000 61809/50000
800 1000 1
711 1000 7121/100000
773 1000 -1
868 1001 1341229/100000
867 1001 54283/50000
907 1001 69/20
906 1001 13311/100000
800 1001 1
711 1001 4283/50000
774 1001 -1
868 1002 238081/20000
867 1002 101981/100000
907 1002 311/100
906 1002 97/2500
800 1002 1
711 1002 1981/100000
775 1002 -1
868 1003 288353/25000
867 1003 101599/100000
907 1003 613/200
906 1003 1091/5000
800 1003 1
711 1003 1599/100000
776 1003 -1
868 1004 1185389/100000
867 1004 21071/20000
907 1004 12/5
906 1004 4883/50000
800 1004 1
711 1004 1071/20000
782 1004 -1
868 1005 528617/50000
867 1005 51217/50000
907 1005 12/5
906 1005 7977/50000
800 1005 1
711 1005 1217/50000
783 1005 -1
868 1006 6878/625
867 1006 102823/100000
907 1006 273/100
906 1006 7/250
800 1006 1
711 1006 2823/100000
784 1006 -1
868 1007 113249/10000
867 1007 103027/100000
907 1007 271/100
906 1007 143/1000
800 1007 1
711 1007 3027/100000
785 1007 -1
868 1008 68289/6250
867 1008 25713/25000
907 1008 31/10
906 1008 3/1000
800 1008 1
711 1008 713/25000
786 1008 -1
868 1009 633201/100000
867 1009 93629/100000
907 1009 249/50
906 1009 131/500
800 1009 1
711 1009 -6371/100000
787 1009 -1
868 1010 489951/50000
867 1010 9933/10000
907 1010 49/10
906 1010 1/200
800 1010 1
711 1010 -67/10000
788 1010 -1
870 1011 34293/2500
869 1011 53861/50000
909 1011 239/100
908 1011 30217/100000
801 1011 1
712 1011 3861/50000
682 1011 -1
870 1012 690191/50000
869 1012 54027/50000
909 1012 239/100
908 1012 1511/50000
801 1012 1
712 1012 4027/50000
683 1012 -1
870 1013 676611/50000
869 1013 10729/10000
909 1013 72/25
908 1013 77651/100000
801 1013 1
712 1013 729/10000
684 1013 -1
870 1014 1375301/100000
869 1014 108153/100000
909 1014 72/25
908 1014 1553/20000
801 1014 1
712 1014 8153/100000
685 1014 -1
870 1015 270363/20000
869 1015 107711/100000
909 1015 56/25
908 1015 1331/50000
801 1015 1
712 1015 7711/100000
686 1015 -1
870 1016 381277/25000
869 1016 21917/20000
909 1016 12/5
801 1016 1
712 1016 1917/20000
687 1016 -1
870 1017 623/50
869 1017 10671/10000
909 1017 12/5
908 1017 19/200
801 1017 1
712 1017 671/10000
689 1017 -1
870 1018 257251/20000
869 1018 26711/25000
909 1018 21/10
908 1018 1319/10000
801 1018 1
712 1018 1711/25000
690 1018 -1
870 1019 1150537/100000
869 1019 103403/100000
909 1019 27/10
908 1019 1/1000
801 1019 1
712 1019 3403/100000
691 1019 -1
870 1020 672209/50000
869 1020 21549/20000
909 1020 12/5
908 1020 21/1000
801 1020 1
712 1020 1549/20000
692 1020 -1
870 1021 86797/6250
869 1021 54067/50000
909 1021 87/50
908 1021 221/2500
801 1021 1
712 1021 4067/50000
718 1021 -1
870 1022 347823/25000
869 1022 10823/10000
909 1022 87/50
908 1022 221/25000
801 1022 1
712 1022 823/10000
719 1022 -1
870 1023 611/50
869 1023 5253/5000
909 1023 87/50
908 1023 47/100
801 1023 1
712 1023 253/5000
725 1023 -1
870 1024 244851/20000
869 1024 26523/25000
909 1024 21/10
908 1024 1/1000
801 1024 1
712 1024 1523/25000
728 1024 -1
870 1025 138063/10000
869 1025 108059/100000
909 1025 17/10
908 1025 21/1000
801 1025 1
712 1025 8059/100000
729 1025 -1
870 1026 1251439/100000
869 1026 50741/50000
909 1026 106/25
908 1026 63619/50000
801 1026 1
712 1026 741/50000
764 1026 -1
870 1027 1063043/100000
869 1027 6089/6250
909 1027 263/50
908 1027 210283/100000
801 1027 1
712 1027 -161/6250
765 1027 -1
870 1028 149189/20000
869 1028 95579/100000
909 1028 7/2
908 1028 11/200
801 1028 1
712 1028 -4421/100000
767 1028 -1
870 1029 1379387/100000
869 1029 109591/100000
909 1029 197/50
908 1029 1/50
801 1029 1
712 1029 9591/100000
768 1029 -1
870 1030 325971/25000
869 1030 107121/100000
909 1030 92/25
908 1030 61809/50000
801 1030 1
712 1030 7121/100000
773 1030 -1
870 1031 1341229/100000
869 1031 54283/50000
909 1031 69/20
908 1031 13311/100000
801 1031 1
712 1031 4283/50000
774 1031 -1
870 1032 238081/20000
869 1032 101981/100000
909 1032 311/100
908 1032 97/2500
801 1032 1
712 1032 1981/100000
775 1032 -1
870 1033 288353/25000
869 1033 101599/100000
909 1033 613/200
908 1033 1091/5000
801 1033 1
712 1033 1599/100000
776 1033 -1
870 1034 1185389/100000
869 1034 21071/20000
909 1034 12/5
908 1034 4883/50000
801 1034 1
712 1034 1071/20000
782 1034 -1
870 1035 528617/50000
869 1035 51217/50000
909 1035 12/5
908 1035 7977/50000
801 1035 1
712 1035 1217/50000
783 1035 -1
870 1036 6878/625
869 1036 102823/100000
909 1036 273/100
908 1036 7/250
801 1036 1
712 1036 2823/100000
784 1036 -1
870 1037 113249/10000
869 1037 103027/100000
909 1037 271/100
908 1037 143/1000
801 1037 1
712 1037 3027/100000
785 1037 -1
870 1038 68289/6250
869 1038 25713/25000
909 1038 31/10
908 1038 3/1000
801 1038 1
712 1038 713/25000
786 1038 -1
870 1039 633201/100000
869 1039 93629/100000
909 1039 249/50
908 1039 131/500
801 1039 1
712 1039 -6371/100000
787 1039 -1
870 1040 489951/50000
869 1040 9933/10000
909 1040 49/10
908 1040 1/200
801 1040 1
712 1040 -67/10000
788 1040 -1
896 1041 16877811/100000
897 1041 8769367/50000
871 1041 227/200
873 1041 434/25
911 1041 1705151/10000
910 1041 3507993/25000
802 1041 1
791 1041 8881/5000
694 1041 -1
896 1042 284437/2000
897 1042 7460789/50000
871 1042 559/500
873 1042 839/50
911 1042 1412/25
910 1042 168/5
802 1042 1
791 1042 8/5
695 1042 -1
896 1043 7457177/50000
897 1043 15851493/100000
871 1043 1139/1000
873 1043 434/25
911 1043 3296233/25000
910 1043 10273973/100000
802 1043 1
791 1043 171233/100000
699 1043 -1
896 1044 5640113/50000
897 1044 11339347/100000
871 1044 1121/1000
873 1044 839/50
911 1044 1111111/25000
910 1044 297619/12500
802 1044 1
791 1044 15873/10000
700 1044 -1
896 1045 4066863/50000
897 1045 38343/500
871 1045 13617/12500
873 1045 700739/50000
911 1045 147049/100000
910 1045 302569/100000
802 1045 1
791 1045 133681/100000
733 1045 -1
896 1046 5627497/50000
897 1046 5758511/50000
871 1046 110907/100000
873 1046 814163/50000
911 1046 3771877/100000
910 1046 1131563/50000
802 1046 1
791 1046 1207/800
734 1046 -1
896 1047 2880571/25000
897 1047 2899717/25000
871 1047 27763/25000
873 1047 41139/2500
911 1047 220621/6250
910 1047 1538723/100000
802 1047 1
791 1047 152811/100000
735 1047 -1
896 1048 5349311/50000
897 1048 11967267/100000
871 1048 53597/50000
873 1048 621143/50000
911 1048 233081/50000
910 1048 212711/50000
802 1048 1
791 1048 6351/5000
737 1048 -1
896 1049 10982111/100000
897 1049 3119357/25000
871 1049 26621/25000
873 1049 594617/50000
911 1049 99501/25000
910 1049 78353/20000
802 1049 1
791 1049 62383/50000
738 1049 -1
896 1050 3427311/25000
897 1050 7261709/50000
871 1050 27811/25000
873 1050 1717831/100000
911 1050 93603/2500
910 1050 405613/20000
802 1050 1
791 1050 31201/20000
739 1050 -1
896 1051 9130247/100000
897 1051 4590431/50000
871 1051 2701/2500
873 1051 322693/25000
911 1051 744401/100000
910 1051 329381/50000
802 1051 1
791 1051 16469/12500
740 1051 -1
896 1052 10743381/100000
897 1052 6133991/50000
871 1052 105101/100000
873 1052 1101423/100000
911 1052 843373/100000
910 1052 60241/10000
802 1052 1
791 1052 60241/50000
741 1052 -1
896 1053 6178123/50000
897 1053 258769/2000
871 1053 27787/25000
873 1053 1688779/100000
911 1053 1704379/50000
910 1053 451159/25000
802 1053 1
791 1053 77121/50000
742 1053 -1
896 1054 11991173/100000
897 1054 3108077/25000
871 1054 22071/20000
873 1054 94781/6250
911 1054 262697/10000
910 1054 262697/20000
802 1054 1
791 1054 145943/100000
743 1054 -1
896 1055 4960353/50000
897 1055 10223809/100000
871 1055 13707/12500
873 1055 739323/50000
911 1055 212937/50000
910 1055 212937/50000
802 1055 1
791 1055 137379/100000
744 1055 -1
896 1056 294456/3125
897 1056 334224/3125
871 1056 106167/100000
873 1056 73239/6250
911 1056 123457/50000
910 1056 123457/100000
802 1056 1
791 1056 123457/100000
745 1056 -1
896 1057 12749257/100000
897 1057 2661981/20000
871 1057 110287/100000
873 1057 153753/10000
911 1057 244253/50000
910 1057 86207/25000
802 1057 1
791 1057 71839/50000
746 1057 -1
896 1058 2954169/25000
897 1058 6088369/50000
871 1058 55253/50000
873 1058 168069/10000
911 1058 191257/100000
910 1058 191257/100000
802 1058 1
791 1058 34153/25000
747 1058 -1
896 1059 13004587/100000
897 1059 109633/800
871 1059 1377/1250
873 1059 1530877/100000
911 1059 14539/2500
910 1059 109929/25000
802 1059 1
791 1059 35461/25000
748 1059 -1
896 1060 1071881/10000
897 1060 1237547/10000
871 1060 51729/50000
873 1060 984091/100000
911 1060 76651/25000
910 1060 76651/25000
802 1060 1
791 1060 4717/4000
749 1060 -1
896 1061 2086739/20000
897 1061 10565103/100000
871 1061 21871/20000
873 1061 756619/50000
911 1061 136541/50000
910 1061 136541/50000
802 1061 1
791 1061 130039/100000
750 1061 -1
896 1062 2694549/25000
897 1062 10995663/100000
871 1062 11/10
873 1062 15
911 1062 82587/6250
910 1062 82587/6250
802 1062 1
791 1062 146821/100000
751 1062 -1
896 1063 2231531/20000
897 1063 116293/1000
871 1063 109319/100000
873 1063 1380359/100000
911 1063 265883/10000
910 1063 174923/12500
802 1063 1
791 1063 69969/50000
754 1063 -1
896 1064 12089621/100000
897 1064 6228891/50000
871 1064 11089/10000
873 1064 81/5
911 1064 1691931/50000
910 1064 55983/3125
802 1064 1
791 1064 38279/25000
755 1064 -1
896 1065 556827/6250
897 1065 2297289/25000
871 1065 2711/2500
873 1065 139/10
911 1065 104971/25000
910 1065 104971/25000
802 1065 1
791 1065 67723/50000
756 1065 -1
896 1066 7366091/50000
897 1066 9227661/50000
871 1066 1123/1000
873 1066 719/50
911 1066 290099/2000
910 1066 2929043/25000
802 1066 1
791 1066 165017/100000
772 1066 -1
896 1067 6190207/50000
897 1067 6912511/50000
871 1067 110191/100000
873 1067 37227/2500
911 1067 2985507/100000
910 1067 72029/5000
802 1067 1
791 1067 4529/3125
778 1067 -1
896 1068 9983271/100000
897 1068 5642321/50000
871 1068 21623/20000
873 1068 330609/25000
911 1068 299323/100000
910 1068 302753/100000
802 1068 1
791 1068 130141/100000
779 1068 -1
896 1069 2184309/25000
897 1069 9806877/100000
871 1069 106433/100000
873 1069 617847/50000
911 1069 84521/100000
910 1069 84521/100000
802 1069 1
791 1069 15093/12500
780 1069 -1
898 1070 16877811/100000
899 1070 8769367/50000
876 1070 227/200
878 1070 434/25
913 1070 1705151/10000
912 1070 3507993/25000
803 1070 1
792 1070 8881/5000
694 1070 -1
898 1071 284437/2000
899 1071 7460789/50000
876 1071 559/500
878 1071 839/50
913 1071 1412/25
912 1071 168/5
803 1071 1
792 1071 8/5
695 1071 -1
898 1072 7457177/50000
899 1072 15851493/100000
876 1072 1139/1000
878 1072 434/25
913 1072 3296233/25000
912 1072 10273973/100000
803 1072 1
792 1072 171233/100000
699 1072 -1
898 1073 5640113/50000
899 1073 11339347/100000
876 1073 1121/1000
878 1073 839/50
913 1073 1111111/25000
912 1073 297619/12500
803 1073 1
792 1073 15873/10000
700 1073 -1
898 1074 4066863/50000
899 1074 38343/500
876 1074 13617/12500
878 1074 700739/50000
913 1074 147049/100000
912 1074 302569/100000
803 1074 1
792 1074 133681/100000
733 1074 -1
898 1075 5627497/50000
899 1075 5758511/50000
876 1075 110907/100000
878 1075 814163/50000
913 1075 3771877/100000
912 1075 1131563/50000
803 1075 1
792 1075 1207/800
734 1075 -1
898 1076 2880571/25000
899 1076 2899717/25000
876 1076 27763/25000
878 1076 41139/2500
913 1076 220621/6250
912 1076 1538723/100000
803 1076 1
792 1076 152811/100000
735 1076 -1
898 1077 5349311/50000
899 1077 11967267/100000
876 1077 53597/50000
878 1077 621143/50000
913 1077 233081/50000
912 1077 212711/50000
803 1077 1
792 1077 6351/5000
737 1077 -1
898 1078 10982111/100000
899 1078 3119357/25000
876 1078 26621/25000
878 1078 594617/50000
913 1078 99501/25000
912 1078 78353/20000
803 1078 1
792 1078 62383/50000
738 1078 -1
898 1079 3427311/25000
899 1079 7261709/50000
876 1079 27811/25000
878 1079 1717831/100000
913 1079 93603/2500
912 1079 405613/20000
803 1079 1
792 1079 31201/20000
739 1079 -1
898 1080 9130247/100000
899 1080 4590431/50000
876 1080 2701/2500
878 1080 322693/25000
913 1080 744401/100000
912 1080 329381/50000
803 1080 1
792 1080 16469/12500
740 1080 -1
898 1081 10743381/100000
899 1081 6133991/50000
876 1081 105101/100000
878 1081 1101423/100000
913 1081 843373/100000
912 1081 60241/10000
803 1081 1
792 1081 60241/50000
741 1081 -1
898 1082 6178123/50000
899 1082 258769/2000
876 1082 27787/25000
878 1082 1688779/100000
913 1082 1704379/50000
912 1082 451159/25000
803 1082 1
792 1082 77121/50000
742 1082 -1
898 1083 11991173/100000
899 1083 3108077/25000
876 1083 22071/20000
878 1083 94781/6250
913 1083 262697/10000
912 1083 262697/20000
803 1083 1
792 1083 145943/100000
743 1083 -1
898 1084 4960353/50000
899 1084 10223809/100000
876 1084 13707/12500
878 1084 739323/50000
913 1084 212937/50000
912 1084 212937/50000
803 1084 1
792 1084 137379/100000
744 1084 -1
898 1085 294456/3125
899 1085 334224/3125
876 1085 106167/100000
878 1085 73239/6250
913 1085 123457/50000
912 1085 123457/100000
803 1085 1
792 1085 123457/100000
745 1085 -1
898 1086 12749257/100000
899 1086 2661981/20000
876 1086 110287/100000
878 1086 153753/10000
913 1086 244253/50000
912 1086 86207/25000
803 1086 1
792 1086 71839/50000
746 1086 -1
898 1087 2954169/25000
899 1087 6088369/50000
876 1087 55253/50000
878 1087 168069/10000
913 1087 191257/100000
912 1087 191257/100000
803 1087 1
792 1087 34153/25000
747 1087 -1
898 1088 13004587/100000
899 1088 109633/800
876 1088 1377/1250
878 1088 1530877/100000
913 1088 14539/2500
912 1088 109929/25000
803 1088 1
792 1088 35461/25000
748 1088 -1
898 1089 1071881/10000
899 1089 1237547/10000
876 1089 51729/50000
878 1089 984091/100000
913 1089 76651/25000
912 1089 76651/25000
803 1089 1
792 1089 4717/4000
749 1089 -1
898 1090 2086739/20000
899 1090 10565103/100000
876 1090 21871/20000
878 1090 756619/50000
913 1090 136541/50000
912 1090 136541/50000
803 1090 1
792 1090 130039/100000
750 1090 -1
898 1091 2694549/25000
899 1091 10995663/100000
876 1091 11/10
878 1091 15
913 1091 82587/6250
912 1091 82587/6250
803 1091 1
792 1091 146821/100000
751 1091 -1
898 1092 2231531/20000
899 1092 116293/1000
876 1092 109319/100000
878 1092 1380359/100000
913 1092 265883/10000
912 1092 174923/12500
803 1092 1
792 1092 69969/50000
754 1092 -1
898 1093 12089621/100000
899 1093 6228891/50000
876 1093 11089/10000
878 1093 81/5
913 1093 1691931/50000
912 1093 55983/3125
803 1093 1
792 1093 38279/25000
755 1093 -1
898 1094 556827/6250
899 1094 2297289/25000
876 1094 2711/2500
878 1094 139/10
913 1094 104971/25000
912 1094 104971/25000
803 1094 1
792 1094 67723/50000
756 1094 -1
898 1095 7366091/50000
899 1095 9227661/50000
876 1095 1123/1000
878 1095 719/50
913 1095 290099/2000
912 1095 2929043/25000
803 1095 1
792 1095 165017/100000
772 1095 -1
898 1096 6190207/50000
899 1096 6912511/50000
876 1096 110191/100000
878 1096 37227/2500
913 1096 2985507/100000
912 1096 72029/5000
803 1096 1
792 1096 4529/3125
778 1096 -1
898 1097 9983271/100000
899 1097 5642321/50000
876 1097 21623/20000
878 1097 330609/25000
913 1097 299323/100000
912 1097 302753/100000
803 1097 1
792 1097 130141/100000
779 1097 -1
898 1098 2184309/25000
899 1098 9806877/100000
876 1098 106433/100000
878 1098 617847/50000
913 1098 84521/100000
912 1098 84521/100000
803 1098 1
792 1098 15093/12500
780 1098 -1
884 1099 690191/50000
882 1099 54027/50000
888 1099 11158087/100000
917 1099 9581/2500
915 1099 2639521/100000
916 1099 151/5000
885 1099 1033243/50000
883 1099 -446609/50000
914 1099 45773/25000
881 1099 -3429941/100000
804 1099 1
793 1099 120347/100000
683 1099 -1
884 1100 1375301/100000
882 1100 108153/100000
917 1100 42457/10000
915 1100 3168389/100000
916 1100 777/10000
885 1100 266037/20000
883 1100 -1128603/100000
914 1100 211797/100000
881 1100 -56087/25000
804 1100 1
793 1100 11757/10000
685 1100 -1
884 1101 257251/20000
882 1101 26711/25000
888 1101 323251/4000
887 1101 4040637/100000
917 1101 33/10
915 1101 2886169/100000
916 1101 1319/10000
885 1101 1039021/50000
883 1101 -109079/12500
914 1101 46327/25000
881 1101 -23326591/50000
804 1101 1
793 1101 115447/100000
690 1101 -1
884 1102 1150537/100000
882 1102 103403/100000
888 1102 3853777/100000
917 1102 21/5
915 1102 1101079/25000
916 1102 1/1000
885 1102 27527/5000
883 1102 -816903/50000
914 1102 90047/50000
881 1102 -210101/100000
804 1102 1
793 1102 27527/25000
691 1102 -1
884 1103 672209/50000
882 1103 21549/20000
888 1103 3512881/100000
917 1103 97/25
915 1103 190281/6250
916 1103 21/1000
885 1103 278103/12500
883 1103 -429489/50000
914 1103 201467/100000
881 1103 -254803/100000
804 1103 1
793 1103 14637/12500
692 1103 -1
884 1104 347823/25000
882 1104 10823/10000
888 1104 780281/6250
887 1104 328208/3125
917 1104 319701/100000
915 1104 2384717/100000
916 1104 221/25000
885 1104 2929721/100000
886 1104 1935031/50000
883 1104 -720539/100000
914 1104 37203/25000
881 1104 -16054289/25000
804 1104 1
793 1104 24969/20000
719 1104 -1
884 1105 682821/50000
882 1105 2159/2000
888 1105 1238421/10000
887 1105 1041829/10000
917 1105 319701/100000
915 1105 1774169/100000
885 1105 3386073/100000
886 1105 153559/4000
883 1105 -159459/25000
914 1105 147617/100000
881 1105 -6370131/10000
804 1105 1
793 1105 61921/50000
720 1105 -1
884 1106 306403/20000
882 1106 109579/100000
888 1106 1299293/10000
887 1106 935491/20000
917 1106 327/100
915 1106 237121/25000
885 1106 1676087/50000
886 1106 1273307/50000
883 1106 -343723/50000
914 1106 9831/6250
881 1106 -3012911/20000
804 1106 1
793 1106 129929/100000
721 1106 -1
884 1107 137/10
882 1107 1089/1000
888 1107 1257071/10000
887 1107 282841/6250
917 1107 327/100
915 1107 1005657/100000
885 1107 3519799/100000
886 1107 2463859/100000
883 1107 -608101/100000
914 1107 38753/25000
881 1107 -31663441/100000
804 1107 1
793 1107 125707/100000
723 1107 -1
884 1108 71/5
882 1108 1087/1000
888 1108 3164557/25000
887 1108 1064557/10000
917 1108 3197/1000
915 1108 1265823/100000
916 1108 1/100
885 1108 1708861/50000
886 1108 3924051/100000
883 1108 -1249/200
914 1108 75443/50000
881 1108 -32542709/50000
804 1108 1
793 1108 63291/50000
724 1108 -1
884 1109 244851/20000
882 1109 26523/25000
888 1109 1176609/10000
887 1109 3529827/50000
917 1109 7/2
915 1109 1029533/25000
916 1109 1/1000
885 1109 1176609/100000
886 1109 1029533/25000
883 1109 -367557/25000
914 1109 289/200
881 1109 -1031203/2000
804 1109 1
793 1109 117661/100000
728 1109 -1
884 1110 138063/10000
882 1110 108059/100000
888 1110 5857689/50000
887 1110 1541497/25000
917 1110 63/20
915 1110 1603157/50000
916 1110 21/1000
885 1110 585769/25000
886 1110 3699593/100000
883 1110 -738421/100000
914 1110 78691/50000
881 1110 -2449857/50000
804 1110 1
793 1110 3083/2500
729 1110 -1
884 1111 246191/20000
882 1111 10639/10000
888 1111 2411091/20000
887 1111 2411091/20000
917 1111 31/10
915 1111 4767089/100000
916 1111 33/10000
885 1111 1699819/100000
886 1111 1084991/10000
883 1111 -1041631/100000
914 1111 128071/100000
881 1111 -90919087/100000
804 1111 1
793 1111 24111/20000
781 1111 -1
884 1112 237/20
882 1112 2107/2000
888 1112 7330363/100000
887 1112 1014973/100000
917 1112 4
915 1112 264316/3125
916 1112 977/10000
885 1112 676649/100000
883 1112 -367557/25000
914 1112 35127/20000
881 1112 -10608609/50000
804 1112 1
793 1112 4511/4000
782 1112 -1
884 1113 1057/100
882 1113 10243/10000
888 1113 263377/4000
887 1113 458751/25000
917 1113 41/10
915 1113 1619121/20000
916 1113 319/2000
885 1113 20239/3125
883 1113 -367557/25000
914 1113 82869/50000
881 1113 -24896329/100000
804 1113 1
793 1113 107941/100000
783 1113 -1
1888 1114 -1
808 1114 1
1889 1115 -1
810 1115 1
1890 1116 -1
814 1116 1
1891 1117 -1
815 1117 1
1892 1118 -1
817 1118 1
1893 1119 -1
818 1119 1
1894 1120 -1
820 1120 1
1895 1121 -1
823 1121 1
1898 1122 -1
824 1122 1
1896 1123 -1
828 1123 1
1897 1124 -1
829 1124 1
1898 1125 -1
831 1125 1
1898 1126 -1
832 1126 1
1899 1127 -1
833 1127 1
1900 1128 -1
1897 1128 -1
834 1128 1
1900 1129 -1
1897 1129 -1
835 1129 1
1901 1130 -1
838 1130 1
1902 1131 -1
843 1131 1
807 1132 1
808 1133 1
809 1134 1
810 1135 1
814 1136 1
815 1137 1
816 1138 1
817 1139 1
818 1140 1
819 1141 1
820 1142 1
821 1143 1
822 1144 1
823 1145 1
824 1146 1
825 1147 1
828 1148 1
829 1149 1
830 1150 1
831 1151 1
832 1152 1
833 1153 1
834 1154 1
835 1155 1
836 1156 1
837 1157 1
838 1158 1
841 1159 1
842 1160 1
843 1161 1
844 1162 1
704 1163 1
707 1163 -1
705 1164 1
707 1164 -1
798 1165 1
706 1165 227/200
694 1165 -1
798 1166 1
706 1166 623/500
696 1166 -1
798 1167 1
706 1167 1183/1000
697 1167 -1
798 1168 1
706 1168 231/200
698 1168 -1
798 1169 1
706 1169 1139/1000
699 1169 -1
798 1170 1
706 1170 299/100
716 1170 -1
798 1171 1
770 1171 -1
706 1171 47/40
798 1172 1
771 1172 -1
706 1172 57/50
798 1173 1
772 1173 -1
706 1173 1123/1000
798 1174 -1
707 1175 1
706 1175 -1
708 1176 -1
707 1176 1
709 1177 1
707 1177 -1
761 1178 77/200
710 1178 123/200
760 1178 -1
889 1179 5431/5000
805 1179 1
794 1179 641/500
718 1179 -831/1000
735 1179 -169/1000
889 1180 2179/2000
805 1180 1
794 1180 166/125
718 1180 -43/200
733 1180 -697/1000
735 1180 -11/125
889 1181 681/625
805 1181 1
794 1181 1323/1000
718 1181 -107/250
733 1181 -397/1000
735 1181 -7/40
727 1182 99/100
794 1182 -1
805 1183 -1
890 1184 144/125
806 1184 1
795 1184 19141/10000
694 1184 -657/5000
698 1184 -4343/5000
890 1185 231/200
806 1185 1
795 1185 1939/1000
698 1185 -1
890 1186 1153/1000
806 1186 1
795 1186 2381/1250
699 1186 -339/2500
698 1186 -2161/2500
890 1187 1153/1000
806 1187 1
795 1187 2417/1250
771 1187 -41/400
698 1187 -359/400
730 1188 197/200
795 1188 -1
806 1189 -1
777 1190 -1
698 1190 3/10
733 1190 3/20
732 1190 3/10
694 1190 7/80
699 1190 13/80
679 1191 1
676 1191 -1
680 1192 1
677 1192 -1
681 1193 1
678 1193 -1
725 1194 157/1000
724 1194 843/1000
718 1194 -1
807 1194 -6199/5000
893 1194 -1/500
892 1194 -1/500
891 1194 -131/5000
747 1195 1087/100000
746 1195 98913/100000
694 1195 -56919/100000
771 1195 -43081/100000
808 1195 -4127/5000
893 1195 -653/5000
892 1195 -69/10000
750 1196 1111/25000
748 1196 23889/25000
772 1196 -4813/10000
694 1196 -5187/10000
808 1196 -3971/5000
893 1196 -77/500
892 1196 -13/2000
798 1197 599/100000
840 1197 473/10000
839 1197 41/1000
813 1197 109/10000
811 1197 427/10000
812 1197 3/250
827 1197 -1097/1000
826 1197 -1539/10000
782 1197 37239/100000
685 1197 -1
758 1197 2977/100000
787 1197 219/100000
780 1197 7287/100000
779 1197 3977/25000
778 1197 957/5000
715 1197 173/100000
772 1197 4727/100000
699 1197 1087/100000
694 1197 267/6250
771 1197 4099/100000
698 1197 299/25000
770 1197 79/10000
697 1197 73/25000
706 1197 599/100000
810 1197 -2939/2500
893 1197 103/5000
892 1197 -51/2000
798 1198 29/2000
840 1198 43/1250
839 1198 241/10000
813 1198 37/5000
811 1198 91/10000
812 1198 143/10000
827 1198 -1221/1000
826 1198 -893/10000
706 1198 29/2000
788 1198 379/5000
786 1198 419/2000
780 1198 107/1000
779 1198 2339/10000
778 1198 1043/5000
758 1198 541/10000
768 1198 -1
772 1198 43/1250
771 1198 241/10000
699 1198 37/5000
694 1198 91/10000
698 1198 143/10000
697 1198 73/10000
715 1198 1/50000
810 1198 -11273/10000
893 1198 197/10000
892 1198 -49/2000
798 1199 99/12500
840 1199 551/10000
839 1199 41/1000
813 1199 53/5000
811 1199 43/1250
812 1199 29/2500
827 1199 -233/200
826 1199 -1527/10000
783 1199 20753/100000
758 1199 5463/100000
787 1199 741/25000
780 1199 9401/100000
779 1199 11091/50000
778 1199 2717/12500
774 1199 -1
715 1199 13/12500
772 1199 5513/100000
699 1199 529/50000
694 1199 3437/100000
771 1199 128/3125
698 1199 1163/100000
770 1199 451/50000
697 1199 109/25000
706 1199 99/12500
810 1199 -702/625
893 1199 197/10000
892 1199 -61/2500
798 1200 491/50000
840 1200 377/10000
839 1200 37/1250
813 1200 31/5000
811 1200 207/10000
812 1200 81/10000
784 1200 938/3125
775 1200 -1
827 1200 -6923/5000
826 1200 -1023/10000
758 1200 5233/100000
787 1200 601/20000
780 1200 9957/100000
779 1200 23501/100000
778 1200 15423/100000
715 1200 41/100000
772 1200 1887/50000
699 1200 123/20000
694 1200 207/10000
771 1200 741/25000
698 1200 101/12500
770 1200 853/100000
697 1200 379/50000
706 1200 491/50000
810 1200 -10653/10000
893 1200 41/2500
892 1200 -51/2500
798 1201 1181/100000
840 1201 359/10000
839 1201 61/2000
813 1201 13/2500
811 1201 97/5000
812 1201 77/10000
785 1201 33079/100000
776 1201 -1
827 1201 -3301/2000
826 1201 -987/10000
758 1201 5911/100000
787 1201 4227/100000
780 1201 8929/100000
779 1201 4079/20000
778 1201 14247/100000
715 1201 219/100000
772 1201 449/12500
699 1201 21/4000
694 1201 971/50000
771 1201 3049/100000
698 1201 387/50000
770 1201 951/100000
697 1201 977/100000
706 1201 591/50000
810 1201 -10591/10000
893 1201 33/2000
892 1201 -41/2000
798 1202 11/2500
840 1202 199/5000
839 1202 22/625
813 1202 3/250
811 1202 243/5000
812 1202 119/10000
827 1202 -1097/1000
826 1202 -59/400
782 1202 37263/100000
685 1202 -1
758 1202 1893/50000
787 1202 151/100000
780 1202 7277/100000
779 1202 15987/100000
778 1202 4841/25000
715 1202 173/100000
772 1202 3981/100000
699 1202 301/25000
694 1202 2429/50000
771 1202 703/20000
698 1202 119/10000
770 1202 583/100000
697 1202 227/100000
706 1202 11/2500
810 1202 -2939/2500
893 1202 103/5000
892 1202 -51/2000
798 1203 57/10000
840 1203 6/125
839 1203 87/2500
813 1203 117/10000
811 1203 79/2000
812 1203 23/2000
827 1203 -233/200
826 1203 -727/5000
783 1203 21181/100000
758 1203 793/12500
787 1203 3683/100000
780 1203 913/10000
779 1203 5409/25000
778 1203 21729/100000
774 1203 -1
715 1203 109/50000
772 1203 2401/50000
699 1203 1167/100000
694 1203 789/20000
771 1203 3481/100000
698 1203 1149/100000
770 1203 643/100000
697 1203 161/50000
706 1203 57/10000
810 1203 -702/625
893 1203 197/10000
892 1203 -61/2500
798 1204 143/20000
840 1204 329/10000
839 1204 123/5000
813 1204 67/10000
811 1204 233/10000
812 1204 39/5000
784 1204 31529/100000
775 1204 -1
827 1204 -13323/10000
826 1204 -953/10000
758 1204 5937/100000
787 1204 177/6250
780 1204 61/625
779 1204 2891/12500
778 1204 7671/50000
715 1204 41/100000
772 1204 329/10000
699 1204 337/50000
694 1204 291/12500
771 1204 77/3125
698 1204 389/50000
770 1204 31/5000
697 1204 281/50000
706 1204 143/20000
810 1204 -10653/10000
893 1204 41/2500
892 1204 -51/2500
798 1205 109/12500
840 1205 77/2500
839 1205 251/10000
813 1205 57/10000
811 1205 213/10000
812 1205 73/10000
785 1205 7149/20000
776 1205 -1
827 1205 -7949/5000
826 1205 -451/5000
758 1205 6763/100000
787 1205 891/25000
780 1205 8659/100000
779 1205 793/4000
778 1205 3477/25000
715 1205 43/20000
772 1205 3079/100000
699 1205 71/12500
694 1205 213/10000
771 1205 627/25000
698 1205 73/10000
770 1205 22/3125
697 1205 73/10000
706 1205 109/12500
810 1205 -10591/10000
893 1205 33/2000
892 1205 -41/2000
846 1206 1
848 1206 -1
845 1206 -1
847 1206 -1
758 1207 -1
846 1207 -627/25
848 1207 627/25
845 1207 627/25
847 1207 627/25
894 1207 -337/500
761 1208 -1
679 1209 -1
764 1209 8279/20000
684 1209 1589/20000
682 1209 11751/100000
718 1209 1633/12500
733 1209 19379/100000
732 1209 1227/25000
813 1209 6/625
811 1209 29/10000
812 1209 7/2500
699 1209 6/625
694 1209 289/100000
698 1209 141/50000
697 1209 27/100000
814 1209 -6001/5000
893 1209 -41/5000
892 1209 -3/625
891 1209 -149/10000
680 1210 -1
767 1210 1083/5000
691 1210 77/625
728 1210 707/5000
753 1210 2589/5000
813 1210 3/5000
811 1210 1/2500
699 1210 3/5000
694 1210 1/2500
814 1210 -117/100
893 1210 -1/125
892 1210 -47/10000
891 1210 -29/2000
681 1211 -1
768 1211 4231/10000
692 1211 2123/10000
729 1211 207/1250
736 1211 703/5000
734 1211 519/10000
813 1211 1/250
811 1211 1/400
699 1211 1/250
694 1211 1/400
814 1211 -603/500
893 1211 -41/5000
892 1211 -3/625
891 1211 -3/200
848 1212 1
845 1212 1
891 1212 -289/10000
813 1213 3/10000
811 1213 1/5000
812 1213 3/5000
774 1213 9137/10000
686 1213 7437/100000
740 1213 23/10000
773 1213 -1
715 1213 1139/100000
699 1213 13/50000
694 1213 3/12500
698 1213 31/50000
697 1213 47/100000
696 1213 13/25000
717 1213 -193/50000
818 1213 -2219/2000
893 1213 -111/10000
892 1213 -17/2500
891 1213 -11/1250
813 1214 7/500
811 1214 21/1000
812 1214 1/100
773 1214 -1
723 1214 6333/10000
756 1214 2279/10000
755 1214 947/10000
699 1214 7/500
694 1214 21/1000
698 1214 1/100
697 1214 1/500
696 1214 1/200
715 1214 9/625
717 1214 -223/10000
819 1214 -2219/2000
893 1214 -9/10000
892 1214 -81/10000
891 1214 -29/1000
848 1215 1
894 1215 -1
813 1216 23/1000
811 1216 143/5000
812 1216 7/625
717 1216 -187/10000
688 1216 363/2000
722 1216 393/1250
745 1216 171/500
743 1216 1081/10000
767 1216 -1
699 1216 23/1000
694 1216 143/5000
698 1216 7/625
697 1216 1/400
696 1216 27/5000
715 1216 1/500
822 1216 -901/1000
892 1216 -7/1000
891 1216 -33/1000
798 1217 4021/100000
735 1217 -1
739 1217 39679/50000
700 1217 863/100000
695 1217 16941/100000
706 1217 4021/100000
716 1217 -1183/100000
823 1217 -15281/10000
893 1217 -321/10000
892 1217 -23/2500
891 1217 -107/10000
719 1218 1249/1250
718 1218 -1
715 1218 81/100000
716 1218 -1/25000
824 1218 -499/400
893 1218 -37/10000
892 1218 -1/1000
718 1219 -1
720 1219 50317/50000
715 1219 9/10000
716 1219 -181/25000
825 1219 -499/400
893 1219 -1/400
892 1219 -1/400
891 1219 -37/10000
798 1220 1/20
811 1220 -1
706 1220 227/4000
694 1220 -1/20
798 1221 3/20
812 1221 -1
706 1221 693/4000
698 1221 -3/20
798 1222 1/20
813 1222 -1
706 1222 1139/20000
699 1222 -1/20
798 1223 3/20
839 1223 -1
706 1223 171/1000
771 1223 -3/20
798 1224 1/20
840 1224 -1
706 1224 1123/20000
772 1224 -1/20
826 1225 1
894 1225 -1543/500
827 1226 1
848 1226 -6379/5000
845 1226 -1363/2000
847 1226 -2219/5000
846 1226 6379/5000
894 1226 337/500
735 1227 100001/100000
732 1227 -1
716 1227 -1/100000
829 1227 -15279/10000
892 1227 -1/1250
891 1227 -19/2500
757 1228 3757/5000
754 1228 2421/10000
753 1228 -1
715 1228 139/10000
717 1228 -37/5000
830 1228 -259/200
893 1228 -9/1000
892 1228 -1/200
891 1228 -1/250
685 1229 99323/100000
684 1229 -1
715 1229 143/20000
716 1229 -19/50000
832 1229 -467/400
892 1229 -13/2000
891 1229 -21/10000
683 1230 6233/6250
682 1230 -1
715 1230 139/50000
716 1230 -3/20000
832 1230 -6001/5000
892 1230 -67/10000
891 1230 -11/5000
773 1231 36801/50000
765 1231 13199/50000
764 1231 -1
833 1231 -1347/1250
893 1231 -17/10000
892 1231 -9/5000
891 1231 -17/1250
813 1232 359/10000
811 1232 227/10000
812 1232 51/1250
738 1232 10447/12500
733 1232 -1
699 1232 3593/100000
694 1232 567/25000
698 1232 2041/50000
697 1232 1467/50000
696 1232 823/50000
716 1232 951/50000
834 1232 -13367/10000
893 1232 -1/50
892 1232 -77/5000
891 1232 -137/2500
813 1233 41/10000
811 1233 43/10000
812 1233 17/2000
744 1233 -1
738 1233 94299/100000
699 1233 413/100000
694 1233 43/10000
698 1233 169/20000
697 1233 113/20000
696 1233 791/100000
716 1233 83/3125
834 1233 -6869/5000
893 1233 -49/2500
892 1233 -9/625
891 1233 -59/1250
813 1234 27/1000
811 1234 99/5000
812 1234 13/400
752 1234 -1
738 1234 1717/2000
699 1234 1349/50000
694 1234 1983/100000
698 1234 13/400
697 1234 2309/100000
696 1234 361/25000
716 1234 1233/50000
834 1234 -1
893 1234 -97/5000
892 1234 -149/10000
891 1234 -531/10000
813 1235 43/5000
811 1235 51/10000
812 1235 23/2000
779 1235 -1
738 1235 4679/5000
699 1235 107/12500
694 1235 253/50000
698 1235 287/25000
697 1235 823/100000
696 1235 949/100000
716 1235 2137/100000
834 1235 -6507/5000
893 1235 -39/2000
892 1235 -3/200
891 1235 -267/5000
813 1236 339/10000
811 1236 39/2000
812 1236 51/1250
737 1236 84783/100000
699 1236 3391/100000
694 1236 39/2000
698 1236 407/10000
697 1236 1459/50000
696 1236 791/50000
716 1236 261/20000
733 1236 -1
835 1236 -13367/10000
893 1236 -187/10000
892 1236 -9/500
891 1236 -107/2000
738 1237 94299/100000
813 1237 41/10000
811 1237 43/10000
812 1237 17/2000
745 1237 -1
699 1237 413/100000
694 1237 101/25000
698 1237 169/20000
697 1237 113/20000
696 1237 791/100000
716 1237 83/3125
836 1237 -6733/5000
892 1237 -9/625
891 1237 -59/1250
813 1238 1/125
811 1238 7/1000
812 1238 11/1000
757 1238 -1
749 1238 919/1000
699 1238 1/125
694 1238 7/1000
698 1238 11/1000
697 1238 1/125
696 1238 7/1000
716 1238 1/25
836 1238 -639/500
892 1238 -9/1000
891 1238 -1/200
813 1239 13/500
811 1239 17/1000
812 1239 4/125
736 1239 -1
741 1239 213/250
699 1239 13/500
694 1239 17/1000
698 1239 4/125
697 1239 1/40
696 1239 17/1000
716 1239 31/1000
837 1239 -53/40
893 1239 -7/1000
892 1239 -11/125
891 1239 -1/100
763 1240 499/500
715 1240 -17/16
838 1240 -1
893 1240 53/200
892 1240 -16/625
891 1240 -657/10000
716 1241 1
717 1241 -1
744 1242 1
756 1242 -1
798 1243 219/5000
706 1243 131/1000
717 1243 1
716 1243 -5219/5000
841 1243 -1
893 1243 -1/20
892 1243 -59/100
696 1244 49/200
766 1244 -61119/10000
763 1244 52/625
717 1244 1
842 1244 -1
895 1244 -67231/10000
892 1244 -46/125
891 1244 -117/500
706 1245 -613/200
696 1245 49/200
717 1245 1
843 1245 -1
893 1245 8/25
892 1245 -41/100
891 1245 -119/50
798 1246 413/2000
706 1246 3087/5000
717 1246 1
716 1246 -2413/2000
844 1246 -1
892 1246 -21/50
900 1247 -956061/100000
850 1247 6187/40
856 1247 -85
855 1247 -1
854 1247 -12
849 1247 -44
789 1247 -1
701 1247 1
901 1248 -27/100
796 1248 -1
902 1249 -956061/100000
858 1249 20205493/50000
864 1249 -85
863 1249 -1
862 1249 -12
857 1249 -1/10000
903 1249 -2177/2500
790 1249 -1
702 1249 1
903 1250 1
904 1250 -27/100
797 1250 -1
905 1251 -3/5
799 1251 -1
708 1251 1
907 1252 -42119/10000
906 1252 -3/5
800 1252 -1
711 1252 1
909 1253 -8737/2000
908 1253 -23/10
801 1253 -1
712 1253 1
874 1254 -91
875 1254 -96
872 1254 -86
911 1254 -16
910 1254 -13
791 1254 -1
713 1254 99/100
802 1255 -1
879 1256 -87
880 1256 -92
877 1256 -82
913 1256 -16
912 1256 -13
792 1256 -1
714 1256 99/100
803 1257 -1
888 1258 -1
887 1258 -1
915 1258 -18
885 1258 -43/2
886 1258 -15
914 1258 -61177/50000
881 1258 6726709/12500
793 1258 -1
726 1258 199/200
917 1259 -5
916 1259 -7/25
883 1259 1785159/100000
804 1259 -1
1865 1260 -1
694 1260 1
1866 1261 -1
699 1261 1
1867 1262 -1
777 1262 1
891 1263 1
895 1264 1
893 1265 1
894 1265 -83/2
891 1266 -289/10000
894 1266 1
704 1267 -1
891 1267 1
705 1268 -1
892 1268 1
709 1269 -1
893 1269 1
891 1270 -1
874 1271 1/2
872 1271 1
896 1271 -1
874 1272 1/2
875 1272 1
897 1272 -1
879 1273 1/2
877 1273 1
898 1273 -1
879 1274 1/2
880 1274 1
899 1274 -1
918 1275 1
2 1275 -1
919 1276 1
5 1276 -1
920 1277 1
6 1277 -1
1116 1278 6501/500
1115 1278 106767/100000
1117 1278 134761/50000
1165 1278 586341/100000
1114 1278 -1073559/50000
1120 1278 2923907/25000
1119 1278 9403513/100000
1113 1278 587/10
1166 1278 19317/50000
1061 1278 1
1054 1278 29239/25000
924 1278 -1
1116 1279 1311031/100000
1115 1279 107201/100000
1117 1279 134761/50000
1165 1279 588387/100000
1114 1279 -2154609/100000
1120 1279 11736433/100000
1119 1279 9436321/100000
1113 1279 73631/1250
1166 1279 3863/100000
1061 1279 1
1054 1279 29341/25000
925 1279 -1
1116 1280 646767/50000
1115 1280 53281/50000
1117 1280 31337/10000
1165 1280 122933/6250
1114 1280 -218861/100000
1120 1280 11451193/100000
1113 1280 6183421/100000
1166 1280 717/1000
1061 1280 1
1054 1280 7157/6250
926 1280 -1
1116 1281 1313523/100000
1115 1281 107373/100000
1117 1281 31337/10000
1165 1281 1979703/100000
1114 1281 -220283/100000
1120 1281 5762783/50000
1113 1281 6223581/100000
1166 1281 717/10000
1061 1281 1
1054 1281 14407/12500
927 1281 -1
1116 1282 1265387/100000
1115 1282 10651/10000
1117 1282 12/5
1165 1282 259551/100000
1114 1282 -46816777/100000
1120 1282 11585161/100000
1119 1282 2027403/25000
1118 1282 2027403/50000
1113 1282 4156307/100000
1166 1282 2981/25000
1061 1282 1
1054 1282 28963/25000
929 1282 -1
1116 1283 270363/20000
1115 1283 21541/20000
1117 1283 12/5
1165 1283 212393/50000
1114 1283 -3477797/100000
1120 1283 11936023/100000
1119 1283 4476009/50000
1118 1283 1492003/50000
1113 1283 5609931/100000
1166 1283 39/2000
1061 1283 1
1054 1283 746/625
930 1283 -1
1116 1284 1456529/100000
1115 1284 27231/25000
1117 1284 13/5
1165 1284 3366337/100000
1114 1284 -332209/12500
1120 1284 9845089/100000
1119 1284 922977/25000
1113 1284 984509/20000
1061 1284 1
1054 1284 15383/12500
931 1284 -1
1116 1285 623/50
1115 1285 133/125
1117 1285 12/5
1165 1285 288229/25000
1114 1285 -947667/50000
1120 1285 2344391/20000
1119 1285 9037627/100000
1118 1285 2930489/100000
1113 1285 2344391/50000
1166 1285 12/125
1061 1285 1
1054 1285 5861/5000
933 1285 -1
1116 1286 62937/5000
1115 1286 106457/100000
1117 1286 12/5
1165 1286 193613/100000
1114 1286 -23118413/50000
1120 1286 10297483/100000
1119 1286 8009153/100000
1118 1286 4004577/100000
1113 1286 4107551/100000
1166 1286 17/125
1061 1286 1
1054 1286 7151/6250
935 1286 -1
1116 1287 1150537/100000
1115 1287 103403/100000
1117 1287 16/5
1165 1287 85171/25000
1114 1287 -239597/100000
1120 1287 2339793/25000
1119 1287 3853777/100000
1113 1287 1376349/50000
1166 1287 1/1000
1061 1287 1
1054 1287 27527/25000
936 1287 -1
1116 1288 672209/50000
1115 1288 21549/20000
1117 1288 13/5
1165 1288 1680401/100000
1114 1288 -254803/100000
1120 1288 4976581/50000
1119 1288 3512881/100000
1113 1288 6791569/100000
1166 1288 21/1000
1061 1288 1
1054 1288 14637/12500
937 1288 -1
1116 1289 132727/10000
1115 1289 53727/50000
1117 1289 102803/50000
1165 1289 42809/25000
1114 1289 -30664411/50000
1120 1289 2434733/20000
1119 1289 2434733/20000
1118 1289 8229389/100000
1113 1289 5536369/100000
1166 1289 131/10000
1061 1289 1
1054 1289 121737/100000
965 1289 -1
1116 1290 36583/2500
1115 1290 27241/25000
1117 1290 2
1165 1290 367613/50000
1114 1290 -3688583/25000
1120 1290 1590671/12500
1119 1290 1590671/12500
1118 1290 4581133/100000
1113 1290 1590671/25000
1061 1290 1
1054 1290 63627/50000
967 1290 -1
1116 1291 137/10
1115 1291 1089/1000
1117 1291 2
1165 1291 10923/6250
1114 1291 -31457809/100000
1120 1291 780567/6250
1119 1291 780567/6250
1118 1291 2248033/50000
1113 1291 780567/12500
1061 1291 1
1054 1291 124891/100000
969 1291 -1
1116 1292 1353/100
1115 1292 2697/2500
1117 1292 257/125
1165 1292 173231/100000
1114 1292 -31021949/50000
1120 1292 2463661/20000
1119 1292 2463661/20000
1118 1292 4163587/50000
1113 1292 6109879/100000
1166 1292 11/1000
1061 1292 1
1054 1292 123183/100000
970 1292 -1
1116 1293 244851/20000
1115 1293 26523/25000
1117 1293 11/5
1165 1293 457201/100000
1114 1293 -4674877/100000
1120 1293 1176609/10000
1119 1293 1176609/10000
1118 1293 3529827/50000
1113 1293 1029533/25000
1166 1293 1/1000
1061 1293 1
1054 1293 117661/100000
974 1293 -1
1116 1294 138063/10000
1115 1294 108059/100000
1117 1294 19/10
1165 1294 795171/100000
1114 1294 -2449857/50000
1120 1294 12331977/100000
1119 1294 5857689/50000
1118 1294 1541497/25000
1113 1294 1572327/25000
1166 1294 21/1000
1061 1294 1
1054 1294 3083/2500
975 1294 -1
1116 1295 168069/10000
1115 1295 55253/50000
1117 1295 19/10
1165 1295 60349/50000
1114 1295 -11041253/20000
1120 1295 6830601/50000
1119 1295 6830601/50000
1118 1295 6147541/50000
1113 1295 6830601/100000
1166 1295 1/10
1061 1295 1
1054 1295 34153/25000
999 1295 -1
1116 1296 756619/50000
1115 1296 21871/20000
1117 1296 19/10
1165 1296 114891/100000
1114 1296 -52550047/100000
1120 1296 13003901/100000
1119 1296 13003901/100000
1118 1296 11703511/100000
1113 1296 6501951/100000
1166 1296 1/10
1061 1296 1
1054 1296 130039/100000
1002 1296 -1
1116 1297 154097/12500
1115 1297 106393/100000
1117 1297 19/10
1165 1297 5841/6250
1114 1297 -22743481/25000
1120 1297 6031363/50000
1119 1297 6031363/50000
1118 1297 6031363/50000
1113 1297 482509/20000
1166 1297 3/100
1061 1297 1
1054 1297 120627/100000
1042 1297 -1
1116 1298 230139/20000
1115 1298 104819/100000
1117 1298 129459/50000
1165 1298 350727/50000
1114 1298 -21012607/100000
1120 1298 343809/3125
1119 1298 1749099/25000
1118 1298 898601/100000
1113 1298 1763903/50000
1166 1298 8379/100000
1061 1298 1
1054 1298 55733/50000
1044 1298 -1
1116 1299 533937/50000
1115 1299 51309/50000
1117 1299 71871/25000
1165 1299 681797/100000
1114 1299 -24507501/100000
1120 1299 2506047/25000
1119 1299 3132627/100000
1118 1299 1760221/100000
1113 1299 1393917/50000
1166 1299 12509/100000
1061 1299 1
1054 1299 108343/100000
1045 1299 -1
1116 1300 238053/20000
1115 1300 105427/100000
1117 1300 274747/100000
1165 1300 355423/50000
1114 1300 -21333909/100000
1120 1300 238903/2500
1119 1300 6053803/100000
1118 1300 22993/2500
1113 1300 420337/10000
1166 1300 2531/25000
1061 1300 1
1054 1300 112959/100000
1046 1300 -1
1116 1301 232179/20000
1115 1301 52457/50000
1117 1301 1618/625
1165 1301 5631/800
1114 1301 -10186521/50000
1120 1301 138143/1250
1119 1301 7200957/100000
1118 1301 369321/50000
1113 1301 3647059/100000
1166 1301 167/1000
1061 1301 1
1054 1301 111851/100000
1047 1301 -1
1116 1302 1111549/100000
1115 1302 102987/100000
1117 1302 287/100
1165 1302 579967/100000
1114 1302 -1419491/6250
1120 1302 10101451/100000
1119 1302 1647213/50000
1118 1302 676339/50000
1113 1302 801789/25000
1166 1302 121/5000
1061 1302 1
1054 1302 109087/100000
1048 1302 -1
1116 1303 569821/50000
1115 1303 12923/12500
1117 1303 71/25
1165 1303 23627/3125
1114 1303 -21628591/100000
1120 1303 1143259/12500
1119 1303 92233/2000
1113 1303 1864519/50000
1166 1303 131/1000
1061 1303 1
1054 1303 110327/100000
1049 1303 -1
1116 1304 68289/6250
1115 1304 25713/25000
1117 1304 3
1165 1304 152657/20000
1114 1304 -24411019/100000
1120 1304 10326087/100000
1119 1304 5434783/100000
1113 1304 1576087/50000
1166 1304 3/1000
1061 1304 1
1054 1304 13587/12500
1050 1304 -1
1124 1305 6501/500
1123 1305 106767/100000
1125 1305 134761/50000
1167 1305 586341/100000
1122 1305 -1073559/50000
1128 1305 2923907/25000
1127 1305 9403513/100000
1121 1305 587/10
1169 1305 19317/50000
1062 1305 1
1055 1305 29239/25000
924 1305 -1
1124 1306 1311031/100000
1123 1306 107201/100000
1125 1306 134761/50000
1167 1306 588387/100000
1122 1306 -2154609/100000
1128 1306 11736433/100000
1127 1306 9436321/100000
1121 1306 73631/1250
1169 1306 3863/100000
1062 1306 1
1055 1306 29341/25000
925 1306 -1
1124 1307 646767/50000
1123 1307 53281/50000
1125 1307 31337/10000
1167 1307 122933/6250
1122 1307 -218861/100000
1128 1307 11451193/100000
1121 1307 6183421/100000
1169 1307 717/1000
1062 1307 1
1055 1307 7157/6250
926 1307 -1
1124 1308 1313523/100000
1123 1308 107373/100000
1125 1308 31337/10000
1167 1308 1979703/100000
1122 1308 -220283/100000
1128 1308 5762783/50000
1121 1308 6223581/100000
1169 1308 717/10000
1062 1308 1
1055 1308 14407/12500
927 1308 -1
1124 1309 1265387/100000
1123 1309 10651/10000
1125 1309 12/5
1167 1309 259551/100000
1122 1309 -46816777/100000
1128 1309 11585161/100000
1127 1309 2027403/25000
1126 1309 2027403/50000
1121 1309 4156307/100000
1169 1309 2981/25000
1062 1309 1
1055 1309 28963/25000
929 1309 -1
1124 1310 270363/20000
1123 1310 21541/20000
1125 1310 12/5
1167 1310 212393/50000
1122 1310 -3477797/100000
1128 1310 11936023/100000
1127 1310 4476009/50000
1126 1310 1492003/50000
1121 1310 5609931/100000
1169 1310 39/2000
1062 1310 1
1055 1310 746/625
930 1310 -1
1124 1311 1456529/100000
1123 1311 27231/25000
1125 1311 13/5
1167 1311 3366337/100000
1122 1311 -332209/12500
1128 1311 9845089/100000
1127 1311 922977/25000
1121 1311 984509/20000
1062 1311 1
1055 1311 15383/12500
931 1311 -1
1124 1312 623/50
1123 1312 133/125
1125 1312 12/5
1167 1312 288229/25000
1122 1312 -947667/50000
1128 1312 2344391/20000
1127 1312 9037627/100000
1126 1312 2930489/100000
1121 1312 2344391/50000
1169 1312 12/125
1062 1312 1
1055 1312 5861/5000
933 1312 -1
1124 1313 62937/5000
1123 1313 106457/100000
1125 1313 12/5
1167 1313 193613/100000
1122 1313 -23118413/50000
1128 1313 10297483/100000
1127 1313 8009153/100000
1126 1313 4004577/100000
1121 1313 4107551/100000
1169 1313 17/125
1062 1313 1
1055 1313 7151/6250
935 1313 -1
1124 1314 1150537/100000
1123 1314 103403/100000
1125 1314 16/5
1167 1314 85171/25000
1122 1314 -239597/100000
1128 1314 2339793/25000
1127 1314 3853777/100000
1121 1314 1376349/50000
1169 1314 1/1000
1062 1314 1
1055 1314 27527/25000
936 1314 -1
1124 1315 672209/50000
1123 1315 21549/20000
1125 1315 13/5
1167 1315 1680401/100000
1122 1315 -254803/100000
1128 1315 4976581/50000
1127 1315 3512881/100000
1121 1315 6791569/100000
1169 1315 21/1000
1062 1315 1
1055 1315 14637/12500
937 1315 -1
1124 1316 132727/10000
1123 1316 53727/50000
1125 1316 102803/50000
1167 1316 42809/25000
1122 1316 -30664411/50000
1128 1316 2434733/20000
1127 1316 2434733/20000
1126 1316 8229389/100000
1121 1316 5536369/100000
1169 1316 131/10000
1062 1316 1
1055 1316 121737/100000
965 1316 -1
1124 1317 36583/2500
1123 1317 27241/25000
1125 1317 2
1167 1317 367613/50000
1122 1317 -3688583/25000
1128 1317 1590671/12500
1127 1317 1590671/12500
1126 1317 4581133/100000
1121 1317 1590671/25000
1062 1317 1
1055 1317 63627/50000
967 1317 -1
1124 1318 137/10
1123 1318 1089/1000
1125 1318 2
1167 1318 10923/6250
1122 1318 -31457809/100000
1128 1318 780567/6250
1127 1318 780567/6250
1126 1318 2248033/50000
1121 1318 780567/12500
1062 1318 1
1055 1318 124891/100000
969 1318 -1
1124 1319 1353/100
1123 1319 2697/2500
1125 1319 257/125
1167 1319 173231/100000
1122 1319 -31021949/50000
1128 1319 2463661/20000
1127 1319 2463661/20000
1126 1319 4163587/50000
1121 1319 6109879/100000
1169 1319 11/1000
1062 1319 1
1055 1319 123183/100000
970 1319 -1
1124 1320 244851/20000
1123 1320 26523/25000
1125 1320 11/5
1167 1320 457201/100000
1122 1320 -4674877/100000
1128 1320 1176609/10000
1127 1320 1176609/10000
1126 1320 3529827/50000
1121 1320 1029533/25000
1169 1320 1/1000
1062 1320 1
1055 1320 117661/100000
974 1320 -1
1124 1321 138063/10000
1123 1321 108059/100000
1125 1321 19/10
1167 1321 795171/100000
1122 1321 -2449857/50000
1128 1321 12331977/100000
1127 1321 5857689/50000
1126 1321 1541497/25000
1121 1321 1572327/25000
1169 1321 21/1000
1062 1321 1
1055 1321 3083/2500
975 1321 -1
1124 1322 168069/10000
1123 1322 55253/50000
1125 1322 19/10
1167 1322 60349/50000
1122 1322 -11041253/20000
1128 1322 6830601/50000
1127 1322 6830601/50000
1126 1322 6147541/50000
1121 1322 6830601/100000
1169 1322 1/10
1062 1322 1
1055 1322 34153/25000
999 1322 -1
1124 1323 756619/50000
1123 1323 21871/20000
1125 1323 19/10
1167 1323 114891/100000
1122 1323 -52550047/100000
1128 1323 13003901/100000
1127 1323 13003901/100000
1126 1323 11703511/100000
1121 1323 6501951/100000
1169 1323 1/10
1062 1323 1
1055 1323 130039/100000
1002 1323 -1
1124 1324 154097/12500
1123 1324 106393/100000
1125 1324 19/10
1167 1324 5841/6250
1122 1324 -22743481/25000
1128 1324 6031363/50000
1127 1324 6031363/50000
1126 1324 6031363/50000
1121 1324 482509/20000
1169 1324 3/100
1062 1324 1
1055 1324 120627/100000
1042 1324 -1
1124 1325 230139/20000
1123 1325 104819/100000
1125 1325 129459/50000
1167 1325 350727/50000
1122 1325 -21012607/100000
1128 1325 343809/3125
1127 1325 1749099/25000
1126 1325 898601/100000
1121 1325 1763903/50000
1169 1325 8379/100000
1062 1325 1
1055 1325 55733/50000
1044 1325 -1
1124 1326 533937/50000
1123 1326 51309/50000
1125 1326 71871/25000
1167 1326 681797/100000
1122 1326 -24507501/100000
1128 1326 2506047/25000
1127 1326 3132627/100000
1126 1326 1760221/100000
1121 1326 1393917/50000
1169 1326 12509/100000
1062 1326 1
1055 1326 108343/100000
1045 1326 -1
1124 1327 238053/20000
1123 1327 105427/100000
1125 1327 274747/100000
1167 1327 355423/50000
1122 1327 -21333909/100000
1128 1327 238903/2500
1127 1327 6053803/100000
1126 1327 22993/2500
1121 1327 420337/10000
1169 1327 2531/25000
1062 1327 1
1055 1327 112959/100000
1046 1327 -1
1124 1328 232179/20000
1123 1328 52457/50000
1125 1328 1618/625
1167 1328 5631/800
1122 1328 -10186521/50000
1128 1328 138143/1250
1127 1328 7200957/100000
1126 1328 369321/50000
1121 1328 3647059/100000
1169 1328 167/1000
1062 1328 1
1055 1328 111851/100000
1047 1328 -1
1124 1329 1111549/100000
1123 1329 102987/100000
1125 1329 287/100
1167 1329 579967/100000
1122 1329 -1419491/6250
1128 1329 10101451/100000
1127 1329 1647213/50000
1126 1329 676339/50000
1121 1329 801789/25000
1169 1329 121/5000
1062 1329 1
1055 1329 109087/100000
1048 1329 -1
1124 1330 569821/50000
1123 1330 12923/12500
1125 1330 71/25
1167 1330 23627/3125
1122 1330 -21628591/100000
1128 1330 1143259/12500
1127 1330 92233/2000
1121 1330 1864519/50000
1169 1330 131/1000
1062 1330 1
1055 1330 110327/100000
1049 1330 -1
1124 1331 68289/6250
1123 1331 25713/25000
1125 1331 3
1167 1331 152657/20000
1122 1331 -24411019/100000
1128 1331 10326087/100000
1127 1331 5434783/100000
1121 1331 1576087/50000
1169 1331 3/1000
1062 1331 1
1055 1331 13587/12500
1050 1331 -1
1130 1332 6501/500
1129 1332 106767/100000
1170 1332 19317/50000
1064 1332 1
953 1332 6767/100000
924 1332 -1
1130 1333 1311031/100000
1129 1333 107201/100000
1170 1333 3863/100000
1064 1333 1
953 1333 7201/100000
925 1333 -1
1130 1334 646767/50000
1129 1334 53281/50000
1170 1334 717/1000
1064 1334 1
953 1334 3281/50000
926 1334 -1
1130 1335 1313523/100000
1129 1335 107373/100000
1170 1335 717/10000
1064 1335 1
953 1335 7373/100000
927 1335 -1
1130 1336 1265387/100000
1129 1336 10651/10000
1170 1336 2981/25000
1064 1336 1
953 1336 651/10000
929 1336 -1
1130 1337 270363/20000
1129 1337 21541/20000
1170 1337 3391/100000
1064 1337 1
953 1337 1541/20000
930 1337 -1
1130 1338 623/50
1129 1338 133/125
1170 1338 12/125
1064 1338 1
953 1338 8/125
933 1338 -1
1130 1339 62937/5000
1129 1339 106457/100000
1170 1339 17/125
1064 1339 1
953 1339 6457/100000
935 1339 -1
1130 1340 1150537/100000
1129 1340 103403/100000
1170 1340 1/1000
1064 1340 1
953 1340 3403/100000
936 1340 -1
1130 1341 672209/50000
1129 1341 21549/20000
1170 1341 21/1000
1064 1341 1
953 1341 1549/20000
937 1341 -1
1130 1342 661789/50000
1129 1342 10731/10000
1170 1342 13099/100000
1064 1342 1
953 1342 731/10000
964 1342 -1
1130 1343 132727/10000
1129 1343 53727/50000
1170 1343 131/10000
1064 1343 1
953 1343 3727/50000
965 1343 -1
1130 1344 309/25
1129 1344 421/400
1170 1344 14/25
1064 1344 1
953 1344 21/400
971 1344 -1
1130 1345 244851/20000
1129 1345 26523/25000
1170 1345 1/1000
1064 1345 1
953 1345 1523/25000
974 1345 -1
1130 1346 138063/10000
1129 1346 108059/100000
1170 1346 21/1000
1064 1346 1
953 1346 8059/100000
975 1346 -1
1130 1347 1184547/100000
1129 1347 20037/20000
1170 1347 152559/100000
1064 1347 1
953 1347 37/20000
1019 1347 -1
1130 1348 1038249/100000
1129 1348 97049/100000
1170 1348 8573/4000
1064 1348 1
953 1348 -2951/100000
1020 1348 -1
1130 1349 4877/800
1129 1349 22697/25000
1170 1349 67511/25000
1064 1349 1
953 1349 -2303/25000
1021 1349 -1
1130 1350 149189/20000
1129 1350 95579/100000
1170 1350 11/200
1064 1350 1
953 1350 -4421/100000
1023 1350 -1
1130 1351 1379387/100000
1129 1351 109591/100000
1170 1351 1/50
1064 1351 1
953 1351 9591/100000
1024 1351 -1
1130 1352 1245281/100000
1129 1352 50957/50000
1170 1352 59587/50000
1064 1352 1
953 1352 957/50000
1029 1352 -1
1130 1353 136197/10000
1129 1353 10667/10000
1170 1353 156457/100000
1064 1353 1
953 1353 667/10000
1030 1353 -1
1130 1354 565759/50000
1129 1354 20043/20000
1170 1354 190749/100000
1064 1354 1
953 1354 43/20000
1031 1354 -1
1130 1355 319017/25000
1129 1355 51599/50000
1170 1355 1281/10000
1064 1355 1
953 1355 1599/50000
1032 1355 -1
1130 1356 1173437/100000
1129 1356 51073/50000
1170 1356 103/500
1064 1356 1
953 1356 1073/50000
1033 1356 -1
1130 1357 284941/20000
1129 1357 13573/12500
1170 1357 8477/50000
1064 1357 1
953 1357 1073/12500
1034 1357 -1
1130 1358 1175339/100000
1129 1358 20353/20000
1170 1358 79/2000
1064 1358 1
953 1358 353/20000
1035 1358 -1
1130 1359 109631/10000
1129 1359 100779/100000
1170 1359 447/2000
1064 1359 1
953 1359 779/100000
1038 1359 -1
1130 1360 230139/20000
1129 1360 104819/100000
1170 1360 8379/100000
1064 1360 1
953 1360 4819/100000
1044 1360 -1
1130 1361 533937/50000
1129 1361 51309/50000
1170 1361 12509/100000
1064 1361 1
953 1361 1309/50000
1045 1361 -1
1130 1362 238053/20000
1129 1362 105427/100000
1170 1362 2531/25000
1064 1362 1
953 1362 5427/100000
1046 1362 -1
1130 1363 232179/20000
1129 1363 52457/50000
1170 1363 522/3125
1064 1363 1
953 1363 2457/50000
1047 1363 -1
1130 1364 1111549/100000
1129 1364 102987/100000
1170 1364 121/5000
1064 1364 1
953 1364 2987/100000
1048 1364 -1
1130 1365 569821/50000
1129 1365 12923/12500
1170 1365 131/1000
1064 1365 1
953 1365 423/12500
1049 1365 -1
1130 1366 68289/6250
1129 1366 25713/25000
1170 1366 3/1000
1064 1366 1
953 1366 713/25000
1050 1366 -1
1130 1367 13347/2000
1129 1367 94157/100000
1170 1367 1961/10000
1064 1367 1
953 1367 -5843/100000
1051 1367 -1
1130 1368 489951/50000
1129 1368 9933/10000
1170 1368 1/200
1064 1368 1
953 1368 -67/10000
1052 1368 -1
1132 1369 6501/500
1131 1369 106767/100000
1172 1369 251/100
1171 1369 19317/50000
1065 1369 1
956 1369 6767/100000
924 1369 -1
1132 1370 1311031/100000
1131 1370 107201/100000
1172 1370 251/100
1171 1370 3863/100000
1065 1370 1
956 1370 7201/100000
925 1370 -1
1132 1371 646767/50000
1131 1371 53281/50000
1172 1371 74/25
1171 1371 717/1000
1065 1371 1
956 1371 3281/50000
926 1371 -1
1132 1372 1313523/100000
1131 1372 107373/100000
1172 1372 74/25
1171 1372 717/10000
1065 1372 1
956 1372 7373/100000
927 1372 -1
1132 1373 1265387/100000
1131 1373 10651/10000
1172 1373 21/10
1171 1373 2981/25000
1065 1373 1
956 1373 651/10000
929 1373 -1
1132 1374 270363/20000
1131 1374 21541/20000
1172 1374 56/25
1171 1374 3391/100000
1065 1374 1
956 1374 1541/20000
930 1374 -1
1132 1375 623/50
1131 1375 133/125
1172 1375 12/5
1171 1375 12/125
1065 1375 1
956 1375 8/125
933 1375 -1
1132 1376 62937/5000
1131 1376 106457/100000
1172 1376 21/10
1171 1376 17/125
1065 1376 1
956 1376 6457/100000
935 1376 -1
1132 1377 1150537/100000
1131 1377 103403/100000
1172 1377 27/10
1171 1377 1/1000
1065 1377 1
956 1377 3403/100000
936 1377 -1
1132 1378 672209/50000
1131 1378 21549/20000
1172 1378 12/5
1171 1378 21/1000
1065 1378 1
956 1378 1549/20000
937 1378 -1
1132 1379 661789/50000
1131 1379 10731/10000
1172 1379 187/100
1171 1379 13099/100000
1065 1379 1
956 1379 731/10000
964 1379 -1
1132 1380 132727/10000
1131 1380 53727/50000
1172 1380 187/100
1171 1380 131/10000
1065 1380 1
956 1380 3727/50000
965 1380 -1
1132 1381 309/25
1131 1381 421/400
1172 1381 187/100
1171 1381 14/25
1065 1381 1
956 1381 21/400
971 1381 -1
1132 1382 244851/20000
1131 1382 26523/25000
1172 1382 21/10
1171 1382 1/1000
1065 1382 1
956 1382 1523/25000
974 1382 -1
1132 1383 138063/10000
1131 1383 108059/100000
1172 1383 17/10
1171 1383 21/1000
1065 1383 1
956 1383 8059/100000
975 1383 -1
1132 1384 1184547/100000
1131 1384 20037/20000
1172 1384 109/25
1171 1384 152559/100000
1065 1384 1
956 1384 37/20000
1019 1384 -1
1132 1385 1038249/100000
1131 1385 97049/100000
1172 1385 267/50
1171 1385 8573/4000
1065 1385 1
956 1385 -2951/100000
1020 1385 -1
1132 1386 4877/800
1131 1386 22697/25000
1172 1386 253/50
1171 1386 67511/25000
1065 1386 1
956 1386 -2303/25000
1021 1386 -1
1132 1387 149189/20000
1131 1387 95579/100000
1172 1387 7/2
1171 1387 11/200
1065 1387 1
956 1387 -4421/100000
1023 1387 -1
1132 1388 1379387/100000
1131 1388 109591/100000
1172 1388 197/50
1171 1388 1/50
1065 1388 1
956 1388 9591/100000
1024 1388 -1
1132 1389 1245281/100000
1131 1389 50957/50000
1172 1389 39/10
1171 1389 59587/50000
1065 1389 1
956 1389 957/50000
1029 1389 -1
1132 1390 136197/10000
1131 1390 10667/10000
1172 1390 283/100
1171 1390 156457/100000
1065 1390 1
956 1390 667/10000
1030 1390 -1
1132 1391 565759/50000
1131 1391 20043/20000
1172 1391 33/10
1171 1391 190749/100000
1065 1391 1
956 1391 43/20000
1031 1391 -1
1132 1392 319017/25000
1131 1392 51599/50000
1172 1392 367/100
1171 1392 1281/10000
1065 1392 1
956 1392 1599/50000
1032 1392 -1
1132 1393 1173437/100000
1131 1393 51073/50000
1172 1393 307/100
1171 1393 103/500
1065 1393 1
956 1393 1073/50000
1033 1393 -1
1132 1394 284941/20000
1131 1394 13573/12500
1172 1394 13/5
1171 1394 8477/50000
1065 1394 1
956 1394 1073/12500
1034 1394 -1
1132 1395 1175339/100000
1131 1395 20353/20000
1172 1395 311/100
1171 1395 79/2000
1065 1395 1
956 1395 353/20000
1035 1395 -1
1132 1396 109631/10000
1131 1396 100779/100000
1172 1396 307/100
1171 1396 447/2000
1065 1396 1
956 1396 779/100000
1038 1396 -1
1132 1397 230139/20000
1131 1397 104819/100000
1172 1397 12/5
1171 1397 8379/100000
1065 1397 1
956 1397 4819/100000
1044 1397 -1
1132 1398 533937/50000
1131 1398 51309/50000
1172 1398 12/5
1171 1398 12509/100000
1065 1398 1
956 1398 1309/50000
1045 1398 -1
1132 1399 238053/20000
1131 1399 105427/100000
1172 1399 12/5
1171 1399 2531/25000
1065 1399 1
956 1399 5427/100000
1046 1399 -1
1132 1400 232179/20000
1131 1400 52457/50000
1172 1400 12/5
1171 1400 522/3125
1065 1400 1
956 1400 2457/50000
1047 1400 -1
1132 1401 1111549/100000
1131 1401 102987/100000
1172 1401 271/100
1171 1401 121/5000
1065 1401 1
956 1401 2987/100000
1048 1401 -1
1132 1402 569821/50000
1131 1402 12923/12500
1172 1402 67/25
1171 1402 131/1000
1065 1402 1
956 1402 423/12500
1049 1402 -1
1132 1403 68289/6250
1131 1403 25713/25000
1172 1403 31/10
1171 1403 3/1000
1065 1403 1
956 1403 713/25000
1050 1403 -1
1132 1404 13347/2000
1131 1404 94157/100000
1172 1404 99/20
1171 1404 1961/10000
1065 1404 1
956 1404 -5843/100000
1051 1404 -1
1132 1405 489951/50000
1131 1405 9933/10000
1172 1405 49/10
1171 1405 1/200
1065 1405 1
956 1405 -67/10000
1052 1405 -1
1134 1406 6501/500
1133 1406 106767/100000
1174 1406 251/100
1173 1406 19317/50000
1066 1406 1
957 1406 6767/100000
924 1406 -1
1134 1407 1311031/100000
1133 1407 107201/100000
1174 1407 251/100
1173 1407 3863/100000
1066 1407 1
957 1407 7201/100000
925 1407 -1
1134 1408 646767/50000
1133 1408 53281/50000
1174 1408 74/25
1173 1408 717/1000
1066 1408 1
957 1408 3281/50000
926 1408 -1
1134 1409 1313523/100000
1133 1409 107373/100000
1174 1409 74/25
1173 1409 717/10000
1066 1409 1
957 1409 7373/100000
927 1409 -1
1134 1410 1265387/100000
1133 1410 10651/10000
1174 1410 21/10
1173 1410 2981/25000
1066 1410 1
957 1410 651/10000
929 1410 -1
1134 1411 270363/20000
1133 1411 21541/20000
1174 1411 56/25
1173 1411 3391/100000
1066 1411 1
957 1411 1541/20000
930 1411 -1
1134 1412 623/50
1133 1412 133/125
1174 1412 12/5
1173 1412 12/125
1066 1412 1
957 1412 8/125
933 1412 -1
1134 1413 62937/5000
1133 1413 106457/100000
1174 1413 21/10
1173 1413 17/125
1066 1413 1
957 1413 6457/100000
935 1413 -1
1134 1414 1150537/100000
1133 1414 103403/100000
1174 1414 27/10
1173 1414 1/1000
1066 1414 1
957 1414 3403/100000
936 1414 -1
1134 1415 672209/50000
1133 1415 21549/20000
1174 1415 12/5
1173 1415 21/1000
1066 1415 1
957 1415 1549/20000
937 1415 -1
1134 1416 661789/50000
1133 1416 10731/10000
1174 1416 187/100
1173 1416 13099/100000
1066 1416 1
957 1416 731/10000
964 1416 -1
1134 1417 132727/10000
1133 1417 53727/50000
1174 1417 187/100
1173 1417 131/10000
1066 1417 1
957 1417 3727/50000
965 1417 -1
1134 1418 309/25
1133 1418 421/400
1174 1418 187/100
1173 1418 14/25
1066 1418 1
957 1418 21/400
971 1418 -1
1134 1419 244851/20000
1133 1419 26523/25000
1174 1419 21/10
1173 1419 1/1000
1066 1419 1
957 1419 1523/25000
974 1419 -1
1134 1420 138063/10000
1133 1420 108059/100000
1174 1420 17/10
1173 1420 21/1000
1066 1420 1
957 1420 8059/100000
975 1420 -1
1134 1421 1184547/100000
1133 1421 20037/20000
1174 1421 109/25
1173 1421 152559/100000
1066 1421 1
957 1421 37/20000
1019 1421 -1
1134 1422 1038249/100000
1133 1422 97049/100000
1174 1422 267/50
1173 1422 8573/4000
1066 1422 1
957 1422 -2951/100000
1020 1422 -1
1134 1423 4877/800
1133 1423 22697/25000
1174 1423 253/50
1173 1423 67511/25000
1066 1423 1
957 1423 -2303/25000
1021 1423 -1
1134 1424 149189/20000
1133 1424 95579/100000
1174 1424 7/2
1173 1424 11/200
1066 1424 1
957 1424 -4421/100000
1023 1424 -1
1134 1425 1379387/100000
1133 1425 109591/100000
1174 1425 197/50
1173 1425 1/50
1066 1425 1
957 1425 9591/100000
1024 1425 -1
1134 1426 1245281/100000
1133 1426 50957/50000
1174 1426 39/10
1173 1426 59587/50000
1066 1426 1
957 1426 957/50000
1029 1426 -1
1134 1427 136197/10000
1133 1427 10667/10000
1174 1427 283/100
1173 1427 156457/100000
1066 1427 1
957 1427 667/10000
1030 1427 -1
1134 1428 565759/50000
1133 1428 20043/20000
1174 1428 33/10
1173 1428 190749/100000
1066 1428 1
957 1428 43/20000
1031 1428 -1
1134 1429 319017/25000
1133 1429 51599/50000
1174 1429 367/100
1173 1429 1281/10000
1066 1429 1
957 1429 1599/50000
1032 1429 -1
1134 1430 1173437/100000
1133 1430 51073/50000
1174 1430 307/100
1173 1430 103/500
1066 1430 1
957 1430 1073/50000
1033 1430 -1
1134 1431 284941/20000
1133 1431 13573/12500
1174 1431 13/5
1173 1431 8477/50000
1066 1431 1
957 1431 1073/12500
1034 1431 -1
1134 1432 1175339/100000
1133 1432 20353/20000
1174 1432 311/100
1173 1432 79/2000
1066 1432 1
957 1432 353/20000
1035 1432 -1
1134 1433 109631/10000
1133 1433 100779/100000
1174 1433 307/100
1173 1433 447/2000
1066 1433 1
957 1433 779/100000
1038 1433 -1
1134 1434 230139/20000
1133 1434 104819/100000
1174 1434 12/5
1173 1434 8379/100000
1066 1434 1
957 1434 4819/100000
1044 1434 -1
1134 1435 533937/50000
1133 1435 51309/50000
1174 1435 12/5
1173 1435 12509/100000
1066 1435 1
957 1435 1309/50000
1045 1435 -1
1134 1436 238053/20000
1133 1436 105427/100000
1174 1436 12/5
1173 1436 2531/25000
1066 1436 1
957 1436 5427/100000
1046 1436 -1
1134 1437 232179/20000
1133 1437 52457/50000
1174 1437 12/5
1173 1437 522/3125
1066 1437 1
957 1437 2457/50000
1047 1437 -1
1134 1438 1111549/100000
1133 1438 102987/100000
1174 1438 271/100
1173 1438 121/5000
1066 1438 1
957 1438 2987/100000
1048 1438 -1
1134 1439 569821/50000
1133 1439 12923/12500
1174 1439 67/25
1173 1439 131/1000
1066 1439 1
957 1439 423/12500
1049 1439 -1
1134 1440 68289/6250
1133 1440 25713/25000
1174 1440 31/10
1173 1440 3/1000
1066 1440 1
957 1440 713/25000
1050 1440 -1
1134 1441 13347/2000
1133 1441 94157/100000
1174 1441 99/20
1173 1441 1961/10000
1066 1441 1
957 1441 -5843/100000
1051 1441 -1
1134 1442 489951/50000
1133 1442 9933/10000
1174 1442 49/10
1173 1442 1/200
1066 1442 1
957 1442 -67/10000
1052 1442 -1
1161 1443 16877811/100000
1162 1443 8769367/50000
1135 1443 227/200
1137 1443 434/25
1176 1443 1705151/10000
1175 1443 3507993/25000
1067 1443 1
1056 1443 8881/5000
939 1443 -1
1161 1444 284437/2000
1162 1444 7460789/50000
1135 1444 559/500
1137 1444 839/50
1176 1444 1412/25
1175 1444 168/5
1067 1444 1
1056 1444 8/5
940 1444 -1
1161 1445 7457177/50000
1162 1445 15851493/100000
1135 1445 1139/1000
1137 1445 434/25
1176 1445 3296233/25000
1175 1445 10273973/100000
1067 1445 1
1056 1445 171233/100000
944 1445 -1
1161 1446 5640113/50000
1162 1446 11339347/100000
1135 1446 1121/1000
1137 1446 839/50
1176 1446 1111111/25000
1175 1446 297619/12500
1067 1446 1
1056 1446 15873/10000
945 1446 -1
1161 1447 7971107/100000
1162 1447 7517023/100000
1135 1447 27081/25000
1137 1447 1340711/100000
1176 1447 72071/50000
1175 1447 29823/10000
1067 1447 1
1056 1447 65519/50000
979 1447 -1
1161 1448 5627497/50000
1162 1448 5758511/50000
1135 1448 110907/100000
1137 1448 814163/50000
1176 1448 3771877/100000
1175 1448 1131563/50000
1067 1448 1
1056 1448 1207/800
980 1448 -1
1161 1449 350688/3125
1162 1449 11368279/100000
1135 1449 6919/6250
1137 1449 782529/50000
1176 1449 3386287/100000
1175 1449 721317/50000
1067 1449 1
1056 1449 18647/12500
981 1449 -1
1161 1450 422619/4000
1162 1450 11840753/100000
1135 1450 53389/50000
1137 1450 605337/50000
1176 1450 557/160
1175 1450 18063/5000
1067 1450 1
1056 1450 125677/100000
983 1450 -1
1161 1451 10813317/100000
1162 1451 3076747/25000
1135 1451 52953/50000
1137 1451 1149113/100000
1176 1451 319961/100000
1175 1451 339651/100000
1067 1451 1
1056 1451 61531/50000
984 1451 -1
1161 1452 11416919/100000
1162 1452 12570959/100000
1135 1452 27793/25000
1137 1452 845417/50000
1176 1452 2942851/100000
1175 1452 201353/20000
1067 1452 1
1056 1452 154887/100000
987 1452 -1
1161 1453 1160879/12500
1162 1453 5013939/50000
1135 1453 5433/5000
1137 1453 1374123/100000
1176 1453 795719/100000
1175 1453 397859/100000
1067 1453 1
1056 1453 6631/5000
988 1453 -1
1161 1454 13302171/100000
1162 1454 1761521/12500
1135 1454 27733/25000
1137 1454 807389/50000
1176 1454 227059/6250
1175 1454 393569/20000
1067 1454 1
1056 1454 151373/100000
989 1454 -1
1161 1455 2333089/25000
1162 1455 929807/10000
1135 1455 109363/100000
1137 1455 356979/25000
1176 1455 1096671/100000
1175 1455 959587/100000
1067 1455 1
1056 1455 34271/25000
991 1455 -1
1161 1456 9130247/100000
1162 1456 4590431/50000
1135 1456 2701/2500
1137 1456 322693/25000
1176 1456 744401/100000
1175 1456 329381/50000
1067 1456 1
1056 1456 16469/12500
992 1456 -1
1161 1457 10743381/100000
1162 1457 6133991/50000
1135 1457 105101/100000
1137 1457 1101423/100000
1176 1457 843373/100000
1175 1457 60241/10000
1067 1457 1
1056 1457 60241/50000
993 1457 -1
1161 1458 6050897/50000
1162 1458 12672009/100000
1135 1458 110913/100000
1137 1458 202107/12500
1176 1458 3338561/100000
1175 1458 883737/50000
1067 1458 1
1056 1458 75533/50000
994 1458 -1
1161 1459 11991173/100000
1162 1459 3108077/25000
1135 1459 22071/20000
1137 1459 94781/6250
1176 1459 262697/10000
1175 1459 262697/20000
1067 1459 1
1056 1459 145943/100000
995 1459 -1
1161 1460 971641/10000
1162 1460 10013271/100000
1135 1460 109093/100000
1137 1460 282443/20000
1176 1460 26069/6250
1175 1460 26069/6250
1067 1460 1
1056 1460 2691/2000
996 1460 -1
1161 1461 294456/3125
1162 1461 334224/3125
1135 1461 106167/100000
1137 1461 73239/6250
1176 1461 123457/50000
1175 1461 123457/100000
1067 1461 1
1056 1461 123457/100000
997 1461 -1
1161 1462 12749257/100000
1162 1462 2661981/20000
1135 1462 110287/100000
1137 1462 153753/10000
1176 1462 244253/50000
1175 1462 86207/25000
1067 1462 1
1056 1462 71839/50000
998 1462 -1
1161 1463 2954169/25000
1162 1463 6088369/50000
1135 1463 55253/50000
1137 1463 168069/10000
1176 1463 191257/100000
1175 1463 191257/100000
1067 1463 1
1056 1463 34153/25000
999 1463 -1
1161 1464 13004587/100000
1162 1464 109633/800
1135 1464 1377/1250
1137 1464 1530877/100000
1176 1464 14539/2500
1175 1464 109929/25000
1067 1464 1
1056 1464 35461/25000
1000 1464 -1
1161 1465 1071881/10000
1162 1465 1237547/10000
1135 1465 51729/50000
1137 1465 984091/100000
1176 1465 76651/25000
1175 1465 76651/25000
1067 1465 1
1056 1465 4717/4000
1001 1465 -1
1161 1466 2086739/20000
1162 1466 10565103/100000
1135 1466 21871/20000
1137 1466 756619/50000
1176 1466 136541/50000
1175 1466 136541/50000
1067 1466 1
1056 1466 130039/100000
1002 1466 -1
1161 1467 10712139/100000
1162 1467 10928273/100000
1135 1467 11/10
1137 1467 15
1176 1467 1313293/100000
1175 1467 1313293/100000
1067 1467 1
1056 1467 145921/100000
1003 1467 -1
1161 1468 2231531/20000
1162 1468 116293/1000
1135 1468 109319/100000
1137 1468 1380359/100000
1176 1468 265883/10000
1175 1468 174923/12500
1067 1468 1
1056 1468 69969/50000
1006 1468 -1
1161 1469 11994123/100000
1162 1469 12359377/100000
1135 1469 11089/10000
1137 1469 81/5
1176 1469 839283/25000
1175 1469 355461/20000
1067 1469 1
1056 1469 75953/50000
1007 1469 -1
1161 1470 177129/2000
1162 1470 2283679/25000
1135 1470 2721/2500
1137 1470 139/10
1176 1470 104349/25000
1175 1470 104349/25000
1067 1470 1
1056 1470 33661/25000
1008 1470 -1
1161 1471 7366091/50000
1162 1471 9227661/50000
1135 1471 1123/1000
1137 1471 719/50
1176 1471 290099/2000
1175 1471 2929043/25000
1067 1471 1
1056 1471 165017/100000
1028 1471 -1
1161 1472 12137121/100000
1162 1472 3448341/25000
1135 1472 109813/100000
1137 1472 1439481/100000
1176 1472 701767/25000
1175 1472 1342263/100000
1067 1472 1
1056 1472 142491/100000
1040 1472 -1
1161 1473 4955647/50000
1162 1473 5780867/50000
1135 1473 53949/50000
1137 1473 651529/50000
1176 1473 9297/3125
1175 1473 73413/25000
1067 1473 1
1056 1473 129349/100000
1041 1473 -1
1161 1474 8754371/100000
1162 1474 5080703/50000
1135 1474 106393/100000
1137 1474 154097/12500
1176 1474 84439/100000
1175 1474 82027/100000
1067 1474 1
1056 1474 120627/100000
1042 1474 -1
1163 1475 16877811/100000
1164 1475 8769367/50000
1140 1475 227/200
1142 1475 434/25
1178 1475 1705151/10000
1177 1475 3507993/25000
1068 1475 1
1057 1475 8881/5000
939 1475 -1
1163 1476 284437/2000
1164 1476 7460789/50000
1140 1476 559/500
1142 1476 839/50
1178 1476 1412/25
1177 1476 168/5
1068 1476 1
1057 1476 8/5
940 1476 -1
1163 1477 7457177/50000
1164 1477 15851493/100000
1140 1477 1139/1000
1142 1477 434/25
1178 1477 3296233/25000
1177 1477 10273973/100000
1068 1477 1
1057 1477 171233/100000
944 1477 -1
1163 1478 5640113/50000
1164 1478 11339347/100000
1140 1478 1121/1000
1142 1478 839/50
1178 1478 1111111/25000
1177 1478 297619/12500
1068 1478 1
1057 1478 15873/10000
945 1478 -1
1163 1479 7971107/100000
1164 1479 7517023/100000
1140 1479 27081/25000
1142 1479 1340711/100000
1178 1479 72071/50000
1177 1479 29823/10000
1068 1479 1
1057 1479 65519/50000
979 1479 -1
1163 1480 5627497/50000
1164 1480 5758511/50000
1140 1480 110907/100000
1142 1480 814163/50000
1178 1480 3771877/100000
1177 1480 1131563/50000
1068 1480 1
1057 1480 1207/800
980 1480 -1
1163 1481 350688/3125
1164 1481 11368279/100000
1140 1481 6919/6250
1142 1481 782529/50000
1178 1481 3386287/100000
1177 1481 721317/50000
1068 1481 1
1057 1481 18647/12500
981 1481 -1
1163 1482 422619/4000
1164 1482 11840753/100000
1140 1482 53389/50000
1142 1482 605337/50000
1178 1482 557/160
1177 1482 18063/5000
1068 1482 1
1057 1482 125677/100000
983 1482 -1
1163 1483 10813317/100000
1164 1483 3076747/25000
1140 1483 52953/50000
1142 1483 1149113/100000
1178 1483 319961/100000
1177 1483 339651/100000
1068 1483 1
1057 1483 61531/50000
984 1483 -1
1163 1484 11416919/100000
1164 1484 12570959/100000
1140 1484 27793/25000
1142 1484 845417/50000
1178 1484 2942851/100000
1177 1484 201353/20000
1068 1484 1
1057 1484 154887/100000
987 1484 -1
1163 1485 1160879/12500
1164 1485 5013939/50000
1140 1485 5433/5000
1142 1485 1374123/100000
1178 1485 795719/100000
1177 1485 397859/100000
1068 1485 1
1057 1485 6631/5000
988 1485 -1
1163 1486 13302171/100000
1164 1486 1761521/12500
1140 1486 27733/25000
1142 1486 807389/50000
1178 1486 227059/6250
1177 1486 393569/20000
1068 1486 1
1057 1486 151373/100000
989 1486 -1
1163 1487 2333089/25000
1164 1487 929807/10000
1140 1487 109363/100000
1142 1487 356979/25000
1178 1487 1096671/100000
1177 1487 959587/100000
1068 1487 1
1057 1487 34271/25000
991 1487 -1
1163 1488 9130247/100000
1164 1488 4590431/50000
1140 1488 2701/2500
1142 1488 322693/25000
1178 1488 744401/100000
1177 1488 329381/50000
1068 1488 1
1057 1488 16469/12500
992 1488 -1
1163 1489 10743381/100000
1164 1489 6133991/50000
1140 1489 105101/100000
1142 1489 1101423/100000
1178 1489 843373/100000
1177 1489 60241/10000
1068 1489 1
1057 1489 60241/50000
993 1489 -1
1163 1490 6050897/50000
1164 1490 12672009/100000
1140 1490 110913/100000
1142 1490 202107/12500
1178 1490 3338561/100000
1177 1490 883737/50000
1068 1490 1
1057 1490 75533/50000
994 1490 -1
1163 1491 11991173/100000
1164 1491 3108077/25000
1140 1491 22071/20000
1142 1491 94781/6250
1178 1491 262697/10000
1177 1491 262697/20000
1068 1491 1
1057 1491 145943/100000
995 1491 -1
1163 1492 971641/10000
1164 1492 10013271/100000
1140 1492 109093/100000
1142 1492 282443/20000
1178 1492 26069/6250
1177 1492 26069/6250
1068 1492 1
1057 1492 2691/2000
996 1492 -1
1163 1493 294456/3125
1164 1493 334224/3125
1140 1493 106167/100000
1142 1493 73239/6250
1178 1493 123457/50000
1177 1493 123457/100000
1068 1493 1
1057 1493 123457/100000
997 1493 -1
1163 1494 12749257/100000
1164 1494 2661981/20000
1140 1494 110287/100000
1142 1494 153753/10000
1178 1494 244253/50000
1177 1494 86207/25000
1068 1494 1
1057 1494 71839/50000
998 1494 -1
1163 1495 2954169/25000
1164 1495 6088369/50000
1140 1495 55253/50000
1142 1495 168069/10000
1178 1495 191257/100000
1177 1495 191257/100000
1068 1495 1
1057 1495 34153/25000
999 1495 -1
1163 1496 13004587/100000
1164 1496 109633/800
1140 1496 1377/1250
1142 1496 1530877/100000
1178 1496 14539/2500
1177 1496 109929/25000
1068 1496 1
1057 1496 35461/25000
1000 1496 -1
1163 1497 1071881/10000
1164 1497 1237547/10000
1140 1497 51729/50000
1142 1497 984091/100000
1178 1497 76651/25000
1177 1497 76651/25000
1068 1497 1
1057 1497 4717/4000
1001 1497 -1
1163 1498 2086739/20000
1164 1498 10565103/100000
1140 1498 21871/20000
1142 1498 756619/50000
1178 1498 136541/50000
1177 1498 136541/50000
1068 1498 1
1057 1498 130039/100000
1002 1498 -1
1163 1499 10712139/100000
1164 1499 10928273/100000
1140 1499 11/10
1142 1499 15
1178 1499 1313293/100000
1177 1499 1313293/100000
1068 1499 1
1057 1499 145921/100000
1003 1499 -1
1163 1500 2231531/20000
1164 1500 116293/1000
1140 1500 109319/100000
1142 1500 1380359/100000
1178 1500 265883/10000
1177 1500 174923/12500
1068 1500 1
1057 1500 69969/50000
1006 1500 -1
1163 1501 11994123/100000
1164 1501 12359377/100000
1140 1501 11089/10000
1142 1501 81/5
1178 1501 839283/25000
1177 1501 355461/20000
1068 1501 1
1057 1501 75953/50000
1007 1501 -1
1163 1502 177129/2000
1164 1502 2283679/25000
1140 1502 2721/2500
1142 1502 139/10
1178 1502 104349/25000
1177 1502 104349/25000
1068 1502 1
1057 1502 33661/25000
1008 1502 -1
1163 1503 7366091/50000
1164 1503 9227661/50000
1140 1503 1123/1000
1142 1503 719/50
1178 1503 290099/2000
1177 1503 2929043/25000
1068 1503 1
1057 1503 165017/100000
1028 1503 -1
1163 1504 12137121/100000
1164 1504 3448341/25000
1140 1504 109813/100000
1142 1504 1439481/100000
1178 1504 701767/25000
1177 1504 1342263/100000
1068 1504 1
1057 1504 142491/100000
1040 1504 -1
1163 1505 4955647/50000
1164 1505 5780867/50000
1140 1505 53949/50000
1142 1505 651529/50000
1178 1505 9297/3125
1177 1505 73413/25000
1068 1505 1
1057 1505 129349/100000
1041 1505 -1
1163 1506 8754371/100000
1164 1506 5080703/50000
1140 1506 106393/100000
1142 1506 154097/12500
1178 1506 84439/100000
1177 1506 82027/100000
1068 1506 1
1057 1506 120627/100000
1042 1506 -1
1053 1507 292399/25000
1148 1507 1311031/100000
1146 1507 107201/100000
1152 1507 1887263/20000
1182 1507 39691/10000
1180 1507 892629/25000
1181 1507 193/5000
1149 1507 1813279/100000
1147 1507 -31013/3125
1179 1507 90807/50000
1145 1507 -215461/10000
1069 1507 1
1058 1507 29341/25000
925 1507 -1
1053 1508 589883/50000
1148 1508 1313523/100000
1146 1508 107373/100000
1182 1508 43497/10000
1180 1508 1879359/50000
1181 1508 717/10000
1149 1508 1355983/100000
1147 1508 -1141433/100000
1179 1508 207063/100000
1145 1508 -220283/100000
1069 1508 1
1058 1508 14407/12500
927 1508 -1
1053 1509 287949/25000
1148 1509 1265387/100000
1146 1509 10651/10000
1152 1509 2027403/25000
1151 1509 2027403/50000
1182 1509 33/10
1180 1509 4981619/100000
1181 1509 149/1250
1149 1509 810961/50000
1147 1509 -523529/50000
1179 1509 87013/50000
1145 1509 -46816777/100000
1069 1509 1
1058 1509 28963/25000
929 1509 -1
1053 1510 288377/25000
1148 1510 62937/5000
1146 1510 106457/100000
1152 1510 8009153/100000
1151 1510 4004577/100000
1182 1510 33/10
1180 1510 1229977/25000
1181 1510 17/125
1149 1510 1601831/100000
1147 1510 -523529/50000
1179 1510 36731/20000
1145 1510 -23118413/50000
1069 1510 1
1058 1510 7151/6250
935 1510 -1
1053 1511 111367/10000
1148 1511 1150537/100000
1146 1511 103403/100000
1152 1511 3853777/100000
1182 1511 21/5
1180 1511 1101079/25000
1181 1511 1/1000
1149 1511 27527/5000
1147 1511 -816903/50000
1179 1511 90047/50000
1145 1511 -210101/100000
1069 1511 1
1058 1511 27527/25000
936 1511 -1
1053 1512 594077/50000
1148 1512 672209/50000
1146 1512 21549/20000
1152 1512 3512881/100000
1182 1512 97/25
1180 1512 190281/6250
1181 1512 21/1000
1149 1512 278103/12500
1147 1512 -429489/50000
1179 1512 201467/100000
1145 1512 -254803/100000
1069 1512 1
1058 1512 14637/12500
937 1512 -1
1053 1513 583931/50000
1148 1513 132727/10000
1146 1513 53727/50000
1152 1513 2434733/20000
1151 1513 8229389/100000
1182 1513 166031/50000
1180 1513 2624393/100000
1181 1513 131/10000
1149 1513 1248159/50000
1150 1513 2057419/100000
1147 1513 -806943/100000
1179 1513 74723/50000
1145 1513 -30664411/50000
1069 1513 1
1058 1513 121737/100000
965 1513 -1
1053 1514 289401/25000
1148 1514 1299759/100000
1146 1514 1339/1250
1152 1514 754171/6250
1151 1514 1631421/20000
1182 1514 166031/50000
1180 1514 1951003/100000
1149 1514 1470987/50000
1150 1514 509837/25000
1147 1514 -28377/4000
1179 1514 148133/100000
1145 1514 -60790131/100000
1069 1514 1
1058 1514 120667/100000
966 1514 -1
1053 1515 304597/25000
1148 1515 36583/2500
1146 1515 27241/25000
1152 1515 1590671/12500
1151 1515 4581133/100000
1182 1515 327/100
1180 1515 116119/12500
1149 1515 3283143/100000
1150 1515 623543/25000
1147 1515 -343723/50000
1179 1515 154057/100000
1145 1515 -3688583/25000
1069 1515 1
1058 1515 63627/50000
967 1515 -1
1053 1516 599467/50000
1148 1516 137/10
1146 1516 1089/1000
1152 1516 780567/6250
1151 1516 2248033/50000
1182 1516 327/100
1180 1516 499563/50000
1149 1516 174847/5000
1150 1516 1223929/50000
1147 1516 -608101/100000
1179 1516 30801/20000
1145 1516 -31457809/100000
1069 1516 1
1058 1516 124891/100000
969 1516 -1
1053 1517 1181739/100000
1148 1517 1353/100
1146 1517 2697/2500
1152 1517 2463661/20000
1151 1517 4163587/50000
1182 1517 83/25
1180 1517 1231831/100000
1181 1517 11/1000
1149 1517 1662971/50000
1150 1517 1040897/50000
1147 1517 -1249/200
1179 1517 151221/100000
1145 1517 -31021949/50000
1069 1517 1
1058 1517 123183/100000
970 1517 -1
1053 1518 1129529/100000
1148 1518 244851/20000
1146 1518 26523/25000
1152 1518 1176609/10000
1151 1518 3529827/50000
1182 1518 7/2
1180 1518 1029533/25000
1181 1518 1/1000
1149 1518 1176609/100000
1150 1518 1029533/25000
1147 1518 -367557/25000
1179 1518 289/200
1145 1518 -1031203/2000
1069 1518 1
1058 1518 117661/100000
974 1518 -1
1053 1519 1188297/100000
1148 1519 138063/10000
1146 1519 108059/100000
1152 1519 5857689/50000
1151 1519 1541497/25000
1182 1519 63/20
1180 1519 1603157/50000
1181 1519 21/1000
1149 1519 585769/25000
1150 1519 3699593/100000
1147 1519 -738421/100000
1179 1519 78691/50000
1145 1519 -2449857/50000
1069 1519 1
1058 1519 3083/2500
975 1519 -1
1053 1520 564177/50000
1148 1520 153143/12500
1146 1520 106309/100000
1152 1520 6016123/50000
1151 1520 6016123/50000
1182 1520 31/10
1180 1520 2360847/50000
1181 1520 33/10000
1149 1520 1708579/100000
1150 1520 5414511/50000
1147 1520 -518123/50000
1179 1520 5113/4000
1145 1520 -90744053/100000
1069 1520 1
1058 1520 60161/50000
1043 1520 -1
1053 1521 1108949/100000
1148 1521 1151/100
1146 1521 5241/5000
1152 1521 3511189/50000
1151 1521 89173/10000
1182 1521 4
1180 1521 8359973/100000
1181 1521 419/5000
1149 1521 334399/50000
1147 1521 -367557/25000
1179 1521 5406/3125
1145 1521 -4209897/20000
1069 1521 1
1058 1521 55733/50000
1044 1521 -1
1053 1522 1077873/100000
1148 1522 267/25
1146 1522 5131/5000
1152 1522 1170101/20000
1151 1522 1733483/100000
1182 1522 41/10
1180 1522 8125701/100000
1181 1522 1251/10000
1149 1522 81257/12500
1147 1522 -367557/25000
1179 1522 165139/100000
1145 1522 -4903507/20000
1069 1522 1
1058 1522 108343/100000
1045 1522 -1
1053 1523 280949/25000
1148 1523 119/10
1146 1523 10543/10000
1152 1523 7229357/100000
1151 1523 90367/10000
1182 1523 41/10
1180 1523 8471903/100000
1181 1523 253/2500
1149 1523 84719/12500
1147 1523 -367557/25000
1179 1523 43517/25000
1145 1523 -1333207/6250
1069 1523 1
1058 1523 112959/100000
1046 1523 -1
1888 1524 -1
1073 1524 1
1889 1525 -1
1074 1525 1
1890 1526 -1
1078 1526 1
1891 1527 -1
1079 1527 1
1892 1528 -1
1081 1528 1
1893 1529 -1
1082 1529 1
1894 1530 -1
1084 1530 1
1086 1531 1
1895 1532 -1
1087 1532 1
1898 1533 -1
1088 1533 1
1896 1534 -1
1092 1534 1
1897 1535 -1
1093 1535 1
1094 1536 1
1898 1537 -1
1095 1537 1
1898 1538 -1
1096 1538 1
1899 1539 -1
1097 1539 1
1900 1540 -1
1897 1540 -1
1098 1540 1
1900 1541 -1
1897 1541 -1
1099 1541 1
1100 1542 1
1101 1543 1
1901 1544 -1
1102 1544 1
1902 1545 -1
1107 1545 1
1072 1546 1
1073 1547 1
1074 1548 1
1078 1549 1
1079 1550 1
1080 1551 1
1081 1552 1
1082 1553 1
1083 1554 1
1084 1555 1
1085 1556 1
1087 1557 1
1088 1558 1
1089 1559 1
1092 1560 1
1093 1561 1
1095 1562 1
1096 1563 1
1097 1564 1
1098 1565 1
1099 1566 1
1102 1567 1
1105 1568 1
1106 1569 1
1107 1570 1
1108 1571 1
949 1572 1
952 1572 -1
950 1573 1
952 1573 -1
1063 1574 1
951 1574 227/200
939 1574 -1
1063 1575 1
951 1575 623/500
941 1575 -1
1063 1576 1
951 1576 1183/1000
942 1576 -1
1063 1577 1
951 1577 231/200
943 1577 -1
1063 1578 1
951 1578 1139/1000
944 1578 -1
1063 1579 1
951 1579 299/100
962 1579 -1
1063 1580 1
1026 1580 -1
951 1580 47/40
1063 1581 1
1027 1581 -1
951 1581 57/50
1063 1582 1
1028 1582 -1
951 1582 1123/1000
1063 1583 -1
952 1584 1
951 1584 -1
953 1585 -1
952 1585 1
954 1586 1
952 1586 -1
1015 1587 417/1000
955 1587 583/1000
1014 1587 -1
1153 1588 27197/25000
1070 1588 1
1059 1588 641/500
964 1588 -831/1000
981 1588 -169/1000
1153 1589 10831/10000
1070 1589 1
1059 1589 166/125
964 1589 -43/200
979 1589 -697/1000
981 1589 -11/125
1153 1590 1083/1000
1070 1590 1
1059 1590 1323/1000
964 1590 -107/250
979 1590 -397/1000
981 1590 -7/40
973 1591 99/100
1059 1591 -1
1070 1592 -1
1154 1593 144/125
1071 1593 1
1060 1593 19141/10000
939 1593 -657/5000
943 1593 -4343/5000
1154 1594 231/200
1071 1594 1
1060 1594 1939/1000
943 1594 -1
1154 1595 1153/1000
1071 1595 1
1060 1595 2381/1250
944 1595 -339/2500
943 1595 -2161/2500
1154 1596 1153/1000
1071 1596 1
1060 1596 2417/1250
1027 1596 -41/400
943 1596 -359/400
976 1597 197/200
1060 1597 -1
1071 1598 -1
1039 1599 -1
943 1599 3/10
979 1599 3/20
978 1599 3/10
939 1599 7/80
944 1599 13/80
921 1600 1
918 1600 -1
922 1601 1
919 1601 -1
923 1602 1
920 1602 -1
971 1603 24/125
970 1603 101/125
964 1603 -1
1072 1603 -6067/5000
1157 1603 -19/10000
1156 1603 -19/10000
1155 1603 -16/625
999 1604 1087/100000
998 1604 98913/100000
939 1604 -56919/100000
1027 1604 -43081/100000
1073 1604 -4127/5000
1157 1604 -653/5000
1156 1604 -69/10000
1002 1605 1111/25000
1000 1605 23889/25000
1028 1605 -4813/10000
939 1605 -5187/10000
1073 1605 -3971/5000
1157 1605 -77/500
1156 1605 -13/2000
1063 1606 319/50000
1104 1606 17/400
1103 1606 363/10000
1077 1606 93/10000
1075 1606 379/10000
1076 1606 11/1000
1091 1606 -1121/1000
1090 1606 -137/1000
1044 1606 4887/12500
927 1606 -1
1012 1606 3203/100000
1051 1606 59/20000
1042 1606 7741/100000
1041 1606 16577/100000
1040 1606 8733/50000
961 1606 39/25000
1028 1606 849/20000
944 1606 929/100000
939 1606 379/10000
1027 1606 907/25000
943 1606 11/1000
1026 1606 799/100000
942 1606 67/20000
951 1606 319/50000
1074 1606 -5763/5000
1158 1606 -399/1000
1157 1606 101/5000
1156 1606 -1/40
1063 1607 29/2000
1104 1607 43/1250
1103 1607 241/10000
1077 1607 37/5000
1075 1607 91/10000
1076 1607 143/10000
1091 1607 -1221/1000
1090 1607 -893/10000
951 1607 29/2000
1052 1607 379/5000
1050 1607 419/2000
1042 1607 107/1000
1041 1607 2339/10000
1040 1607 1043/5000
1012 1607 541/10000
1024 1607 -1
1028 1607 43/1250
1027 1607 241/10000
944 1607 37/5000
939 1607 91/10000
943 1607 143/10000
942 1607 73/10000
961 1607 1/50000
1074 1607 -11273/10000
1158 1607 -63/100
1157 1607 197/10000
1156 1607 -49/2000
1063 1608 911/100000
1104 1608 469/10000
1103 1608 22/625
1077 1608 21/2500
1075 1608 11/400
1076 1608 1/100
1091 1608 -161/125
1090 1608 -16/125
1045 1608 23947/100000
1012 1608 6167/100000
1051 1608 649/25000
1042 1608 497/5000
1041 1608 11537/50000
1040 1608 18979/100000
1032 1608 -1
961 1608 3/2500
1028 1608 2347/50000
944 1608 837/100000
939 1608 1373/50000
1027 1608 881/25000
943 1608 1003/100000
1026 1608 911/100000
942 1608 551/100000
951 1608 911/100000
1074 1608 -1373/1250
1158 1608 -251/500
1157 1608 191/10000
1156 1608 -237/10000
1063 1609 1067/50000
1104 1609 4/125
1103 1609 263/10000
1077 1609 11/5000
1075 1609 61/5000
1076 1609 31/5000
1091 1609 -823/500
1090 1609 -789/10000
1046 1609 1431/4000
1033 1609 -1
1012 1609 1409/25000
1051 1609 311/2000
1042 1609 331/5000
1041 1609 13689/100000
1040 1609 10451/100000
961 1609 211/100000
1028 1609 4/125
944 1609 111/50000
939 1609 613/50000
1027 1609 1319/50000
943 1609 39/6250
1026 1609 167/20000
942 1609 297/25000
951 1609 1067/50000
1074 1609 -1073/1000
1158 1609 -337/1000
1157 1609 47/2500
1156 1609 -233/10000
1063 1610 1157/50000
1104 1610 447/10000
1103 1610 419/10000
1077 1610 3/500
1075 1610 47/2000
1076 1610 17/2000
1091 1610 -447/250
1090 1610 -623/5000
1047 1610 24593/100000
1034 1610 -1
1012 1610 8263/100000
1051 1610 23393/100000
1042 1610 1531/50000
1041 1610 7257/100000
1040 1610 4033/25000
961 1610 51/25000
1028 1610 4471/100000
944 1610 149/25000
939 1610 2349/100000
1027 1610 4191/100000
943 1610 53/6250
1026 1610 39/2500
942 1610 383/50000
951 1610 1157/50000
1074 1610 -11999/10000
1158 1610 -653/500
1157 1610 21/1000
1156 1610 -13/500
1063 1611 1037/100000
1104 1611 171/5000
1103 1611 17/625
1077 1611 3/625
1075 1611 43/2500
1076 1611 9/1250
1048 1611 1667/5000
1035 1611 -1
1091 1611 -14207/10000
1090 1611 -453/5000
1012 1611 207/4000
1051 1611 3459/100000
1042 1611 973/10000
1041 1611 569/2500
1040 1611 6871/50000
961 1611 1/2500
1028 1611 3419/100000
944 1611 481/100000
939 1611 1717/100000
1027 1611 543/20000
943 1611 181/25000
1026 1611 771/100000
942 1611 891/100000
951 1611 1037/100000
1074 1611 -5299/5000
1158 1611 -2571/10000
1157 1611 33/2000
1156 1611 -41/2000
1063 1612 317/25000
1104 1612 83/2500
1103 1612 139/5000
1077 1612 37/10000
1075 1612 153/10000
1076 1612 69/10000
1049 1612 18267/50000
1038 1612 -1
1091 1612 -3339/2000
1090 1612 -869/10000
1012 1612 5429/100000
1051 1612 3607/50000
1042 1612 1023/12500
1041 1612 18417/100000
1040 1612 6031/50000
961 1612 209/100000
1028 1612 3317/100000
944 1612 73/20000
939 1612 1527/100000
1027 1612 2783/100000
943 1612 69/10000
1026 1612 53/6250
942 1612 577/50000
951 1612 317/25000
1074 1612 -10381/10000
1158 1612 -1049/5000
1157 1612 169/10000
1156 1612 -209/10000
1063 1613 469/100000
1104 1613 357/10000
1103 1613 77/2500
1077 1613 51/5000
1075 1613 107/2500
1076 1613 27/2500
1091 1613 -553/500
1090 1613 -163/1250
1044 1613 7871/20000
927 1613 -1
1012 1613 1011/25000
1051 1613 99/50000
1042 1613 3849/50000
1041 1613 2071/12500
1040 1613 8811/50000
961 1613 39/25000
1028 1613 223/6250
944 1613 41/4000
939 1613 857/20000
1027 1613 1541/50000
943 1613 1083/100000
1026 1613 59/10000
942 1613 259/100000
951 1613 469/100000
1074 1613 -5763/5000
1158 1613 -541/1000
1157 1613 101/5000
1156 1613 -1/40
1063 1614 83/12500
1104 1614 51/1250
1103 1614 37/1250
1077 1614 23/2500
1075 1614 313/10000
1076 1614 49/5000
1091 1614 -311/250
1090 1614 -603/5000
1045 1614 3123/12500
1012 1614 223/3125
1051 1614 129/5000
1042 1614 9713/100000
1041 1614 5653/25000
1040 1614 18943/100000
1032 1614 -1
961 1614 119/50000
1028 1614 2041/50000
944 1614 923/100000
939 1614 1563/50000
1027 1614 739/25000
943 1614 977/100000
1026 1614 41/6250
942 1614 409/100000
951 1614 133/20000
1074 1614 -1373/1250
1158 1614 -581/1000
1157 1614 191/10000
1156 1614 -237/10000
1063 1615 821/50000
1104 1615 7/250
1103 1615 219/10000
1077 1615 1/400
1075 1615 33/2500
1076 1615 29/5000
1091 1615 -789/500
1090 1615 -357/5000
1046 1615 2411/6250
1033 1615 -1
1012 1615 1353/20000
1051 1615 3637/25000
1042 1615 3181/50000
1041 1615 13141/100000
1040 1615 5043/50000
961 1615 51/25000
1028 1615 701/25000
944 1615 123/50000
939 1615 1323/100000
1027 1615 1093/50000
943 1615 583/100000
1026 1615 327/50000
942 1615 441/50000
951 1615 821/50000
1074 1615 -1073/1000
1158 1615 -81/200
1157 1615 47/2500
1156 1615 -233/10000
1063 1616 1821/100000
1104 1616 399/10000
1103 1616 73/2000
1077 1616 17/2500
1075 1616 27/1000
1076 1616 21/2500
1091 1616 -1793/1000
1090 1616 -237/2000
1047 1616 26679/100000
1034 1616 -1
1012 1616 1301/12500
1051 1616 9991/50000
1042 1616 403/12500
1041 1616 7639/100000
1040 1616 16367/100000
961 1616 209/100000
1028 1616 3989/100000
944 1616 169/25000
939 1616 1349/50000
1027 1616 1823/50000
943 1616 837/100000
1026 1616 1207/100000
942 1616 309/50000
951 1616 1821/100000
1074 1616 -11999/10000
1158 1616 -823/500
1157 1616 21/1000
1156 1616 -13/500
1063 1617 19/2500
1104 1617 299/10000
1103 1617 9/400
1077 1617 53/10000
1075 1617 12/625
1076 1617 69/10000
1048 1617 34969/100000
1035 1617 -1
1091 1617 -1709/1250
1090 1617 -419/5000
1012 1617 1179/20000
1051 1617 401/12500
1042 1617 953/10000
1041 1617 22369/100000
1040 1617 851/6250
961 1617 1/2500
1028 1617 2991/100000
944 1617 33/6250
939 1617 1923/100000
1027 1617 563/25000
943 1617 693/100000
1026 1617 567/100000
942 1617 33/5000
951 1617 19/2500
1074 1617 -5299/5000
1158 1617 -183/625
1157 1617 33/2000
1156 1617 -41/2000
1063 1618 963/100000
1104 1618 29/1000
1103 1618 233/10000
1077 1618 41/10000
1075 1618 17/1000
1076 1618 33/5000
1049 1618 20021/50000
1038 1618 -1
1091 1618 -16463/10000
1090 1618 -2/25
1012 1618 1303/20000
1051 1618 4749/100000
1042 1618 8023/100000
1041 1618 4519/25000
1040 1618 1487/12500
961 1618 41/20000
1028 1618 29/1000
944 1618 409/100000
939 1618 1697/100000
1027 1618 2333/100000
943 1618 41/6250
1026 1618 41/6250
942 1618 441/50000
951 1618 963/100000
1074 1618 -10381/10000
1158 1618 -2517/10000
1157 1618 169/10000
1156 1618 -209/10000
1110 1619 1
1112 1619 -1
1109 1619 -1
1111 1619 -1
1158 1619 1
1012 1620 -1
1110 1620 -627/25
1112 1620 627/25
1109 1620 627/25
1111 1620 627/25
1159 1620 -337/500
1015 1621 -1
921 1622 -1
1019 1622 28369/50000
926 1622 253/3125
924 1622 8379/100000
964 1622 1487/12500
979 1622 2919/25000
978 1622 599/25000
1077 1622 13/2500
1075 1622 11/10000
1076 1622 19/10000
944 1622 521/100000
939 1622 53/50000
943 1622 93/50000
942 1622 3/50000
1078 1622 -2821/2500
1157 1622 -19/2500
1156 1622 -9/2000
1155 1622 -7/500
922 1623 -1
1023 1623 1083/5000
936 1623 77/625
974 1623 707/5000
1005 1623 2589/5000
1077 1623 3/5000
1075 1623 1/2500
944 1623 3/5000
939 1623 1/2500
1078 1623 -117/100
1157 1623 -1/125
1156 1623 -47/10000
1155 1623 -29/2000
923 1624 -1
1024 1624 4231/10000
937 1624 2123/10000
975 1624 207/1250
982 1624 703/5000
980 1624 519/10000
1077 1624 1/250
1075 1624 1/400
944 1624 1/250
939 1624 1/400
1078 1624 -603/500
1157 1624 -41/5000
1156 1624 -3/625
1155 1624 -3/200
1104 1625 41/5000
1103 1625 39/2500
1077 1625 53/5000
1075 1625 33/10000
1076 1625 59/5000
1010 1625 15081/50000
1031 1625 18437/100000
928 1625 1679/6250
986 1625 1393/12500
985 1625 1341/50000
1020 1625 -1
961 1625 91/20000
1028 1625 817/100000
944 1625 33/3125
939 1625 331/100000
1027 1625 1559/100000
943 1625 59/5000
1026 1625 81/6250
942 1625 1643/100000
941 1625 1187/50000
1079 1625 -612/625
1157 1625 3/10000
1156 1625 -33/5000
1155 1625 -339/10000
1077 1626 49/10000
1075 1626 9/10000
1104 1626 13/1000
1076 1626 137/10000
1103 1626 79/5000
1020 1626 -1
1013 1626 113/10000
1018 1626 1/10000
1014 1626 137/625
1037 1626 701/2000
934 1626 1727/10000
986 1626 141/1250
985 1626 21/1000
944 1626 49/10000
939 1626 9/10000
1028 1626 13/1000
943 1626 137/10000
1027 1626 79/5000
942 1626 99/5000
1026 1626 53/5000
941 1626 11/400
962 1626 7/5000
961 1626 23/5000
1080 1626 -612/625
1157 1626 1/100
1156 1626 -7/250
1063 1627 2529/100000
1104 1627 3/2500
1103 1627 1/1000
1077 1627 17/5000
1075 1627 1/625
1076 1627 3/2000
1020 1627 -1
1021 1627 3567/6250
1030 1627 32833/100000
990 1627 833/12500
1028 1627 29/25000
944 1627 337/100000
939 1627 81/50000
1027 1627 1/1000
943 1627 73/50000
951 1627 2529/100000
961 1627 41/100000
1081 1627 -612/625
1157 1627 17/5000
1156 1627 -27/10000
1155 1627 -89/5000
1112 1628 1
1109 1628 1
1155 1628 -289/10000
1077 1629 3/10000
1075 1629 1/5000
1076 1629 3/5000
1032 1629 91547/100000
930 1629 3643/50000
992 1629 23/10000
1029 1629 -1
961 1629 549/50000
944 1629 13/50000
939 1629 3/12500
943 1629 31/50000
942 1629 47/100000
941 1629 13/25000
963 1629 -371/100000
1082 1629 -10871/10000
1157 1629 -111/10000
1156 1629 -17/2500
1155 1629 -89/10000
1077 1630 3/10000
1075 1630 1/5000
1076 1630 3/5000
1034 1630 18139/20000
1030 1630 -1
930 1630 1577/20000
992 1630 23/10000
961 1630 1441/100000
944 1630 13/50000
939 1630 3/12500
943 1630 31/50000
942 1630 47/100000
941 1630 13/25000
963 1630 -463/100000
1082 1630 -2353/2000
1157 1630 -59/5000
1156 1630 -71/10000
1155 1630 -47/5000
1077 1631 3/10000
1075 1631 1/5000
1076 1631 3/5000
1033 1631 91179/100000
930 1631 7089/100000
992 1631 23/10000
1031 1631 -1
961 1631 1757/100000
944 1631 13/50000
939 1631 3/12500
943 1631 31/50000
942 1631 47/100000
941 1631 13/25000
963 1631 -233/50000
1082 1631 -423/400
1157 1631 -13/1250
1156 1631 -4/625
1155 1631 -21/2500
1077 1632 3/10000
1075 1632 1/5000
1076 1632 3/5000
1035 1632 2887/3125
1036 1632 -1
930 1632 3537/50000
992 1632 23/10000
961 1632 171/50000
944 1632 13/50000
939 1632 3/12500
943 1632 31/50000
942 1632 47/100000
941 1632 13/25000
963 1632 -3/1250
1082 1632 -2111/2000
1157 1632 -53/5000
1156 1632 -4/625
1155 1632 -21/2500
1077 1633 3/10000
1075 1633 1/5000
1076 1633 3/5000
1038 1633 45631/50000
1037 1633 -1
930 1633 1373/20000
992 1633 23/10000
961 1633 1907/100000
944 1633 13/50000
939 1633 3/12500
943 1633 31/50000
942 1633 47/100000
941 1633 13/25000
963 1633 -19/4000
1082 1633 -10241/10000
1157 1633 -51/5000
1156 1633 -31/5000
1155 1633 -41/5000
1077 1634 7/500
1075 1634 21/1000
1076 1634 1/100
1029 1634 -1
969 1634 397/625
1008 1634 457/2000
1007 1634 951/10000
944 1634 7/500
939 1634 21/1000
943 1634 1/100
942 1634 1/500
941 1634 1/200
961 1634 9/625
963 1634 -127/5000
1083 1634 -10871/10000
1157 1634 -9/10000
1156 1634 -79/10000
1155 1634 -71/2500
1077 1635 311/10000
1075 1635 51/1000
1076 1635 19/1000
926 1635 -1
931 1635 1059/12500
967 1635 25381/100000
996 1635 5201/12500
994 1635 16729/100000
961 1635 363/50000
944 1635 3111/100000
939 1635 319/6250
943 1635 19/1000
942 1635 33/25000
941 1635 3/6250
963 1635 -321/10000
1084 1635 -11451/10000
1156 1635 -33/2000
1157 1635 -11/10000
1155 1635 -83/2500
1077 1636 147/5000
1075 1636 241/5000
1076 1636 9/500
1029 1636 -1
931 1636 8467/100000
967 1636 25367/100000
996 1636 8317/20000
994 1636 209/1250
961 1636 601/50000
944 1636 2941/100000
939 1636 4827/100000
943 1636 449/25000
942 1636 1/800
941 1636 9/20000
963 1636 -769/25000
1084 1636 -10871/10000
1156 1636 -39/2500
1157 1636 -11/10000
1155 1636 -63/2000
1077 1637 71/2500
1075 1637 467/10000
1076 1637 87/5000
1031 1637 -1
931 1637 2107/25000
967 1637 25249/100000
996 1637 41391/100000
994 1637 8321/50000
961 1637 239/12500
944 1637 711/25000
939 1637 4667/100000
943 1637 1737/100000
942 1637 121/100000
941 1637 11/25000
963 1637 -1517/50000
1084 1637 -423/400
1156 1637 -19/1250
1157 1637 -11/10000
1155 1637 -307/10000
1077 1638 61/2000
1075 1638 1/20
1076 1638 93/5000
1044 1638 -1
931 1638 8539/100000
967 1638 12791/50000
996 1638 41937/100000
994 1638 16861/100000
961 1638 11/12500
944 1638 381/12500
939 1638 2501/50000
943 1638 931/50000
942 1638 129/100000
941 1638 47/100000
963 1638 -619/20000
1084 1638 -11147/10000
1156 1638 -161/10000
1157 1638 -11/10000
1155 1638 -323/10000
1077 1639 297/10000
1075 1639 61/1250
1076 1639 181/10000
1045 1639 -1
931 1639 8551/100000
967 1639 12809/50000
996 1639 41997/100000
994 1639 3377/20000
961 1639 17/12500
944 1639 2971/100000
939 1639 39/800
943 1639 363/20000
942 1639 63/50000
941 1639 23/50000
963 1639 -151/5000
1084 1639 -5417/5000
1156 1639 -39/2500
1157 1639 -11/10000
1155 1639 -157/5000
1077 1640 307/10000
1075 1640 503/10000
1076 1640 187/10000
1046 1640 -1
931 1640 2133/25000
967 1640 12781/50000
996 1640 2619/6250
994 1640 1053/6250
961 1640 119/100000
944 1640 767/25000
939 1640 2517/50000
943 1640 937/50000
942 1640 13/10000
941 1640 47/100000
963 1640 -3119/100000
1084 1640 -706/625
1156 1640 -81/5000
1157 1640 -11/10000
1155 1640 -41/1250
1020 1641 -1
1077 1641 81/5000
1075 1641 13/5000
1104 1641 71/10000
1076 1641 273/10000
1022 1641 1549/10000
1036 1641 2743/10000
933 1641 1757/5000
1004 1641 53/500
1003 1641 14/625
944 1641 81/5000
939 1641 13/5000
1028 1641 71/10000
943 1641 273/10000
942 1641 19/1000
941 1641 101/5000
963 1641 -47/2000
961 1641 21/1000
1085 1641 -612/625
1157 1641 -11/10000
1156 1641 -67/5000
1155 1641 -31/5000
1112 1642 1
1159 1642 -1
1077 1643 23/1000
1075 1643 143/5000
1076 1643 7/625
963 1643 -187/10000
932 1643 363/2000
968 1643 393/1250
997 1643 171/500
995 1643 1081/10000
1023 1643 -1
944 1643 23/1000
939 1643 143/5000
943 1643 7/625
942 1643 1/400
941 1643 27/5000
961 1643 1/500
1086 1643 -901/1000
1156 1643 -7/1000
1155 1643 -33/1000
1063 1644 157/4000
981 1644 -1
989 1644 9981/12500
945 1644 843/100000
940 1644 16539/100000
951 1644 157/4000
962 1644 -231/20000
1087 1644 -3729/2500
1157 1644 -313/10000
1156 1644 -89/10000
1155 1644 -13/1250
965 1645 49941/50000
964 1645 -1
961 1645 121/100000
962 1645 -3/50000
1088 1645 -152/125
1157 1645 -9/2500
1156 1645 -1/1000
964 1646 -1
966 1646 100663/100000
961 1646 67/50000
962 1646 -797/100000
1089 1646 -152/125
1157 1646 -3/1250
1156 1646 -3/1250
1155 1646 -9/2500
1063 1647 1/20
1075 1647 -1
951 1647 227/4000
939 1647 -1/20
1063 1648 3/20
1076 1648 -1
951 1648 693/4000
943 1648 -3/20
1063 1649 1/20
1077 1649 -1
951 1649 1139/20000
944 1649 -1/20
1063 1650 3/20
1103 1650 -1
951 1650 171/1000
1027 1650 -3/20
1063 1651 1/20
1104 1651 -1
951 1651 1123/20000
1028 1651 -1/20
1090 1652 1
1159 1652 -1543/500
1091 1653 1
1112 1653 -6379/5000
1109 1653 -1363/2000
1111 1653 -2219/5000
1110 1653 6379/5000
1159 1653 337/500
987 1654 99877/100000
985 1654 -1
962 1654 -9/10000
961 1654 217/100000
1092 1654 -1547/1000
1156 1654 -3/250
1155 1654 -1/100
988 1655 49823/50000
986 1655 -1
961 1655 227/50000
962 1655 -103/100000
1092 1655 -13139/10000
1156 1655 -51/5000
1155 1655 -17/2000
991 1656 99929/100000
990 1656 -1
961 1656 59/50000
962 1656 -23/50000
1092 1656 -13699/10000
1156 1656 -107/10000
1155 1656 -89/10000
981 1657 99993/100000
978 1657 -1
1093 1657 -3729/2500
1156 1657 -7/10000
1155 1657 -3/400
1009 1658 3757/5000
1006 1658 2421/10000
1005 1658 -1
961 1658 139/10000
963 1658 -37/5000
1094 1658 -5037/5000
1157 1658 -9/1000
1156 1658 -1/200
1155 1658 -1/250
929 1659 19819/20000
928 1659 -1
961 1659 34/3125
962 1659 -23/12500
1095 1659 -11453/10000
1156 1659 -1/250
1155 1659 -11/10000
935 1660 397/400
934 1660 -1
961 1660 1243/100000
962 1660 -493/100000
1095 1660 -11273/10000
1156 1660 -39/10000
1155 1660 -11/10000
927 1661 159/160
926 1661 -1
961 1661 661/100000
962 1661 -7/20000
1096 1661 -11451/10000
1156 1661 -4/625
1155 1661 -21/10000
925 1662 99663/100000
924 1662 -1
961 1662 89/25000
962 1662 -19/100000
1096 1662 -731/625
1156 1662 -13/2000
1155 1662 -21/10000
1029 1663 16149/25000
1020 1663 8851/25000
1019 1663 -1
1097 1663 -10489/10000
1157 1663 -17/10000
1156 1663 -9/5000
1155 1663 -33/2500
1077 1664 123/5000
1075 1664 2/125
984 1664 10949/12500
944 1664 2461/100000
939 1664 1601/100000
943 1664 2961/100000
942 1664 421/20000
941 1664 1313/100000
962 1664 1967/100000
979 1664 -1
1098 1664 -819/625
1157 1664 -197/10000
1156 1664 -3/200
1155 1664 -537/10000
1077 1665 19/625
1075 1665 207/10000
986 1665 -1
984 1665 42619/50000
944 1665 19/625
939 1665 207/10000
943 1665 891/25000
942 1665 1273/50000
941 1665 1517/100000
962 1665 253/12500
1098 1665 -13139/10000
1157 1665 -197/10000
1156 1665 -151/10000
1155 1665 -539/10000
1077 1666 41/10000
1075 1666 43/10000
996 1666 -1
984 1666 94299/100000
944 1666 413/100000
939 1666 43/10000
943 1666 169/20000
942 1666 113/20000
941 1666 791/100000
962 1666 83/3125
1098 1666 -2691/2000
1157 1666 -49/2500
1156 1666 -9/625
1155 1666 -59/1250
1076 1667 13/400
1077 1667 27/1000
1075 1667 99/5000
1004 1667 -1
984 1667 1717/2000
944 1667 1349/50000
939 1667 1983/100000
943 1667 13/400
942 1667 2309/100000
941 1667 361/25000
962 1667 1233/50000
1098 1667 -1
1157 1667 -97/5000
1156 1667 -149/10000
1155 1667 -531/10000
1077 1668 41/5000
1075 1668 3/625
1041 1668 -1
984 1668 93931/100000
944 1668 819/100000
939 1668 121/25000
943 1668 139/12500
942 1668 199/25000
941 1668 939/100000
962 1668 1919/100000
1098 1668 -2587/2000
1157 1668 -97/5000
1156 1668 -149/10000
1155 1668 -53/1000
1077 1669 251/10000
1075 1669 71/5000
1076 1669 149/5000
983 1669 22087/25000
944 1669 1257/50000
939 1669 143/10000
943 1669 2979/100000
942 1669 1053/50000
941 1669 1/80
962 1669 1373/100000
979 1669 -1
1099 1669 -819/625
1157 1669 -183/10000
1156 1669 -177/10000
1155 1669 -131/2500
984 1670 94299/100000
1077 1670 41/10000
1075 1670 43/10000
1076 1670 17/2000
997 1670 -1
944 1670 413/100000
939 1670 101/25000
943 1670 169/20000
942 1670 113/20000
941 1670 791/100000
962 1670 83/3125
1100 1670 -6733/5000
1156 1670 -9/625
1155 1670 -59/1250
1077 1671 1/125
1075 1671 7/1000
1076 1671 11/1000
1009 1671 -1
1001 1671 919/1000
944 1671 1/125
939 1671 7/1000
943 1671 11/1000
942 1671 1/125
941 1671 7/1000
962 1671 1/25
1100 1671 -639/500
1156 1671 -9/1000
1155 1671 -1/200
1077 1672 13/500
1075 1672 17/1000
1076 1672 4/125
982 1672 -1
993 1672 213/250
944 1672 13/500
939 1672 17/1000
943 1672 4/125
942 1672 1/40
941 1672 17/1000
962 1672 31/1000
1101 1672 -53/40
1157 1672 -7/1000
1156 1672 -11/125
1155 1672 -1/100
1018 1673 499/500
961 1673 -17/16
1102 1673 -1
1157 1673 53/200
1156 1673 -16/625
1155 1673 -657/10000
962 1674 1
963 1674 -1
996 1675 1
1008 1675 -1
1063 1676 219/5000
951 1676 131/1000
963 1676 1
962 1676 -5219/5000
1105 1676 -1
1157 1676 -1/20
1156 1676 -59/100
941 1677 49/200
1022 1677 -61119/10000
1018 1677 53/625
963 1677 1
1106 1677 -1
1160 1677 -67231/10000
1156 1677 -46/125
1155 1677 -117/500
951 1678 -613/200
941 1678 49/200
963 1678 1
1107 1678 -1
1157 1678 8/25
1156 1678 -41/100
1155 1678 -119/50
1063 1679 413/2000
951 1679 3087/5000
963 1679 1
962 1679 -2413/2000
1108 1679 -1
1156 1679 -21/50
1165 1680 -956061/100000
1114 1680 6187/40
1120 1680 -85
1119 1680 -1
1118 1680 -12
1113 1680 -44
1054 1680 -1
946 1680 1
1166 1681 -27/100
1061 1681 -1
1167 1682 -956061/100000
1122 1682 20205493/50000
1128 1682 -85
1127 1682 -1
1126 1682 -12
1121 1682 -1/10000
1168 1682 -2177/2500
1055 1682 -1
947 1682 1
1168 1683 1
1169 1683 -27/100
1062 1683 -1
1170 1684 -3/5
1064 1684 -1
953 1684 1
1172 1685 -42119/10000
1171 1685 -3/5
1065 1685 -1
956 1685 1
1174 1686 -8737/2000
1173 1686 -23/10
1066 1686 -1
957 1686 1
1138 1687 -91
1139 1687 -96
1136 1687 -86
1176 1687 -16
1175 1687 -13
1056 1687 -1
959 1687 99/100
1067 1688 -1
1143 1689 -87
1144 1689 -92
1141 1689 -82
1178 1689 -16
1177 1689 -13
1057 1689 -1
960 1689 99/100
1068 1690 -1
1053 1691 -1
1179 1691 1731/2500
1053 1692 -38327/4000
1152 1692 -1
1151 1692 -1
1180 1692 -18
1149 1692 -43/2
1150 1692 -15
1179 1692 -61177/50000
1145 1692 6726709/12500
1058 1692 -1
972 1692 199/200
1182 1693 -5
1181 1693 -7/25
1147 1693 1785159/100000
1069 1693 -1
1865 1694 -1
939 1694 1
1866 1695 -1
944 1695 1
1867 1696 -1
1039 1696 1
1155 1697 1
1160 1698 1
1157 1699 1
1159 1699 -83/2
1155 1700 -289/10000
1159 1700 1
949 1701 -1
1155 1701 1
950 1702 -1
1156 1702 1
954 1703 -1
1157 1703 1
1155 1704 -1
1138 1705 1/2
1136 1705 1
1161 1705 -1
1138 1706 1/2
1139 1706 1
1162 1706 -1
1143 1707 1/2
1141 1707 1
1163 1707 -1
1143 1708 1/2
1144 1708 1
1164 1708 -1
1183 1709 1
3 1709 -1
1184 1710 1
5 1710 -1
1185 1711 1
6 1711 -1
1367 1712 1342147/100000
1366 1712 6679/6250
1368 1712 130623/50000
1417 1712 690639/100000
1365 1712 -2656593/100000
1371 1712 11871899/100000
1370 1712 5338807/50000
1364 1712 6451383/100000
1418 1712 9023/10000
1312 1712 1
1305 1712 118719/100000
1189 1712 -1
1367 1713 1367909/100000
1366 1713 107863/100000
1368 1713 130623/50000
1417 1713 696293/100000
1365 1713 -133917/5000
1371 1713 2393817/20000
1370 1713 10765023/100000
1364 1713 1626049/25000
1418 1713 9023/100000
1312 1713 1
1305 1713 119691/100000
1190 1713 -1
1367 1714 26481/2000
1366 1714 53177/50000
1368 1714 153157/50000
1417 1714 234247/10000
1365 1714 -44199/20000
1371 1714 5782769/50000
1364 1714 264843/4000
1418 1714 72361/50000
1312 1714 1
1305 1714 23131/20000
1191 1714 -1
1367 1715 273013/20000
1366 1715 26993/25000
1368 1715 153157/50000
1417 1715 118669/5000
1365 1715 -223911/100000
1371 1715 1464769/12500
1364 1715 1677111/25000
1418 1715 1809/12500
1312 1715 1
1305 1715 58591/50000
1192 1715 -1
1367 1716 270363/20000
1366 1716 53847/50000
1368 1716 12/5
1417 1716 212393/50000
1365 1716 -3477797/100000
1371 1716 11936023/100000
1370 1716 4476009/50000
1369 1716 1492003/50000
1364 1716 5609931/100000
1418 1716 39/2000
1312 1716 1
1305 1716 746/625
1193 1716 -1
1367 1717 1493117/100000
1366 1717 13661/12500
1368 1717 13/5
1417 1717 34041/1000
1365 1717 -537497/20000
1371 1717 9955529/100000
1370 1717 3733323/100000
1364 1717 1244441/25000
1312 1717 1
1305 1717 31111/25000
1194 1717 -1
1367 1718 63/5
1366 1718 10617/10000
1368 1718 12/5
1417 1718 35894/3125
1365 1718 -472063/25000
1371 1718 10977461/100000
1370 1718 4437697/50000
1369 1718 1459769/50000
1364 1718 4554479/100000
1418 1718 181/1000
1312 1718 1
1305 1718 58391/50000
1196 1718 -1
1367 1719 1291961/100000
1366 1719 3338/3125
1368 1719 12/5
1417 1719 97859/50000
1365 1719 -46739517/100000
1371 1719 5204719/50000
1370 1719 8096229/100000
1369 1719 809623/20000
1364 1719 1601897/50000
1418 1719 129/500
1312 1719 1
1305 1719 5783/5000
1198 1719 -1
1367 1720 1150537/100000
1366 1720 103403/100000
1368 1720 16/5
1417 1720 85171/25000
1365 1720 -239597/100000
1371 1720 2339793/25000
1370 1720 3853777/100000
1364 1720 1376349/50000
1418 1720 1/1000
1312 1720 1
1305 1720 27527/25000
1199 1720 -1
1367 1721 672209/50000
1366 1721 21549/20000
1368 1721 13/5
1417 1721 1680401/100000
1365 1721 -254803/100000
1371 1721 4976581/50000
1370 1721 3512881/100000
1364 1721 6791569/100000
1418 1721 21/1000
1312 1721 1
1305 1721 14637/12500
1200 1721 -1
1367 1722 691057/50000
1366 1722 54047/50000
1368 1722 9843/5000
1417 1722 189697/100000
1365 1722 -624387/1000
1371 1722 12418981/100000
1370 1722 12418981/100000
1369 1722 4787239/50000
1364 1722 3117503/50000
1418 1722 3437/100000
1312 1722 1
1305 1722 12419/10000
1228 1722 -1
1367 1723 149997/10000
1366 1723 109303/100000
1368 1723 2
1417 1723 743473/100000
1365 1723 -93249/625
1371 1723 3217029/25000
1370 1723 3217029/25000
1369 1723 2316261/50000
1364 1723 3217029/50000
1312 1723 1
1305 1723 128681/100000
1230 1723 -1
1367 1724 137/10
1366 1724 1089/1000
1368 1724 2
1417 1724 10923/6250
1365 1724 -31457809/100000
1371 1724 780567/6250
1370 1724 780567/6250
1369 1724 2248033/50000
1364 1724 780567/12500
1312 1724 1
1305 1724 124891/100000
1232 1724 -1
1367 1725 353/25
1366 1725 1357/1250
1368 1725 197/100
1417 1725 192151/100000
1365 1725 -12678977/20000
1371 1725 3146633/25000
1370 1725 3146633/25000
1369 1725 1213027/12500
1364 1725 849591/12500
1418 1725 4/125
1312 1725 1
1305 1725 25173/20000
1233 1725 -1
1367 1726 244851/20000
1366 1726 26523/25000
1368 1726 11/5
1417 1726 457201/100000
1365 1726 -4674877/100000
1371 1726 1176609/10000
1370 1726 1176609/10000
1369 1726 3529827/50000
1364 1726 1029533/25000
1418 1726 1/1000
1312 1726 1
1305 1726 117661/100000
1237 1726 -1
1367 1727 138063/10000
1366 1727 108059/100000
1368 1727 19/10
1417 1727 795171/100000
1365 1727 -2449857/50000
1371 1727 12331977/100000
1370 1727 5857689/50000
1369 1727 1541497/25000
1364 1727 1572327/25000
1418 1727 21/1000
1312 1727 1
1305 1727 3083/2500
1238 1727 -1
1367 1728 168069/10000
1366 1728 55253/50000
1368 1728 19/10
1417 1728 60349/50000
1365 1728 -11041253/20000
1371 1728 6830601/50000
1370 1728 6830601/50000
1369 1728 6147541/50000
1364 1728 6830601/100000
1418 1728 1/10
1312 1728 1
1305 1728 34153/25000
1258 1728 -1
1367 1729 756619/50000
1366 1729 21871/20000
1368 1729 19/10
1417 1729 114891/100000
1365 1729 -52550047/100000
1371 1729 13003901/100000
1370 1729 13003901/100000
1369 1729 11703511/100000
1364 1729 6501951/100000
1418 1729 1/10
1312 1729 1
1305 1729 130039/100000
1261 1729 -1
1367 1730 308741/25000
1366 1730 106399/100000
1368 1730 19/10
1417 1730 93523/100000
1365 1730 -18207963/20000
1371 1730 12071463/100000
1370 1730 12071463/100000
1369 1730 12071463/100000
1364 1730 2414293/100000
1418 1730 3/50
1312 1730 1
1305 1730 24143/20000
1293 1730 -1
1367 1731 1174203/100000
1366 1731 26277/25000
1368 1731 6511/2500
1417 1731 707033/100000
1365 1731 -26008/125
1371 1731 11096401/100000
1370 1731 6881841/100000
1369 1731 4103/500
1364 1731 1953567/50000
1418 1731 18629/100000
1312 1731 1
1305 1731 112353/100000
1295 1731 -1
1367 1732 268831/25000
1366 1732 102621/100000
1368 1732 149793/50000
1417 1732 136713/20000
1365 1732 -160676/625
1371 1732 5152881/50000
1370 1732 6626043/100000
1369 1732 999533/50000
1364 1732 1538187/50000
1418 1732 2587/10000
1312 1732 1
1305 1732 6789/6250
1296 1732 -1
1367 1733 1096107/100000
1366 1733 4113/4000
1368 1733 57/20
1417 1733 602833/100000
1365 1733 -11403399/50000
1371 1733 5006523/50000
1370 1733 3881279/100000
1369 1733 1391607/100000
1364 1733 750163/25000
1418 1733 487/10000
1312 1733 1
1305 1733 108719/100000
1297 1733 -1
1367 1734 1115199/100000
1366 1734 12863/12500
1368 1734 281/100
1417 1734 603503/100000
1365 1734 -5737881/25000
1371 1734 9059081/100000
1370 1734 2062363/50000
1364 1734 654267/20000
1418 1734 143/500
1312 1734 1
1305 1734 109409/100000
1298 1734 -1
1367 1735 68289/6250
1366 1735 25713/25000
1368 1735 3
1417 1735 152657/20000
1365 1735 -24411019/100000
1371 1735 10326087/100000
1370 1735 5434783/100000
1364 1735 1576087/50000
1418 1735 3/1000
1312 1735 1
1305 1735 13587/12500
1299 1735 -1
1375 1736 1342147/100000
1374 1736 6679/6250
1376 1736 130623/50000
1419 1736 690639/100000
1373 1736 -2656593/100000
1379 1736 11871899/100000
1378 1736 5338807/50000
1372 1736 6451383/100000
1421 1736 9023/10000
1313 1736 1
1306 1736 118719/100000
1189 1736 -1
1375 1737 1367909/100000
1374 1737 107863/100000
1376 1737 130623/50000
1419 1737 696293/100000
1373 1737 -133917/5000
1379 1737 2393817/20000
1378 1737 10765023/100000
1372 1737 1626049/25000
1421 1737 9023/100000
1313 1737 1
1306 1737 119691/100000
1190 1737 -1
1375 1738 26481/2000
1374 1738 53177/50000
1376 1738 153157/50000
1419 1738 234247/10000
1373 1738 -44199/20000
1379 1738 5782769/50000
1372 1738 264843/4000
1421 1738 72361/50000
1313 1738 1
1306 1738 23131/20000
1191 1738 -1
1375 1739 273013/20000
1374 1739 26993/25000
1376 1739 153157/50000
1419 1739 118669/5000
1373 1739 -223911/100000
1379 1739 1464769/12500
1372 1739 1677111/25000
1421 1739 1809/12500
1313 1739 1
1306 1739 58591/50000
1192 1739 -1
1375 1740 270363/20000
1374 1740 53847/50000
1376 1740 12/5
1419 1740 212393/50000
1373 1740 -3477797/100000
1379 1740 11936023/100000
1378 1740 4476009/50000
1377 1740 1492003/50000
1372 1740 5609931/100000
1421 1740 39/2000
1313 1740 1
1306 1740 746/625
1193 1740 -1
1375 1741 1493117/100000
1374 1741 13661/12500
1376 1741 13/5
1419 1741 34041/1000
1373 1741 -537497/20000
1379 1741 9955529/100000
1378 1741 3733323/100000
1372 1741 1244441/25000
1313 1741 1
1306 1741 31111/25000
1194 1741 -1
1375 1742 63/5
1374 1742 10617/10000
1376 1742 12/5
1419 1742 35894/3125
1373 1742 -472063/25000
1379 1742 10977461/100000
1378 1742 4437697/50000
1377 1742 1459769/50000
1372 1742 4554479/100000
1421 1742 181/1000
1313 1742 1
1306 1742 58391/50000
1196 1742 -1
1375 1743 1291961/100000
1374 1743 3338/3125
1376 1743 12/5
1419 1743 97859/50000
1373 1743 -46739517/100000
1379 1743 5204719/50000
1378 1743 8096229/100000
1377 1743 809623/20000
1372 1743 1601897/50000
1421 1743 129/500
1313 1743 1
1306 1743 5783/5000
1198 1743 -1
1375 1744 1150537/100000
1374 1744 103403/100000
1376 1744 16/5
1419 1744 85171/25000
1373 1744 -239597/100000
1379 1744 2339793/25000
1378 1744 3853777/100000
1372 1744 1376349/50000
1421 1744 1/1000
1313 1744 1
1306 1744 27527/25000
1199 1744 -1
1375 1745 672209/50000
1374 1745 21549/20000
1376 1745 13/5
1419 1745 1680401/100000
1373 1745 -254803/100000
1379 1745 4976581/50000
1378 1745 3512881/100000
1372 1745 6791569/100000
1421 1745 21/1000
1313 1745 1
1306 1745 14637/12500
1200 1745 -1
1375 1746 691057/50000
1374 1746 54047/50000
1376 1746 9843/5000
1419 1746 189697/100000
1373 1746 -624387/1000
1379 1746 12418981/100000
1378 1746 12418981/100000
1377 1746 4787239/50000
1372 1746 3117503/50000
1421 1746 3437/100000
1313 1746 1
1306 1746 12419/10000
1228 1746 -1
1375 1747 149997/10000
1374 1747 109303/100000
1376 1747 2
1419 1747 743473/100000
1373 1747 -93249/625
1379 1747 3217029/25000
1378 1747 3217029/25000
1377 1747 2316261/50000
1372 1747 3217029/50000
1313 1747 1
1306 1747 128681/100000
1230 1747 -1
1375 1748 137/10
1374 1748 1089/1000
1376 1748 2
1419 1748 10923/6250
1373 1748 -31457809/100000
1379 1748 780567/6250
1378 1748 780567/6250
1377 1748 2248033/50000
1372 1748 780567/12500
1313 1748 1
1306 1748 124891/100000
1232 1748 -1
1375 1749 353/25
1374 1749 1357/1250
1376 1749 197/100
1419 1749 192151/100000
1373 1749 -12678977/20000
1379 1749 3146633/25000
1378 1749 3146633/25000
1377 1749 1213027/12500
1372 1749 849591/12500
1421 1749 4/125
1313 1749 1
1306 1749 25173/20000
1233 1749 -1
1375 1750 244851/20000
1374 1750 26523/25000
1376 1750 11/5
1419 1750 457201/100000
1373 1750 -4674877/100000
1379 1750 1176609/10000
1378 1750 1176609/10000
1377 1750 3529827/50000
1372 1750 1029533/25000
1421 1750 1/1000
1313 1750 1
1306 1750 117661/100000
1237 1750 -1
1375 1751 138063/10000
1374 1751 108059/100000
1376 1751 19/10
1419 1751 795171/100000
1373 1751 -2449857/50000
1379 1751 12331977/100000
1378 1751 5857689/50000
1377 1751 1541497/25000
1372 1751 1572327/25000
1421 1751 21/1000
1313 1751 1
1306 1751 3083/2500
1238 1751 -1
1375 1752 168069/10000
1374 1752 55253/50000
1376 1752 19/10
1419 1752 60349/50000
1373 1752 -11041253/20000
1379 1752 6830601/50000
1378 1752 6830601/50000
1377 1752 6147541/50000
1372 1752 6830601/100000
1421 1752 1/10
1313 1752 1
1306 1752 34153/25000
1258 1752 -1
1375 1753 756619/50000
1374 1753 21871/20000
1376 1753 19/10
1419 1753 114891/100000
1373 1753 -52550047/100000
1379 1753 13003901/100000
1378 1753 13003901/100000
1377 1753 11703511/100000
1372 1753 6501951/100000
1421 1753 1/10
1313 1753 1
1306 1753 130039/100000
1261 1753 -1
1375 1754 308741/25000
1374 1754 106399/100000
1376 1754 19/10
1419 1754 93523/100000
1373 1754 -18207963/20000
1379 1754 12071463/100000
1378 1754 12071463/100000
1377 1754 12071463/100000
1372 1754 2414293/100000
1421 1754 3/50
1313 1754 1
1306 1754 24143/20000
1293 1754 -1
1375 1755 1174203/100000
1374 1755 26277/25000
1376 1755 6511/2500
1419 1755 707033/100000
1373 1755 -26008/125
1379 1755 11096401/100000
1378 1755 6881841/100000
1377 1755 4103/500
1372 1755 1953567/50000
1421 1755 18629/100000
1313 1755 1
1306 1755 112353/100000
1295 1755 -1
1375 1756 268831/25000
1374 1756 102621/100000
1376 1756 149793/50000
1419 1756 136713/20000
1373 1756 -160676/625
1379 1756 5152881/50000
1378 1756 6626043/100000
1377 1756 999533/50000
1372 1756 1538187/50000
1421 1756 2587/10000
1313 1756 1
1306 1756 6789/6250
1296 1756 -1
1375 1757 1096107/100000
1374 1757 4113/4000
1376 1757 57/20
1419 1757 602833/100000
1373 1757 -11403399/50000
1379 1757 5006523/50000
1378 1757 3881279/100000
1377 1757 1391607/100000
1372 1757 750163/25000
1421 1757 487/10000
1313 1757 1
1306 1757 108719/100000
1297 1757 -1
1375 1758 1115199/100000
1374 1758 12863/12500
1376 1758 281/100
1419 1758 603503/100000
1373 1758 -5737881/25000
1379 1758 9059081/100000
1378 1758 2062363/50000
1372 1758 654267/20000
1421 1758 143/500
1313 1758 1
1306 1758 109409/100000
1298 1758 -1
1375 1759 68289/6250
1374 1759 25713/25000
1376 1759 3
1419 1759 152657/20000
1373 1759 -24411019/100000
1379 1759 10326087/100000
1378 1759 5434783/100000
1372 1759 1576087/50000
1421 1759 3/1000
1313 1759 1
1306 1759 13587/12500
1299 1759 -1
1381 1760 1342147/100000
1380 1760 6679/6250
1422 1760 9023/10000
1315 1760 1
1216 1760 429/6250
1189 1760 -1
1381 1761 1367909/100000
1380 1761 107863/100000
1422 1761 9023/100000
1315 1761 1
1216 1761 7863/100000
1190 1761 -1
1381 1762 26481/2000
1380 1762 53177/50000
1422 1762 72361/50000
1315 1762 1
1216 1762 3177/50000
1191 1762 -1
1381 1763 273013/20000
1380 1763 26993/25000
1422 1763 1809/12500
1315 1763 1
1216 1763 1993/25000
1192 1763 -1
1381 1764 270363/20000
1380 1764 53847/50000
1422 1764 4669/100000
1315 1764 1
1216 1764 3847/50000
1193 1764 -1
1381 1765 1493117/100000
1380 1765 13661/12500
1315 1765 1
1216 1765 1161/12500
1194 1765 -1
1381 1766 1291961/100000
1380 1766 3338/3125
1422 1766 129/500
1315 1766 1
1216 1766 213/3125
1198 1766 -1
1381 1767 1150537/100000
1380 1767 103403/100000
1422 1767 1/1000
1315 1767 1
1216 1767 3403/100000
1199 1767 -1
1381 1768 672209/50000
1380 1768 21549/20000
1422 1768 21/1000
1315 1768 1
1216 1768 1549/20000
1200 1768 -1
1381 1769 691057/50000
1380 1769 54047/50000
1422 1769 3437/100000
1315 1769 1
1216 1769 4047/50000
1228 1769 -1
1381 1770 149997/10000
1380 1770 109303/100000
1315 1770 1
1216 1770 9303/100000
1230 1770 -1
1381 1771 63/5
1380 1771 1309/1250
1422 1771 159/100
1315 1771 1
1216 1771 59/1250
1234 1771 -1
1381 1772 244851/20000
1380 1772 26523/25000
1422 1772 1/1000
1315 1772 1
1216 1772 1523/25000
1237 1772 -1
1381 1773 138063/10000
1380 1773 108059/100000
1422 1773 21/1000
1315 1773 1
1216 1773 8059/100000
1238 1773 -1
1381 1774 238789/20000
1380 1774 99453/100000
1422 1774 272247/100000
1315 1774 1
1216 1774 -547/100000
1275 1774 -1
1381 1775 1027531/100000
1380 1775 47747/50000
1422 1775 200827/50000
1315 1775 1
1216 1775 -2253/50000
1276 1775 -1
1381 1776 149189/20000
1380 1776 95579/100000
1422 1776 11/200
1315 1776 1
1216 1776 -4421/100000
1278 1776 -1
1381 1777 1379387/100000
1380 1777 109591/100000
1422 1777 1/50
1315 1777 1
1216 1777 9591/100000
1279 1777 -1
1381 1778 1251809/100000
1380 1778 101253/100000
1422 1778 107681/50000
1315 1778 1
1216 1778 1253/100000
1284 1778 -1
1381 1779 1161943/100000
1380 1779 50773/50000
1422 1779 149/2000
1315 1779 1
1216 1779 773/50000
1286 1779 -1
1381 1780 1107489/100000
1380 1780 100781/100000
1422 1780 2133/5000
1315 1780 1
1216 1780 781/100000
1289 1780 -1
1381 1781 1174203/100000
1380 1781 26277/25000
1422 1781 18629/100000
1315 1781 1
1216 1781 1277/25000
1295 1781 -1
1381 1782 268831/25000
1380 1782 102621/100000
1422 1782 2587/10000
1315 1782 1
1216 1782 2621/100000
1296 1782 -1
1381 1783 1096107/100000
1380 1783 4113/4000
1422 1783 487/10000
1315 1783 1
1216 1783 113/4000
1297 1783 -1
1381 1784 1115199/100000
1380 1784 12863/12500
1422 1784 143/500
1315 1784 1
1216 1784 363/12500
1298 1784 -1
1381 1785 68289/6250
1380 1785 25713/25000
1422 1785 3/1000
1315 1785 1
1216 1785 713/25000
1299 1785 -1
1381 1786 315219/50000
1380 1786 93461/100000
1422 1786 89/200
1315 1786 1
1216 1786 -6539/100000
1300 1786 -1
1381 1787 489951/50000
1380 1787 9933/10000
1422 1787 1/200
1315 1787 1
1216 1787 -67/10000
1301 1787 -1
1383 1788 1342147/100000
1382 1788 6679/6250
1424 1788 243/100
1423 1788 9023/10000
1316 1788 1
1219 1788 429/6250
1189 1788 -1
1383 1789 1367909/100000
1382 1789 107863/100000
1424 1789 243/100
1423 1789 9023/100000
1316 1789 1
1219 1789 7863/100000
1190 1789 -1
1383 1790 26481/2000
1382 1790 53177/50000
1424 1790 289/100
1423 1790 72361/50000
1316 1790 1
1219 1790 3177/50000
1191 1790 -1
1383 1791 273013/20000
1382 1791 26993/25000
1424 1791 289/100
1423 1791 1809/12500
1316 1791 1
1219 1791 1993/25000
1192 1791 -1
1383 1792 270363/20000
1382 1792 53847/50000
1424 1792 56/25
1423 1792 4669/100000
1316 1792 1
1219 1792 3847/50000
1193 1792 -1
1383 1793 1493117/100000
1382 1793 13661/12500
1424 1793 12/5
1316 1793 1
1219 1793 1161/12500
1194 1793 -1
1383 1794 1291961/100000
1382 1794 3338/3125
1424 1794 21/10
1423 1794 129/500
1316 1794 1
1219 1794 213/3125
1198 1794 -1
1383 1795 1150537/100000
1382 1795 103403/100000
1424 1795 27/10
1423 1795 1/1000
1316 1795 1
1219 1795 3403/100000
1199 1795 -1
1383 1796 672209/50000
1382 1796 21549/20000
1424 1796 12/5
1423 1796 21/1000
1316 1796 1
1219 1796 1549/20000
1200 1796 -1
1383 1797 691057/50000
1382 1797 54047/50000
1424 1797 89/50
1423 1797 3437/100000
1316 1797 1
1219 1797 4047/50000
1228 1797 -1
1383 1798 149997/10000
1382 1798 109303/100000
1424 1798 9/5
1316 1798 1
1219 1798 9303/100000
1230 1798 -1
1383 1799 63/5
1382 1799 1309/1250
1424 1799 89/50
1423 1799 159/100
1316 1799 1
1219 1799 59/1250
1234 1799 -1
1383 1800 244851/20000
1382 1800 26523/25000
1424 1800 21/10
1423 1800 1/1000
1316 1800 1
1219 1800 1523/25000
1237 1800 -1
1383 1801 138063/10000
1382 1801 108059/100000
1424 1801 17/10
1423 1801 21/1000
1316 1801 1
1219 1801 8059/100000
1238 1801 -1
1383 1802 238789/20000
1382 1802 99453/100000
1424 1802 207/50
1423 1802 272247/100000
1316 1802 1
1219 1802 -547/100000
1275 1802 -1
1383 1803 1027531/100000
1382 1803 47747/50000
1424 1803 209/50
1423 1803 200827/50000
1316 1803 1
1219 1803 -2253/50000
1276 1803 -1
1383 1804 149189/20000
1382 1804 95579/100000
1424 1804 7/2
1423 1804 11/200
1316 1804 1
1219 1804 -4421/100000
1278 1804 -1
1383 1805 1379387/100000
1382 1805 109591/100000
1424 1805 197/50
1423 1805 1/50
1316 1805 1
1219 1805 9591/100000
1279 1805 -1
1383 1806 1251809/100000
1382 1806 101253/100000
1424 1806 379/100
1423 1806 107681/50000
1316 1806 1
1219 1806 1253/100000
1284 1806 -1
1383 1807 1161943/100000
1382 1807 50773/50000
1424 1807 311/100
1423 1807 149/2000
1316 1807 1
1219 1807 773/50000
1286 1807 -1
1383 1808 1107489/100000
1382 1808 100781/100000
1424 1808 307/100
1423 1808 2133/5000
1316 1808 1
1219 1808 781/100000
1289 1808 -1
1383 1809 1174203/100000
1382 1809 26277/25000
1424 1809 12/5
1423 1809 18629/100000
1316 1809 1
1219 1809 1277/25000
1295 1809 -1
1383 1810 268831/25000
1382 1810 102621/100000
1424 1810 12/5
1423 1810 2587/10000
1316 1810 1
1219 1810 2621/100000
1296 1810 -1
1383 1811 1096107/100000
1382 1811 4113/4000
1424 1811 269/100
1423 1811 487/10000
1316 1811 1
1219 1811 113/4000
1297 1811 -1
1383 1812 1115199/100000
1382 1812 12863/12500
1424 1812 53/20
1423 1812 143/500
1316 1812 1
1219 1812 363/12500
1298 1812 -1
1383 1813 68289/6250
1382 1813 25713/25000
1424 1813 31/10
1423 1813 3/1000
1316 1813 1
1219 1813 713/25000
1299 1813 -1
1383 1814 315219/50000
1382 1814 93461/100000
1424 1814 249/50
1423 1814 89/200
1316 1814 1
1219 1814 -6539/100000
1300 1814 -1
1383 1815 489951/50000
1382 1815 9933/10000
1424 1815 49/10
1423 1815 1/200
1316 1815 1
1219 1815 -67/10000
1301 1815 -1
1385 1816 1342147/100000
1384 1816 6679/6250
1426 1816 243/100
1425 1816 9023/10000
1317 1816 1
1220 1816 429/6250
1189 1816 -1
1385 1817 1367909/100000
1384 1817 107863/100000
1426 1817 243/100
1425 1817 9023/100000
1317 1817 1
1220 1817 7863/100000
1190 1817 -1
1385 1818 26481/2000
1384 1818 53177/50000
1426 1818 289/100
1425 1818 72361/50000
1317 1818 1
1220 1818 3177/50000
1191 1818 -1
1385 1819 273013/20000
1384 1819 26993/25000
1426 1819 289/100
1425 1819 1809/12500
1317 1819 1
1220 1819 1993/25000
1192 1819 -1
1385 1820 270363/20000
1384 1820 53847/50000
1426 1820 56/25
1425 1820 4669/100000
1317 1820 1
1220 1820 3847/50000
1193 1820 -1
1385 1821 1493117/100000
1384 1821 13661/12500
1426 1821 12/5
1317 1821 1
1220 1821 1161/12500
1194 1821 -1
1385 1822 1291961/100000
1384 1822 3338/3125
1426 1822 21/10
1425 1822 129/500
1317 1822 1
1220 1822 213/3125
1198 1822 -1
1385 1823 1150537/100000
1384 1823 103403/100000
1426 1823 27/10
1425 1823 1/1000
1317 1823 1
1220 1823 3403/100000
1199 1823 -1
1385 1824 672209/50000
1384 1824 21549/20000
1426 1824 12/5
1425 1824 21/1000
1317 1824 1
1220 1824 1549/20000
1200 1824 -1
1385 1825 691057/50000
1384 1825 54047/50000
1426 1825 89/50
1425 1825 3437/100000
1317 1825 1
1220 1825 4047/50000
1228 1825 -1
1385 1826 149997/10000
1384 1826 109303/100000
1426 1826 9/5
1317 1826 1
1220 1826 9303/100000
1230 1826 -1
1385 1827 63/5
1384 1827 1309/1250
1426 1827 89/50
1425 1827 159/100
1317 1827 1
1220 1827 59/1250
1234 1827 -1
1385 1828 244851/20000
1384 1828 26523/25000
1426 1828 21/10
1425 1828 1/1000
1317 1828 1
1220 1828 1523/25000
1237 1828 -1
1385 1829 138063/10000
1384 1829 108059/100000
1426 1829 17/10
1425 1829 21/1000
1317 1829 1
1220 1829 8059/100000
1238 1829 -1
1385 1830 238789/20000
1384 1830 99453/100000
1426 1830 207/50
1425 1830 272247/100000
1317 1830 1
1220 1830 -547/100000
1275 1830 -1
1385 1831 1027531/100000
1384 1831 47747/50000
1426 1831 209/50
1425 1831 200827/50000
1317 1831 1
1220 1831 -2253/50000
1276 1831 -1
1385 1832 149189/20000
1384 1832 95579/100000
1426 1832 7/2
1425 1832 11/200
1317 1832 1
1220 1832 -4421/100000
1278 1832 -1
1385 1833 1379387/100000
1384 1833 109591/100000
1426 1833 197/50
1425 1833 1/50
1317 1833 1
1220 1833 9591/100000
1279 1833 -1
1385 1834 1251809/100000
1384 1834 101253/100000
1426 1834 379/100
1425 1834 107681/50000
1317 1834 1
1220 1834 1253/100000
1284 1834 -1
1385 1835 1161943/100000
1384 1835 50773/50000
1426 1835 311/100
1425 1835 149/2000
1317 1835 1
1220 1835 773/50000
1286 1835 -1
1385 1836 1107489/100000
1384 1836 100781/100000
1426 1836 307/100
1425 1836 2133/5000
1317 1836 1
1220 1836 781/100000
1289 1836 -1
1385 1837 1174203/100000
1384 1837 26277/25000
1426 1837 12/5
1425 1837 18629/100000
1317 1837 1
1220 1837 1277/25000
1295 1837 -1
1385 1838 268831/25000
1384 1838 102621/100000
1426 1838 12/5
1425 1838 2587/10000
1317 1838 1
1220 1838 2621/100000
1296 1838 -1
1385 1839 1096107/100000
1384 1839 4113/4000
1426 1839 269/100
1425 1839 487/10000
1317 1839 1
1220 1839 113/4000
1297 1839 -1
1385 1840 1115199/100000
1384 1840 12863/12500
1426 1840 53/20
1425 1840 143/500
1317 1840 1
1220 1840 363/12500
1298 1840 -1
1385 1841 68289/6250
1384 1841 25713/25000
1426 1841 31/10
1425 1841 3/1000
1317 1841 1
1220 1841 713/25000
1299 1841 -1
1385 1842 315219/50000
1384 1842 93461/100000
1426 1842 249/50
1425 1842 89/200
1317 1842 1
1220 1842 -6539/100000
1300 1842 -1
1385 1843 489951/50000
1384 1843 9933/10000
1426 1843 49/10
1425 1843 1/200
1317 1843 1
1220 1843 -67/10000
1301 1843 -1
1413 1844 16877811/100000
1414 1844 8769367/50000
1388 1844 434/25
1386 1844 227/200
1428 1844 1705151/10000
1427 1844 3507993/25000
1318 1844 1
1307 1844 8881/5000
1202 1844 -1
1413 1845 284437/2000
1414 1845 7460789/50000
1388 1845 839/50
1386 1845 559/500
1428 1845 1412/25
1427 1845 168/5
1318 1845 1
1307 1845 8/5
1203 1845 -1
1413 1846 7457177/50000
1414 1846 15851493/100000
1388 1846 434/25
1386 1846 1139/1000
1428 1846 3296233/25000
1427 1846 10273973/100000
1318 1846 1
1307 1846 171233/100000
1207 1846 -1
1413 1847 5640113/50000
1414 1847 11339347/100000
1388 1847 839/50
1386 1847 1121/1000
1428 1847 1111111/25000
1427 1847 297619/12500
1318 1847 1
1307 1847 15873/10000
1208 1847 -1
1413 1848 4041853/50000
1414 1848 7624001/100000
1388 1848 345979/25000
1386 1848 10869/10000
1428 1848 146193/100000
1427 1848 313507/100000
1318 1848 1
1307 1848 132903/100000
1242 1848 -1
1413 1849 5627497/50000
1414 1849 5758511/50000
1388 1849 814163/50000
1386 1849 110907/100000
1428 1849 3771877/100000
1427 1849 1131563/50000
1318 1849 1
1307 1849 1207/800
1243 1849 -1
1413 1850 2118987/20000
1414 1850 5385671/50000
1388 1850 64617/4000
1386 1850 110937/100000
1428 1850 3484239/100000
1427 1850 151717/10000
1318 1850 1
1307 1850 151489/100000
1244 1850 -1
1413 1851 5338569/50000
1414 1851 11951151/100000
1388 1851 1238259/100000
1386 1851 53571/50000
1428 1851 424943/100000
1427 1851 100837/25000
1318 1851 1
1307 1851 126849/100000
1246 1851 -1
1413 1852 1094803/10000
1414 1852 1244637/10000
1388 1852 1181923/100000
1386 1852 106381/100000
1428 1852 186061/50000
1427 1852 187181/50000
1318 1852 1
1307 1852 15557/12500
1247 1852 -1
1413 1853 13560597/100000
1414 1853 14365943/100000
1388 1853 1679343/100000
1386 1853 111151/100000
1428 1853 3703523/100000
1427 1853 80243/4000
1318 1853 1
1307 1853 154313/100000
1250 1853 -1
1413 1854 9130247/100000
1414 1854 4590431/50000
1388 1854 322693/25000
1386 1854 2701/2500
1428 1854 744401/100000
1427 1854 329381/50000
1318 1854 1
1307 1854 16469/12500
1251 1854 -1
1413 1855 10743381/100000
1414 1855 6133991/50000
1388 1855 1101423/100000
1386 1855 105101/100000
1428 1855 843373/100000
1427 1855 60241/10000
1318 1855 1
1307 1855 60241/50000
1252 1855 -1
1413 1856 3059387/25000
1414 1856 12814159/100000
1388 1856 413807/25000
1386 1856 27763/25000
1428 1856 844003/25000
1427 1856 1787301/100000
1318 1856 1
1307 1856 152761/100000
1253 1856 -1
1413 1857 11991173/100000
1414 1857 3108077/25000
1388 1857 94781/6250
1386 1857 22071/20000
1428 1857 262697/10000
1427 1857 262697/20000
1318 1857 1
1307 1857 145943/100000
1254 1857 -1
1413 1858 4912703/50000
1414 1858 10125597/100000
1388 1858 1447657/100000
1386 1858 21881/20000
1428 1858 421783/100000
1427 1858 210891/50000
1318 1858 1
1307 1858 136059/100000
1255 1858 -1
1413 1859 294456/3125
1414 1859 334224/3125
1388 1859 73239/6250
1386 1859 106167/100000
1428 1859 123457/50000
1427 1859 123457/100000
1318 1859 1
1307 1859 123457/100000
1256 1859 -1
1413 1860 12749257/100000
1414 1860 2661981/20000
1388 1860 153753/10000
1386 1860 110287/100000
1428 1860 244253/50000
1427 1860 86207/25000
1318 1860 1
1307 1860 71839/50000
1257 1860 -1
1413 1861 2954169/25000
1414 1861 6088369/50000
1388 1861 168069/10000
1386 1861 55253/50000
1428 1861 191257/100000
1427 1861 191257/100000
1318 1861 1
1307 1861 34153/25000
1258 1861 -1
1413 1862 13004587/100000
1414 1862 109633/800
1388 1862 1530877/100000
1386 1862 1377/1250
1428 1862 14539/2500
1427 1862 109929/25000
1318 1862 1
1307 1862 35461/25000
1259 1862 -1
1413 1863 1071881/10000
1414 1863 1237547/10000
1388 1863 984091/100000
1386 1863 51729/50000
1428 1863 76651/25000
1427 1863 76651/25000
1318 1863 1
1307 1863 4717/4000
1260 1863 -1
1413 1864 2086739/20000
1414 1864 10565103/100000
1388 1864 756619/50000
1386 1864 21871/20000
1428 1864 136541/50000
1427 1864 136541/50000
1318 1864 1
1307 1864 130039/100000
1261 1864 -1
1413 1865 533893/5000
1414 1865 10893303/100000
1388 1865 15
1386 1865 11/10
1428 1865 1309091/100000
1427 1865 1309091/100000
1318 1865 1
1307 1865 29091/20000
1262 1865 -1
1413 1866 2231531/20000
1414 1866 116293/1000
1388 1866 1380359/100000
1386 1866 109319/100000
1428 1866 265883/10000
1427 1866 174923/12500
1318 1866 1
1307 1866 69969/50000
1265 1866 -1
1413 1867 11994123/100000
1414 1867 12359377/100000
1388 1867 81/5
1386 1867 11089/10000
1428 1867 839283/25000
1427 1867 355461/20000
1318 1867 1
1307 1867 75953/50000
1266 1867 -1
1413 1868 177129/2000
1414 1868 2283679/25000
1388 1868 139/10
1386 1868 2721/2500
1428 1868 104349/25000
1427 1868 104349/25000
1318 1868 1
1307 1868 33661/25000
1267 1868 -1
1413 1869 7366091/50000
1414 1869 9227661/50000
1388 1869 719/50
1386 1869 1123/1000
1428 1869 290099/2000
1427 1869 2929043/25000
1318 1869 1
1307 1869 165017/100000
1283 1869 -1
1413 1870 1539347/12500
1414 1870 1374201/10000
1388 1870 367427/25000
1386 1870 110041/100000
1428 1870 2908149/100000
1427 1870 701123/50000
1318 1870 1
1307 1870 4499/3125
1291 1870 -1
1413 1871 1991561/20000
1414 1871 1409771/12500
1388 1871 1317221/100000
1386 1871 6753/6250
1428 1871 298857/100000
1427 1871 300031/100000
1318 1871 1
1307 1871 64969/50000
1292 1871 -1
1413 1872 4344107/50000
1414 1872 1954003/20000
1388 1872 308741/25000
1386 1872 106399/100000
1428 1872 169/200
1427 1872 169/200
1318 1872 1
1307 1872 24143/20000
1293 1872 -1
1415 1873 16877811/100000
1416 1873 8769367/50000
1393 1873 434/25
1391 1873 227/200
1430 1873 1705151/10000
1429 1873 3507993/25000
1319 1873 1
1308 1873 8881/5000
1202 1873 -1
1415 1874 284437/2000
1416 1874 7460789/50000
1393 1874 839/50
1391 1874 559/500
1430 1874 1412/25
1429 1874 168/5
1319 1874 1
1308 1874 8/5
1203 1874 -1
1415 1875 7457177/50000
1416 1875 15851493/100000
1393 1875 434/25
1391 1875 1139/1000
1430 1875 3296233/25000
1429 1875 10273973/100000
1319 1875 1
1308 1875 171233/100000
1207 1875 -1
1415 1876 5640113/50000
1416 1876 11339347/100000
1393 1876 839/50
1391 1876 1121/1000
1430 1876 1111111/25000
1429 1876 297619/12500
1319 1876 1
1308 1876 15873/10000
1208 1876 -1
1415 1877 4041853/50000
1416 1877 7624001/100000
1393 1877 345979/25000
1391 1877 10869/10000
1430 1877 146193/100000
1429 1877 313507/100000
1319 1877 1
1308 1877 132903/100000
1242 1877 -1
1415 1878 5627497/50000
1416 1878 5758511/50000
1393 1878 814163/50000
1391 1878 110907/100000
1430 1878 3771877/100000
1429 1878 1131563/50000
1319 1878 1
1308 1878 1207/800
1243 1878 -1
1415 1879 2118987/20000
1416 1879 5385671/50000
1393 1879 64617/4000
1391 1879 110937/100000
1430 1879 3484239/100000
1429 1879 151717/10000
1319 1879 1
1308 1879 151489/100000
1244 1879 -1
1415 1880 5338569/50000
1416 1880 11951151/100000
1393 1880 1238259/100000
1391 1880 53571/50000
1430 1880 424943/100000
1429 1880 100837/25000
1319 1880 1
1308 1880 126849/100000
1246 1880 -1
1415 1881 1094803/10000
1416 1881 1244637/10000
1393 1881 1181923/100000
1391 1881 106381/100000
1430 1881 186061/50000
1429 1881 187181/50000
1319 1881 1
1308 1881 15557/12500
1247 1881 -1
1415 1882 13560597/100000
1416 1882 14365943/100000
1393 1882 1679343/100000
1391 1882 111151/100000
1430 1882 3703523/100000
1429 1882 80243/4000
1319 1882 1
1308 1882 154313/100000
1250 1882 -1
1415 1883 9130247/100000
1416 1883 4590431/50000
1393 1883 322693/25000
1391 1883 2701/2500
1430 1883 744401/100000
1429 1883 329381/50000
1319 1883 1
1308 1883 16469/12500
1251 1883 -1
1415 1884 10743381/100000
1416 1884 6133991/50000
1393 1884 1101423/100000
1391 1884 105101/100000
1430 1884 843373/100000
1429 1884 60241/10000
1319 1884 1
1308 1884 60241/50000
1252 1884 -1
1415 1885 3059387/25000
1416 1885 12814159/100000
1393 1885 413807/25000
1391 1885 27763/25000
1430 1885 844003/25000
1429 1885 1787301/100000
1319 1885 1
1308 1885 152761/100000
1253 1885 -1
1415 1886 11991173/100000
1416 1886 3108077/25000
1393 1886 94781/6250
1391 1886 22071/20000
1430 1886 262697/10000
1429 1886 262697/20000
1319 1886 1
1308 1886 145943/100000
1254 1886 -1
1415 1887 4912703/50000
1416 1887 10125597/100000
1393 1887 1447657/100000
1391 1887 21881/20000
1430 1887 421783/100000
1429 1887 210891/50000
1319 1887 1
1308 1887 136059/100000
1255 1887 -1
1415 1888 294456/3125
1416 1888 334224/3125
1393 1888 73239/6250
1391 1888 106167/100000
1430 1888 123457/50000
1429 1888 123457/100000
1319 1888 1
1308 1888 123457/100000
1256 1888 -1
1415 1889 12749257/100000
1416 1889 2661981/20000
1393 1889 153753/10000
1391 1889 110287/100000
1430 1889 244253/50000
1429 1889 86207/25000
1319 1889 1
1308 1889 71839/50000
1257 1889 -1
1415 1890 2954169/25000
1416 1890 6088369/50000
1393 1890 168069/10000
1391 1890 55253/50000
1430 1890 191257/100000
1429 1890 191257/100000
1319 1890 1
1308 1890 34153/25000
1258 1890 -1
1415 1891 13004587/100000
1416 1891 109633/800
1393 1891 1530877/100000
1391 1891 1377/1250
1430 1891 14539/2500
1429 1891 109929/25000
1319 1891 1
1308 1891 35461/25000
1259 1891 -1
1415 1892 1071881/10000
1416 1892 1237547/10000
1393 1892 984091/100000
1391 1892 51729/50000
1430 1892 76651/25000
1429 1892 76651/25000
1319 1892 1
1308 1892 4717/4000
1260 1892 -1
1415 1893 2086739/20000
1416 1893 10565103/100000
1393 1893 756619/50000
1391 1893 21871/20000
1430 1893 136541/50000
1429 1893 136541/50000
1319 1893 1
1308 1893 130039/100000
1261 1893 -1
1415 1894 533893/5000
1416 1894 10893303/100000
1393 1894 15
1391 1894 11/10
1430 1894 1309091/100000
1429 1894 1309091/100000
1319 1894 1
1308 1894 29091/20000
1262 1894 -1
1415 1895 2231531/20000
1416 1895 116293/1000
1393 1895 1380359/100000
1391 1895 109319/100000
1430 1895 265883/10000
1429 1895 174923/12500
1319 1895 1
1308 1895 69969/50000
1265 1895 -1
1415 1896 11994123/100000
1416 1896 12359377/100000
1393 1896 81/5
1391 1896 11089/10000
1430 1896 839283/25000
1429 1896 355461/20000
1319 1896 1
1308 1896 75953/50000
1266 1896 -1
1415 1897 177129/2000
1416 1897 2283679/25000
1393 1897 139/10
1391 1897 2721/2500
1430 1897 104349/25000
1429 1897 104349/25000
1319 1897 1
1308 1897 33661/25000
1267 1897 -1
1415 1898 7366091/50000
1416 1898 9227661/50000
1393 1898 719/50
1391 1898 1123/1000
1430 1898 290099/2000
1429 1898 2929043/25000
1319 1898 1
1308 1898 165017/100000
1283 1898 -1
1415 1899 1539347/12500
1416 1899 1374201/10000
1393 1899 367427/25000
1391 1899 110041/100000
1430 1899 2908149/100000
1429 1899 701123/50000
1319 1899 1
1308 1899 4499/3125
1291 1899 -1
1415 1900 1991561/20000
1416 1900 1409771/12500
1393 1900 1317221/100000
1391 1900 6753/6250
1430 1900 298857/100000
1429 1900 300031/100000
1319 1900 1
1308 1900 64969/50000
1292 1900 -1
1415 1901 4344107/50000
1416 1901 1954003/20000
1393 1901 308741/25000
1391 1901 106399/100000
1430 1901 169/200
1429 1901 169/200
1319 1901 1
1308 1901 24143/20000
1293 1901 -1
1302 1902 297587/25000
1399 1902 1367909/100000
1397 1902 107863/100000
1403 1902 10765019/100000
1434 1902 9701/2500
1432 1902 1779707/50000
1433 1902 451/5000
1400 1902 1939351/100000
1398 1902 -186613/20000
1431 1902 91801/50000
1396 1902 -1339169/50000
1320 1902 1
1309 1902 119691/100000
1190 1902 -1
1302 1903 239871/20000
1399 1903 273013/20000
1397 1903 26993/25000
1434 1903 10691/2500
1432 1903 5064/125
1433 1903 1447/10000
1400 1903 60161/5000
1398 1903 -1176059/100000
1431 1903 210721/100000
1396 1903 -27989/12500
1320 1903 1
1309 1903 58591/50000
1192 1903 -1
1302 1904 111367/10000
1399 1904 1150537/100000
1397 1904 103403/100000
1403 1904 3853777/100000
1434 1904 21/5
1432 1904 1101079/25000
1433 1904 1/1000
1400 1904 27527/5000
1398 1904 -816903/50000
1431 1904 90047/50000
1396 1904 -210101/100000
1320 1904 1
1309 1904 27527/25000
1199 1904 -1
1302 1905 594077/50000
1399 1905 672209/50000
1397 1905 21549/20000
1403 1905 3512881/100000
1434 1905 97/25
1432 1905 190281/6250
1433 1905 21/1000
1400 1905 278103/12500
1398 1905 -429489/50000
1431 1905 201467/100000
1396 1905 -254803/100000
1320 1905 1
1309 1905 14637/12500
1200 1905 -1
1302 1906 1188021/100000
1399 1906 691057/50000
1397 1906 54047/50000
1403 1906 12418981/100000
1402 1906 4787239/50000
1434 1906 162099/50000
1432 1906 1306379/50000
1433 1906 3437/100000
1400 1906 2724831/100000
1401 1906 722581/25000
1398 1906 -378047/50000
1431 1906 150129/100000
1396 1906 -624387/1000
1320 1906 1
1309 1906 12419/10000
1228 1906 -1
1302 1907 588757/50000
1399 1907 1353943/100000
1397 1907 539/500
1403 1907 12309153/100000
1402 1907 4744903/50000
1434 1907 162099/50000
1432 1907 1942237/100000
1400 1907 198607/6250
1401 1907 2864763/100000
1398 1907 -83423/12500
1431 1907 148801/100000
1396 1907 -30943261/50000
1320 1907 1
1309 1907 30773/25000
1229 1907 -1
1302 1908 246411/20000
1399 1908 149997/10000
1397 1908 109303/100000
1403 1908 3217029/25000
1402 1908 2316261/50000
1434 1908 327/100
1432 1908 234843/25000
1400 1908 829993/25000
1401 1908 2522151/100000
1398 1908 -343723/50000
1431 1908 31157/20000
1396 1908 -93249/625
1320 1908 1
1309 1908 128681/100000
1230 1908 -1
1302 1909 599467/50000
1399 1909 137/10
1397 1909 1089/1000
1403 1909 780567/6250
1402 1909 2248033/50000
1434 1909 327/100
1432 1909 499563/50000
1400 1909 174847/5000
1401 1909 1223929/50000
1398 1909 -608101/100000
1431 1909 30801/20000
1396 1909 -31457809/100000
1320 1909 1
1309 1909 124891/100000
1232 1909 -1
1302 1910 602021/50000
1399 1910 353/25
1397 1910 1357/1250
1403 1910 3146633/25000
1402 1910 1213027/12500
1434 1910 81/25
1432 1910 1258653/100000
1433 1910 4/125
1400 1910 849591/25000
1401 1910 1466331/50000
1398 1910 -1249/200
1431 1910 38037/25000
1396 1910 -12678977/20000
1320 1910 1
1309 1910 25173/20000
1233 1910 -1
1302 1911 1129529/100000
1399 1911 244851/20000
1397 1911 26523/25000
1403 1911 1176609/10000
1402 1911 3529827/50000
1434 1911 7/2
1432 1911 1029533/25000
1433 1911 1/1000
1400 1911 1176609/100000
1401 1911 1029533/25000
1398 1911 -367557/25000
1431 1911 289/200
1396 1911 -1031203/2000
1320 1911 1
1309 1911 117661/100000
1237 1911 -1
1302 1912 1188297/100000
1399 1912 138063/10000
1397 1912 108059/100000
1403 1912 5857689/50000
1402 1912 1541497/25000
1434 1912 63/20
1432 1912 1603157/50000
1433 1912 21/1000
1400 1912 585769/25000
1401 1912 3699593/100000
1398 1912 -738421/100000
1431 1912 78691/50000
1396 1912 -2449857/50000
1320 1912 1
1309 1912 3083/2500
1238 1912 -1
1302 1913 565061/50000
1399 1913 153733/12500
1397 1913 106373/100000
1403 1913 12051097/100000
1402 1913 12051097/100000
1434 1913 31/10
1432 1913 4577971/100000
1433 1913 61/10000
1400 1913 867679/50000
1401 1913 10845987/100000
1398 1913 -256841/25000
1431 1913 5121/4000
1396 1913 -90886217/100000
1320 1913 1
1309 1913 120511/100000
1294 1913 -1
1302 1914 1117769/100000
1399 1914 587/50
1397 1914 10511/10000
1403 1914 856691/12500
1402 1914 898823/100000
1434 1914 4
1432 1914 8426469/100000
1433 1914 1863/10000
1400 1914 337059/50000
1398 1914 -367557/25000
1431 1914 87489/50000
1396 1914 -5206197/25000
1320 1914 1
1309 1914 112353/100000
1295 1914 -1
1302 1915 270167/25000
1399 1915 43/4
1397 1915 5131/5000
1403 1915 6626043/100000
1402 1915 977613/50000
1434 1915 41/10
1432 1915 4073387/50000
1433 1915 2587/10000
1400 1915 325871/50000
1398 1915 -367557/25000
1431 1915 165567/100000
1396 1915 -25732199/100000
1320 1915 1
1309 1915 6789/6250
1296 1915 -1
1888 1916 -1
1324 1916 1
1889 1917 -1
1325 1917 1
1890 1918 -1
1329 1918 1
1891 1919 -1
1330 1919 1
1892 1920 -1
1332 1920 1
1893 1921 -1
1333 1921 1
1894 1922 -1
1335 1922 1
1895 1923 -1
1338 1923 1
1898 1924 -1
1339 1924 1
1896 1925 -1
1343 1925 1
1897 1926 -1
1344 1926 1
1898 1927 -1
1346 1927 1
1898 1928 -1
1347 1928 1
1899 1929 -1
1348 1929 1
1900 1930 -1
1897 1930 -1
1349 1930 1
1900 1931 -1
1897 1931 -1
1350 1931 1
1901 1932 -1
1353 1932 1
1902 1933 -1
1358 1933 1
1323 1934 1
1324 1935 1
1325 1936 1
1329 1937 1
1330 1938 1
1331 1939 1
1332 1940 1
1333 1941 1
1334 1942 1
1335 1943 1
1336 1944 1
1337 1945 1
1338 1946 1
1339 1947 1
1340 1948 1
1343 1949 1
1344 1950 1
1345 1951 1
1346 1952 1
1347 1953 1
1348 1954 1
1349 1955 1
1350 1956 1
1351 1957 1
1352 1958 1
1353 1959 1
1356 1960 1
1357 1961 1
1358 1962 1
1359 1963 1
1212 1964 1
1215 1964 -1
1213 1965 1
1215 1965 -1
1314 1966 1
1214 1966 227/200
1202 1966 -1
1314 1967 1
1214 1967 623/500
1204 1967 -1
1314 1968 1
1214 1968 1183/1000
1205 1968 -1
1314 1969 1
1214 1969 231/200
1206 1969 -1
1314 1970 1
1214 1970 1139/1000
1207 1970 -1
1314 1971 1
1214 1971 299/100
1225 1971 -1
1314 1972 1
1281 1972 -1
1214 1972 47/40
1314 1973 1
1282 1973 -1
1214 1973 57/50
1314 1974 1
1283 1974 -1
1214 1974 1123/1000
1314 1975 -1
1215 1976 1
1214 1976 -1
1216 1977 -1
1215 1977 1
1217 1978 1
1215 1978 -1
1272 1979 413/1000
1218 1979 587/1000
1271 1979 -1
1404 1980 5413/5000
1321 1980 1
1310 1980 641/500
1227 1980 -831/1000
1244 1980 -169/1000
1404 1981 2717/2500
1321 1981 1
1310 1981 166/125
1227 1981 -43/200
1242 1981 -697/1000
1244 1981 -11/125
1404 1982 10867/10000
1321 1982 1
1310 1982 1323/1000
1227 1982 -107/250
1242 1982 -397/1000
1244 1982 -7/40
1236 1983 99/100
1310 1983 -1
1321 1984 -1
1405 1985 144/125
1322 1985 1
1311 1985 19141/10000
1202 1985 -657/5000
1206 1985 -4343/5000
1405 1986 231/200
1322 1986 1
1311 1986 1939/1000
1206 1986 -1
1405 1987 1153/1000
1322 1987 1
1311 1987 2381/1250
1207 1987 -339/2500
1206 1987 -2161/2500
1405 1988 1153/1000
1322 1988 1
1311 1988 2417/1250
1282 1988 -41/400
1206 1988 -359/400
1239 1989 197/200
1311 1989 -1
1322 1990 -1
1290 1991 -1
1206 1991 3/10
1242 1991 3/20
1241 1991 3/10
1202 1991 7/80
1207 1991 13/80
1406 1992 9549/10000
1303 1992 9753/10000
1304 1992 1
1276 1992 -1
1303 1993 -1
1280 1993 1
1304 1994 -1
1186 1995 1
1183 1995 -1
1187 1996 1
1184 1996 -1
1188 1997 1
1185 1997 -1
1234 1998 47/250
1233 1998 203/250
1227 1998 -1
1323 1998 -12333/10000
1409 1998 -1/500
1408 1998 -1/500
1407 1998 -13/500
1258 1999 1087/100000
1257 1999 98913/100000
1202 1999 -56919/100000
1282 1999 -43081/100000
1324 1999 -4127/5000
1409 1999 -653/5000
1408 1999 -69/10000
1261 2000 1111/25000
1259 2000 23889/25000
1283 2000 -4813/10000
1202 2000 -5187/10000
1324 2000 -3971/5000
1409 2000 -77/500
1408 2000 -13/2000
1314 2001 163/25000
1355 2001 17/400
1354 2001 24/625
1328 2001 103/10000
1326 2001 99/2500
1327 2001 7/625
1342 2001 -1141/1000
1341 2001 -71/500
1295 2001 10013/25000
1192 2001 -1
1269 2001 104/3125
1300 2001 77/20000
1293 2001 3473/50000
1292 2001 14947/100000
1291 2001 18009/100000
1224 2001 311/100000
1283 2001 1063/25000
1207 2001 129/12500
1202 2001 3963/100000
1282 2001 24/625
1206 2001 559/50000
1281 2001 53/6250
1205 2001 159/50000
1214 2001 163/25000
1325 2001 -5859/5000
1410 2001 -501/1000
1409 2001 41/2000
1408 2001 -127/5000
1314 2002 29/2000
1355 2002 43/1250
1354 2002 241/10000
1328 2002 37/5000
1326 2002 91/10000
1327 2002 143/10000
1342 2002 -1221/1000
1341 2002 -893/10000
1214 2002 29/2000
1301 2002 379/5000
1299 2002 419/2000
1293 2002 107/1000
1292 2002 2339/10000
1291 2002 1043/5000
1269 2002 541/10000
1279 2002 -1
1283 2002 43/1250
1282 2002 241/10000
1207 2002 37/5000
1202 2002 91/10000
1206 2002 143/10000
1205 2002 73/10000
1224 2002 1/50000
1325 2002 -11273/10000
1410 2002 -63/100
1409 2002 197/10000
1408 2002 -49/2000
1314 2003 453/50000
1355 2003 99/2000
1354 2003 381/10000
1328 2003 1/100
1326 2003 39/1250
1327 2003 109/10000
1342 2003 -269/200
1341 2003 -1397/10000
1296 2003 10061/50000
1269 2003 6857/100000
1300 2003 1707/50000
1293 2003 9789/100000
1292 2003 5691/25000
1291 2003 5101/25000
1285 2003 -1
1224 2003 33/12500
1283 2003 4951/100000
1207 2003 249/25000
1202 2003 1561/50000
1282 2003 3811/100000
1206 2003 217/20000
1281 2003 997/100000
1205 2003 259/50000
1214 2003 453/50000
1325 2003 -2221/2000
1410 2003 -637/1000
1409 2003 97/5000
1408 2003 -241/10000
1314 2004 249/25000
1355 2004 7/200
1354 2004 273/10000
1328 2004 51/10000
1326 2004 179/10000
1327 2004 37/5000
1297 2004 8137/25000
1286 2004 -1
1342 2004 -13753/10000
1341 2004 -927/10000
1269 2004 2537/50000
1300 2004 3081/100000
1293 2004 1987/20000
1292 2004 23333/100000
1291 2004 563/4000
1224 2004 77/100000
1283 2004 3499/100000
1207 2004 511/100000
1202 2004 447/25000
1282 2004 2733/100000
1206 2004 93/12500
1281 2004 771/100000
1205 2004 167/20000
1214 2004 249/25000
1325 2004 -10549/10000
1410 2004 -2381/10000
1409 2004 83/5000
1408 2004 -103/5000
1314 2005 647/50000
1355 2005 89/2500
1354 2005 61/2000
1328 2005 23/5000
1326 2005 181/10000
1327 2005 19/2500
1298 2005 179/625
1289 2005 -1
1342 2005 -1093/625
1341 2005 -241/2500
1269 2005 6107/100000
1300 2005 10479/100000
1293 2005 1709/20000
1292 2005 19267/100000
1291 2005 13519/100000
1224 2005 13/3125
1283 2005 1779/50000
1207 2005 231/50000
1202 2005 1811/100000
1282 2005 763/25000
1206 2005 759/100000
1281 2005 123/12500
1205 2005 277/25000
1214 2005 647/50000
1325 2005 -5211/5000
1410 2005 -309/1250
1409 2005 21/1250
1408 2005 -13/625
1314 2006 239/50000
1355 2006 71/2000
1354 2006 327/10000
1328 2006 113/10000
1326 2006 447/10000
1327 2006 11/1000
1342 2006 -281/250
1341 2006 -1353/10000
1295 2006 20169/50000
1192 2006 -1
1269 2006 167/4000
1300 2006 139/50000
1293 2006 1729/25000
1292 2006 2993/20000
1291 2006 9071/50000
1224 2006 31/10000
1283 2006 111/3125
1207 2006 1131/100000
1202 2006 559/12500
1282 2006 3267/100000
1206 2006 1103/100000
1281 2006 39/6250
1205 2006 123/50000
1214 2006 239/50000
1325 2006 -5859/5000
1410 2006 -629/1000
1409 2006 41/2000
1408 2006 -127/5000
1314 2007 331/50000
1355 2007 17/400
1354 2007 159/5000
1328 2007 109/10000
1326 2007 353/10000
1327 2007 21/2000
1342 2007 -13/10
1341 2007 -1349/10000
1296 2007 21817/100000
1269 2007 1981/25000
1300 2007 2881/100000
1293 2007 4771/50000
1292 2007 22247/100000
1291 2007 5071/25000
1285 2007 -1
1224 2007 437/100000
1283 2007 4247/100000
1207 2007 1091/100000
1202 2007 441/12500
1282 2007 199/6250
1206 2007 1053/100000
1281 2007 179/25000
1205 2007 387/100000
1214 2007 331/50000
1325 2007 -2221/2000
1410 2007 -92/125
1409 2007 97/5000
1408 2007 -241/10000
1314 2008 729/100000
1355 2008 307/10000
1354 2008 227/10000
1328 2008 7/1250
1326 2008 201/10000
1327 2008 9/1250
1297 2008 33907/100000
1286 2008 -1
1342 2008 -1327/1000
1341 2008 -131/1000
1269 2008 5783/100000
1300 2008 2949/100000
1293 2008 9751/100000
1292 2008 11493/50000
1291 2008 3501/25000
1224 2008 19/25000
1283 2008 1533/50000
1207 2008 563/100000
1202 2008 1007/50000
1282 2008 2273/100000
1206 2008 143/20000
1281 2008 283/50000
1205 2008 619/100000
1214 2008 729/100000
1325 2008 -10549/10000
1410 2008 -1357/5000
1409 2008 83/5000
1408 2008 -103/5000
1314 2009 487/50000
1355 2009 157/5000
1354 2009 129/5000
1328 2009 51/10000
1326 2009 203/10000
1327 2009 73/10000
1298 2009 6401/20000
1289 2009 -1
1342 2009 -4269/2500
1341 2009 -169/1250
1269 2009 3553/50000
1300 2009 973/12500
1293 2009 4239/50000
1292 2009 19179/100000
1291 2009 6741/50000
1224 2009 413/100000
1283 2009 3139/100000
1207 2009 257/50000
1202 2009 127/6250
1282 2009 2577/100000
1206 2009 729/100000
1281 2009 747/100000
1205 2009 21/2500
1214 2009 487/50000
1325 2009 -5211/5000
1410 2009 -2877/10000
1409 2009 21/1250
1408 2009 -13/625
1361 2010 1
1363 2010 -1
1360 2010 -1
1362 2010 -1
1410 2010 1
1269 2011 -1
1361 2011 -627/25
1363 2011 627/25
1360 2011 627/25
1362 2011 627/25
1411 2011 -337/500
1272 2012 -1
1186 2013 -1
1275 2013 24173/50000
1191 2013 3801/50000
1189 2013 9441/100000
1227 2013 3233/25000
1242 2013 1601/10000
1241 2013 4241/100000
1328 2013 89/10000
1326 2013 3/1250
1327 2013 7/2500
1207 2013 179/20000
1202 2013 119/50000
1206 2013 277/100000
1205 2013 1/5000
1329 2013 -11659/10000
1409 2013 -79/10000
1408 2013 -47/10000
1407 2013 -29/2000
1187 2014 -1
1278 2014 1083/5000
1199 2014 77/625
1237 2014 707/5000
1264 2014 2589/5000
1328 2014 3/5000
1326 2014 1/2500
1207 2014 3/5000
1202 2014 1/2500
1329 2014 -117/100
1409 2014 -1/125
1408 2014 -47/10000
1407 2014 -29/2000
1188 2015 -1
1279 2015 4231/10000
1200 2015 2123/10000
1238 2015 207/1250
1245 2015 703/5000
1243 2015 519/10000
1328 2015 1/250
1326 2015 1/400
1207 2015 1/250
1202 2015 1/400
1329 2015 -603/500
1409 2015 -41/5000
1408 2015 -3/625
1407 2015 -3/200
1328 2016 13/2500
1326 2016 9/10000
1355 2016 27/2000
1327 2016 139/10000
1354 2016 159/10000
1276 2016 -1
1270 2016 8/625
1274 2016 1/10000
1271 2016 623/2500
1288 2016 1627/5000
1197 2016 1611/10000
1249 2016 221/2000
1248 2016 103/5000
1207 2016 13/2500
1202 2016 9/10000
1283 2016 27/2000
1206 2016 139/10000
1282 2016 159/10000
1205 2016 41/2000
1281 2016 103/10000
1204 2016 37/1250
1225 2016 3/2000
1224 2016 91/10000
1331 2016 -9753/10000
1409 2016 1/200
1408 2016 -33/1000
1363 2017 1
1360 2017 1
1407 2017 -289/10000
1328 2018 3/10000
1326 2018 1/5000
1327 2018 3/5000
1285 2018 90787/100000
1193 2018 1461/20000
1251 2018 23/10000
1284 2018 -1
1224 2018 62/3125
1207 2018 13/50000
1202 2018 3/12500
1206 2018 31/50000
1205 2018 47/100000
1204 2018 13/25000
1226 2018 -259/50000
1333 2018 -5449/5000
1409 2018 -109/10000
1408 2018 -33/5000
1407 2018 -87/10000
1328 2019 7/500
1326 2019 21/1000
1327 2019 1/100
1284 2019 -1
1232 2019 639/1000
1267 2019 2263/10000
1266 2019 47/500
1207 2019 7/500
1202 2019 21/1000
1206 2019 1/100
1205 2019 1/500
1204 2019 1/200
1224 2019 241/10000
1226 2019 -127/5000
1334 2019 -5449/5000
1409 2019 -9/10000
1408 2019 -1/125
1407 2019 -71/2500
1328 2020 39/1250
1326 2020 32/625
1327 2020 191/10000
1191 2020 -1
1194 2020 1051/12500
1230 2020 25189/100000
1255 2020 20647/50000
1253 2020 16603/100000
1224 2020 91/6250
1207 2020 1561/50000
1202 2020 5123/100000
1206 2020 1907/100000
1205 2020 133/100000
1204 2020 3/6250
1226 2020 -1641/50000
1335 2020 -5783/5000
1408 2020 -167/10000
1409 2020 -3/2500
1407 2020 -67/2000
1328 2021 73/2500
1326 2021 6/125
1327 2021 179/10000
1284 2021 -1
1194 2021 8391/100000
1230 2021 25137/100000
1255 2021 5151/12500
1253 2021 2071/12500
1224 2021 431/20000
1207 2021 731/25000
1202 2021 4799/100000
1206 2021 893/50000
1205 2021 31/25000
1204 2021 9/20000
1226 2021 -98/3125
1335 2021 -5449/5000
1408 2021 -157/10000
1409 2021 -11/10000
1407 2021 -79/2500
1328 2022 307/10000
1326 2022 503/10000
1327 2022 187/10000
1295 2022 -1
1194 2022 4263/50000
1230 2022 12771/50000
1255 2022 41871/100000
1253 2022 3367/20000
1224 2022 1/500
1207 2022 3067/100000
1202 2022 629/12500
1206 2022 1873/100000
1205 2022 13/10000
1204 2022 47/100000
1226 2022 -3123/100000
1335 2022 -2247/2000
1408 2022 -81/5000
1409 2022 -11/10000
1407 2022 -163/5000
1276 2023 -1
1328 2023 81/5000
1326 2023 13/5000
1355 2023 71/10000
1327 2023 273/10000
1277 2023 1527/10000
1287 2023 169/625
1196 2023 433/1250
1263 2023 1053/10000
1262 2023 221/10000
1207 2023 81/5000
1202 2023 13/5000
1283 2023 71/10000
1206 2023 273/10000
1205 2023 19/1000
1204 2023 101/5000
1226 2023 -131/5000
1224 2023 23/625
1336 2023 -9753/10000
1409 2023 -11/10000
1408 2023 -67/5000
1407 2023 -61/10000
1363 2024 1
1411 2024 -1
1328 2025 23/1000
1326 2025 143/5000
1327 2025 7/625
1226 2025 -187/10000
1195 2025 363/2000
1231 2025 393/1250
1256 2025 171/500
1254 2025 1081/10000
1278 2025 -1
1207 2025 23/1000
1202 2025 143/5000
1206 2025 7/625
1205 2025 1/400
1204 2025 27/5000
1224 2025 1/500
1337 2025 -901/1000
1408 2025 -7/1000
1407 2025 -33/1000
1314 2026 1993/50000
1244 2026 -1
1250 2026 4971/6250
1208 2026 107/12500
1203 2026 3359/20000
1214 2026 1993/50000
1225 2026 -1173/100000
1338 2026 -15149/10000
1409 2026 -159/5000
1408 2026 -91/10000
1407 2026 -53/5000
1228 2027 99691/100000
1227 2027 -1
1224 2027 317/100000
1225 2027 -17/100000
1339 2027 -12381/10000
1409 2027 -37/10000
1408 2027 -1/1000
1227 2028 -1
1229 2028 628/625
1224 2028 351/100000
1225 2028 -831/100000
1340 2028 -12381/10000
1409 2028 -1/400
1408 2028 -1/400
1407 2028 -37/10000
1314 2029 1/20
1326 2029 -1
1214 2029 227/4000
1202 2029 -1/20
1314 2030 3/20
1327 2030 -1
1214 2030 693/4000
1206 2030 -3/20
1314 2031 1/20
1328 2031 -1
1214 2031 1139/20000
1207 2031 -1/20
1314 2032 3/20
1354 2032 -1
1214 2032 171/1000
1282 2032 -3/20
1314 2033 1/20
1355 2033 -1
1214 2033 1123/20000
1283 2033 -1/20
1341 2034 1
1411 2034 -1543/500
1342 2035 1
1363 2035 -6379/5000
1360 2035 -1363/2000
1362 2035 -2219/5000
1361 2035 6379/5000
1411 2035 337/500
1244 2036 100003/100000
1241 2036 -1
1225 2036 -3/100000
1344 2036 -757/500
1408 2036 -1/1250
1407 2036 -19/2500
1268 2037 3757/5000
1265 2037 2421/10000
1264 2037 -1
1224 2037 139/10000
1226 2037 -37/5000
1345 2037 -259/200
1409 2037 -9/1000
1408 2037 -1/200
1407 2037 -1/250
1198 2038 98221/100000
1197 2038 -1
1224 2038 233/10000
1225 2038 -551/100000
1346 2038 -11273/10000
1192 2039 49369/50000
1191 2039 -1
1224 2039 667/50000
1225 2039 -9/12500
1347 2039 -5783/5000
1408 2039 -13/2000
1407 2039 -21/10000
1190 2040 99213/100000
1189 2040 -1
1224 2040 831/100000
1225 2040 -9/20000
1347 2040 -742/625
1408 2040 -33/5000
1407 2040 -21/10000
1284 2041 13783/20000
1276 2041 6217/20000
1275 2041 -1
1348 2041 -5271/5000
1409 2041 -17/10000
1408 2041 -9/5000
1407 2041 -133/10000
1328 2042 319/10000
1326 2042 203/10000
1327 2042 23/625
1247 2042 17003/20000
1242 2042 -1
1207 2042 3191/100000
1202 2042 2029/100000
1206 2042 921/25000
1205 2042 2639/100000
1204 2042 1527/100000
1225 2042 383/20000
1349 2042 -13291/10000
1409 2042 -199/10000
1408 2042 -153/10000
1407 2042 -109/2000
1328 2043 41/10000
1326 2043 43/10000
1327 2043 17/2000
1255 2043 -1
1247 2043 94299/100000
1207 2043 413/100000
1202 2043 43/10000
1206 2043 169/20000
1205 2043 113/20000
1204 2043 791/100000
1225 2043 83/3125
1349 2043 -2721/2000
1409 2043 -49/2500
1408 2043 -9/625
1407 2043 -59/1250
1328 2044 27/1000
1326 2044 99/5000
1327 2044 13/400
1263 2044 -1
1247 2044 85851/100000
1207 2044 1349/50000
1202 2044 1983/100000
1206 2044 13/400
1205 2044 2309/100000
1204 2044 361/25000
1225 2044 493/20000
1349 2044 -1
1409 2044 -97/5000
1408 2044 -149/10000
1407 2044 -531/10000
1328 2045 91/10000
1326 2045 27/5000
1327 2045 3/250
1292 2045 -1
1247 2045 93443/100000
1207 2045 57/6250
1202 2045 539/100000
1206 2045 301/25000
1205 2045 27/3125
1204 2045 483/50000
1225 2045 259/12500
1349 2045 -6497/5000
1409 2045 -39/2000
1408 2045 -149/10000
1407 2045 -133/2500
1328 2046 77/2500
1326 2046 11/625
1327 2046 23/625
1246 2046 86061/100000
1207 2046 3081/100000
1202 2046 1763/100000
1206 2046 3683/100000
1205 2046 2629/100000
1204 2046 183/12500
1225 2046 1319/100000
1242 2046 -1
1350 2046 -13291/10000
1409 2046 -93/5000
1408 2046 -179/10000
1407 2046 -531/10000
1247 2047 94299/100000
1328 2047 41/10000
1326 2047 43/10000
1327 2047 17/2000
1256 2047 -1
1207 2047 413/100000
1202 2047 101/25000
1206 2047 169/20000
1205 2047 113/20000
1204 2047 791/100000
1225 2047 83/3125
1351 2047 -6733/5000
1408 2047 -9/625
1407 2047 -59/1250
1328 2048 1/125
1326 2048 7/1000
1327 2048 11/1000
1268 2048 -1
1260 2048 919/1000
1207 2048 1/125
1202 2048 7/1000
1206 2048 11/1000
1205 2048 1/125
1204 2048 7/1000
1225 2048 1/25
1351 2048 -639/500
1408 2048 -9/1000
1407 2048 -1/200
1328 2049 13/500
1326 2049 17/1000
1327 2049 4/125
1245 2049 -1
1252 2049 213/250
1207 2049 13/500
1202 2049 17/1000
1206 2049 4/125
1205 2049 1/40
1204 2049 17/1000
1225 2049 31/1000
1352 2049 -53/40
1409 2049 -7/1000
1408 2049 -11/125
1407 2049 -1/100
1274 2050 499/500
1224 2050 -17/16
1353 2050 -1
1409 2050 53/200
1408 2050 -16/625
1407 2050 -657/10000
1225 2051 1
1226 2051 -1
1255 2052 1
1267 2052 -1
1314 2053 219/5000
1214 2053 131/1000
1226 2053 1
1225 2053 -5219/5000
1356 2053 -1
1409 2053 -1/20
1408 2053 -59/100
1204 2054 49/200
1277 2054 -61119/10000
1274 2054 1593/10000
1226 2054 1
1357 2054 -1
1412 2054 -67231/10000
1408 2054 -46/125
1407 2054 -117/500
1214 2055 -613/200
1204 2055 49/200
1226 2055 1
1358 2055 -1
1409 2055 8/25
1408 2055 -41/100
1407 2055 -119/50
1314 2056 413/2000
1214 2056 3087/5000
1226 2056 1
1225 2056 -2413/2000
1359 2056 -1
1408 2056 -21/50
1417 2057 -956061/100000
1365 2057 6187/40
1371 2057 -85
1370 2057 -1
1369 2057 -12
1364 2057 -44
1305 2057 -1
1209 2057 1
1418 2058 -27/100
1312 2058 -1
1419 2059 -956061/100000
1373 2059 20205493/50000
1379 2059 -85
1378 2059 -1
1377 2059 -12
1372 2059 -1/10000
1420 2059 -2177/2500
1306 2059 -1
1210 2059 1
1420 2060 1
1421 2060 -27/100
1313 2060 -1
1381 2061 -1/10000
1380 2061 -1/10000
1422 2061 -3/5
1315 2061 -1
1216 2061 1
1383 2062 -1/10000
1382 2062 -1/10000
1424 2062 -42119/10000
1423 2062 -3/5
1316 2062 -1
1219 2062 1
1385 2063 -1/10000
1384 2063 -1/10000
1426 2063 -8737/2000
1425 2063 -7/2
1317 2063 -1
1220 2063 1
1389 2064 -91
1390 2064 -96
1387 2064 -86
1428 2064 -16
1427 2064 -13
1307 2064 -1
1222 2064 99/100
1318 2065 -1
1394 2066 -87
1395 2066 -92
1392 2066 -82
1430 2066 -16
1429 2066 -13
1308 2066 -1
1223 2066 99/100
1319 2067 -1
1302 2068 -1
1431 2068 1731/2500
1302 2069 -38327/4000
1403 2069 -1
1402 2069 -1
1432 2069 -18
1400 2069 -43/2
1401 2069 -15
1431 2069 -61177/50000
1396 2069 6726709/12500
1309 2069 -1
1235 2069 199/200
1434 2070 -5
1433 2070 -7/25
1398 2070 1785159/100000
1320 2070 -1
1865 2071 -1
1202 2071 1
1866 2072 -1
1207 2072 1
1867 2073 -1
1290 2073 1
1407 2074 1
1412 2075 1
1409 2076 1
1411 2076 -83/2
1407 2077 -289/10000
1411 2077 1
1212 2078 -1
1407 2078 1
1213 2079 -1
1408 2079 1
1217 2080 -1
1409 2080 1
1407 2081 -1
1389 2082 1/2
1387 2082 1
1413 2082 -1
1389 2083 1/2
1390 2083 1
1414 2083 -1
1394 2084 1/2
1392 2084 1
1415 2084 -1
1394 2085 1/2
1395 2085 1
1416 2085 -1
1435 2086 1
4 2086 -1
1436 2087 1
5 2087 -1
1437 2088 1
6 2088 -1
1543 2089 1322879/100000
1542 2089 4259/4000
1544 2089 33417/12500
1587 2089 268573/50000
1541 2089 -2350217/100000
1547 2089 2946859/25000
1546 2089 2483691/25000
1540 2089 773993/12500
1588 2089 108403/100000
1500 2089 1
1493 2089 58937/50000
1439 2089 -1
1543 2090 676843/50000
1542 2090 673/625
1544 2090 33417/12500
1587 2090 542437/100000
1541 2090 -237337/10000
1547 2090 2975889/25000
1546 2090 10032633/100000
1540 2090 3126471/50000
1588 2090 271/2500
1500 2090 1
1493 2090 29759/25000
1440 2090 -1
1543 2091 1294079/100000
1542 2091 105797/100000
1544 2091 77733/25000
1587 2091 283921/20000
1541 2091 -54731/25000
1547 2091 11453357/100000
1540 2091 619043/10000
1588 2091 82009/50000
1500 2091 1
1493 2091 57267/50000
1441 2091 -1
1543 2092 1340193/100000
1542 2092 26911/25000
1544 2092 77733/25000
1587 2092 180109/12500
1541 2092 -222203/100000
1547 2092 581247/5000
1540 2092 6283169/100000
1588 2092 8201/50000
1500 2092 1
1493 2092 116249/100000
1442 2092 -1
1543 2093 1376887/100000
1542 2093 13503/12500
1544 2093 50813/25000
1587 2093 150447/100000
1541 2093 -3941647/6250
1547 2093 3094799/25000
1546 2093 3094799/25000
1545 2093 1777333/20000
1540 2093 6175439/100000
1588 2093 1887/50000
1500 2093 1
1493 2093 7737/6250
1467 2093 -1
1551 2094 1322879/100000
1550 2094 4259/4000
1552 2094 33417/12500
1589 2094 268573/50000
1549 2094 -2350217/100000
1555 2094 2946859/25000
1554 2094 2483691/25000
1548 2094 773993/12500
1591 2094 108403/100000
1501 2094 1
1494 2094 58937/50000
1439 2094 -1
1551 2095 676843/50000
1550 2095 673/625
1552 2095 33417/12500
1589 2095 542437/100000
1549 2095 -237337/10000
1555 2095 2975889/25000
1554 2095 10032633/100000
1548 2095 3126471/50000
1591 2095 271/2500
1501 2095 1
1494 2095 29759/25000
1440 2095 -1
1551 2096 1294079/100000
1550 2096 105797/100000
1552 2096 77733/25000
1589 2096 283921/20000
1549 2096 -54731/25000
1555 2096 11453357/100000
1548 2096 619043/10000
1591 2096 82009/50000
1501 2096 1
1494 2096 57267/50000
1441 2096 -1
1551 2097 1340193/100000
1550 2097 26911/25000
1552 2097 77733/25000
1589 2097 180109/12500
1549 2097 -222203/100000
1555 2097 581247/5000
1548 2097 6283169/100000
1591 2097 8201/50000
1501 2097 1
1494 2097 116249/100000
1442 2097 -1
1551 2098 1376887/100000
1550 2098 13503/12500
1552 2098 50813/25000
1589 2098 150447/100000
1549 2098 -3941647/6250
1555 2098 3094799/25000
1554 2098 3094799/25000
1553 2098 1777333/20000
1548 2098 6175439/100000
1591 2098 1887/50000
1501 2098 1
1494 2098 7737/6250
1467 2098 -1
1556 2099 4259/4000
1592 2099 108403/100000
1503 2099 1
1457 2099 259/4000
1439 2099 -1
1556 2100 673/625
1592 2100 271/2500
1503 2100 1
1457 2100 48/625
1440 2100 -1
1556 2101 105797/100000
1592 2101 82009/50000
1503 2101 1
1457 2101 5797/100000
1441 2101 -1
1556 2102 26911/25000
1592 2102 8201/50000
1503 2102 1
1457 2102 1911/25000
1442 2102 -1
1556 2103 53807/50000
1592 2103 37741/100000
1503 2103 1
1457 2103 3807/50000
1466 2103 -1
1556 2104 13503/12500
1592 2104 1887/50000
1503 2104 1
1457 2104 1003/12500
1467 2104 -1
1556 2105 97509/100000
1592 2105 11044/3125
1503 2105 1
1457 2105 -2491/100000
1482 2105 -1
1556 2106 47087/50000
1592 2106 465953/100000
1503 2106 1
1457 2106 -2913/50000
1483 2106 -1
1556 2107 25079/25000
1592 2107 130877/50000
1503 2107 1
1457 2107 79/25000
1488 2107 -1
1557 2108 4259/4000
1594 2108 249/100
1593 2108 108403/100000
1504 2108 1
1459 2108 259/4000
1439 2108 -1
1557 2109 673/625
1594 2109 249/100
1593 2109 271/2500
1504 2109 1
1459 2109 48/625
1440 2109 -1
1557 2110 105797/100000
1594 2110 293/100
1593 2110 82009/50000
1504 2110 1
1459 2110 5797/100000
1441 2110 -1
1557 2111 26911/25000
1594 2111 293/100
1593 2111 8201/50000
1504 2111 1
1459 2111 1911/25000
1442 2111 -1
1557 2112 53807/50000
1594 2112 37/20
1593 2112 37741/100000
1504 2112 1
1459 2112 3807/50000
1466 2112 -1
1557 2113 13503/12500
1594 2113 37/20
1593 2113 1887/50000
1504 2113 1
1459 2113 1003/12500
1467 2113 -1
1557 2114 97509/100000
1594 2114 114/25
1593 2114 11044/3125
1504 2114 1
1459 2114 -2491/100000
1482 2114 -1
1557 2115 47087/50000
1594 2115 557/100
1593 2115 465953/100000
1504 2115 1
1459 2115 -2913/50000
1483 2115 -1
1557 2116 25079/25000
1594 2116 97/25
1593 2116 130877/50000
1504 2116 1
1459 2116 79/25000
1488 2116 -1
1558 2117 4259/4000
1596 2117 249/100
1595 2117 108403/100000
1505 2117 1
1460 2117 259/4000
1439 2117 -1
1558 2118 673/625
1596 2118 249/100
1595 2118 271/2500
1505 2118 1
1460 2118 48/625
1440 2118 -1
1558 2119 105797/100000
1596 2119 293/100
1595 2119 82009/50000
1505 2119 1
1460 2119 5797/100000
1441 2119 -1
1558 2120 26911/25000
1596 2120 293/100
1595 2120 8201/50000
1505 2120 1
1460 2120 1911/25000
1442 2120 -1
1558 2121 53807/50000
1596 2121 37/20
1595 2121 37741/100000
1505 2121 1
1460 2121 3807/50000
1466 2121 -1
1558 2122 13503/12500
1596 2122 37/20
1595 2122 1887/50000
1505 2122 1
1460 2122 1003/12500
1467 2122 -1
1558 2123 97509/100000
1596 2123 114/25
1595 2123 11044/3125
1505 2123 1
1460 2123 -2491/100000
1482 2123 -1
1558 2124 47087/50000
1596 2124 557/100
1595 2124 465953/100000
1505 2124 1
1460 2124 -2913/50000
1483 2124 -1
1558 2125 25079/25000
1596 2125 97/25
1595 2125 130877/50000
1505 2125 1
1460 2125 79/25000
1488 2125 -1
1583 2126 16877811/100000
1584 2126 8769367/50000
1561 2126 434/25
1559 2126 227/200
1598 2126 1705151/10000
1597 2126 3507993/25000
1506 2126 1
1495 2126 8881/5000
1444 2126 -1
1583 2127 284437/2000
1584 2127 7460789/50000
1561 2127 839/50
1559 2127 559/500
1598 2127 1412/25
1597 2127 168/5
1506 2127 1
1495 2127 8/5
1445 2127 -1
1583 2128 7457177/50000
1584 2128 15851493/100000
1561 2128 434/25
1559 2128 1139/1000
1598 2128 3296233/25000
1597 2128 10273973/100000
1506 2128 1
1495 2128 171233/100000
1449 2128 -1
1583 2129 5640113/50000
1584 2129 11339347/100000
1561 2129 839/50
1559 2129 1121/1000
1598 2129 1111111/25000
1597 2129 297619/12500
1506 2129 1
1495 2129 15873/10000
1450 2129 -1
1583 2130 8157841/100000
1584 2130 768641/10000
1561 2130 176367/12500
1559 2130 54499/50000
1598 2130 14739/10000
1597 2130 41999/12500
1506 2130 1
1495 2130 133991/100000
1475 2130 -1
1583 2131 2802031/25000
1584 2131 713533/6250
1561 2131 102783/6250
1559 2131 111051/100000
1598 2131 3499299/100000
1597 2131 378289/25000
1506 2131 1
1495 2131 19101/12500
1476 2131 -1
1583 2132 10708701/100000
1584 2132 11975201/100000
1561 2132 311067/25000
1559 2132 5361/5000
1598 2132 96599/20000
1597 2132 43459/10000
1506 2132 1
1495 2132 3972/3125
1477 2132 -1
1583 2133 5493627/50000
1584 2133 2497667/20000
1561 2133 595901/50000
1559 2133 106519/100000
1598 2133 51511/12500
1597 2133 82093/20000
1506 2133 1
1495 2133 999/800
1478 2133 -1
1583 2134 13708893/100000
1584 2134 2904609/20000
1561 2134 858389/50000
1559 2134 22249/20000
1598 2134 468003/12500
1597 2134 2028013/100000
1506 2134 1
1495 2134 156001/100000
1479 2134 -1
1583 2135 7366091/50000
1584 2135 9227661/50000
1561 2135 719/50
1559 2135 1123/1000
1598 2135 290099/2000
1597 2135 2929043/25000
1506 2135 1
1495 2135 165017/100000
1487 2135 -1
1585 2136 16877811/100000
1586 2136 8769367/50000
1566 2136 434/25
1564 2136 227/200
1600 2136 1705151/10000
1599 2136 3507993/25000
1507 2136 1
1496 2136 8881/5000
1444 2136 -1
1585 2137 284437/2000
1586 2137 7460789/50000
1566 2137 839/50
1564 2137 559/500
1600 2137 1412/25
1599 2137 168/5
1507 2137 1
1496 2137 8/5
1445 2137 -1
1585 2138 7457177/50000
1586 2138 15851493/100000
1566 2138 434/25
1564 2138 1139/1000
1600 2138 3296233/25000
1599 2138 10273973/100000
1507 2138 1
1496 2138 171233/100000
1449 2138 -1
1585 2139 5640113/50000
1586 2139 11339347/100000
1566 2139 839/50
1564 2139 1121/1000
1600 2139 1111111/25000
1599 2139 297619/12500
1507 2139 1
1496 2139 15873/10000
1450 2139 -1
1585 2140 8157841/100000
1586 2140 768641/10000
1566 2140 176367/12500
1564 2140 54499/50000
1600 2140 14739/10000
1599 2140 41999/12500
1507 2140 1
1496 2140 133991/100000
1475 2140 -1
1585 2141 2802031/25000
1586 2141 713533/6250
1566 2141 102783/6250
1564 2141 111051/100000
1600 2141 3499299/100000
1599 2141 378289/25000
1507 2141 1
1496 2141 19101/12500
1476 2141 -1
1585 2142 10708701/100000
1586 2142 11975201/100000
1566 2142 311067/25000
1564 2142 5361/5000
1600 2142 96599/20000
1599 2142 43459/10000
1507 2142 1
1496 2142 3972/3125
1477 2142 -1
1585 2143 5493627/50000
1586 2143 2497667/20000
1566 2143 595901/50000
1564 2143 106519/100000
1600 2143 51511/12500
1599 2143 82093/20000
1507 2143 1
1496 2143 999/800
1478 2143 -1
1585 2144 13708893/100000
1586 2144 2904609/20000
1566 2144 858389/50000
1564 2144 22249/20000
1600 2144 468003/12500
1599 2144 2028013/100000
1507 2144 1
1496 2144 156001/100000
1479 2144 -1
1585 2145 7366091/50000
1586 2145 9227661/50000
1566 2145 719/50
1564 2145 1123/1000
1600 2145 290099/2000
1599 2145 2929043/25000
1507 2145 1
1496 2145 165017/100000
1487 2145 -1
1490 2146 592699/50000
1572 2146 676843/50000
1570 2146 673/625
1576 2146 5016319/50000
1604 2146 9857/2500
1602 2146 3083581/100000
1603 2146 271/2500
1573 2146 1988251/100000
1571 2146 -37559/4000
1601 2146 18383/10000
1569 2146 -2373373/100000
1508 2146 1
1497 2146 29759/25000
1440 2146 -1
1490 2147 1189917/100000
1572 2147 1340193/100000
1570 2147 26911/25000
1604 2147 43329/10000
1602 2147 3600941/100000
1603 2147 41/250
1573 2147 1369069/100000
1571 2147 -573809/50000
1601 2147 208493/100000
1569 2147 -222203/100000
1508 2147 1
1497 2147 116249/100000
1442 2147 -1
1490 2148 1186241/100000
1572 2148 1376887/100000
1570 2148 13503/12500
1576 2148 3094799/25000
1575 2148 1777333/20000
1604 2148 331073/100000
1602 2148 2341239/100000
1603 2148 1887/50000
1573 2148 87451/3125
1574 2148 9303/400
1571 2148 -373543/50000
1601 2148 75523/50000
1569 2148 -3941647/6250
1508 2148 1
1497 2148 7737/6250
1467 2148 -1
1490 2149 4707/400
1572 2149 1351433/100000
1570 2149 53881/50000
1576 2149 6140073/50000
1575 2149 220389/2500
1604 2149 331073/100000
1602 2149 870939/50000
1573 2149 1625947/50000
1574 2149 2307141/100000
1571 2149 -65991/10000
1601 2149 149837/100000
1569 2149 -7820217/12500
1508 2149 1
1497 2149 122801/100000
1468 2149 -1
1490 2150 304847/25000
1572 2150 733001/50000
1570 2150 108989/100000
1576 2150 2547163/20000
1575 2150 4584893/100000
1604 2150 327/100
1602 2150 464857/50000
1573 2150 3285839/100000
1574 2150 124811/5000
1571 2150 -343723/50000
1601 2150 38163/25000
1569 2150 -3691611/25000
1508 2150 1
1497 2150 63679/50000
1469 2150 -1
1888 2151 -1
1512 2151 1
1889 2152 -1
1513 2152 1
1890 2153 -1
1517 2153 1
1891 2154 -1
1518 2154 1
1892 2155 -1
1519 2155 1
1893 2156 -1
1520 2156 1
1894 2157 -1
1521 2157 1
1895 2158 -1
1522 2158 1
1898 2159 -1
1523 2159 1
1896 2160 -1
1525 2160 1
1897 2161 -1
1526 2161 1
1898 2162 -1
1527 2162 1
1898 2163 -1
1528 2163 1
1899 2164 -1
1529 2164 1
1900 2165 -1
1897 2165 -1
1530 2165 1
1900 2166 -1
1897 2166 -1
1531 2166 1
1901 2167 -1
1532 2167 1
1902 2168 -1
1535 2168 1
1511 2169 1
1512 2170 1
1513 2171 1
1517 2172 1
1519 2173 1
1520 2174 1
1521 2175 1
1522 2176 1
1523 2177 1
1524 2178 1
1525 2179 1
1526 2180 1
1527 2181 1
1528 2182 1
1529 2183 1
1530 2184 1
1531 2185 1
1532 2186 1
1535 2187 1
1453 2188 1
1456 2188 -1
1454 2189 1
1456 2189 -1
1502 2190 1
1455 2190 227/200
1444 2190 -1
1502 2191 1
1455 2191 623/500
1446 2191 -1
1502 2192 1
1455 2192 1183/1000
1447 2192 -1
1502 2193 1
1455 2193 231/200
1448 2193 -1
1502 2194 1
1455 2194 1139/1000
1449 2194 -1
1502 2195 1
1455 2195 299/100
1464 2195 -1
1502 2196 1
1485 2196 -1
1455 2196 47/40
1502 2197 1
1486 2197 -1
1455 2197 57/50
1502 2198 1
1487 2198 -1
1455 2198 1123/1000
1502 2199 -1
1456 2200 1
1455 2200 -1
1457 2201 -1
1456 2201 1
1458 2202 1
1456 2202 -1
1577 2203 10819/10000
1509 2203 1
1498 2203 641/500
1466 2203 -831/1000
1476 2203 -169/1000
1577 2204 1361/1250
1509 2204 1
1498 2204 166/125
1466 2204 -43/200
1475 2204 -697/1000
1476 2204 -11/125
1577 2205 2719/2500
1509 2205 1
1498 2205 1323/1000
1466 2205 -107/250
1475 2205 -397/1000
1476 2205 -7/40
1471 2206 99/100
1498 2206 -1
1509 2207 -1
1578 2208 144/125
1510 2208 1
1499 2208 19141/10000
1444 2208 -657/5000
1448 2208 -4343/5000
1578 2209 231/200
1510 2209 1
1499 2209 1939/1000
1448 2209 -1
1578 2210 1153/1000
1510 2210 1
1499 2210 2381/1250
1449 2210 -339/2500
1448 2210 -2161/2500
1578 2211 1153/1000
1510 2211 1
1499 2211 2417/1250
1486 2211 -41/400
1448 2211 -359/400
1472 2212 197/200
1499 2212 -1
1510 2213 -1
1489 2214 -1
1448 2214 3/10
1475 2214 3/20
1474 2214 3/10
1444 2214 7/80
1449 2214 13/80
1491 2215 9723/10000
1492 2215 1
1579 2215 4757/5000
1488 2215 -79/500
1483 2215 -421/500
1491 2216 -1
1484 2216 1
1492 2217 -1
1438 2218 1
1435 2218 -1
1480 2219 -1
1438 2220 -1
1516 2220 11/2000
1514 2220 17/10000
1515 2220 11/5000
1482 2220 31031/50000
1439 2220 3643/50000
1441 2220 3401/50000
1466 2220 9977/100000
1475 2220 10197/100000
1474 2220 2701/100000
1449 2220 137/25000
1444 2220 89/50000
1448 2220 7/3125
1447 2220 13/50000
1517 2220 -5599/5000
1582 2220 -19/2500
1581 2220 -9/2000
1580 2220 -139/10000
1502 2221 4021/100000
1476 2221 -1
1479 2221 79359/100000
1450 2221 863/100000
1445 2221 16941/100000
1455 2221 4021/100000
1464 2221 -1183/100000
1522 2221 -15281/10000
1582 2221 -321/10000
1581 2221 -23/2500
1580 2221 -107/10000
1467 2222 99671/100000
1466 2222 -1
1463 2222 87/25000
1464 2222 -19/100000
1523 2222 -12337/10000
1582 2222 -37/10000
1581 2222 -1/1000
1466 2223 -1
1468 2223 803/800
1463 2223 193/50000
1464 2223 -761/100000
1524 2223 -12337/10000
1582 2223 -1/400
1581 2223 -1/400
1580 2223 -37/10000
1502 2224 1/20
1514 2224 -1
1455 2224 227/4000
1444 2224 -1/20
1502 2225 3/20
1515 2225 -1
1455 2225 693/4000
1448 2225 -3/20
1502 2226 1/20
1516 2226 -1
1455 2226 1139/20000
1449 2226 -1/20
1502 2227 3/20
1533 2227 -1
1455 2227 171/1000
1486 2227 -3/20
1502 2228 1/20
1534 2228 -1
1455 2228 1123/20000
1487 2228 -1/20
1476 2229 100001/100000
1474 2229 -1
1464 2229 -1/100000
1526 2229 -15277/10000
1581 2229 -1/1250
1580 2229 -77/10000
1442 2230 9857/10000
1441 2230 -1
1463 2230 1511/100000
1464 2230 -81/100000
1528 2230 -11453/10000
1581 2230 -4/625
1580 2230 -21/10000
1440 2231 19811/20000
1439 2231 -1
1463 2231 999/100000
1464 2231 -27/50000
1528 2231 -11787/10000
1581 2231 -33/5000
1580 2231 -21/10000
1488 2232 54551/100000
1483 2232 45449/100000
1482 2232 -1
1529 2232 -5097/5000
1582 2232 -1/625
1581 2232 -17/10000
1580 2232 -8/625
1516 2233 3/80
1514 2233 237/10000
1515 2233 53/1250
1478 2233 41501/50000
1449 2233 1873/50000
1444 2233 74/3125
1448 2233 1059/25000
1447 2233 3047/100000
1446 2233 1693/100000
1464 2233 1909/100000
1475 2233 -1
1530 2233 -67/50
1582 2233 -201/10000
1581 2233 -77/5000
1580 2233 -549/10000
1516 2234 351/10000
1514 2234 203/10000
1515 2234 211/5000
1477 2234 2107/2500
1449 2234 3507/100000
1444 2234 507/25000
1448 2234 4217/100000
1447 2234 3027/100000
1446 2234 407/25000
1464 2234 1313/100000
1475 2234 -1
1531 2234 -67/50
1582 2234 -47/2500
1581 2234 -9/500
1580 2234 -67/1250
1481 2235 499/500
1463 2235 -17/16
1532 2235 -1
1582 2235 53/200
1581 2235 -16/625
1580 2235 -657/10000
1464 2236 1
1465 2236 -1
1455 2237 -613/200
1446 2237 49/200
1465 2237 1
1535 2237 -1
1582 2237 8/25
1581 2237 -41/100
1580 2237 -119/50
1587 2238 -956061/100000
1541 2238 6187/40
1547 2238 -85
1546 2238 -1
1545 2238 -12
1540 2238 -44
1493 2238 -1
1451 2238 1
1588 2239 -27/100
1500 2239 -1
1589 2240 -956061/100000
1549 2240 20205493/50000
1555 2240 -85
1554 2240 -1
1553 2240 -12
1548 2240 -1/10000
1590 2240 -2177/2500
1494 2240 -1
1452 2240 1
1590 2241 1
1591 2241 -27/100
1501 2241 -1
1592 2242 -3/5
1503 2242 -1
1457 2242 1
1594 2243 -42119/10000
1593 2243 -3/5
1504 2243 -1
1459 2243 1
1596 2244 -8737/2000
1595 2244 -23/10
1505 2244 -1
1460 2244 1
1562 2245 -91
1563 2245 -96
1560 2245 -86
1598 2245 -16
1597 2245 -13
1495 2245 -1
1461 2245 99/100
1506 2246 -1
1567 2247 -87
1568 2247 -92
1565 2247 -82
1600 2247 -16
1599 2247 -13
1496 2247 -1
1462 2247 99/100
1507 2248 -1
1490 2249 -1
1601 2249 2777/4000
1490 2250 -959987/100000
1576 2250 -1
1575 2250 -1
1602 2250 -18
1573 2250 -43/2
1574 2250 -15
1601 2250 -123611/100000
1569 2250 6726709/12500
1497 2250 -1
1470 2250 199/200
1604 2251 -5
1603 2251 -7/25
1571 2251 1785159/100000
1508 2251 -1
1865 2252 -1
1444 2252 1
1866 2253 -1
1449 2253 1
1867 2254 -1
1489 2254 1
1580 2255 1
1453 2256 -1
1580 2256 1
1454 2257 -1
1581 2257 1
1458 2258 -1
1582 2258 1
1580 2259 -1
1562 2260 1/2
1560 2260 1
1583 2260 -1
1562 2261 1/2
1563 2261 1
1584 2261 -1
1567 2262 1/2
1565 2262 1
1585 2262 -1
1567 2263 1/2
1568 2263 1
1586 2263 -1
1797 2264 1322879/100000
1796 2264 4259/4000
1798 2264 33417/12500
1846 2264 268573/50000
1795 2264 -2350217/100000
1801 2264 2946859/25000
1800 2264 2483691/25000
1794 2264 773993/12500
1847 2264 108403/100000
1742 2264 1
1735 2264 58937/50000
1608 2264 -1
1797 2265 676843/50000
1796 2265 673/625
1798 2265 33417/12500
1846 2265 542437/100000
1795 2265 -237337/10000
1801 2265 2975889/25000
1800 2265 10032633/100000
1794 2265 3126471/50000
1847 2265 271/2500
1742 2265 1
1735 2265 29759/25000
1609 2265 -1
1797 2266 1294079/100000
1796 2266 105797/100000
1798 2266 77733/25000
1846 2266 283921/20000
1795 2266 -54731/25000
1801 2266 11453357/100000
1794 2266 619043/10000
1847 2266 82009/50000
1742 2266 1
1735 2266 57267/50000
1610 2266 -1
1797 2267 1340193/100000
1796 2267 26911/25000
1798 2267 77733/25000
1846 2267 180109/12500
1795 2267 -222203/100000
1801 2267 581247/5000
1794 2267 6283169/100000
1847 2267 8201/50000
1742 2267 1
1735 2267 116249/100000
1611 2267 -1
1797 2268 305103/25000
1796 2268 105747/100000
1798 2268 12/5
1846 2268 255749/100000
1795 2268 -46131019/100000
1801 2268 2283093/20000
1800 2268 319633/4000
1799 2268 3995413/100000
1794 2268 791259/25000
1847 2268 13127/50000
1742 2268 1
1735 2268 22831/20000
1613 2268 -1
1797 2269 270363/20000
1796 2269 107671/100000
1798 2269 12/5
1846 2269 212393/50000
1795 2269 -3477797/100000
1801 2269 11936023/100000
1800 2269 4476009/50000
1799 2269 1492003/50000
1794 2269 5609931/100000
1847 2269 39/2000
1742 2269 1
1735 2269 746/625
1614 2269 -1
1797 2270 1459207/100000
1796 2270 13619/12500
1798 2270 13/5
1846 2270 126023/20000
1795 2270 -2659853/100000
1801 2270 2463293/25000
1800 2270 3694939/100000
1794 2270 2463293/50000
1742 2270 1
1735 2270 24633/20000
1615 2270 -1
1797 2271 1183/100
1796 2271 10533/10000
1798 2271 12/5
1846 2271 70447/6250
1795 2271 -1852979/100000
1801 2271 2693101/25000
1800 2271 8709603/100000
1799 2271 2865001/100000
1794 2271 1976851/50000
1847 2271 21/100
1742 2271 1
1735 2271 573/500
1617 2271 -1
1797 2272 633577/50000
1796 2272 53221/50000
1798 2272 12/5
1846 2272 97073/50000
1795 2272 -23182071/50000
1801 2272 5162919/50000
1800 2272 8031207/100000
1799 2272 4015603/100000
1794 2272 3178063/100000
1847 2272 593/2000
1742 2272 1
1735 2272 28683/25000
1619 2272 -1
1797 2273 1150537/100000
1796 2273 103403/100000
1798 2273 16/5
1846 2273 85171/25000
1795 2273 -239597/100000
1801 2273 2339793/25000
1800 2273 3853777/100000
1794 2273 1376349/50000
1847 2273 1/1000
1742 2273 1
1735 2273 27527/25000
1620 2273 -1
1797 2274 672209/50000
1796 2274 21549/20000
1798 2274 13/5
1846 2274 1680401/100000
1795 2274 -254803/100000
1801 2274 4976581/50000
1800 2274 3512881/100000
1794 2274 6791569/100000
1847 2274 21/1000
1742 2274 1
1735 2274 14637/12500
1621 2274 -1
1797 2275 1376887/100000
1796 2275 13503/12500
1798 2275 50813/25000
1846 2275 150447/100000
1795 2275 -3941647/6250
1801 2275 3094799/25000
1800 2275 3094799/25000
1799 2275 1777333/20000
1794 2275 6175439/100000
1847 2275 1887/50000
1742 2275 1
1735 2275 7737/6250
1648 2275 -1
1797 2276 733001/50000
1796 2276 108989/100000
1798 2276 2
1846 2276 73583/10000
1795 2276 -3691611/25000
1801 2276 2547163/20000
1800 2276 2547163/20000
1799 2276 4584893/100000
1794 2276 6367907/100000
1742 2276 1
1735 2276 63679/50000
1650 2276 -1
1797 2277 137/10
1796 2277 1089/1000
1798 2277 2
1846 2277 173103/100000
1795 2277 -15579087/50000
1801 2277 6185057/50000
1800 2277 6185057/50000
1799 2277 4453241/100000
1794 2277 6185057/100000
1742 2277 1
1735 2277 123701/100000
1652 2277 -1
1797 2278 62/5
1796 2278 2601/2500
1798 2278 813/400
1846 2278 139583/100000
1795 2278 -14653601/25000
1801 2278 11494253/100000
1800 2278 11494253/100000
1799 2278 4126437/50000
1794 2278 387931/12500
1847 2278 43/25
1742 2278 1
1735 2278 114943/100000
1654 2278 -1
1797 2279 244851/20000
1796 2279 26523/25000
1798 2279 11/5
1846 2279 457201/100000
1795 2279 -4674877/100000
1801 2279 1176609/10000
1800 2279 1176609/10000
1799 2279 3529827/50000
1794 2279 1029533/25000
1847 2279 1/1000
1742 2279 1
1735 2279 117661/100000
1657 2279 -1
1797 2280 138063/10000
1796 2280 108059/100000
1798 2280 19/10
1846 2280 795171/100000
1795 2280 -2449857/50000
1801 2280 12331977/100000
1800 2280 5857689/50000
1799 2280 1541497/25000
1794 2280 1572327/25000
1847 2280 21/1000
1742 2280 1
1735 2280 3083/2500
1658 2280 -1
1797 2281 168069/10000
1796 2281 55253/50000
1798 2281 19/10
1846 2281 60349/50000
1795 2281 -11041253/20000
1801 2281 6830601/50000
1800 2281 6830601/50000
1799 2281 6147541/50000
1794 2281 6830601/100000
1847 2281 1/10
1742 2281 1
1735 2281 34153/25000
1682 2281 -1
1797 2282 756619/50000
1796 2282 21871/20000
1798 2282 19/10
1846 2282 114891/100000
1795 2282 -52550047/100000
1801 2282 13003901/100000
1800 2282 13003901/100000
1799 2282 11703511/100000
1794 2282 6501951/100000
1847 2282 1/10
1742 2282 1
1735 2282 130039/100000
1685 2282 -1
1797 2283 1233141/100000
1796 2283 106357/100000
1798 2283 19/10
1846 2283 93467/100000
1795 2283 -90984899/100000
1801 2283 12064181/100000
1800 2283 12064181/100000
1799 2283 12064181/100000
1794 2283 603209/25000
1847 2283 2/25
1742 2283 1
1735 2283 60321/50000
1723 2283 -1
1797 2284 581019/50000
1796 2284 20981/20000
1798 2284 263929/100000
1846 2284 352073/50000
1795 2284 -5188471/25000
1801 2284 11061839/100000
1800 2284 6699967/100000
1799 2284 20617/2500
1794 2284 1902967/50000
1847 2284 19979/100000
1742 2284 1
1735 2284 55947/50000
1725 2284 -1
1797 2285 1082037/100000
1796 2285 20539/20000
1798 2285 37587/12500
1846 2285 685159/100000
1795 2285 -5115769/20000
1801 2285 10390941/100000
1800 2285 415093/6250
1799 2285 78603/4000
1794 2285 126983/4000
1847 2285 28939/100000
1742 2285 1
1735 2285 108877/100000
1726 2285 -1
1797 2286 1167989/100000
1796 2286 20989/20000
1798 2286 17047/6250
1846 2286 352779/50000
1795 2286 -4342763/20000
1801 2286 516171/5000
1800 2286 6493029/100000
1799 2286 517177/50000
1794 2286 1829959/50000
1847 2286 6659/25000
1742 2286 1
1735 2286 112119/100000
1727 2286 -1
1797 2287 1142663/100000
1796 2287 104461/100000
1798 2287 6441/2500
1846 2287 174887/25000
1795 2287 -20362207/100000
1801 2287 1369697/12500
1800 2287 46182/625
1799 2287 4753/625
1794 2287 1676027/50000
1847 2287 3639/10000
1742 2287 1
1735 2287 111163/100000
1728 2287 -1
1797 2288 224193/20000
1796 2288 102941/100000
1798 2288 291/100
1846 2288 265851/50000
1795 2288 -22614023/100000
1801 2288 10346707/100000
1800 2288 242041/10000
1799 2288 670519/50000
1794 2288 844963/25000
1847 2288 533/10000
1742 2288 1
1735 2288 109027/100000
1729 2288 -1
1797 2289 1103151/100000
1796 2289 103021/100000
1798 2289 273/100
1846 2289 69017/10000
1795 2289 -2249221/10000
1801 2289 9102873/100000
1800 2289 5549463/100000
1794 2289 3103751/100000
1847 2289 2683/10000
1742 2289 1
1735 2289 109673/100000
1730 2289 -1
1797 2290 68289/6250
1796 2290 25713/25000
1798 2290 3
1846 2290 152657/20000
1795 2290 -24411019/100000
1801 2290 10326087/100000
1800 2290 5434783/100000
1794 2290 1576087/50000
1847 2290 3/1000
1742 2290 1
1735 2290 13587/12500
1731 2290 -1
1805 2291 1322879/100000
1804 2291 4259/4000
1806 2291 33417/12500
1848 2291 268573/50000
1803 2291 -2350217/100000
1809 2291 2946859/25000
1808 2291 2483691/25000
1802 2291 773993/12500
1850 2291 108403/100000
1743 2291 1
1736 2291 58937/50000
1608 2291 -1
1805 2292 676843/50000
1804 2292 673/625
1806 2292 33417/12500
1848 2292 542437/100000
1803 2292 -237337/10000
1809 2292 2975889/25000
1808 2292 10032633/100000
1802 2292 3126471/50000
1850 2292 271/2500
1743 2292 1
1736 2292 29759/25000
1609 2292 -1
1805 2293 1294079/100000
1804 2293 105797/100000
1806 2293 77733/25000
1848 2293 283921/20000
1803 2293 -54731/25000
1809 2293 11453357/100000
1802 2293 619043/10000
1850 2293 82009/50000
1743 2293 1
1736 2293 57267/50000
1610 2293 -1
1805 2294 1340193/100000
1804 2294 26911/25000
1806 2294 77733/25000
1848 2294 180109/12500
1803 2294 -222203/100000
1809 2294 581247/5000
1802 2294 6283169/100000
1850 2294 8201/50000
1743 2294 1
1736 2294 116249/100000
1611 2294 -1
1805 2295 305103/25000
1804 2295 105747/100000
1806 2295 12/5
1848 2295 255749/100000
1803 2295 -46131019/100000
1809 2295 2283093/20000
1808 2295 319633/4000
1807 2295 3995413/100000
1802 2295 791259/25000
1850 2295 13127/50000
1743 2295 1
1736 2295 22831/20000
1613 2295 -1
1805 2296 270363/20000
1804 2296 107671/100000
1806 2296 12/5
1848 2296 212393/50000
1803 2296 -3477797/100000
1809 2296 11936023/100000
1808 2296 4476009/50000
1807 2296 1492003/50000
1802 2296 5609931/100000
1850 2296 39/2000
1743 2296 1
1736 2296 746/625
1614 2296 -1
1805 2297 1459207/100000
1804 2297 13619/12500
1806 2297 13/5
1848 2297 126023/20000
1803 2297 -2659853/100000
1809 2297 2463293/25000
1808 2297 3694939/100000
1802 2297 2463293/50000
1743 2297 1
1736 2297 24633/20000
1615 2297 -1
1805 2298 1183/100
1804 2298 10533/10000
1806 2298 12/5
1848 2298 70447/6250
1803 2298 -1852979/100000
1809 2298 2693101/25000
1808 2298 8709603/100000
1807 2298 2865001/100000
1802 2298 1976851/50000
1850 2298 21/100
1743 2298 1
1736 2298 573/500
1617 2298 -1
1805 2299 633577/50000
1804 2299 53221/50000
1806 2299 12/5
1848 2299 97073/50000
1803 2299 -23182071/50000
1809 2299 5162919/50000
1808 2299 8031207/100000
1807 2299 4015603/100000
1802 2299 3178063/100000
1850 2299 593/2000
1743 2299 1
1736 2299 28683/25000
1619 2299 -1
1805 2300 1150537/100000
1804 2300 103403/100000
1806 2300 16/5
1848 2300 85171/25000
1803 2300 -239597/100000
1809 2300 2339793/25000
1808 2300 3853777/100000
1802 2300 1376349/50000
1850 2300 1/1000
1743 2300 1
1736 2300 27527/25000
1620 2300 -1
1805 2301 672209/50000
1804 2301 21549/20000
1806 2301 13/5
1848 2301 1680401/100000
1803 2301 -254803/100000
1809 2301 4976581/50000
1808 2301 3512881/100000
1802 2301 6791569/100000
1850 2301 21/1000
1743 2301 1
1736 2301 14637/12500
1621 2301 -1
1805 2302 1376887/100000
1804 2302 13503/12500
1806 2302 50813/25000
1848 2302 150447/100000
1803 2302 -3941647/6250
1809 2302 3094799/25000
1808 2302 3094799/25000
1807 2302 1777333/20000
1802 2302 6175439/100000
1850 2302 1887/50000
1743 2302 1
1736 2302 7737/6250
1648 2302 -1
1805 2303 733001/50000
1804 2303 108989/100000
1806 2303 2
1848 2303 73583/10000
1803 2303 -3691611/25000
1809 2303 2547163/20000
1808 2303 2547163/20000
1807 2303 4584893/100000
1802 2303 6367907/100000
1743 2303 1
1736 2303 63679/50000
1650 2303 -1
1805 2304 137/10
1804 2304 1089/1000
1806 2304 2
1848 2304 173103/100000
1803 2304 -15579087/50000
1809 2304 6185057/50000
1808 2304 6185057/50000
1807 2304 4453241/100000
1802 2304 6185057/100000
1743 2304 1
1736 2304 123701/100000
1652 2304 -1
1805 2305 62/5
1804 2305 2601/2500
1806 2305 813/400
1848 2305 139583/100000
1803 2305 -14653601/25000
1809 2305 11494253/100000
1808 2305 11494253/100000
1807 2305 4126437/50000
1802 2305 387931/12500
1850 2305 43/25
1743 2305 1
1736 2305 114943/100000
1654 2305 -1
1805 2306 244851/20000
1804 2306 26523/25000
1806 2306 11/5
1848 2306 457201/100000
1803 2306 -4674877/100000
1809 2306 1176609/10000
1808 2306 1176609/10000
1807 2306 3529827/50000
1802 2306 1029533/25000
1850 2306 1/1000
1743 2306 1
1736 2306 117661/100000
1657 2306 -1
1805 2307 138063/10000
1804 2307 108059/100000
1806 2307 19/10
1848 2307 795171/100000
1803 2307 -2449857/50000
1809 2307 12331977/100000
1808 2307 5857689/50000
1807 2307 1541497/25000
1802 2307 1572327/25000
1850 2307 21/1000
1743 2307 1
1736 2307 3083/2500
1658 2307 -1
1805 2308 168069/10000
1804 2308 55253/50000
1806 2308 19/10
1848 2308 60349/50000
1803 2308 -11041253/20000
1809 2308 6830601/50000
1808 2308 6830601/50000
1807 2308 6147541/50000
1802 2308 6830601/100000
1850 2308 1/10
1743 2308 1
1736 2308 34153/25000
1682 2308 -1
1805 2309 756619/50000
1804 2309 21871/20000
1806 2309 19/10
1848 2309 114891/100000
1803 2309 -52550047/100000
1809 2309 13003901/100000
1808 2309 13003901/100000
1807 2309 11703511/100000
1802 2309 6501951/100000
1850 2309 1/10
1743 2309 1
1736 2309 130039/100000
1685 2309 -1
1805 2310 1233141/100000
1804 2310 106357/100000
1806 2310 19/10
1848 2310 93467/100000
1803 2310 -90984899/100000
1809 2310 12064181/100000
1808 2310 12064181/100000
1807 2310 12064181/100000
1802 2310 603209/25000
1850 2310 2/25
1743 2310 1
1736 2310 60321/50000
1723 2310 -1
1805 2311 581019/50000
1804 2311 20981/20000
1806 2311 263929/100000
1848 2311 352073/50000
1803 2311 -5188471/25000
1809 2311 11061839/100000
1808 2311 6699967/100000
1807 2311 20617/2500
1802 2311 1902967/50000
1850 2311 19979/100000
1743 2311 1
1736 2311 55947/50000
1725 2311 -1
1805 2312 1082037/100000
1804 2312 20539/20000
1806 2312 37587/12500
1848 2312 685159/100000
1803 2312 -5115769/20000
1809 2312 10390941/100000
1808 2312 415093/6250
1807 2312 78603/4000
1802 2312 126983/4000
1850 2312 28939/100000
1743 2312 1
1736 2312 108877/100000
1726 2312 -1
1805 2313 1167989/100000
1804 2313 20989/20000
1806 2313 17047/6250
1848 2313 352779/50000
1803 2313 -4342763/20000
1809 2313 516171/5000
1808 2313 6493029/100000
1807 2313 517177/50000
1802 2313 1829959/50000
1850 2313 6659/25000
1743 2313 1
1736 2313 112119/100000
1727 2313 -1
1805 2314 1142663/100000
1804 2314 104461/100000
1806 2314 6441/2500
1848 2314 174887/25000
1803 2314 -20362207/100000
1809 2314 1369697/12500
1808 2314 46182/625
1807 2314 4753/625
1802 2314 1676027/50000
1850 2314 3639/10000
1743 2314 1
1736 2314 111163/100000
1728 2314 -1
1805 2315 224193/20000
1804 2315 102941/100000
1806 2315 291/100
1848 2315 265851/50000
1803 2315 -22614023/100000
1809 2315 10346707/100000
1808 2315 242041/10000
1807 2315 670519/50000
1802 2315 844963/25000
1850 2315 533/10000
1743 2315 1
1736 2315 109027/100000
1729 2315 -1
1805 2316 1103151/100000
1804 2316 103021/100000
1806 2316 273/100
1848 2316 69017/10000
1803 2316 -2249221/10000
1809 2316 9102873/100000
1808 2316 5549463/100000
1802 2316 3103751/100000
1850 2316 2683/10000
1743 2316 1
1736 2316 109673/100000
1730 2316 -1
1805 2317 68289/6250
1804 2317 25713/25000
1806 2317 3
1848 2317 152657/20000
1803 2317 -24411019/100000
1809 2317 10326087/100000
1808 2317 5434783/100000
1802 2317 1576087/50000
1850 2317 3/1000
1743 2317 1
1736 2317 13587/12500
1731 2317 -1
1811 2318 1322879/100000
1810 2318 4259/4000
1851 2318 108403/100000
1745 2318 1
1637 2318 259/4000
1608 2318 -1
1811 2319 676843/50000
1810 2319 673/625
1851 2319 271/2500
1745 2319 1
1637 2319 48/625
1609 2319 -1
1811 2320 1294079/100000
1810 2320 105797/100000
1851 2320 82009/50000
1745 2320 1
1637 2320 5797/100000
1610 2320 -1
1811 2321 1340193/100000
1810 2321 26911/25000
1851 2321 8201/50000
1745 2321 1
1637 2321 1911/25000
1611 2321 -1
1811 2322 305103/25000
1810 2322 105747/100000
1851 2322 13127/50000
1745 2322 1
1637 2322 5747/100000
1613 2322 -1
1811 2323 270363/20000
1810 2323 107671/100000
1851 2323 7487/100000
1745 2323 1
1637 2323 7671/100000
1614 2323 -1
1811 2324 1183/100
1810 2324 10533/10000
1851 2324 21/100
1745 2324 1
1637 2324 533/10000
1617 2324 -1
1811 2325 633577/50000
1810 2325 53221/50000
1851 2325 593/2000
1745 2325 1
1637 2325 3221/50000
1619 2325 -1
1811 2326 1150537/100000
1810 2326 103403/100000
1851 2326 1/1000
1745 2326 1
1637 2326 3403/100000
1620 2326 -1
1811 2327 672209/50000
1810 2327 21549/20000
1851 2327 21/1000
1745 2327 1
1637 2327 1549/20000
1621 2327 -1
1811 2328 683041/50000
1810 2328 53807/50000
1851 2328 37741/100000
1745 2328 1
1637 2328 3807/50000
1647 2328 -1
1811 2329 1376887/100000
1810 2329 13503/12500
1851 2329 1887/50000
1745 2329 1
1637 2329 1003/12500
1648 2329 -1
1811 2330 62/5
1810 2330 2601/2500
1851 2330 43/25
1745 2330 1
1637 2330 101/2500
1654 2330 -1
1811 2331 244851/20000
1810 2331 26523/25000
1851 2331 1/1000
1745 2331 1
1637 2331 1523/25000
1657 2331 -1
1811 2332 138063/10000
1810 2332 108059/100000
1851 2332 21/1000
1745 2332 1
1637 2332 8059/100000
1658 2332 -1
1811 2333 34833/3125
1810 2333 97509/100000
1851 2333 11044/3125
1745 2333 1
1637 2333 -2491/100000
1700 2333 -1
1811 2334 241473/25000
1810 2334 47087/50000
1851 2334 465953/100000
1745 2334 1
1637 2334 -2913/50000
1701 2334 -1
1811 2335 127131/25000
1810 2335 87277/100000
1851 2335 18177/3125
1745 2335 1
1637 2335 -12723/100000
1702 2335 -1
1811 2336 149189/20000
1810 2336 95579/100000
1851 2336 11/200
1745 2336 1
1637 2336 -4421/100000
1704 2336 -1
1811 2337 1379387/100000
1810 2337 109591/100000
1851 2337 1/50
1745 2337 1
1637 2337 9591/100000
1705 2337 -1
1811 2338 9723/800
1810 2338 25079/25000
1851 2338 130877/50000
1745 2338 1
1637 2338 79/25000
1710 2338 -1
1811 2339 136197/10000
1810 2339 105117/100000
1851 2339 68029/20000
1745 2339 1
1637 2339 5117/100000
1711 2339 -1
1811 2340 32932/3125
1810 2340 19479/20000
1851 2340 207349/50000
1745 2340 1
1637 2340 -521/20000
1712 2340 -1
1811 2341 639999/50000
1810 2341 51539/50000
1851 2341 2847/10000
1745 2341 1
1637 2341 1539/50000
1713 2341 -1
1811 2342 1145227/100000
1810 2342 50773/50000
1851 2342 45591/100000
1745 2342 1
1637 2342 773/50000
1714 2342 -1
1811 2343 1475667/100000
1810 2343 2179/2000
1851 2343 37433/100000
1745 2343 1
1637 2343 179/2000
1715 2343 -1
1811 2344 1100553/100000
1810 2344 5033/5000
1851 2344 863/10000
1745 2344 1
1637 2344 33/5000
1716 2344 -1
1811 2345 218209/20000
1810 2345 20099/20000
1851 2345 4933/10000
1745 2345 1
1637 2345 99/20000
1719 2345 -1
1811 2346 581019/50000
1810 2346 20981/20000
1851 2346 19979/100000
1745 2346 1
1637 2346 981/20000
1725 2346 -1
1811 2347 1082037/100000
1810 2347 20539/20000
1851 2347 28939/100000
1745 2347 1
1637 2347 539/20000
1726 2347 -1
1811 2348 1167989/100000
1810 2348 20989/20000
1851 2348 6659/25000
1745 2348 1
1637 2348 989/20000
1727 2348 -1
1811 2349 1142663/100000
1810 2349 104461/100000
1851 2349 36393/100000
1745 2349 1
1637 2349 4461/100000
1728 2349 -1
1811 2350 224193/20000
1810 2350 102941/100000
1851 2350 533/10000
1745 2350 1
1637 2350 2941/100000
1729 2350 -1
1811 2351 1103151/100000
1810 2351 103021/100000
1851 2351 2683/10000
1745 2351 1
1637 2351 3021/100000
1730 2351 -1
1811 2352 68289/6250
1810 2352 25713/25000
1851 2352 3/1000
1745 2352 1
1637 2352 713/25000
1731 2352 -1
1811 2353 339479/50000
1810 2353 94163/100000
1851 2353 4519/10000
1745 2353 1
1637 2353 -5837/100000
1732 2353 -1
1811 2354 489951/50000
1810 2354 9933/10000
1851 2354 1/200
1745 2354 1
1637 2354 -67/10000
1733 2354 -1
1813 2355 1322879/100000
1812 2355 4259/4000
1853 2355 249/100
1852 2355 108403/100000
1746 2355 1
1640 2355 259/4000
1608 2355 -1
1813 2356 676843/50000
1812 2356 673/625
1853 2356 249/100
1852 2356 271/2500
1746 2356 1
1640 2356 48/625
1609 2356 -1
1813 2357 1294079/100000
1812 2357 105797/100000
1853 2357 293/100
1852 2357 82009/50000
1746 2357 1
1640 2357 5797/100000
1610 2357 -1
1813 2358 1340193/100000
1812 2358 26911/25000
1853 2358 293/100
1852 2358 8201/50000
1746 2358 1
1640 2358 1911/25000
1611 2358 -1
1813 2359 305103/25000
1812 2359 105747/100000
1853 2359 21/10
1852 2359 13127/50000
1746 2359 1
1640 2359 5747/100000
1613 2359 -1
1813 2360 270363/20000
1812 2360 107671/100000
1853 2360 56/25
1852 2360 7487/100000
1746 2360 1
1640 2360 7671/100000
1614 2360 -1
1813 2361 1183/100
1812 2361 10533/10000
1853 2361 21/10
1852 2361 21/100
1746 2361 1
1640 2361 533/10000
1617 2361 -1
1813 2362 633577/50000
1812 2362 53221/50000
1853 2362 21/10
1852 2362 593/2000
1746 2362 1
1640 2362 3221/50000
1619 2362 -1
1813 2363 1150537/100000
1812 2363 103403/100000
1853 2363 27/10
1852 2363 1/1000
1746 2363 1
1640 2363 3403/100000
1620 2363 -1
1813 2364 672209/50000
1812 2364 21549/20000
1853 2364 12/5
1852 2364 21/1000
1746 2364 1
1640 2364 1549/20000
1621 2364 -1
1813 2365 683041/50000
1812 2365 53807/50000
1853 2365 37/20
1852 2365 37741/100000
1746 2365 1
1640 2365 3807/50000
1647 2365 -1
1813 2366 1376887/100000
1812 2366 13503/12500
1853 2366 37/20
1852 2366 1887/50000
1746 2366 1
1640 2366 1003/12500
1648 2366 -1
1813 2367 62/5
1812 2367 2601/2500
1853 2367 37/20
1852 2367 43/25
1746 2367 1
1640 2367 101/2500
1654 2367 -1
1813 2368 244851/20000
1812 2368 26523/25000
1853 2368 21/10
1852 2368 1/1000
1746 2368 1
1640 2368 1523/25000
1657 2368 -1
1813 2369 138063/10000
1812 2369 108059/100000
1853 2369 17/10
1852 2369 21/1000
1746 2369 1
1640 2369 8059/100000
1658 2369 -1
1813 2370 34833/3125
1812 2370 97509/100000
1853 2370 114/25
1852 2370 11044/3125
1746 2370 1
1640 2370 -2491/100000
1700 2370 -1
1813 2371 241473/25000
1812 2371 47087/50000
1853 2371 557/100
1852 2371 465953/100000
1746 2371 1
1640 2371 -2913/50000
1701 2371 -1
1813 2372 127131/25000
1812 2372 87277/100000
1853 2372 253/50
1852 2372 18177/3125
1746 2372 1
1640 2372 -12723/100000
1702 2372 -1
1813 2373 149189/20000
1812 2373 95579/100000
1853 2373 7/2
1852 2373 11/200
1746 2373 1
1640 2373 -4421/100000
1704 2373 -1
1813 2374 1379387/100000
1812 2374 109591/100000
1853 2374 197/50
1852 2374 1/50
1746 2374 1
1640 2374 9591/100000
1705 2374 -1
1813 2375 9723/800
1812 2375 25079/25000
1853 2375 97/25
1852 2375 130877/50000
1746 2375 1
1640 2375 79/25000
1710 2375 -1
1813 2376 136197/10000
1812 2376 105117/100000
1853 2376 283/100
1852 2376 68029/20000
1746 2376 1
1640 2376 5117/100000
1711 2376 -1
1813 2377 32932/3125
1812 2377 19479/20000
1853 2377 33/10
1852 2377 207349/50000
1746 2377 1
1640 2377 -521/20000
1712 2377 -1
1813 2378 639999/50000
1812 2378 51539/50000
1853 2378 91/25
1852 2378 2847/10000
1746 2378 1
1640 2378 1539/50000
1713 2378 -1
1813 2379 1145227/100000
1812 2379 50773/50000
1853 2379 307/100
1852 2379 45591/100000
1746 2379 1
1640 2379 773/50000
1714 2379 -1
1813 2380 1475667/100000
1812 2380 2179/2000
1853 2380 13/5
1852 2380 37433/100000
1746 2380 1
1640 2380 179/2000
1715 2380 -1
1813 2381 1100553/100000
1812 2381 5033/5000
1853 2381 311/100
1852 2381 863/10000
1746 2381 1
1640 2381 33/5000
1716 2381 -1
1813 2382 218209/20000
1812 2382 20099/20000
1853 2382 613/200
1852 2382 4933/10000
1746 2382 1
1640 2382 99/20000
1719 2382 -1
1813 2383 581019/50000
1812 2383 20981/20000
1853 2383 12/5
1852 2383 19979/100000
1746 2383 1
1640 2383 981/20000
1725 2383 -1
1813 2384 1082037/100000
1812 2384 20539/20000
1853 2384 12/5
1852 2384 28939/100000
1746 2384 1
1640 2384 539/20000
1726 2384 -1
1813 2385 1167989/100000
1812 2385 20989/20000
1853 2385 12/5
1852 2385 6659/25000
1746 2385 1
1640 2385 989/20000
1727 2385 -1
1813 2386 1142663/100000
1812 2386 104461/100000
1853 2386 12/5
1852 2386 36393/100000
1746 2386 1
1640 2386 4461/100000
1728 2386 -1
1813 2387 224193/20000
1812 2387 102941/100000
1853 2387 11/4
1852 2387 533/10000
1746 2387 1
1640 2387 2941/100000
1729 2387 -1
1813 2388 1103151/100000
1812 2388 103021/100000
1853 2388 129/50
1852 2388 2683/10000
1746 2388 1
1640 2388 3021/100000
1730 2388 -1
1813 2389 68289/6250
1812 2389 25713/25000
1853 2389 31/10
1852 2389 3/1000
1746 2389 1
1640 2389 713/25000
1731 2389 -1
1813 2390 339479/50000
1812 2390 94163/100000
1853 2390 99/20
1852 2390 4519/10000
1746 2390 1
1640 2390 -5837/100000
1732 2390 -1
1813 2391 489951/50000
1812 2391 9933/10000
1853 2391 49/10
1852 2391 1/200
1746 2391 1
1640 2391 -67/10000
1733 2391 -1
1815 2392 1322879/100000
1814 2392 4259/4000
1855 2392 249/100
1854 2392 108403/100000
1747 2392 1
1641 2392 259/4000
1608 2392 -1
1815 2393 676843/50000
1814 2393 673/625
1855 2393 249/100
1854 2393 271/2500
1747 2393 1
1641 2393 48/625
1609 2393 -1
1815 2394 1294079/100000
1814 2394 105797/100000
1855 2394 293/100
1854 2394 82009/50000
1747 2394 1
1641 2394 5797/100000
1610 2394 -1
1815 2395 1340193/100000
1814 2395 26911/25000
1855 2395 293/100
1854 2395 8201/50000
1747 2395 1
1641 2395 1911/25000
1611 2395 -1
1815 2396 305103/25000
1814 2396 105747/100000
1855 2396 21/10
1854 2396 13127/50000
1747 2396 1
1641 2396 5747/100000
1613 2396 -1
1815 2397 270363/20000
1814 2397 107671/100000
1855 2397 56/25
1854 2397 7487/100000
1747 2397 1
1641 2397 7671/100000
1614 2397 -1
1815 2398 1183/100
1814 2398 10533/10000
1855 2398 21/10
1854 2398 21/100
1747 2398 1
1641 2398 533/10000
1617 2398 -1
1815 2399 633577/50000
1814 2399 53221/50000
1855 2399 21/10
1854 2399 593/2000
1747 2399 1
1641 2399 3221/50000
1619 2399 -1
1815 2400 1150537/100000
1814 2400 103403/100000
1855 2400 27/10
1854 2400 1/1000
1747 2400 1
1641 2400 3403/100000
1620 2400 -1
1815 2401 672209/50000
1814 2401 21549/20000
1855 2401 12/5
1854 2401 21/1000
1747 2401 1
1641 2401 1549/20000
1621 2401 -1
1815 2402 683041/50000
1814 2402 53807/50000
1855 2402 37/20
1854 2402 37741/100000
1747 2402 1
1641 2402 3807/50000
1647 2402 -1
1815 2403 1376887/100000
1814 2403 13503/12500
1855 2403 37/20
1854 2403 1887/50000
1747 2403 1
1641 2403 1003/12500
1648 2403 -1
1815 2404 62/5
1814 2404 2601/2500
1855 2404 37/20
1854 2404 43/25
1747 2404 1
1641 2404 101/2500
1654 2404 -1
1815 2405 244851/20000
1814 2405 26523/25000
1855 2405 21/10
1854 2405 1/1000
1747 2405 1
1641 2405 1523/25000
1657 2405 -1
1815 2406 138063/10000
1814 2406 108059/100000
1855 2406 17/10
1854 2406 21/1000
1747 2406 1
1641 2406 8059/100000
1658 2406 -1
1815 2407 34833/3125
1814 2407 97509/100000
1855 2407 114/25
1854 2407 11044/3125
1747 2407 1
1641 2407 -2491/100000
1700 2407 -1
1815 2408 241473/25000
1814 2408 47087/50000
1855 2408 557/100
1854 2408 465953/100000
1747 2408 1
1641 2408 -2913/50000
1701 2408 -1
1815 2409 127131/25000
1814 2409 87277/100000
1855 2409 253/50
1854 2409 18177/3125
1747 2409 1
1641 2409 -12723/100000
1702 2409 -1
1815 2410 149189/20000
1814 2410 95579/100000
1855 2410 7/2
1854 2410 11/200
1747 2410 1
1641 2410 -4421/100000
1704 2410 -1
1815 2411 1379387/100000
1814 2411 109591/100000
1855 2411 197/50
1854 2411 1/50
1747 2411 1
1641 2411 9591/100000
1705 2411 -1
1815 2412 9723/800
1814 2412 25079/25000
1855 2412 97/25
1854 2412 130877/50000
1747 2412 1
1641 2412 79/25000
1710 2412 -1
1815 2413 136197/10000
1814 2413 105117/100000
1855 2413 283/100
1854 2413 68029/20000
1747 2413 1
1641 2413 5117/100000
1711 2413 -1
1815 2414 32932/3125
1814 2414 19479/20000
1855 2414 33/10
1854 2414 207349/50000
1747 2414 1
1641 2414 -521/20000
1712 2414 -1
1815 2415 639999/50000
1814 2415 51539/50000
1855 2415 91/25
1854 2415 2847/10000
1747 2415 1
1641 2415 1539/50000
1713 2415 -1
1815 2416 1145227/100000
1814 2416 50773/50000
1855 2416 307/100
1854 2416 45591/100000
1747 2416 1
1641 2416 773/50000
1714 2416 -1
1815 2417 1475667/100000
1814 2417 2179/2000
1855 2417 13/5
1854 2417 37433/100000
1747 2417 1
1641 2417 179/2000
1715 2417 -1
1815 2418 1100553/100000
1814 2418 5033/5000
1855 2418 311/100
1854 2418 863/10000
1747 2418 1
1641 2418 33/5000
1716 2418 -1
1815 2419 218209/20000
1814 2419 20099/20000
1855 2419 613/200
1854 2419 4933/10000
1747 2419 1
1641 2419 99/20000
1719 2419 -1
1815 2420 581019/50000
1814 2420 20981/20000
1855 2420 12/5
1854 2420 19979/100000
1747 2420 1
1641 2420 981/20000
1725 2420 -1
1815 2421 1082037/100000
1814 2421 20539/20000
1855 2421 12/5
1854 2421 28939/100000
1747 2421 1
1641 2421 539/20000
1726 2421 -1
1815 2422 1167989/100000
1814 2422 20989/20000
1855 2422 12/5
1854 2422 6659/25000
1747 2422 1
1641 2422 989/20000
1727 2422 -1
1815 2423 1142663/100000
1814 2423 104461/100000
1855 2423 12/5
1854 2423 36393/100000
1747 2423 1
1641 2423 4461/100000
1728 2423 -1
1815 2424 224193/20000
1814 2424 102941/100000
1855 2424 11/4
1854 2424 533/10000
1747 2424 1
1641 2424 2941/100000
1729 2424 -1
1815 2425 1103151/100000
1814 2425 103021/100000
1855 2425 129/50
1854 2425 2683/10000
1747 2425 1
1641 2425 3021/100000
1730 2425 -1
1815 2426 68289/6250
1814 2426 25713/25000
1855 2426 31/10
1854 2426 3/1000
1747 2426 1
1641 2426 713/25000
1731 2426 -1
1815 2427 339479/50000
1814 2427 94163/100000
1855 2427 99/20
1854 2427 4519/10000
1747 2427 1
1641 2427 -5837/100000
1732 2427 -1
1815 2428 489951/50000
1814 2428 9933/10000
1855 2428 49/10
1854 2428 1/200
1747 2428 1
1641 2428 -67/10000
1733 2428 -1
1842 2429 16877811/100000
1843 2429 8769367/50000
1818 2429 434/25
1816 2429 227/200
1857 2429 1705151/10000
1856 2429 3507993/25000
1748 2429 1
1737 2429 8881/5000
1623 2429 -1
1842 2430 284437/2000
1843 2430 7460789/50000
1818 2430 839/50
1816 2430 559/500
1857 2430 1412/25
1856 2430 168/5
1748 2430 1
1737 2430 8/5
1624 2430 -1
1842 2431 7457177/50000
1843 2431 15851493/100000
1818 2431 434/25
1816 2431 1139/1000
1857 2431 3296233/25000
1856 2431 10273973/100000
1748 2431 1
1737 2431 171233/100000
1628 2431 -1
1842 2432 5640113/50000
1843 2432 11339347/100000
1818 2432 839/50
1816 2432 1121/1000
1857 2432 1111111/25000
1856 2432 297619/12500
1748 2432 1
1737 2432 15873/10000
1629 2432 -1
1842 2433 8157841/100000
1843 2433 768641/10000
1818 2433 176367/12500
1816 2433 54499/50000
1857 2433 14739/10000
1856 2433 41999/12500
1748 2433 1
1737 2433 133991/100000
1662 2433 -1
1842 2434 5627497/50000
1843 2434 5758511/50000
1818 2434 814163/50000
1816 2434 110907/100000
1857 2434 3771877/100000
1856 2434 1131563/50000
1748 2434 1
1737 2434 1207/800
1663 2434 -1
1842 2435 2802031/25000
1843 2435 713533/6250
1818 2435 102783/6250
1816 2435 111051/100000
1857 2435 3499299/100000
1856 2435 378289/25000
1748 2435 1
1737 2435 19101/12500
1664 2435 -1
1842 2436 10708701/100000
1843 2436 11975201/100000
1818 2436 311067/25000
1816 2436 5361/5000
1857 2436 96599/20000
1856 2436 43459/10000
1748 2436 1
1737 2436 3972/3125
1666 2436 -1
1842 2437 5493627/50000
1843 2437 2497667/20000
1818 2437 595901/50000
1816 2437 106519/100000
1857 2437 51511/12500
1856 2437 82093/20000
1748 2437 1
1737 2437 999/800
1667 2437 -1
1842 2438 445429/4000
1843 2438 6130671/50000
1818 2438 802261/50000
1816 2438 110857/100000
1857 2438 287037/10000
1856 2438 981969/100000
1748 2438 1
1737 2438 4721/3125
1670 2438 -1
1842 2439 9083181/100000
1843 2439 4903883/50000
1818 2439 1305593/100000
1816 2439 107873/100000
1857 2439 778253/100000
1856 2439 194563/50000
1748 2439 1
1737 2439 129709/100000
1671 2439 -1
1842 2440 13708893/100000
1843 2440 2904609/20000
1818 2440 858389/50000
1816 2440 22249/20000
1857 2440 468003/12500
1856 2440 2028013/100000
1748 2440 1
1737 2440 156001/100000
1672 2440 -1
1842 2441 4672529/50000
1843 2441 372429/4000
1818 2441 1432239/100000
1816 2441 109387/100000
1857 2441 274541/25000
1856 2441 960893/100000
1748 2441 1
1737 2441 13727/10000
1674 2441 -1
1842 2442 9130247/100000
1843 2442 4590431/50000
1818 2442 322693/25000
1816 2442 2701/2500
1857 2442 744401/100000
1856 2442 329381/50000
1748 2442 1
1737 2442 16469/12500
1675 2442 -1
1842 2443 10743381/100000
1843 2443 6133991/50000
1818 2443 1101423/100000
1816 2443 105101/100000
1857 2443 843373/100000
1856 2443 60241/10000
1748 2443 1
1737 2443 60241/50000
1676 2443 -1
1842 2444 12111729/100000
1843 2444 3170603/25000
1818 2444 101229/6250
1816 2444 27731/25000
1857 2444 1670651/50000
1856 2444 70757/4000
1748 2444 1
1737 2444 15119/10000
1677 2444 -1
1842 2445 11991173/100000
1843 2445 3108077/25000
1818 2445 94781/6250
1816 2445 22071/20000
1857 2445 262697/10000
1856 2445 262697/20000
1748 2445 1
1737 2445 145943/100000
1678 2445 -1
1842 2446 9724387/100000
1843 2446 2505373/25000
1818 2446 1414809/100000
1816 2446 109117/100000
1857 2446 208723/50000
1856 2446 208723/50000
1748 2446 1
1737 2446 6733/5000
1679 2446 -1
1842 2447 294456/3125
1843 2447 334224/3125
1818 2447 73239/6250
1816 2447 106167/100000
1857 2447 123457/50000
1856 2447 123457/100000
1748 2447 1
1737 2447 123457/100000
1680 2447 -1
1842 2448 12749257/100000
1843 2448 2661981/20000
1818 2448 153753/10000
1816 2448 110287/100000
1857 2448 244253/50000
1856 2448 86207/25000
1748 2448 1
1737 2448 71839/50000
1681 2448 -1
1842 2449 2954169/25000
1843 2449 6088369/50000
1818 2449 168069/10000
1816 2449 55253/50000
1857 2449 191257/100000
1856 2449 191257/100000
1748 2449 1
1737 2449 34153/25000
1682 2449 -1
1842 2450 13004587/100000
1843 2450 109633/800
1818 2450 1530877/100000
1816 2450 1377/1250
1857 2450 14539/2500
1856 2450 109929/25000
1748 2450 1
1737 2450 35461/25000
1683 2450 -1
1842 2451 1071881/10000
1843 2451 1237547/10000
1818 2451 984091/100000
1816 2451 51729/50000
1857 2451 76651/25000
1856 2451 76651/25000
1748 2451 1
1737 2451 4717/4000
1684 2451 -1
1842 2452 2086739/20000
1843 2452 10565103/100000
1818 2452 756619/50000
1816 2452 21871/20000
1857 2452 136541/50000
1856 2452 136541/50000
1748 2452 1
1737 2452 130039/100000
1685 2452 -1
1842 2453 1050369/10000
1843 2453 10715619/100000
1818 2453 15
1816 2453 11/10
1857 2453 643869/50000
1856 2453 643869/50000
1748 2453 1
1737 2453 71541/50000
1686 2453 -1
1842 2454 2231531/20000
1843 2454 116293/1000
1818 2454 1380359/100000
1816 2454 109319/100000
1857 2454 265883/10000
1856 2454 174923/12500
1748 2454 1
1737 2454 69969/50000
1689 2454 -1
1842 2455 2975479/25000
1843 2455 6132181/50000
1818 2455 81/5
1816 2455 11089/10000
1857 2455 3331323/100000
1856 2455 881821/50000
1748 2455 1
1737 2455 150739/100000
1690 2455 -1
1842 2456 8777269/100000
1843 2456 9053047/100000
1818 2456 139/10
1816 2456 2721/2500
1857 2456 12927/3125
1856 2456 12927/3125
1748 2456 1
1737 2456 834/625
1691 2456 -1
1842 2457 7366091/50000
1843 2457 9227661/50000
1818 2457 719/50
1816 2457 1123/1000
1857 2457 290099/2000
1856 2457 2929043/25000
1748 2457 1
1737 2457 165017/100000
1709 2457 -1
1842 2458 12116933/100000
1843 2458 13756081/100000
1818 2458 57061/4000
1816 2458 54849/50000
1857 2458 2752163/100000
1856 2458 1317917/100000
1748 2458 1
1737 2458 17733/12500
1721 2458 -1
1842 2459 9883887/100000
1843 2459 461033/4000
1818 2459 1300409/100000
1816 2459 26963/25000
1857 2459 297273/100000
1856 2459 145937/50000
1748 2459 1
1737 2459 129249/100000
1722 2459 -1
1842 2460 8700783/100000
1843 2460 5042917/50000
1818 2460 1233141/100000
1816 2460 106357/100000
1857 2460 84449/100000
1856 2460 20509/25000
1748 2460 1
1737 2460 60321/50000
1723 2460 -1
1844 2461 16877811/100000
1845 2461 8769367/50000
1823 2461 434/25
1821 2461 227/200
1859 2461 1705151/10000
1858 2461 3507993/25000
1749 2461 1
1738 2461 8881/5000
1623 2461 -1
1844 2462 284437/2000
1845 2462 7460789/50000
1823 2462 839/50
1821 2462 559/500
1859 2462 1412/25
1858 2462 168/5
1749 2462 1
1738 2462 8/5
1624 2462 -1
1844 2463 7457177/50000
1845 2463 15851493/100000
1823 2463 434/25
1821 2463 1139/1000
1859 2463 3296233/25000
1858 2463 10273973/100000
1749 2463 1
1738 2463 171233/100000
1628 2463 -1
1844 2464 5640113/50000
1845 2464 11339347/100000
1823 2464 839/50
1821 2464 1121/1000
1859 2464 1111111/25000
1858 2464 297619/12500
1749 2464 1
1738 2464 15873/10000
1629 2464 -1
1844 2465 8157841/100000
1845 2465 768641/10000
1823 2465 176367/12500
1821 2465 54499/50000
1859 2465 14739/10000
1858 2465 41999/12500
1749 2465 1
1738 2465 133991/100000
1662 2465 -1
1844 2466 5627497/50000
1845 2466 5758511/50000
1823 2466 814163/50000
1821 2466 110907/100000
1859 2466 3771877/100000
1858 2466 1131563/50000
1749 2466 1
1738 2466 1207/800
1663 2466 -1
1844 2467 2802031/25000
1845 2467 713533/6250
1823 2467 102783/6250
1821 2467 111051/100000
1859 2467 3499299/100000
1858 2467 378289/25000
1749 2467 1
1738 2467 19101/12500
1664 2467 -1
1844 2468 10708701/100000
1845 2468 11975201/100000
1823 2468 311067/25000
1821 2468 5361/5000
1859 2468 96599/20000
1858 2468 43459/10000
1749 2468 1
1738 2468 3972/3125
1666 2468 -1
1844 2469 5493627/50000
1845 2469 2497667/20000
1823 2469 595901/50000
1821 2469 106519/100000
1859 2469 51511/12500
1858 2469 82093/20000
1749 2469 1
1738 2469 999/800
1667 2469 -1
1844 2470 445429/4000
1845 2470 6130671/50000
1823 2470 802261/50000
1821 2470 110857/100000
1859 2470 287037/10000
1858 2470 981969/100000
1749 2470 1
1738 2470 4721/3125
1670 2470 -1
1844 2471 9083181/100000
1845 2471 4903883/50000
1823 2471 1305593/100000
1821 2471 107873/100000
1859 2471 778253/100000
1858 2471 194563/50000
1749 2471 1
1738 2471 129709/100000
1671 2471 -1
1844 2472 13708893/100000
1845 2472 2904609/20000
1823 2472 858389/50000
1821 2472 22249/20000
1859 2472 468003/12500
1858 2472 2028013/100000
1749 2472 1
1738 2472 156001/100000
1672 2472 -1
1844 2473 4672529/50000
1845 2473 372429/4000
1823 2473 1432239/100000
1821 2473 109387/100000
1859 2473 274541/25000
1858 2473 960893/100000
1749 2473 1
1738 2473 13727/10000
1674 2473 -1
1844 2474 9130247/100000
1845 2474 4590431/50000
1823 2474 322693/25000
1821 2474 2701/2500
1859 2474 744401/100000
1858 2474 329381/50000
1749 2474 1
1738 2474 16469/12500
1675 2474 -1
1844 2475 10743381/100000
1845 2475 6133991/50000
1823 2475 1101423/100000
1821 2475 105101/100000
1859 2475 843373/100000
1858 2475 60241/10000
1749 2475 1
1738 2475 60241/50000
1676 2475 -1
1844 2476 12111729/100000
1845 2476 3170603/25000
1823 2476 101229/6250
1821 2476 27731/25000
1859 2476 1670651/50000
1858 2476 70757/4000
1749 2476 1
1738 2476 15119/10000
1677 2476 -1
1844 2477 11991173/100000
1845 2477 3108077/25000
1823 2477 94781/6250
1821 2477 22071/20000
1859 2477 262697/10000
1858 2477 262697/20000
1749 2477 1
1738 2477 145943/100000
1678 2477 -1
1844 2478 9724387/100000
1845 2478 2505373/25000
1823 2478 1414809/100000
1821 2478 109117/100000
1859 2478 208723/50000
1858 2478 208723/50000
1749 2478 1
1738 2478 6733/5000
1679 2478 -1
1844 2479 294456/3125
1845 2479 334224/3125
1823 2479 73239/6250
1821 2479 106167/100000
1859 2479 123457/50000
1858 2479 123457/100000
1749 2479 1
1738 2479 123457/100000
1680 2479 -1
1844 2480 12749257/100000
1845 2480 2661981/20000
1823 2480 153753/10000
1821 2480 110287/100000
1859 2480 244253/50000
1858 2480 86207/25000
1749 2480 1
1738 2480 71839/50000
1681 2480 -1
1844 2481 2954169/25000
1845 2481 6088369/50000
1823 2481 168069/10000
1821 2481 55253/50000
1859 2481 191257/100000
1858 2481 191257/100000
1749 2481 1
1738 2481 34153/25000
1682 2481 -1
1844 2482 13004587/100000
1845 2482 109633/800
1823 2482 1530877/100000
1821 2482 1377/1250
1859 2482 14539/2500
1858 2482 109929/25000
1749 2482 1
1738 2482 35461/25000
1683 2482 -1
1844 2483 1071881/10000
1845 2483 1237547/10000
1823 2483 984091/100000
1821 2483 51729/50000
1859 2483 76651/25000
1858 2483 76651/25000
1749 2483 1
1738 2483 4717/4000
1684 2483 -1
1844 2484 2086739/20000
1845 2484 10565103/100000
1823 2484 756619/50000
1821 2484 21871/20000
1859 2484 136541/50000
1858 2484 136541/50000
1749 2484 1
1738 2484 130039/100000
1685 2484 -1
1844 2485 1050369/10000
1845 2485 10715619/100000
1823 2485 15
1821 2485 11/10
1859 2485 643869/50000
1858 2485 643869/50000
1749 2485 1
1738 2485 71541/50000
1686 2485 -1
1844 2486 2231531/20000
1845 2486 116293/1000
1823 2486 1380359/100000
1821 2486 109319/100000
1859 2486 265883/10000
1858 2486 174923/12500
1749 2486 1
1738 2486 69969/50000
1689 2486 -1
1844 2487 2975479/25000
1845 2487 6132181/50000
1823 2487 81/5
1821 2487 11089/10000
1859 2487 3331323/100000
1858 2487 881821/50000
1749 2487 1
1738 2487 150739/100000
1690 2487 -1
1844 2488 8777269/100000
1845 2488 9053047/100000
1823 2488 139/10
1821 2488 2721/2500
1859 2488 12927/3125
1858 2488 12927/3125
1749 2488 1
1738 2488 834/625
1691 2488 -1
1844 2489 7366091/50000
1845 2489 9227661/50000
1823 2489 719/50
1821 2489 1123/1000
1859 2489 290099/2000
1858 2489 2929043/25000
1749 2489 1
1738 2489 165017/100000
1709 2489 -1
1844 2490 12116933/100000
1845 2490 13756081/100000
1823 2490 57061/4000
1821 2490 54849/50000
1859 2490 2752163/100000
1858 2490 1317917/100000
1749 2490 1
1738 2490 17733/12500
1721 2490 -1
1844 2491 9883887/100000
1845 2491 461033/4000
1823 2491 1300409/100000
1821 2491 26963/25000
1859 2491 297273/100000
1858 2491 145937/50000
1749 2491 1
1738 2491 129249/100000
1722 2491 -1
1844 2492 8700783/100000
1845 2492 5042917/50000
1823 2492 1233141/100000
1821 2492 106357/100000
1859 2492 84449/100000
1858 2492 20509/25000
1749 2492 1
1738 2492 60321/50000
1723 2492 -1
1734 2493 592699/50000
1829 2493 676843/50000
1827 2493 673/625
1860 2493 18383/10000
1833 2493 5016319/50000
1864 2493 9857/2500
1862 2493 3083581/100000
1863 2493 271/2500
1830 2493 1988251/100000
1828 2493 -37559/4000
1826 2493 -2373373/100000
1750 2493 1
1739 2493 29759/25000
1609 2493 -1
1734 2494 1189917/100000
1829 2494 1340193/100000
1827 2494 26911/25000
1860 2494 208493/100000
1864 2494 43329/10000
1862 2494 3600941/100000
1863 2494 41/250
1830 2494 1369069/100000
1828 2494 -573809/50000
1826 2494 -222203/100000
1750 2494 1
1739 2494 116249/100000
1611 2494 -1
1734 2495 45397/4000
1829 2495 305103/25000
1827 2495 105747/100000
1860 2495 171477/100000
1833 2495 319633/4000
1832 2495 3995413/100000
1864 2495 33/10
1862 2495 1301363/20000
1863 2495 21/80
1830 2495 42808/3125
1828 2495 -9153/800
1826 2495 -46131019/100000
1750 2495 1
1739 2495 22831/20000
1613 2495 -1
1734 2496 231337/20000
1829 2496 633577/50000
1827 2496 53221/50000
1860 2496 1151/625
1833 2496 8031207/100000
1832 2496 4015603/100000
1864 2496 33/10
1862 2496 6539697/100000
1863 2496 593/2000
1830 2496 688389/50000
1828 2496 -9153/800
1826 2496 -23182071/50000
1750 2496 1
1739 2496 28683/25000
1619 2496 -1
1734 2497 111367/10000
1829 2497 1150537/100000
1827 2497 103403/100000
1860 2497 90047/50000
1833 2497 3853777/100000
1864 2497 21/5
1862 2497 1101079/25000
1863 2497 1/1000
1830 2497 27527/5000
1828 2497 -816903/50000
1826 2497 -210101/100000
1750 2497 1
1739 2497 27527/25000
1620 2497 -1
1734 2498 594077/50000
1829 2498 672209/50000
1827 2498 21549/20000
1860 2498 201467/100000
1833 2498 3512881/100000
1864 2498 97/25
1862 2498 190281/6250
1863 2498 21/1000
1830 2498 278103/12500
1828 2498 -429489/50000
1826 2498 -254803/100000
1750 2498 1
1739 2498 14637/12500
1621 2498 -1
1734 2499 1186241/100000
1829 2499 1376887/100000
1827 2499 13503/12500
1860 2499 75523/50000
1831 2499 9303/400
1833 2499 3094799/25000
1832 2499 1777333/20000
1864 2499 331073/100000
1862 2499 2341239/100000
1863 2499 1887/50000
1830 2499 87451/3125
1828 2499 -373543/50000
1826 2499 -3941647/6250
1750 2499 1
1739 2499 7737/6250
1648 2499 -1
1734 2500 4707/400
1829 2500 1351433/100000
1827 2500 53881/50000
1860 2500 149837/100000
1831 2500 2307141/100000
1833 2500 6140073/50000
1832 2500 220389/2500
1864 2500 331073/100000
1862 2500 870939/50000
1830 2500 1625947/50000
1828 2500 -65991/10000
1826 2500 -7820217/12500
1750 2500 1
1739 2500 122801/100000
1649 2500 -1
1734 2501 304847/25000
1829 2501 733001/50000
1827 2501 108989/100000
1860 2501 38163/25000
1831 2501 124811/5000
1833 2501 2547163/20000
1832 2501 4584893/100000
1864 2501 327/100
1862 2501 464857/50000
1830 2501 3285839/100000
1828 2501 -343723/50000
1826 2501 -3691611/25000
1750 2501 1
1739 2501 63679/50000
1650 2501 -1
1734 2502 237503/20000
1829 2502 137/10
1827 2502 1089/1000
1860 2502 151041/100000
1831 2502 1212271/50000
1833 2502 6185057/50000
1832 2502 4453241/100000
1864 2502 327/100
1862 2502 989609/100000
1830 2502 216477/6250
1828 2502 -608101/100000
1826 2502 -15579087/50000
1750 2502 1
1739 2502 123701/100000
1652 2502 -1
1734 2503 74807/6250
1829 2503 348/25
1827 2503 677/625
1860 2503 76199/50000
1831 2503 2348239/100000
1833 2503 1561329/12500
1832 2503 4484137/50000
1864 2503 331/100
1862 2503 1249063/100000
1863 2503 7/200
1830 2503 3372471/100000
1828 2503 -1249/200
1826 2503 -63695393/100000
1750 2503 1
1739 2503 62453/50000
1653 2503 -1
1734 2504 1129529/100000
1829 2504 244851/20000
1827 2504 26523/25000
1860 2504 289/200
1831 2504 1029533/25000
1833 2504 1176609/10000
1832 2504 3529827/50000
1864 2504 7/2
1862 2504 1029533/25000
1863 2504 1/1000
1830 2504 1176609/100000
1828 2504 -367557/25000
1826 2504 -1031203/2000
1750 2504 1
1739 2504 117661/100000
1657 2504 -1
1734 2505 1188297/100000
1829 2505 138063/10000
1827 2505 108059/100000
1860 2505 78691/50000
1831 2505 3699593/100000
1833 2505 5857689/50000
1832 2505 1541497/25000
1864 2505 63/20
1862 2505 1603157/50000
1863 2505 21/1000
1830 2505 585769/25000
1828 2505 -738421/100000
1826 2505 -2449857/50000
1750 2505 1
1739 2505 3083/2500
1658 2505 -1
1734 2506 1128761/100000
1829 2506 153279/12500
1827 2506 106321/100000
1860 2506 127871/100000
1831 2506 2708233/25000
1833 2506 12036591/100000
1832 2506 12036591/100000
1864 2506 31/10
1862 2506 4579321/100000
1863 2506 19/2500
1830 2506 1721233/100000
1828 2506 -1030903/100000
1826 2506 -90776821/100000
1750 2506 1
1739 2506 60183/50000
1724 2506 -1
1734 2507 222641/20000
1829 2507 581/50
1827 2507 2659/2500
1860 2507 174263/100000
1833 2507 7273119/100000
1832 2507 783259/100000
1864 2507 4
1862 2507 419603/5000
1863 2507 1/5
1830 2507 134273/20000
1828 2507 -367557/25000
1826 2507 -2592469/12500
1750 2507 1
1739 2507 55947/50000
1725 2507 -1
1734 2508 1083187/100000
1829 2508 541/50
1827 2508 10491/10000
1860 2508 165953/100000
1833 2508 6532611/100000
1832 2508 1959783/100000
1864 2508 41/10
1862 2508 2041441/25000
1863 2508 289/1000
1830 2508 653261/100000
1828 2508 -367557/25000
1826 2508 -12797909/50000
1750 2508 1
1739 2508 108877/100000
1726 2508 -1
1734 2509 557719/50000
1829 2509 1167/100
1827 2509 10269/10000
1860 2509 86387/50000
1833 2509 6951351/100000
1832 2509 1009067/100000
1864 2509 41/10
1862 2509 2102223/25000
1863 2509 133/500
1830 2509 672711/100000
1828 2509 -367557/25000
1826 2509 -10867107/50000
1750 2509 1
1739 2509 112119/100000
1727 2509 -1
1888 2510 -1
1754 2510 1
1889 2511 -1
1755 2511 1
1890 2512 -1
1759 2512 1
1891 2513 -1
1760 2513 1
1892 2514 -1
1762 2514 1
1893 2515 -1
1763 2515 1
1894 2516 -1
1765 2516 1
1895 2517 -1
1768 2517 1
1898 2518 -1
1769 2518 1
1896 2519 -1
1773 2519 1
1897 2520 -1
1774 2520 1
1898 2521 -1
1776 2521 1
1898 2522 -1
1777 2522 1
1899 2523 -1
1778 2523 1
1900 2524 -1
1897 2524 -1
1779 2524 1
1900 2525 -1
1897 2525 -1
1780 2525 1
1901 2526 -1
1783 2526 1
1902 2527 -1
1788 2527 1
1753 2528 1
1754 2529 1
1755 2530 1
1759 2531 1
1760 2532 1
1761 2533 1
1762 2534 1
1763 2535 1
1764 2536 1
1765 2537 1
1766 2538 1
1767 2539 1
1768 2540 1
1769 2541 1
1770 2542 1
1773 2543 1
1774 2544 1
1775 2545 1
1776 2546 1
1777 2547 1
1778 2548 1
1779 2549 1
1780 2550 1
1781 2551 1
1782 2552 1
1783 2553 1
1786 2554 1
1787 2555 1
1788 2556 1
1789 2557 1
1633 2558 1
1636 2558 -1
1634 2559 1
1636 2559 -1
1744 2560 1
1635 2560 227/200
1623 2560 -1
1744 2561 1
1635 2561 623/500
1625 2561 -1
1744 2562 1
1635 2562 1183/1000
1626 2562 -1
1744 2563 1
1635 2563 231/200
1627 2563 -1
1744 2564 1
1635 2564 1139/1000
1628 2564 -1
1639 2565 -1
1635 2565 1
1744 2566 1
1635 2566 299/100
1645 2566 -1
1744 2567 1
1707 2567 -1
1635 2567 47/40
1744 2568 1
1708 2568 -1
1635 2568 57/50
1744 2569 1
1709 2569 -1
1635 2569 1123/1000
1744 2570 -1
1636 2571 1
1635 2571 -1
1637 2572 -1
1636 2572 1
1638 2573 1
1636 2573 -1
1698 2574 387/1000
1639 2574 617/1000
1697 2574 -1
1834 2575 10819/10000
1751 2575 1
1740 2575 641/500
1647 2575 -831/1000
1664 2575 -169/1000
1834 2576 1361/1250
1751 2576 1
1740 2576 166/125
1647 2576 -43/200
1662 2576 -697/1000
1664 2576 -11/125
1834 2577 2719/2500
1751 2577 1
1740 2577 1323/1000
1647 2577 -107/250
1662 2577 -397/1000
1664 2577 -7/40
1656 2578 99/100
1740 2578 -1
1751 2579 -1
1835 2580 144/125
1752 2580 1
1741 2580 19141/10000
1623 2580 -657/5000
1627 2580 -4343/5000
1835 2581 231/200
1752 2581 1
1741 2581 1939/1000
1627 2581 -1
1835 2582 1153/1000
1752 2582 1
1741 2582 2381/1250
1628 2582 -339/2500
1627 2582 -2161/2500
1835 2583 1153/1000
1752 2583 1
1741 2583 2417/1250
1708 2583 -41/400
1627 2583 -359/400
1659 2584 197/200
1741 2584 -1
1752 2585 -1
1720 2586 -1
1627 2586 3/10
1662 2586 3/20
1661 2586 3/10
1623 2586 7/80
1628 2586 13/80
1691 2587 -1
1605 2588 1
1435 2588 -1
1606 2589 1
1436 2589 -1
1607 2590 1
1437 2590 -1
1654 2591 77/500
1653 2591 423/500
1647 2591 -1
1753 2591 -123/100
1838 2591 -1/500
1837 2591 -1/500
1836 2591 -13/500
1682 2592 1087/100000
1681 2592 98913/100000
1623 2592 -56919/100000
1708 2592 -43081/100000
1754 2592 -4127/5000
1838 2592 -653/5000
1837 2592 -69/10000
1685 2593 1111/25000
1683 2593 23889/25000
1709 2593 -4813/10000
1623 2593 -5187/10000
1754 2593 -3971/5000
1838 2593 -77/500
1837 2593 -13/2000
1744 2594 67/10000
1785 2594 413/10000
1784 2594 73/2000
1758 2594 47/5000
1756 2594 93/2500
1757 2594 27/2500
1772 2594 -229/200
1771 2594 -1351/10000
1725 2594 40727/100000
1611 2594 -1
1695 2594 677/20000
1732 2594 207/50000
1723 2594 7171/100000
1722 2594 3819/25000
1721 2594 17307/100000
1644 2594 349/100000
1709 2594 33/800
1628 2594 941/100000
1623 2594 929/25000
1708 2594 913/25000
1627 2594 539/50000
1707 2594 169/20000
1626 2594 339/100000
1635 2594 67/10000
1755 2594 -11621/10000
1839 2594 -61/125
1838 2594 203/10000
1837 2594 -63/2500
1744 2595 29/2000
1785 2595 43/1250
1784 2595 241/10000
1758 2595 37/5000
1756 2595 91/10000
1757 2595 143/10000
1772 2595 -1221/1000
1771 2595 -893/10000
1635 2595 29/2000
1733 2595 379/5000
1731 2595 419/2000
1723 2595 107/1000
1722 2595 2339/10000
1721 2595 1043/5000
1695 2595 541/10000
1705 2595 -1
1709 2595 43/1250
1708 2595 241/10000
1628 2595 37/5000
1623 2595 91/10000
1627 2595 143/10000
1626 2595 73/10000
1644 2595 1/50000
1755 2595 -11273/10000
1839 2595 -63/100
1838 2595 197/10000
1837 2595 -49/2000
1744 2596 487/50000
1785 2596 231/5000
1784 2596 359/10000
1758 2596 89/10000
1756 2596 141/5000
1757 2596 103/10000
1772 2596 -7/5
1771 2596 -259/2000
1726 2596 4227/20000
1695 2596 743/10000
1732 2596 3289/100000
1723 2596 2007/20000
1722 2596 23089/100000
1721 2596 1199/6250
1713 2596 -1
1644 2596 159/50000
1709 2596 289/6250
1628 2596 893/100000
1623 2596 141/5000
1708 2596 3587/100000
1627 2596 513/50000
1707 2596 507/50000
1626 2596 583/100000
1635 2596 487/50000
1755 2596 -2197/2000
1839 2596 -607/1000
1838 2596 19/1000
1837 2596 -59/2500
1744 2597 2279/100000
1785 2597 333/10000
1784 2597 277/10000
1758 2597 23/10000
1756 2597 13/1000
1757 2597 13/2000
1772 2597 -1749/1000
1771 2597 -829/10000
1727 2597 30947/100000
1714 2597 -1
1695 2597 831/12500
1732 2597 4389/25000
1723 2597 6821/100000
1722 2597 879/6250
1721 2597 10733/100000
1644 2597 499/100000
1709 2597 3331/100000
1628 2597 59/25000
1623 2597 1297/100000
1708 2597 2773/100000
1627 2597 81/12500
1707 2597 859/100000
1626 2597 1307/100000
1635 2597 2279/100000
1755 2597 -5313/5000
1839 2597 -77/200
1838 2597 37/2000
1837 2597 -231/10000
1744 2598 2351/100000
1785 2598 231/5000
1784 2598 433/10000
1758 2598 63/10000
1756 2598 61/2500
1757 2598 87/10000
1772 2598 -1793/1000
1771 2598 -161/1250
1728 2598 24079/100000
1715 2598 -1
1695 2598 6669/100000
1732 2598 12099/50000
1723 2598 3031/100000
1722 2598 7259/100000
1721 2598 669/4000
1644 2598 57/12500
1709 2598 577/12500
1628 2598 627/100000
1623 2598 2443/100000
1708 2598 1083/25000
1627 2598 867/100000
1707 2598 63/4000
1626 2598 771/100000
1635 2598 2351/100000
1755 2598 -12189/10000
1839 2598 -217/200
1838 2598 13/625
1837 2598 -129/5000
1744 2599 581/50000
1729 2599 16747/50000
1716 2599 -1
1785 2599 317/10000
1784 2599 271/10000
1758 2599 51/10000
1756 2599 11/625
1757 2599 7/1000
1772 2599 -16101/10000
1771 2599 -177/2000
1695 2599 3159/50000
1732 2599 3659/100000
1723 2599 4711/50000
1722 2599 21847/100000
1721 2599 13297/100000
1644 2599 11/12500
1709 2599 99/3125
1628 2599 257/50000
1623 2599 439/25000
1708 2599 677/25000
1627 2599 697/100000
1707 2599 843/100000
1626 2599 257/25000
1635 2599 581/50000
1755 2599 -10323/10000
1839 2599 -2267/10000
1838 2599 17/1000
1837 2599 -21/1000
1744 2600 273/20000
1730 2600 29373/100000
1719 2600 -1
1785 2600 331/10000
1784 2600 283/10000
1758 2600 9/2500
1756 2600 19/1250
1757 2600 69/10000
1772 2600 -8789/5000
1771 2600 -871/10000
1695 2600 5817/100000
1732 2600 7321/50000
1723 2600 3979/50000
1722 2600 3543/20000
1721 2600 11811/100000
1644 2600 451/100000
1709 2600 3313/100000
1628 2600 89/25000
1623 2600 1519/100000
1708 2600 2831/100000
1627 2600 347/50000
1707 2600 899/100000
1626 2600 157/12500
1635 2600 273/20000
1755 2600 -5181/5000
1839 2600 -1097/5000
1838 2600 169/10000
1837 2600 -209/10000
1744 2601 123/25000
1785 2601 69/2000
1784 2601 31/1000
1758 2601 103/10000
1756 2601 419/10000
1757 2601 53/5000
1772 2601 -1127/1000
1771 2601 -321/2500
1725 2601 41091/100000
1611 2601 -1
1695 2601 2121/50000
1732 2601 147/50000
1723 2601 713/10000
1722 2601 7633/50000
1721 2601 17417/100000
1644 2601 87/25000
1709 2601 1727/50000
1628 2601 1033/100000
1623 2601 131/3125
1708 2601 1549/50000
1627 2601 1059/100000
1707 2601 311/50000
1626 2601 263/100000
1635 2601 123/25000
1755 2601 -11621/10000
1839 2601 -611/1000
1838 2601 203/10000
1837 2601 -63/2500
1744 2602 143/20000
1785 2602 397/10000
1784 2602 149/5000
1758 2602 97/10000
1756 2602 317/10000
1757 2602 99/10000
1772 2602 -673/500
1771 2602 -1209/10000
1726 2602 23037/100000
1695 2602 423/5000
1732 2602 349/12500
1723 2602 4869/50000
1722 2602 22449/100000
1721 2602 2377/12500
1713 2602 -1
1644 2602 549/100000
1709 2602 1987/50000
1628 2602 487/50000
1623 2602 3171/100000
1708 2602 2979/100000
1627 2602 247/25000
1707 2602 727/100000
1626 2602 27/6250
1635 2602 143/20000
1755 2602 -2197/2000
1839 2602 -691/1000
1838 2602 19/1000
1837 2602 -59/2500
1744 2603 869/50000
1785 2603 289/10000
1784 2603 57/2500
1758 2603 13/5000
1756 2603 69/5000
1757 2603 3/500
1772 2603 -333/200
1771 2603 -741/10000
1727 2603 34747/100000
1714 2603 -1
1695 2603 7877/100000
1732 2603 8061/50000
1723 2603 323/5000
1722 2603 13279/100000
1721 2603 10251/100000
1644 2603 479/100000
1709 2603 361/12500
1628 2603 259/100000
1623 2603 1381/100000
1708 2603 2283/100000
1627 2603 599/100000
1707 2603 339/50000
1626 2603 957/100000
1635 2603 869/50000
1755 2603 -5313/5000
1839 2603 -207/500
1838 2603 37/2000
1837 2603 -231/10000
1744 2604 229/12500
1785 2604 51/1250
1784 2604 373/10000
1758 2604 7/1000
1756 2604 139/5000
1757 2604 17/2000
1772 2604 -889/500
1771 2604 -243/2000
1728 2604 12923/50000
1715 2604 -1
1695 2604 2043/25000
1732 2604 22167/100000
1723 2604 3167/100000
1722 2604 1897/25000
1721 2604 3359/20000
1644 2604 461/100000
1709 2604 4077/100000
1628 2604 22/3125
1623 2604 2783/100000
1708 2604 1867/50000
1627 2604 849/100000
1707 2604 151/12500
1626 2604 617/100000
1635 2604 229/12500
1755 2604 -12189/10000
1839 2604 -133/100
1838 2604 13/625
1837 2604 -129/5000
1744 2605 17/2000
1729 2605 7133/20000
1716 2605 -1
1785 2605 273/10000
1784 2605 111/5000
1758 2605 11/2000
1756 2605 12/625
1757 2605 33/5000
1772 2605 -383/250
1771 2605 -101/1250
1695 2605 7137/100000
1732 2605 829/25000
1723 2605 4583/50000
1722 2605 21323/100000
1721 2605 1301/10000
1644 2605 43/50000
1709 2605 1363/50000
1628 2605 69/12500
1623 2605 479/25000
1708 2605 2221/100000
1627 2605 657/100000
1707 2605 309/50000
1626 2605 379/50000
1635 2605 17/2000
1755 2605 -10323/10000
1839 2605 -2561/10000
1838 2605 17/1000
1837 2605 -21/1000
1744 2606 1031/100000
1730 2606 2057/6250
1719 2606 -1
1785 2606 37/1250
1784 2606 241/10000
1758 2606 1/250
1756 2606 17/1000
1757 2606 67/10000
1772 2606 -857/500
1771 2606 -407/5000
1695 2606 1351/20000
1732 2606 471/4000
1723 2606 1973/25000
1722 2606 17627/100000
1721 2606 5891/50000
1644 2606 447/100000
1709 2606 37/1250
1628 2606 399/100000
1623 2606 1703/100000
1708 2606 1203/50000
1627 2606 667/100000
1707 2606 349/50000
1626 2606 473/50000
1635 2606 1031/100000
1755 2606 -5181/5000
1839 2606 -637/2500
1838 2606 169/10000
1837 2606 -209/10000
1791 2607 1
1793 2607 -1
1790 2607 -1
1792 2607 -1
1839 2607 1
1695 2608 -1
1791 2608 -627/25
1793 2608 627/25
1790 2608 627/25
1792 2608 627/25
1840 2608 -337/500
1698 2609 -1
1605 2610 -1
1700 2610 31031/50000
1610 2610 3401/50000
1608 2610 3643/50000
1647 2610 9977/100000
1662 2610 10197/100000
1661 2610 2701/100000
1758 2610 11/2000
1756 2610 17/10000
1757 2610 11/5000
1628 2610 137/25000
1623 2610 89/50000
1627 2610 7/3125
1626 2610 13/50000
1759 2610 -5599/5000
1838 2610 -19/2500
1837 2610 -9/2000
1836 2610 -139/10000
1606 2611 -1
1704 2611 1083/5000
1620 2611 77/625
1657 2611 707/5000
1688 2611 2589/5000
1758 2611 3/5000
1756 2611 1/2500
1628 2611 3/5000
1623 2611 1/2500
1759 2611 -117/100
1838 2611 -1/125
1837 2611 -47/10000
1836 2611 -29/2000
1607 2612 -1
1705 2612 4231/10000
1621 2612 2123/10000
1658 2612 207/1250
1665 2612 703/5000
1663 2612 519/10000
1758 2612 1/250
1756 2612 1/400
1628 2612 1/250
1623 2612 1/400
1759 2612 -603/500
1838 2612 -41/5000
1837 2612 -3/625
1836 2612 -3/200
1785 2613 41/5000
1784 2613 79/5000
1758 2613 53/5000
1756 2613 33/10000
1757 2613 143/10000
1693 2613 39319/100000
1712 2613 7503/50000
1612 2613 4373/20000
1669 2613 907/10000
1668 2613 2183/100000
1701 2613 -1
1644 2613 99/10000
1709 2613 409/50000
1628 2613 1057/100000
1623 2613 83/25000
1708 2613 99/6250
1627 2613 1431/100000
1707 2613 1163/100000
1626 2613 199/10000
1625 2613 3191/100000
1760 2613 -9527/10000
1838 2613 3/10000
1837 2613 -4/625
1836 2613 -33/1000
1758 2614 29/5000
1756 2614 9/10000
1785 2614 143/10000
1757 2614 141/10000
1784 2614 157/10000
1701 2614 -1
1696 2614 163/10000
1699 2614 1/5000
1697 2614 198/625
1718 2614 1391/5000
1618 2614 69/500
1669 2614 257/2500
1668 2614 191/10000
1628 2614 29/5000
1623 2614 9/10000
1709 2614 143/10000
1627 2614 141/10000
1708 2614 157/10000
1626 2614 217/10000
1707 2614 49/5000
1625 2614 67/2000
1645 2614 3/2000
1644 2614 113/10000
1761 2614 -9527/10000
1838 2614 3/1000
1837 2614 -19/500
1744 2615 1231/50000
1785 2615 11/10000
1784 2615 1/1000
1758 2615 33/10000
1756 2615 1/625
1757 2615 7/5000
1701 2615 -1
1702 2615 58163/100000
1711 2615 31961/100000
1673 2615 6487/100000
1709 2615 113/100000
1628 2615 41/12500
1623 2615 79/50000
1708 2615 49/50000
1627 2615 143/100000
1635 2615 1231/50000
1644 2615 11/12500
1762 2615 -9527/10000
1838 2615 33/10000
1837 2615 -27/10000
1836 2615 -173/10000
1793 2616 1
1790 2616 1
1836 2616 -289/10000
1758 2617 3/10000
1756 2617 1/5000
1757 2617 3/5000
1713 2617 45261/50000
1614 2617 1441/20000
1675 2617 23/10000
1710 2617 -1
1644 2617 2411/100000
1628 2617 13/50000
1623 2617 3/12500
1627 2617 31/50000
1626 2617 47/100000
1625 2617 13/25000
1646 2617 -29/5000
1763 2617 -2687/2500
1838 2617 -107/10000
1837 2617 -33/5000
1836 2617 -43/5000
1758 2618 3/10000
1756 2618 1/5000
1757 2618 3/5000
1715 2618 89301/100000
1711 2618 -1
1614 2618 7887/100000
1675 2618 23/10000
1644 2618 1567/50000
1628 2618 13/50000
1623 2618 3/12500
1627 2618 31/50000
1626 2618 47/100000
1625 2618 13/25000
1646 2618 -763/100000
1763 2618 -2353/2000
1838 2618 -59/5000
1837 2618 -71/10000
1836 2618 -47/5000
1758 2619 3/10000
1756 2619 1/5000
1757 2619 3/5000
1714 2619 22403/25000
1614 2619 6899/100000
1675 2619 23/10000
1712 2619 -1
1644 2619 1911/50000
1628 2619 13/50000
1623 2619 3/12500
1627 2619 31/50000
1626 2619 47/100000
1625 2619 13/25000
1646 2619 -387/50000
1763 2619 -10289/10000
1838 2619 -103/10000
1837 2619 -63/10000
1836 2619 -41/5000
1716 2620 92217/100000
1717 2620 -1
1758 2620 3/10000
1756 2620 1/5000
1757 2620 3/5000
1614 2620 3449/50000
1675 2620 23/10000
1644 2620 93/12500
1628 2620 13/50000
1623 2620 3/12500
1627 2620 31/50000
1626 2620 47/100000
1625 2620 13/25000
1646 2620 -297/100000
1763 2620 -10291/10000
1838 2620 -103/10000
1837 2620 -63/10000
1836 2620 -41/5000
1719 2621 89509/100000
1718 2621 -1
1758 2621 3/10000
1756 2621 1/5000
1757 2621 3/5000
1614 2621 42/625
1675 2621 23/10000
1644 2621 4129/100000
1628 2621 13/50000
1623 2621 3/12500
1627 2621 31/50000
1626 2621 47/100000
1625 2621 13/25000
1646 2621 -1/125
1763 2621 -10021/10000
1838 2621 -1/100
1837 2621 -61/10000
1836 2621 -1/125
1758 2622 7/500
1756 2622 21/1000
1757 2622 1/100
1710 2622 -1
1652 2622 3133/5000
1691 2622 2253/10000
1690 2622 117/1250
1628 2622 7/500
1623 2622 21/1000
1627 2622 1/100
1626 2622 1/500
1625 2622 1/200
1644 2622 241/10000
1646 2622 -59/2000
1764 2622 -2687/2500
1838 2622 -9/10000
1837 2622 -39/5000
1836 2622 -281/10000
1758 2623 309/10000
1756 2623 253/5000
1757 2623 189/10000
1610 2623 -1
1615 2623 8399/100000
1650 2623 25163/100000
1679 2623 41251/100000
1677 2623 3317/20000
1644 2623 103/6250
1628 2623 1543/50000
1623 2623 1013/20000
1627 2623 377/20000
1626 2623 131/100000
1625 2623 47/100000
1646 2623 -1631/50000
1765 2623 -11453/10000
1837 2623 -33/2000
1838 2623 -11/10000
1836 2623 -83/2500
1758 2624 287/10000
1756 2624 471/10000
1757 2624 7/400
1710 2624 -1
1615 2624 8363/100000
1650 2624 12527/50000
1679 2624 41073/100000
1677 2624 8257/50000
1644 2624 2609/100000
1628 2624 2873/100000
1623 2624 2357/50000
1627 2624 351/20000
1626 2624 61/50000
1625 2624 11/25000
1646 2624 -39/1250
1765 2624 -2687/2500
1837 2624 -31/2000
1838 2624 -11/10000
1836 2624 -39/1250
1758 2625 271/10000
1756 2625 223/5000
1757 2625 83/5000
1712 2625 -1
1615 2625 517/6250
1650 2625 24781/100000
1679 2625 13/32
1677 2625 8167/50000
1644 2625 51/1250
1628 2625 543/20000
1623 2625 891/20000
1627 2625 829/50000
1626 2625 23/20000
1625 2625 21/50000
1646 2625 -3077/100000
1765 2625 -10289/10000
1837 2625 -37/2500
1838 2625 -1/1000
1836 2625 -297/10000
1758 2626 61/2000
1756 2626 501/10000
1757 2626 93/5000
1725 2626 -1
1615 2626 533/6250
1650 2626 25547/100000
1679 2626 1047/2500
1677 2626 16839/100000
1644 2626 107/50000
1628 2626 763/25000
1623 2626 5009/100000
1627 2626 233/12500
1626 2626 13/10000
1625 2626 47/100000
1646 2626 -3109/100000
1765 2626 -11189/10000
1837 2626 -161/10000
1838 2626 -11/10000
1836 2626 -81/2500
1758 2627 299/10000
1756 2627 49/1000
1757 2627 91/5000
1726 2627 -1
1615 2627 2133/25000
1650 2627 12781/50000
1679 2627 2619/6250
1677 2627 1053/6250
1644 2627 319/100000
1628 2627 2987/100000
1623 2627 4901/100000
1627 2627 57/3125
1626 2627 127/100000
1625 2627 23/50000
1646 2627 -3051/100000
1765 2627 -10887/10000
1837 2627 -79/5000
1838 2627 -11/10000
1836 2627 -317/10000
1758 2628 19/625
1756 2628 249/5000
1757 2628 93/5000
1727 2628 -1
1615 2628 8523/100000
1650 2628 5107/20000
1679 2628 2093/5000
1677 2628 1683/10000
1644 2628 301/100000
1628 2628 1519/50000
1623 2628 623/12500
1627 2628 371/20000
1626 2628 129/100000
1625 2628 47/100000
1646 2628 -1551/50000
1765 2628 -2803/2500
1837 2628 -161/10000
1838 2628 -11/10000
1836 2628 -13/400
1701 2629 -1
1758 2629 81/5000
1756 2629 13/5000
1785 2629 71/10000
1757 2629 273/10000
1703 2629 96/625
1717 2629 2703/10000
1617 2629 691/2000
1687 2629 131/1250
1686 2629 11/500
1628 2629 81/5000
1623 2629 13/5000
1709 2629 71/10000
1627 2629 273/10000
1626 2629 19/1000
1625 2629 101/5000
1646 2629 -4/125
1644 2629 431/10000
1766 2629 -9527/10000
1838 2629 -1/1000
1837 2629 -131/10000
1836 2629 -3/500
1793 2630 1
1840 2630 -1
1758 2631 23/1000
1756 2631 143/5000
1757 2631 7/625
1646 2631 -187/10000
1616 2631 363/2000
1651 2631 393/1250
1680 2631 171/500
1678 2631 1081/10000
1704 2631 -1
1628 2631 23/1000
1623 2631 143/5000
1627 2631 7/625
1626 2631 1/400
1625 2631 27/5000
1644 2631 1/500
1767 2631 -901/1000
1837 2631 -7/1000
1836 2631 -33/1000
1744 2632 4021/100000
1664 2632 -1
1672 2632 79359/100000
1629 2632 863/100000
1624 2632 16941/100000
1635 2632 4021/100000
1645 2632 -1183/100000
1768 2632 -15281/10000
1838 2632 -321/10000
1837 2632 -23/2500
1836 2632 -107/10000
1648 2633 99671/100000
1647 2633 -1
1644 2633 87/25000
1645 2633 -19/100000
1769 2633 -12337/10000
1838 2633 -37/10000
1837 2633 -1/1000
1647 2634 -1
1649 2634 803/800
1644 2634 193/50000
1645 2634 -761/100000
1770 2634 -12337/10000
1838 2634 -1/400
1837 2634 -1/400
1836 2634 -37/10000
1744 2635 1/20
1756 2635 -1
1635 2635 227/4000
1623 2635 -1/20
1744 2636 3/20
1757 2636 -1
1635 2636 693/4000
1627 2636 -3/20
1744 2637 1/20
1758 2637 -1
1635 2637 1139/20000
1628 2637 -1/20
1744 2638 3/20
1784 2638 -1
1635 2638 171/1000
1708 2638 -3/20
1744 2639 1/20
1785 2639 -1
1635 2639 1123/20000
1709 2639 -1/20
1771 2640 1
1840 2640 -1543/500
1772 2641 1
1793 2641 -6379/5000
1790 2641 -1363/2000
1792 2641 -2219/5000
1791 2641 6379/5000
1840 2641 337/500
1670 2642 24907/25000
1668 2642 -1
1645 2642 -13/12500
1644 2642 59/12500
1773 2642 -15051/10000
1837 2642 -117/10000
1836 2642 -49/5000
1671 2643 12393/12500
1669 2643 -1
1644 2643 987/100000
1645 2643 -131/100000
1773 2643 -3203/2500
1837 2643 -1/100
1836 2643 -83/10000
1674 2644 99793/100000
1673 2644 -1
1644 2644 129/50000
1645 2644 -53/100000
1773 2644 -13699/10000
1837 2644 -107/10000
1836 2644 -89/10000
1664 2645 100001/100000
1661 2645 -1
1645 2645 -1/100000
1774 2645 -15277/10000
1837 2645 -1/1250
1836 2645 -77/10000
1692 2646 3757/5000
1689 2646 2421/10000
1688 2646 -1
1644 2646 139/10000
1646 2646 -37/5000
1775 2646 -259/200
1838 2646 -9/1000
1837 2646 -1/200
1836 2646 -1/250
1613 2647 19577/20000
1612 2647 -1
1644 2647 2367/100000
1645 2647 -63/25000
1776 2647 -11143/10000
1837 2647 -39/10000
1836 2647 -11/10000
1619 2648 12237/12500
1618 2648 -1
1644 2648 2673/100000
1645 2648 -569/100000
1776 2648 -100569/100000
1837 2648 -39/10000
1836 2648 -11/10000
1611 2649 9857/10000
1610 2649 -1
1644 2649 1511/100000
1645 2649 -81/100000
1777 2649 -11453/10000
1837 2649 -4/625
1836 2649 -21/10000
1609 2650 19811/20000
1608 2650 -1
1644 2650 999/100000
1645 2650 -27/50000
1777 2650 -11787/10000
1837 2650 -33/5000
1836 2650 -21/10000
1710 2651 54551/100000
1701 2651 45449/100000
1700 2651 -1
1778 2651 -5097/5000
1838 2651 -1/625
1837 2651 -17/10000
1836 2651 -8/625
1758 2652 3/80
1756 2652 237/10000
1757 2652 53/1250
1667 2652 41501/50000
1628 2652 1873/50000
1623 2652 74/3125
1627 2652 1059/25000
1626 2652 3047/100000
1625 2652 1693/100000
1645 2652 1909/100000
1662 2652 -1
1779 2652 -67/50
1838 2652 -201/10000
1837 2652 -77/5000
1836 2652 -549/10000
1758 2653 19/625
1756 2653 207/10000
1757 2653 357/10000
1669 2653 -1
1667 2653 42633/50000
1628 2653 3041/100000
1623 2653 2071/100000
1627 2653 713/20000
1626 2653 1273/50000
1625 2653 1517/100000
1645 2653 1993/100000
1779 2653 -3203/2500
1838 2653 -12/625
1837 2653 -147/10000
1836 2653 -21/400
1758 2654 41/10000
1756 2654 43/10000
1757 2654 17/2000
1679 2654 -1
1667 2654 94299/100000
1628 2654 413/100000
1623 2654 43/10000
1627 2654 169/20000
1626 2654 113/20000
1625 2654 791/100000
1645 2654 83/3125
1779 2654 -6733/5000
1838 2654 -49/2500
1837 2654 -9/625
1836 2654 -59/1250
1687 2655 -1
1758 2655 27/1000
1756 2655 99/5000
1757 2655 13/400
1667 2655 85851/100000
1628 2655 1349/50000
1623 2655 1983/100000
1627 2655 13/400
1626 2655 2309/100000
1625 2655 361/25000
1645 2655 493/20000
1779 2655 -1
1838 2655 -97/5000
1837 2655 -149/10000
1836 2655 -531/10000
1758 2656 43/5000
1756 2656 51/10000
1757 2656 29/2500
1722 2656 -1
1667 2656 18763/20000
1628 2656 863/100000
1623 2656 51/10000
1627 2656 231/20000
1626 2656 207/25000
1625 2656 953/100000
1645 2656 469/25000
1779 2656 -517/400
1838 2656 -97/5000
1837 2656 -149/10000
1836 2656 -53/1000
1758 2657 351/10000
1756 2657 203/10000
1757 2657 211/5000
1666 2657 2107/2500
1628 2657 3507/100000
1623 2657 507/25000
1627 2657 4217/100000
1626 2657 3027/100000
1625 2657 407/25000
1645 2657 1313/100000
1662 2657 -1
1780 2657 -67/50
1838 2657 -47/2500
1837 2657 -9/500
1836 2657 -67/1250
1667 2658 94299/100000
1758 2658 41/10000
1756 2658 43/10000
1757 2658 17/2000
1680 2658 -1
1628 2658 413/100000
1623 2658 101/25000
1627 2658 169/20000
1626 2658 113/20000
1625 2658 791/100000
1645 2658 83/3125
1781 2658 -6733/5000
1837 2658 -9/625
1836 2658 -59/1250
1758 2659 1/125
1756 2659 7/1000
1757 2659 11/1000
1692 2659 -1
1684 2659 919/1000
1628 2659 1/125
1623 2659 7/1000
1627 2659 11/1000
1626 2659 1/125
1625 2659 7/1000
1645 2659 1/25
1781 2659 -639/500
1837 2659 -9/1000
1836 2659 -1/200
1758 2660 13/500
1756 2660 17/1000
1757 2660 4/125
1665 2660 -1
1676 2660 213/250
1628 2660 13/500
1623 2660 17/1000
1627 2660 4/125
1626 2660 1/40
1625 2660 17/1000
1645 2660 31/1000
1782 2660 -53/40
1838 2660 -7/1000
1837 2660 -11/125
1836 2660 -1/100
1699 2661 499/500
1644 2661 -17/16
1783 2661 -1
1838 2661 53/200
1837 2661 -16/625
1836 2661 -657/10000
1645 2662 1
1646 2662 -1
1679 2663 1
1691 2663 -1
1744 2664 219/5000
1635 2664 131/1000
1646 2664 1
1645 2664 -5219/5000
1786 2664 -1
1838 2664 -1/20
1837 2664 -59/100
1625 2665 49/200
1703 2665 -61119/10000
1699 2665 923/5000
1646 2665 1
1787 2665 -1
1841 2665 -67231/10000
1837 2665 -46/125
1836 2665 -117/500
1635 2666 -613/200
1625 2666 49/200
1646 2666 1
1788 2666 -1
1838 2666 8/25
1837 2666 -41/100
1836 2666 -119/50
1744 2667 413/2000
1635 2667 3087/5000
1646 2667 1
1645 2667 -2413/2000
1789 2667 -1
1837 2667 -21/50
1846 2668 -956061/100000
1795 2668 6187/40
1801 2668 -85
1800 2668 -1
1799 2668 -12
1794 2668 -44
1735 2668 -1
1630 2668 1
1847 2669 -27/100
1742 2669 -1
1848 2670 -956061/100000
1803 2670 20205493/50000
1809 2670 -85
1808 2670 -1
1807 2670 -12
1802 2670 -1/10000
1849 2670 -2177/2500
1736 2670 -1
1631 2670 1
1849 2671 1
1850 2671 -27/100
1743 2671 -1
1851 2672 -3/5
1745 2672 -1
1637 2672 1
1853 2673 -42119/10000
1852 2673 -3/5
1746 2673 -1
1640 2673 1
1855 2674 -8737/2000
1854 2674 -23/10
1747 2674 -1
1641 2674 1
1819 2675 -91
1820 2675 -96
1817 2675 -86
1857 2675 -16
1856 2675 -13
1737 2675 -1
1642 2675 99/100
1748 2676 -1
1824 2677 -87
1825 2677 -92
1822 2677 -82
1859 2677 -16
1858 2677 -13
1738 2677 -1
1643 2677 99/100
1749 2678 -1
1734 2679 -1
1860 2679 2777/4000
1734 2680 -959987/100000
1861 2680 -21/25
1860 2680 -123611/100000
1831 2680 -15
1833 2680 -1
1832 2680 -1
1862 2680 -18
1830 2680 -43/2
1826 2680 6726709/12500
1739 2680 -1
1655 2680 199/200
1861 2681 1
1864 2681 -5
1863 2681 -7/25
1828 2681 1785159/100000
1750 2681 -1
1865 2682 -1
1623 2682 1
1866 2683 -1
1628 2683 1
1867 2684 -1
1720 2684 1
1836 2685 1
1841 2686 1
1838 2687 1
1840 2687 -83/2
1836 2688 -289/10000
1840 2688 1
1633 2689 -1
1836 2689 1
1634 2690 -1
1837 2690 1
1638 2691 -1
1838 2691 1
1836 2692 -1
1819 2693 1/2
1817 2693 1
1842 2693 -1
1819 2694 1/2
1820 2694 1
1843 2694 -1
1824 2695 1/2
1822 2695 1
1844 2695 -1
1824 2696 1/2
1825 2696 1
1845 2696 -1
1865 2697 1
1866 2698 1
1867 2699 1
1888 2700 1
1889 2701 1
1890 2702 1
1891 2703 1
1892 2704 1
1893 2705 1
1894 2706 1
1895 2707 1
1896 2708 1
1897 2709 1
1898 2710 1
1899 2711 1
1900 2712 1
1901 2713 1
1902 2714 1
1868 2715 -1
1869 2716 -1
1870 2717 -1
1872 2718 -1
1873 2719 -1
1874 2720 -1
1875 2721 -1
1876 2722 -1
1877 2723 -1
1878 2724 -1
1879 2725 -1
1880 2726 -1
1881 2727 -1
1882 2728 -1
1883 2729 -1
1884 2730 -1
1885 2731 -1
1886 2732 -1
1887 2733 -1
1878 2734 -1
1872 2734 1
16 2735 -1
1868 2735 1
24 2736 -1
1869 2736 1
25 2737 -1
1870 2737 1
26 2738 -1
1871 2738 1
33 2739 -1
1873 2739 1
34 2740 -1
1874 2740 1
36 2741 -1
1876 2741 1
37 2742 -1
1877 2742 1
44 2743 -1
1878 2743 1
45 2744 -1
1879 2744 1
46 2745 -1
1880 2745 1
47 2746 -1
1881 2746 1
54 2747 -1
1885 2747 1
55 2748 -1
1886 2748 1
57 2749 -1
1887 2749 1
187 2750 -1
1868 2750 1
195 2751 -1
1869 2751 1
196 2752 -1
1870 2752 1
197 2753 -1
1871 2753 1
205 2754 -1
1873 2754 1
206 2755 -1
1874 2755 1
208 2756 -1
1876 2756 1
209 2757 -1
1877 2757 1
221 2758 -1
1878 2758 1
222 2759 -1
1879 2759 1
225 2760 -1
1880 2760 1
226 2761 -1
1881 2761 1
258 2762 -1
1885 2762 1
259 2763 -1
1886 2763 1
264 2764 -1
1887 2764 1
432 2765 -1
1868 2765 1
440 2766 -1
1869 2766 1
441 2767 -1
1870 2767 1
442 2768 -1
1871 2768 1
450 2769 -1
1873 2769 1
451 2770 -1
1874 2770 1
453 2771 -1
1876 2771 1
454 2772 -1
1877 2772 1
466 2773 -1
1878 2773 1
467 2774 -1
1879 2774 1
470 2775 -1
1880 2775 1
471 2776 -1
1881 2776 1
503 2777 -1
1883 2777 1
505 2778 -1
1884 2778 1
508 2779 -1
1885 2779 1
509 2780 -1
1886 2780 1
515 2781 -1
1887 2781 1
693 2782 -1
1868 2782 1
701 2783 -1
1869 2783 1
702 2784 -1
1870 2784 1
703 2785 -1
1871 2785 1
711 2786 -1
1873 2786 1
712 2787 -1
1874 2787 1
713 2788 -1
1876 2788 1
714 2789 -1
1877 2789 1
726 2790 -1
1878 2790 1
727 2791 -1
1879 2791 1
730 2792 -1
1880 2792 1
731 2793 -1
1881 2793 1
762 2794 -1
1885 2794 1
763 2795 -1
1886 2795 1
769 2796 -1
1887 2796 1
938 2797 -1
1868 2797 1
946 2798 -1
1869 2798 1
947 2799 -1
1870 2799 1
948 2800 -1
1871 2800 1
956 2801 -1
1873 2801 1
957 2802 -1
1874 2802 1
959 2803 -1
1876 2803 1
960 2804 -1
1877 2804 1
972 2805 -1
1878 2805 1
973 2806 -1
1879 2806 1
976 2807 -1
1880 2807 1
977 2808 -1
1881 2808 1
1010 2809 -1
1882 2809 1
1013 2810 -1
1884 2810 1
1017 2811 -1
1885 2811 1
1018 2812 -1
1886 2812 1
1025 2813 -1
1887 2813 1
1201 2814 -1
1868 2814 1
1209 2815 -1
1869 2815 1
1210 2816 -1
1870 2816 1
1211 2817 -1
1871 2817 1
1219 2818 -1
1873 2818 1
1220 2819 -1
1874 2819 1
1222 2820 -1
1876 2820 1
1223 2821 -1
1877 2821 1
1235 2822 -1
1878 2822 1
1236 2823 -1
1879 2823 1
1239 2824 -1
1880 2824 1
1240 2825 -1
1881 2825 1
1273 2826 -1
1885 2826 1
1274 2827 -1
1886 2827 1
1280 2828 -1
1887 2828 1
1443 2829 -1
1868 2829 1
1451 2830 -1
1869 2830 1
1452 2831 -1
1870 2831 1
1459 2832 -1
1873 2832 1
1460 2833 -1
1874 2833 1
1461 2834 -1
1876 2834 1
1462 2835 -1
1877 2835 1
1470 2836 -1
1878 2836 1
1471 2837 -1
1879 2837 1
1472 2838 -1
1880 2838 1
1473 2839 -1
1881 2839 1
1481 2840 -1
1886 2840 1
1484 2841 -1
1887 2841 1
1622 2842 -1
1868 2842 1
1630 2843 -1
1869 2843 1
1631 2844 -1
1870 2844 1
1640 2845 -1
1873 2845 1
1641 2846 -1
1874 2846 1
1642 2847 -1
1876 2847 1
1643 2848 -1
1877 2848 1
1655 2849 -1
1878 2849 1
1656 2850 -1
1879 2850 1
1659 2851 -1
1880 2851 1
1660 2852 -1
1881 2852 1
1693 2853 -1
1882 2853 1
1696 2854 -1
1884 2854 1
1699 2855 -1
1886 2855 1
1706 2856 -1
1887 2856 1
0 2857 1
1 2858 1
2 2859 1
3 2860 1
4 2861 1
5 2862 1
6 2863 1
7 2864 1
8 2865 1
9 2866 1
10 2867 1
11 2868 1
12 2869 1
13 2870 1
14 2871 1
15 2872 1
16 2873 1
17 2874 1
18 2875 1
19 2876 1
20 2877 1
21 2878 1
22 2879 1
23 2880 1
24 2881 1
25 2882 1
26 2883 1
27 2884 1
28 2885 1
29 2886 1
30 2887 1
31 2888 1
32 2889 1
33 2890 1
34 2891 1
35 2892 1
36 2893 1
37 2894 1
38 2895 1
39 2896 1
40 2897 1
41 2898 1
42 2899 1
43 2900 1
44 2901 1
45 2902 1
46 2903 1
47 2904 1
48 2905 1
49 2906 1
50 2907 1
51 2908 1
52 2909 1
53 2910 1
54 2911 1
55 2912 1
56 2913 1
57 2914 1
58 2915 1
59 2916 1
60 2917 1
61 2918 1
62 2919 1
63 2920 1
64 2921 1
65 2922 1
66 2923 1
67 2924 1
68 2925 1
69 2926 1
70 2927 1
71 2928 1
72 2929 1
73 2930 1
74 2931 1
75 2932 1
76 2933 1
77 2934 1
78 2935 1
79 2936 1
80 2937 1
81 2938 1
82 2939 1
83 2940 1
84 2941 1
85 2942 1
86 2943 1
87 2944 1
88 2945 1
89 2946 1
90 2947 1
91 2948 1
92 2949 1
93 2950 1
94 2951 1
95 2952 1
96 2953 1
97 2954 1
98 2955 1
99 2956 1
100 2957 1
101 2958 1
102 2959 1
103 2960 1
104 2961 1
105 2962 -1
106 2963 -1
107 2964 -1
108 2965 -1
109 2966 -1
110 2967 -1
111 2968 -1
112 2969 -1
113 2970 -1
114 2971 -1
115 2972 -1
116 2973 -1
117 2974 -1
118 2975 -1
119 2976 -1
120 2977 -1
121 2978 -1
122 2979 -1
123 2980 -1
124 2981 -1
125 2982 -1
126 2983 -1
127 2984 -1
128 2985 -1
129 2986 -1
130 2987 -1
131 2988 -1
132 2989 -1
133 2990 -1
134 2991 -1
135 2992 -1
136 2993 -1
137 2994 -1
138 2995 -1
139 2996 -1
140 2997 -1
141 2998 -1
142 2999 -1
143 3000 -1
144 3001 -1
145 3002 -1
146 3003 -1
147 3004 1
148 3005 1
149 3006 1
150 3007 1
151 3008 1
152 3009 1
153 3010 1
154 3011 1
155 3012 1
156 3013 1
157 3014 1
158 3015 1
159 3016 1
160 3017 1
161 3018 1
162 3019 1
163 3020 1
164 3021 1
165 3022 1
166 3023 1
167 3024 1
168 3025 1
169 3026 1
170 3027 1
171 3028 1
172 3029 1
173 3030 1
174 3031 1
175 3032 1
176 3033 1
177 3034 1
178 3035 1
179 3036 1
180 3037 1
181 3038 1
182 3039 1
183 3040 1
184 3041 1
185 3042 1
186 3043 1
187 3044 1
188 3045 1
189 3046 1
190 3047 1
191 3048 1
192 3049 1
193 3050 1
194 3051 1
195 3052 1
196 3053 1
197 3054 1
198 3055 1
199 3056 1
200 3057 1
201 3058 1
202 3059 1
203 3060 1
204 3061 1
205 3062 1
206 3063 1
207 3064 1
208 3065 1
209 3066 1
210 3067 1
211 3068 1
212 3069 1
213 3070 1
214 3071 1
215 3072 1
216 3073 1
217 3074 1
218 3075 1
219 3076 1
220 3077 1
221 3078 1
222 3079 1
223 3080 1
224 3081 1
225 3082 1
226 3083 1
227 3084 1
228 3085 1
229 3086 1
230 3087 1
231 3088 1
232 3089 1
233 3090 1
234 3091 1
235 3092 1
236 3093 1
237 3094 1
238 3095 1
239 3096 1
240 3097 1
241 3098 1
242 3099 1
243 3100 1
244 3101 1
245 3102 1
246 3103 1
247 3104 1
248 3105 1
249 3106 1
250 3107 1
251 3108 1
252 3109 1
253 3110 1
254 3111 1
255 3112 1
256 3113 1
257 3114 1
258 3115 1
259 3116 1
260 3117 1
261 3118 1
262 3119 1
263 3120 1
264 3121 1
265 3122 1
266 3123 1
267 3124 1
268 3125 1
269 3126 1
270 3127 1
271 3128 1
272 3129 1
273 3130 1
274 3131 1
275 3132 1
276 3133 1
277 3134 1
278 3135 1
279 3136 1
280 3137 1
281 3138 1
282 3139 1
283 3140 1
284 3141 1
285 3142 1
286 3143 1
287 3144 1
288 3145 1
289 3146 1
290 3147 1
291 3148 1
292 3149 1
293 3150 1
294 3151 1
295 3152 1
296 3153 1
297 3154 1
298 3155 1
299 3156 1
300 3157 1
301 3158 1
302 3159 1
303 3160 1
304 3161 1
305 3162 1
306 3163 1
307 3164 1
308 3165 1
309 3166 1
310 3167 1
311 3168 1
312 3169 1
313 3170 1
314 3171 1
315 3172 1
316 3173 1
317 3174 1
318 3175 1
319 3176 1
320 3177 1
321 3178 1
322 3179 1
323 3180 1
324 3181 1
325 3182 1
326 3183 1
327 3184 1
328 3185 1
329 3186 1
330 3187 1
331 3188 1
332 3189 1
333 3190 1
334 3191 1
335 3192 1
336 3193 1
337 3194 1
338 3195 1
339 3196 1
340 3197 1
341 3198 -1
342 3199 -1
343 3200 -1
344 3201 -1
345 3202 -1
346 3203 -1
347 3204 -1
348 3205 -1
349 3206 -1
350 3207 -1
351 3208 -1
352 3209 -1
353 3210 -1
354 3211 -1
355 3212 -1
356 3213 -1
357 3214 -1
358 3215 -1
359 3216 -1
360 3217 -1
361 3218 -1
362 3219 -1
363 3220 -1
364 3221 -1
365 3222 -1
366 3223 -1
367 3224 -1
368 3225 -1
369 3226 -1
370 3227 -1
371 3228 -1
372 3229 -1
373 3230 -1
374 3231 -1
375 3232 -1
376 3233 -1
377 3234 -1
378 3235 -1
379 3236 -1
380 3237 -1
381 3238 -1
382 3239 -1
383 3240 -1
384 3241 -1
385 3242 -1
386 3243 -1
387 3244 -1
388 3245 -1
389 3246 1
390 3247 1
391 3248 1
392 3249 1
393 3250 1
394 3251 1
395 3252 1
396 3253 1
397 3254 1
398 3255 1
399 3256 1
400 3257 1
401 3258 1
402 3259 1
403 3260 1
404 3261 1
405 3262 1
406 3263 1
407 3264 1
408 3265 1
409 3266 1
410 3267 1
411 3268 1
412 3269 1
413 3270 1
414 3271 1
415 3272 1
416 3273 1
417 3274 1
418 3275 1
419 3276 1
420 3277 1
421 3278 1
422 3279 1
423 3280 1
424 3281 1
425 3282 1
426 3283 1
427 3284 1
428 3285 1
429 3286 1
430 3287 1
431 3288 1
432 3289 1
433 3290 1
434 3291 1
435 3292 1
436 3293 1
437 3294 1
438 3295 1
439 3296 1
440 3297 1
441 3298 1
442 3299 1
443 3300 1
444 3301 1
445 3302 1
446 3303 1
447 3304 1
448 3305 1
449 3306 1
450 3307 1
451 3308 1
452 3309 1
453 3310 1
454 3311 1
455 3312 1
456 3313 1
457 3314 1
458 3315 1
459 3316 1
460 3317 1
461 3318 1
462 3319 1
463 3320 1
464 3321 1
465 3322 1
466 3323 1
467 3324 1
468 3325 1
469 3326 1
470 3327 1
471 3328 1
472 3329 1
473 3330 1
474 3331 1
475 3332 1
476 3333 1
477 3334 1
478 3335 1
479 3336 1
480 3337 1
481 3338 1
482 3339 1
483 3340 1
484 3341 1
485 3342 1
486 3343 1
487 3344 1
488 3345 1
489 3346 1
490 3347 1
491 3348 1
492 3349 1
493 3350 1
494 3351 1
495 3352 1
496 3353 1
497 3354 1
498 3355 1
499 3356 1
500 3357 1
501 3358 1
502 3359 1
503 3360 1
504 3361 1
505 3362 1
506 3363 1
507 3364 1
508 3365 1
509 3366 1
510 3367 1
511 3368 1
512 3369 1
513 3370 1
514 3371 1
515 3372 1
516 3373 1
517 3374 1
518 3375 1
519 3376 1
520 3377 1
521 3378 1
522 3379 1
523 3380 1
524 3381 1
525 3382 1
526 3383 1
527 3384 1
528 3385 1
529 3386 1
530 3387 1
531 3388 1
532 3389 1
533 3390 1
534 3391 1
535 3392 1
536 3393 1
537 3394 1
538 3395 1
539 3396 1
540 3397 1
541 3398 1
542 3399 1
543 3400 1
544 3401 1
545 3402 1
546 3403 1
547 3404 1
548 3405 1
549 3406 1
550 3407 1
551 3408 1
552 3409 1
553 3410 1
554 3411 1
555 3412 1
556 3413 1
557 3414 1
558 3415 1
559 3416 1
560 3417 1
561 3418 1
562 3419 1
563 3420 1
564 3421 1
565 3422 1
566 3423 1
567 3424 1
568 3425 1
569 3426 1
570 3427 1
571 3428 1
572 3429 1
573 3430 1
574 3431 1
575 3432 1
576 3433 1
577 3434 1
578 3435 1
579 3436 1
580 3437 1
581 3438 1
582 3439 1
583 3440 1
584 3441 1
585 3442 1
586 3443 1
587 3444 1
588 3445 1
589 3446 1
590 3447 1
591 3448 1
592 3449 1
593 3450 1
594 3451 1
595 3452 1
596 3453 1
597 3454 1
598 3455 1
599 3456 -1
600 3457 -1
601 3458 -1
602 3459 -1
603 3460 -1
604 3461 -1
605 3462 -1
606 3463 -1
607 3464 -1
608 3465 -1
609 3466 -1
610 3467 -1
611 3468 -1
612 3469 -1
613 3470 -1
614 3471 -1
615 3472 -1
616 3473 -1
617 3474 -1
618 3475 -1
619 3476 -1
620 3477 -1
621 3478 -1
622 3479 -1
623 3480 -1
624 3481 -1
625 3482 -1
626 3483 -1
627 3484 -1
628 3485 -1
629 3486 -1
630 3487 -1
631 3488 -1
632 3489 -1
633 3490 -1
634 3491 -1
635 3492 -1
636 3493 -1
637 3494 -1
638 3495 -1
639 3496 -1
640 3497 -1
641 3498 -1
642 3499 -1
643 3500 -1
644 3501 -1
645 3502 -1
646 3503 -1
647 3504 -1
648 3505 1
649 3506 1
650 3507 1
651 3508 1
652 3509 1
653 3510 1
654 3511 1
655 3512 1
656 3513 1
657 3514 1
658 3515 1
659 3516 1
660 3517 1
661 3518 1
662 3519 1
663 3520 1
664 3521 1
665 3522 1
666 3523 1
667 3524 1
668 3525 1
669 3526 1
670 3527 1
671 3528 1
672 3529 1
673 3530 1
674 3531 1
675 3532 1
676 3533 1
677 3534 1
678 3535 1
679 3536 1
680 3537 1
681 3538 1
682 3539 1
683 3540 1
684 3541 1
685 3542 1
686 3543 1
687 3544 1
688 3545 1
689 3546 1
690 3547 1
691 3548 1
692 3549 1
693 3550 1
694 3551 1
695 3552 1
696 3553 1
697 3554 1
698 3555 1
699 3556 1
700 3557 1
701 3558 1
702 3559 1
703 3560 1
704 3561 1
705 3562 1
706 3563 1
707 3564 1
708 3565 1
709 3566 1
710 3567 1
711 3568 1
712 3569 1
713 3570 1
714 3571 1
715 3572 1
716 3573 1
717 3574 1
718 3575 1
719 3576 1
720 3577 1
721 3578 1
722 3579 1
723 3580 1
724 3581 1
725 3582 1
726 3583 1
727 3584 1
728 3585 1
729 3586 1
730 3587 1
731 3588 1
732 3589 1
733 3590 1
734 3591 1
735 3592 1
736 3593 1
737 3594 1
738 3595 1
739 3596 1
740 3597 1
741 3598 1
742 3599 1
743 3600 1
744 3601 1
745 3602 1
746 3603 1
747 3604 1
748 3605 1
749 3606 1
750 3607 1
751 3608 1
752 3609 1
753 3610 1
754 3611 1
755 3612 1
756 3613 1
757 3614 1
758 3615 1
759 3616 1
760 3617 1
761 3618 1
762 3619 1
763 3620 1
764 3621 1
765 3622 1
766 3623 1
767 3624 1
768 3625 1
769 3626 1
770 3627 1
771 3628 1
772 3629 1
773 3630 1
774 3631 1
775 3632 1
776 3633 1
777 3634 1
778 3635 1
779 3636 1
780 3637 1
781 3638 1
782 3639 1
783 3640 1
784 3641 1
785 3642 1
786 3643 1
787 3644 1
788 3645 1
789 3646 1
790 3647 1
791 3648 1
792 3649 1
793 3650 1
794 3651 1
795 3652 1
796 3653 1
797 3654 1
798 3655 1
799 3656 1
800 3657 1
801 3658 1
802 3659 1
803 3660 1
804 3661 1
805 3662 1
806 3663 1
807 3664 1
808 3665 1
809 3666 1
810 3667 1
811 3668 1
812 3669 1
813 3670 1
814 3671 1
815 3672 1
816 3673 1
817 3674 1
818 3675 1
819 3676 1
820 3677 1
821 3678 1
822 3679 1
823 3680 1
824 3681 1
825 3682 1
826 3683 1
827 3684 1
828 3685 1
829 3686 1
830 3687 1
831 3688 1
832 3689 1
833 3690 1
834 3691 1
835 3692 1
836 3693 1
837 3694 1
838 3695 1
839 3696 1
840 3697 1
841 3698 1
842 3699 1
843 3700 1
844 3701 1
845 3702 -1
846 3703 -1
847 3704 -1
848 3705 -1
849 3706 -1
850 3707 -1
851 3708 -1
852 3709 -1
853 3710 -1
854 3711 -1
855 3712 -1
856 3713 -1
857 3714 -1
858 3715 -1
859 3716 -1
860 3717 -1
861 3718 -1
862 3719 -1
863 3720 -1
864 3721 -1
865 3722 -1
866 3723 -1
867 3724 -1
868 3725 -1
869 3726 -1
870 3727 -1
871 3728 -1
872 3729 -1
873 3730 -1
874 3731 -1
875 3732 -1
876 3733 -1
877 3734 -1
878 3735 -1
879 3736 -1
880 3737 -1
881 3738 -1
882 3739 -1
883 3740 -1
884 3741 -1
885 3742 -1
886 3743 -1
887 3744 -1
888 3745 -1
889 3746 -1
890 3747 -1
891 3748 1
892 3749 1
893 3750 1
894 3751 1
895 3752 1
896 3753 1
897 3754 1
898 3755 1
899 3756 1
900 3757 1
901 3758 1
902 3759 1
903 3760 1
904 3761 1
905 3762 1
906 3763 1
907 3764 1
908 3765 1
909 3766 1
910 3767 1
911 3768 1
912 3769 1
913 3770 1
914 3771 1
915 3772 1
916 3773 1
917 3774 1
918 3775 1
919 3776 1
920 3777 1
921 3778 1
922 3779 1
923 3780 1
924 3781 1
925 3782 1
926 3783 1
927 3784 1
928 3785 1
929 3786 1
930 3787 1
931 3788 1
932 3789 1
933 3790 1
934 3791 1
935 3792 1
936 3793 1
937 3794 1
938 3795 1
939 3796 1
940 3797 1
941 3798 1
942 3799 1
943 3800 1
944 3801 1
945 3802 1
946 3803 1
947 3804 1
948 3805 1
949 3806 1
950 3807 1
951 3808 1
952 3809 1
953 3810 1
954 3811 1
955 3812 1
956 3813 1
957 3814 1
958 3815 1
959 3816 1
960 3817 1
961 3818 1
962 3819 1
963 3820 1
964 3821 1
965 3822 1
966 3823 1
967 3824 1
968 3825 1
969 3826 1
970 3827 1
971 3828 1
972 3829 1
973 3830 1
974 3831 1
975 3832 1
976 3833 1
977 3834 1
978 3835 1
979 3836 1
980 3837 1
981 3838 1
982 3839 1
983 3840 1
984 3841 1
985 3842 1
986 3843 1
987 3844 1
988 3845 1
989 3846 1
990 3847 1
991 3848 1
992 3849 1
993 3850 1
994 3851 1
995 3852 1
996 3853 1
997 3854 1
998 3855 1
999 3856 1
1000 3857 1
1001 3858 1
1002 3859 1
1003 3860 1
1004 3861 1
1005 3862 1
1006 3863 1
1007 3864 1
1008 3865 1
1009 3866 1
1010 3867 1
1011 3868 1
1012 3869 1
1013 3870 1
1014 3871 1
1015 3872 1
1016 3873 1
1017 3874 1
1018 3875 1
1019 3876 1
1020 3877 1
1021 3878 1
1022 3879 1
1023 3880 1
1024 3881 1
1025 3882 1
1026 3883 1
1027 3884 1
1028 3885 1
1029 3886 1
1030 3887 1
1031 3888 1
1032 3889 1
1033 3890 1
1034 3891 1
1035 3892 1
1036 3893 1
1037 3894 1
1038 3895 1
1039 3896 1
1040 3897 1
1041 3898 1
1042 3899 1
1043 3900 1
1044 3901 1
1045 3902 1
1046 3903 1
1047 3904 1
1048 3905 1
1049 3906 1
1050 3907 1
1051 3908 1
1052 3909 1
1053 3910 1
1054 3911 1
1055 3912 1
1056 3913 1
1057 3914 1
1058 3915 1
1059 3916 1
1060 3917 1
1061 3918 1
1062 3919 1
1063 3920 1
1064 3921 1
1065 3922 1
1066 3923 1
1067 3924 1
1068 3925 1
1069 3926 1
1070 3927 1
1071 3928 1
1072 3929 1
1073 3930 1
1074 3931 1
1075 3932 1
1076 3933 1
1077 3934 1
1078 3935 1
1079 3936 1
1080 3937 1
1081 3938 1
1082 3939 1
1083 3940 1
1084 3941 1
1085 3942 1
1086 3943 1
1087 3944 1
1088 3945 1
1089 3946 1
1090 3947 1
1091 3948 1
1092 3949 1
1093 3950 1
1094 3951 1
1095 3952 1
1096 3953 1
1097 3954 1
1098 3955 1
1099 3956 1
1100 3957 1
1101 3958 1
1102 3959 1
1103 3960 1
1104 3961 1
1105 3962 1
1106 3963 1
1107 3964 1
1108 3965 1
1109 3966 -1
1110 3967 -1
1111 3968 -1
1112 3969 -1
1113 3970 -1
1114 3971 -1
1115 3972 -1
1116 3973 -1
1117 3974 -1
1118 3975 -1
1119 3976 -1
1120 3977 -1
1121 3978 -1
1122 3979 -1
1123 3980 -1
1124 3981 -1
1125 3982 -1
1126 3983 -1
1127 3984 -1
1128 3985 -1
1129 3986 -1
1130 3987 -1
1131 3988 -1
1132 3989 -1
1133 3990 -1
1134 3991 -1
1135 3992 -1
1136 3993 -1
1137 3994 -1
1138 3995 -1
1139 3996 -1
1140 3997 -1
1141 3998 -1
1142 3999 -1
1143 4000 -1
1144 4001 -1
1145 4002 -1
1146 4003 -1
1147 4004 -1
1148 4005 -1
1149 4006 -1
1150 4007 -1
1151 4008 -1
1152 4009 -1
1153 4010 -1
1154 4011 -1
1155 4012 1
1156 4013 1
1157 4014 1
1158 4015 1
1159 4016 1
1160 4017 1
1161 4018 1
1162 4019 1
1163 4020 1
1164 4021 1
1165 4022 1
1166 4023 1
1167 4024 1
1168 4025 1
1169 4026 1
1170 4027 1
1171 4028 1
1172 4029 1
1173 4030 1
1174 4031 1
1175 4032 1
1176 4033 1
1177 4034 1
1178 4035 1
1179 4036 1
1180 4037 1
1181 4038 1
1182 4039 1
1183 4040 1
1184 4041 1
1185 4042 1
1186 4043 1
1187 4044 1
1188 4045 1
1189 4046 1
1190 4047 1
1191 4048 1
1192 4049 1
1193 4050 1
1194 4051 1
1195 4052 1
1196 4053 1
1197 4054 1
1198 4055 1
1199 4056 1
1200 4057 1
1201 4058 1
1202 4059 1
1203 4060 1
1204 4061 1
1205 4062 1
1206 4063 1
1207 4064 1
1208 4065 1
1209 4066 1
1210 4067 1
1211 4068 1
1212 4069 1
1213 4070 1
1214 4071 1
1215 4072 1
1216 4073 1
1217 4074 1
1218 4075 1
1219 4076 1
1220 4077 1
1221 4078 1
1222 4079 1
1223 4080 1
1224 4081 1
1225 4082 1
1226 4083 1
1227 4084 1
1228 4085 1
1229 4086 1
1230 4087 1
1231 4088 1
1232 4089 1
1233 4090 1
1234 4091 1
1235 4092 1
1236 4093 1
1237 4094 1
1238 4095 1
1239 4096 1
1240 4097 1
1241 4098 1
1242 4099 1
1243 4100 1
1244 4101 1
1245 4102 1
1246 4103 1
1247 4104 1
1248 4105 1
1249 4106 1
1250 4107 1
1251 4108 1
1252 4109 1
1253 4110 1
1254 4111 1
1255 4112 1
1256 4113 1
1257 4114 1
1258 4115 1
1259 4116 1
1260 4117 1
1261 4118 1
1262 4119 1
1263 4120 1
1264 4121 1
1265 4122 1
1266 4123 1
1267 4124 1
1268 4125 1
1269 4126 1
1270 4127 1
1271 4128 1
1272 4129 1
1273 4130 1
1274 4131 1
1275 4132 1
1276 4133 1
1277 4134 1
1278 4135 1
1279 4136 1
1280 4137 1
1281 4138 1
1282 4139 1
1283 4140 1
1284 4141 1
1285 4142 1
1286 4143 1
1287 4144 1
1288 4145 1
1289 4146 1
1290 4147 1
1291 4148 1
1292 4149 1
1293 4150 1
1294 4151 1
1295 4152 1
1296 4153 1
1297 4154 1
1298 4155 1
1299 4156 1
1300 4157 1
1301 4158 1
1302 4159 1
1303 4160 1
1304 4161 1
1305 4162 1
1306 4163 1
1307 4164 1
1308 4165 1
1309 4166 1
1310 4167 1
1311 4168 1
1312 4169 1
1313 4170 1
1314 4171 1
1315 4172 1
1316 4173 1
1317 4174 1
1318 4175 1
1319 4176 1
1320 4177 1
1321 4178 1
1322 4179 1
1323 4180 1
1324 4181 1
1325 4182 1
1326 4183 1
1327 4184 1
1328 4185 1
1329 4186 1
1330 4187 1
1331 4188 1
1332 4189 1
1333 4190 1
1334 4191 1
1335 4192 1
1336 4193 1
1337 4194 1
1338 4195 1
1339 4196 1
1340 4197 1
1341 4198 1
1342 4199 1
1343 4200 1
1344 4201 1
1345 4202 1
1346 4203 1
1347 4204 1
1348 4205 1
1349 4206 1
1350 4207 1
1351 4208 1
1352 4209 1
1353 4210 1
1354 4211 1
1355 4212 1
1356 4213 1
1357 4214 1
1358 4215 1
1359 4216 1
1360 4217 -1
1361 4218 -1
1362 4219 -1
1363 4220 -1
1364 4221 -1
1365 4222 -1
1366 4223 -1
1367 4224 -1
1368 4225 -1
1369 4226 -1
1370 4227 -1
1371 4228 -1
1372 4229 -1
1373 4230 -1
1374 4231 -1
1375 4232 -1
1376 4233 -1
1377 4234 -1
1378 4235 -1
1379 4236 -1
1380 4237 -1
1381 4238 -1
1382 4239 -1
1383 4240 -1
1384 4241 -1
1385 4242 -1
1386 4243 -1
1387 4244 -1
1388 4245 -1
1389 4246 -1
1390 4247 -1
1391 4248 -1
1392 4249 -1
1393 4250 -1
1394 4251 -1
1395 4252 -1
1396 4253 -1
1397 4254 -1
1398 4255 -1
1399 4256 -1
1400 4257 -1
1401 4258 -1
1402 4259 -1
1403 4260 -1
1404 4261 -1
1405 4262 -1
1406 4263 -1
1407 4264 1
1408 4265 1
1409 4266 1
1410 4267 1
1411 4268 1
1412 4269 1
1413 4270 1
1414 4271 1
1415 4272 1
1416 4273 1
1417 4274 1
1418 4275 1
1419 4276 1
1420 4277 1
1421 4278 1
1422 4279 1
1423 4280 1
1424 4281 1
1425 4282 1
1426 4283 1
1427 4284 1
1428 4285 1
1429 4286 1
1430 4287 1
1431 4288 1
1432 4289 1
1433 4290 1
1434 4291 1
1435 4292 1
1436 4293 1
1437 4294 1
1438 4295 1
1439 4296 1
1440 4297 1
1441 4298 1
1442 4299 1
1443 4300 1
1444 4301 1
1445 4302 1
1446 4303 1
1447 4304 1
1448 4305 1
1449 4306 1
1450 4307 1
1451 4308 1
1452 4309 1
1453 4310 1
1454 4311 1
1455 4312 1
1456 4313 1
1457 4314 1
1458 4315 1
1459 4316 1
1460 4317 1
1461 4318 1
1462 4319 1
1463 4320 1
1464 4321 1
1465 4322 1
1466 4323 1
1467 4324 1
1468 4325 1
1469 4326 1
1470 4327 1
1471 4328 1
1472 4329 1
1473 4330 1
1474 4331 1
1475 4332 1
1476 4333 1
1477 4334 1
1478 4335 1
1479 4336 1
1480 4337 1
1481 4338 1
1482 4339 1
1483 4340 1
1484 4341 1
1485 4342 1
1486 4343 1
1487 4344 1
1488 4345 1
1489 4346 1
1490 4347 1
1491 4348 1
1492 4349 1
1493 4350 1
1494 4351 1
1495 4352 1
1496 4353 1
1497 4354 1
1498 4355 1
1499 4356 1
1500 4357 1
1501 4358 1
1502 4359 1
1503 4360 1
1504 4361 1
1505 4362 1
1506 4363 1
1507 4364 1
1508 4365 1
1509 4366 1
1510 4367 1
1511 4368 1
1512 4369 1
1513 4370 1
1514 4371 1
1515 4372 1
1516 4373 1
1517 4374 1
1518 4375 1
1519 4376 1
1520 4377 1
1521 4378 1
1522 4379 1
1523 4380 1
1524 4381 1
1525 4382 1
1526 4383 1
1527 4384 1
1528 4385 1
1529 4386 1
1530 4387 1
1531 4388 1
1532 4389 1
1533 4390 1
1534 4391 1
1535 4392 1
1536 4393 -1
1537 4394 -1
1538 4395 -1
1539 4396 -1
1540 4397 -1
1541 4398 -1
1542 4399 -1
1543 4400 -1
1544 4401 -1
1545 4402 -1
1546 4403 -1
1547 4404 -1
1548 4405 -1
1549 4406 -1
1550 4407 -1
1551 4408 -1
1552 4409 -1
1553 4410 -1
1554 4411 -1
1555 4412 -1
1556 4413 -1
1557 4414 -1
1558 4415 -1
1559 4416 -1
1560 4417 -1
1561 4418 -1
1562 4419 -1
1563 4420 -1
1564 4421 -1
1565 4422 -1
1566 4423 -1
1567 4424 -1
1568 4425 -1
1569 4426 -1
1570 4427 -1
1571 4428 -1
1572 4429 -1
1573 4430 -1
1574 4431 -1
1575 4432 -1
1576 4433 -1
1577 4434 -1
1578 4435 -1
1579 4436 -1
1580 4437 1
1581 4438 1
1582 4439 1
1583 4440 1
1584 4441 1
1585 4442 1
1586 4443 1
1587 4444 1
1588 4445 1
1589 4446 1
1590 4447 1
1591 4448 1
1592 4449 1
1593 4450 1
1594 4451 1
1595 4452 1
1596 4453 1
1597 4454 1
1598 4455 1
1599 4456 1
1600 4457 1
1601 4458 1
1602 4459 1
1603 4460 1
1604 4461 1
1605 4462 1
1606 4463 1
1607 4464 1
1608 4465 1
1609 4466 1
1610 4467 1
1611 4468 1
1612 4469 1
1613 4470 1
1614 4471 1
1615 4472 1
1616 4473 1
1617 4474 1
1618 4475 1
1619 4476 1
1620 4477 1
1621 4478 1
1622 4479 1
1623 4480 1
1624 4481 1
1625 4482 1
1626 4483 1
1627 4484 1
1628 4485 1
1629 4486 1
1630 4487 1
1631 4488 1
1632 4489 1
1633 4490 1
1634 4491 1
1635 4492 1
1636 4493 1
1637 4494 1
1638 4495 1
1639 4496 1
1640 4497 1
1641 4498 1
1642 4499 1
1643 4500 1
1644 4501 1
1645 4502 1
1646 4503 1
1647 4504 1
1648 4505 1
1649 4506 1
1650 4507 1
1651 4508 1
1652 4509 1
1653 4510 1
1654 4511 1
1655 4512 1
1656 4513 1
1657 4514 1
1658 4515 1
1659 4516 1
1660 4517 1
1661 4518 1
1662 4519 1
1663 4520 1
1664 4521 1
1665 4522 1
1666 4523 1
1667 4524 1
1668 4525 1
1669 4526 1
1670 4527 1
1671 4528 1
1672 4529 1
1673 4530 1
1674 4531 1
1675 4532 1
1676 4533 1
1677 4534 1
1678 4535 1
1679 4536 1
1680 4537 1
1681 4538 1
1682 4539 1
1683 4540 1
1684 4541 1
1685 4542 1
1686 4543 1
1687 4544 1
1688 4545 1
1689 4546 1
1690 4547 1
1691 4548 1
1692 4549 1
1693 4550 1
1694 4551 1
1695 4552 1
1696 4553 1
1697 4554 1
1698 4555 1
1699 4556 1
1700 4557 1
1701 4558 1
1702 4559 1
1703 4560 1
1704 4561 1
1705 4562 1
1706 4563 1
1707 4564 1
1708 4565 1
1709 4566 1
1710 4567 1
1711 4568 1
1712 4569 1
1713 4570 1
1714 4571 1
1715 4572 1
1716 4573 1
1717 4574 1
1718 4575 1
1719 4576 1
1720 4577 1
1721 4578 1
1722 4579 1
1723 4580 1
1724 4581 1
1725 4582 1
1726 4583 1
1727 4584 1
1728 4585 1
1729 4586 1
1730 4587 1
1731 4588 1
1732 4589 1
1733 4590 1
1734 4591 1
1735 4592 1
1736 4593 1
1737 4594 1
1738 4595 1
1739 4596 1
1740 4597 1
1741 4598 1
1742 4599 1
1743 4600 1
1744 4601 1
1745 4602 1
1746 4603 1
1747 4604 1
1748 4605 1
1749 4606 1
1750 4607 1
1751 4608 1
1752 4609 1
1753 4610 1
1754 4611 1
1755 4612 1
1756 4613 1
1757 4614 1
1758 4615 1
1759 4616 1
1760 4617 1
1761 4618 1
1762 4619 1
1763 4620 1
1764 4621 1
1765 4622 1
1766 4623 1
1767 4624 1
1768 4625 1
1769 4626 1
1770 4627 1
1771 4628 1
1772 4629 1
1773 4630 1
1774 4631 1
1775 4632 1
1776 4633 1
1777 4634 1
1778 4635 1
1779 4636 1
1780 4637 1
1781 4638 1
1782 4639 1
1783 4640 1
1784 4641 1
1785 4642 1
1786 4643 1
1787 4644 1
1788 4645 1
1789 4646 1
1790 4647 -1
1791 4648 -1
1792 4649 -1
1793 4650 -1
1794 4651 -1
1795 4652 -1
1796 4653 -1
1797 4654 -1
1798 4655 -1
1799 4656 -1
1800 4657 -1
1801 4658 -1
1802 4659 -1
1803 4660 -1
1804 4661 -1
1805 4662 -1
1806 4663 -1
1807 4664 -1
1808 4665 -1
1809 4666 -1
1810 4667 -1
1811 4668 -1
1812 4669 -1
1813 4670 -1
1814 4671 -1
1815 4672 -1
1816 4673 -1
1817 4674 -1
1818 4675 -1
1819 4676 -1
1820 4677 -1
1821 4678 -1
1822 4679 -1
1823 4680 -1
1824 4681 -1
1825 4682 -1
1826 4683 -1
1827 4684 -1
1828 4685 -1
1829 4686 -1
1830 4687 -1
1831 4688 -1
1832 4689 -1
1833 4690 -1
1834 4691 -1
1835 4692 -1
1836 4693 1
1837 4694 1
1838 4695 1
1839 4696 1
1840 4697 1
1841 4698 1
1842 4699 1
1843 4700 1
1844 4701 1
1845 4702 1
1846 4703 1
1847 4704 1
1848 4705 1
1849 4706 1
1850 4707 1
1851 4708 1
1852 4709 1
1853 4710 1
1854 4711 1
1855 4712 1
1856 4713 1
1857 4714 1
1858 4715 1
1859 4716 1
1860 4717 1
1861 4718 1
1862 4719 1
1863 4720 1
1864 4721 1
1865 4722 1
1866 4723 1
1867 4724 1
1868 4725 1
1869 4726 1
1870 4727 1
1871 4728 1
1872 4729 1
1873 4730 1
1874 4731 1
1875 4732 1
1876 4733 1
1877 4734 1
1878 4735 1
1879 4736 1
1880 4737 1
1881 4738 1
1882 4739 1
1883 4740 1
1884 4741 1
1885 4742 1
1886 4743 1
1887 4744 1
1888 4745 1
1889 4746 1
1890 4747 1
1891 4748 1
1892 4749 1
1893 4750 1
1894 4751 1
1895 4752 1
1896 4753 1
1897 4754 1
1898 4755 1
1899 4756 1
1900 4757 1
1901 4758 1
1902 4759 1
