1903 1903 8496
0 0 1
1 1 1
2 2 1
3 3 1
4 4 1
5 5 1
7 6 1
0 6 -1
8 7 1
5 7 -1
9 8 1
6 8 -1
122 9 53939/50000
78 9 1
31 9 3939/50000
15 9 -1
123 10 21491/20000
161 10 61/25
160 10 1227/12500
79 10 1
33 10 1491/20000
11 10 -1
123 11 107657/100000
161 11 291/100
160 11 9747/50000
79 11 1
33 11 7657/100000
13 11 -1
123 12 53939/50000
161 12 12/5
79 12 1
33 12 3939/50000
15 12 -1
123 13 107741/100000
161 13 91/50
160 13 4047/100000
79 13 1
33 13 7741/100000
41 13 -1
123 14 102379/100000
161 14 397/100
160 14 54867/100000
79 14 1
33 14 2379/100000
56 14 -1
124 15 107741/100000
163 15 91/50
162 15 4047/100000
80 15 1
34 15 7741/100000
41 15 -1
150 16 284437/2000
151 16 7460789/50000
125 16 559/500
127 16 839/50
165 16 1412/25
164 16 168/5
81 16 1
67 16 8/5
18 16 -1
150 17 5640113/50000
151 17 11339347/100000
125 17 1121/1000
127 17 839/50
165 17 1111111/25000
164 17 297619/12500
81 17 1
67 17 15873/10000
23 17 -1
152 18 284437/2000
153 18 7460789/50000
130 18 559/500
132 18 839/50
167 18 1412/25
166 18 168/5
82 18 1
68 18 8/5
18 18 -1
63 19 589027/50000
138 19 33383/2500
168 19 181259/100000
136 19 21491/20000
142 19 10750069/100000
171 19 38913/10000
169 19 2881849/100000
170 19 491/5000
139 19 2053183/100000
137 19 -921757/100000
135 19 -675023/25000
83 19 1
69 19 59241/50000
11 19 -1
1902 20 -1
103 20 1
91 21 1
92 22 1
93 23 1
94 24 1
95 25 1
96 26 1
97 27 1
98 28 1
99 29 1
103 30 1
105 31 2141/2000
64 31 2531/2000
74 31 1
51 31 -1
105 32 666/625
64 32 1241/1000
74 32 1
52 32 -1
16 33 99/100
64 33 -1
74 34 -1
27 35 1
30 35 -1
28 36 1
30 36 -1
77 37 1
29 37 227/200
17 37 -1
77 38 1
29 38 623/500
19 38 -1
77 39 1
29 39 1183/1000
20 39 -1
77 40 1
29 40 231/200
21 40 -1
77 41 1
29 41 1139/1000
22 41 -1
77 42 1
29 42 299/100
39 42 -1
77 43 1
58 43 -1
29 43 47/40
77 44 1
59 44 -1
29 44 57/50
77 45 1
60 45 -1
29 45 1123/1000
77 46 -1
30 47 1
29 47 -1
32 48 1
30 48 -1
45 49 99/100
70 49 -1
84 50 -1
144 51 1153/1000
85 51 1
71 51 2381/1250
22 51 -339/2500
21 51 -2161/2500
46 52 197/200
71 52 -1
85 53 -1
145 54 5387/5000
72 54 11091/10000
86 54 1
61 54 -1
72 55 -1
47 55 1
86 56 -1
54 57 1
73 57 -1
146 58 2719/2500
87 58 -1
10 59 1
7 59 -1
10 60 -1
90 60 53/5000
88 60 9/2500
89 60 39/10000
56 60 20317/50000
11 60 11907/100000
13 60 861/10000
41 60 14801/100000
49 60 1779/10000
48 60 4417/100000
22 60 531/50000
17 60 9/2500
21 60 387/100000
20 60 31/100000
91 60 -11957/10000
149 60 -81/10000
148 60 -3/625
147 60 -37/2500
77 61 3993/100000
50 61 -1
53 61 79501/100000
23 61 857/100000
18 61 2103/12500
29 61 3993/100000
39 61 -47/4000
92 61 -607/400
149 61 -319/10000
148 61 -91/10000
147 61 -53/5000
42 62 24991/25000
41 62 -1
38 62 37/100000
39 62 -1/50000
93 62 -6147/5000
149 62 -37/10000
148 62 -1/1000
41 63 -1
43 63 100569/100000
38 63 41/100000
39 63 -61/10000
94 63 -6147/5000
149 63 -1/400
148 63 -1/400
147 63 -37/10000
77 64 1/20
88 64 -1
29 64 227/4000
17 64 -1/20
77 65 3/20
89 65 -1
29 65 693/4000
21 65 -3/20
77 66 1/20
90 66 -1
29 66 1139/20000
22 66 -1/20
77 67 3/20
101 67 -1
29 67 171/1000
59 67 -3/20
77 68 1/20
102 68 -1
29 68 1123/20000
60 68 -1/20
50 69 99993/100000
48 69 -1
95 69 -607/400
148 69 -1/1250
147 69 -19/2500
14 70 3993/4000
13 70 -1
38 70 9/5000
39 70 -1/10000
96 70 -291/250
148 70 -13/2000
147 70 -21/10000
12 71 12489/12500
11 71 -1
38 71 9/10000
39 71 -1/20000
96 71 -1481/1250
148 71 -33/5000
147 71 -21/10000
90 72 59/2000
88 72 189/10000
89 72 69/2000
49 72 -1
52 72 85867/100000
22 72 2951/100000
17 72 943/50000
21 72 689/20000
20 72 2463/100000
19 72 91/6250
39 72 1931/100000
97 72 -2649/2000
149 72 -199/10000
148 72 -19/1250
147 72 -543/10000
55 73 499/500
38 73 -17/16
100 73 -17/16
149 73 53/200
148 73 -16/625
147 73 -657/10000
29 74 -613/200
19 74 49/200
40 74 1
104 74 -613/200
149 74 8/25
148 74 -41/100
147 74 -119/50
154 75 -956061/100000
107 75 6187/40
113 75 -85
112 75 -1
111 75 -12
106 75 -44
65 75 -1
24 75 1
155 76 -27/100
75 76 -1
156 77 -956061/100000
115 77 20205493/50000
121 77 -85
120 77 -1
119 77 -12
114 77 -1/10000
157 77 -2177/2500
66 77 -1
25 77 1
157 78 1
158 78 -27/100
76 78 -1
159 79 -3/5
78 79 -1
31 79 1
128 80 -91
129 80 -96
126 80 -86
165 80 -16
164 80 -13
67 80 -1
36 80 99/100
81 81 -1
82 82 -1
63 83 -1
168 83 1731/2500
171 84 -5
170 84 -7/25
137 84 1785159/100000
83 84 -1
1867 85 -1
62 85 1
27 86 -1
147 86 1
28 87 -1
148 87 1
32 88 -1
149 88 1
128 89 1/2
126 89 1
150 89 -1
128 90 1/2
129 90 1
151 90 -1
133 91 1/2
131 91 1
152 91 -1
133 92 1/2
134 92 1
153 92 -1
349 93 33383/2500
348 93 21491/20000
350 93 131089/50000
398 93 604307/100000
347 93 -675023/25000
353 93 1481031/12500
352 93 2150013/20000
346 93 6337091/100000
399 93 1227/12500
295 93 1
285 93 59241/50000
175 93 -1
349 94 54519/4000
348 94 53939/50000
350 94 13/5
398 94 1634889/50000
347 94 -16134/625
353 94 9562697/100000
352 94 3586011/100000
346 94 1195337/25000
295 94 1
285 94 59767/50000
180 94 -1
349 95 1150537/100000
348 95 103403/100000
350 95 16/5
398 95 85171/25000
347 95 -239597/100000
353 95 2339793/25000
352 95 3853777/100000
346 95 1376349/50000
399 95 1/1000
295 95 1
285 95 27527/25000
185 95 -1
349 96 672209/50000
348 96 21549/20000
350 96 13/5
398 96 1680401/100000
347 96 -254803/100000
353 96 4976581/50000
352 96 3512881/100000
346 96 6791569/100000
399 96 21/1000
295 96 1
285 96 14637/12500
186 96 -1
349 97 246701/20000
348 97 53177/50000
350 97 19/10
398 97 46739/50000
347 97 -90995877/100000
353 97 12065637/100000
352 97 12065637/100000
351 97 12065637/100000
346 97 2413127/100000
399 97 9/100
295 97 1
285 97 7541/6250
274 97 -1
357 98 54519/4000
356 98 53939/50000
358 98 13/5
400 98 1634889/50000
355 98 -16134/625
361 98 9562697/100000
360 98 3586011/100000
354 98 1195337/25000
296 98 1
286 98 59767/50000
180 98 -1
357 99 138063/10000
356 99 108059/100000
358 99 19/10
400 99 795171/100000
355 99 -2449857/50000
361 99 12331977/100000
360 99 5857689/50000
359 99 1541497/25000
354 99 1572327/25000
402 99 21/1000
296 99 1
286 99 3083/2500
224 99 -1
363 100 1115063/100000
362 100 98973/100000
403 100 102279/100000
298 100 1
202 100 -1027/100000
261 100 -1
365 101 1115063/100000
364 101 98973/100000
405 101 253/50
404 101 102279/100000
299 101 1
205 101 -1027/100000
261 101 -1
365 102 1379387/100000
364 102 109591/100000
405 102 197/50
404 102 1/50
299 102 1
205 102 9591/100000
263 102 -1
394 103 284437/2000
395 103 7460789/50000
368 103 559/500
370 103 839/50
409 103 1412/25
408 103 168/5
301 103 1
287 103 8/5
189 103 -1
394 104 5640113/50000
395 104 11339347/100000
368 104 1121/1000
370 104 839/50
409 104 1111111/25000
408 104 297619/12500
301 104 1
287 104 15873/10000
194 104 -1
394 105 5627497/50000
395 105 5758511/50000
368 105 110907/100000
370 105 814163/50000
409 105 3771877/100000
408 105 1131563/50000
301 105 1
287 105 1207/800
229 105 -1
394 106 10743381/100000
395 106 6133991/50000
368 106 105101/100000
370 106 1101423/100000
409 106 843373/100000
408 106 60241/10000
301 106 1
287 106 60241/50000
236 106 -1
394 107 5865573/50000
395 107 12916949/100000
368 107 4453/4000
370 107 893643/50000
409 107 3023847/100000
408 107 517237/50000
301 107 1
287 107 3183/2000
241 107 -1
396 108 284437/2000
397 108 7460789/50000
373 108 559/500
375 108 839/50
411 108 1412/25
410 108 168/5
302 108 1
288 108 8/5
189 108 -1
396 109 5627497/50000
397 109 5758511/50000
373 109 110907/100000
375 109 814163/50000
411 109 3771877/100000
410 109 1131563/50000
302 109 1
288 109 1207/800
229 109 -1
396 110 9531037/100000
397 110 2572837/25000
373 110 109433/100000
375 110 1456151/100000
411 110 6533/800
410 110 408313/100000
302 110 1
288 110 17013/12500
242 110 -1
396 111 1071881/10000
397 111 1237547/10000
373 111 51729/50000
375 111 984091/100000
411 111 76651/25000
410 111 76651/25000
302 111 1
288 111 4717/4000
246 111 -1
283 112 1188297/100000
381 112 138063/10000
379 112 108059/100000
384 112 5857689/50000
383 112 1541497/25000
415 112 63/20
413 112 1603157/50000
414 112 21/1000
382 112 585769/25000
380 112 -738421/100000
412 112 78691/50000
378 112 -2449857/50000
303 112 1
289 112 3083/2500
224 112 -1
283 113 1129849/100000
381 113 1229137/100000
379 113 2659/2500
384 113 12048193/100000
383 113 12048193/100000
415 113 31/10
413 113 492241/10000
414 113 9/1000
382 113 1686747/100000
380 113 -523529/50000
412 113 63997/50000
378 113 -90864317/100000
303 113 1
289 113 60241/50000
275 113 -1
308 114 1
309 115 1
310 116 1
314 117 1
315 118 1
316 119 1
317 120 1
319 121 1
320 122 1
321 123 1
322 124 1
325 125 1
326 126 1
327 127 1
328 128 1
329 129 1
330 130 1
331 131 1
332 132 1
333 133 1
334 134 1
335 135 1
338 136 1
339 137 1
340 138 1
345 139 2141/2000
284 139 2531/2000
294 139 1
232 139 -1
345 140 666/625
284 140 1241/1000
294 140 1
233 140 -1
187 141 99/100
284 141 -1
294 142 -1
198 143 1
201 143 -1
199 144 1
201 144 -1
297 145 1
200 145 623/500
190 145 -1
297 146 1
200 146 1183/1000
191 146 -1
297 147 1
200 147 231/200
192 147 -1
297 148 1
265 148 -1
200 148 47/40
297 149 1
266 149 -1
200 149 57/50
297 150 1
267 150 -1
200 150 1123/1000
297 151 -1
201 152 1
200 152 -1
203 153 1
201 153 -1
257 154 443/1000
204 154 557/1000
256 154 -1
222 155 99/100
290 155 -1
304 156 -1
225 157 197/200
291 157 -1
305 158 -1
292 159 -1
226 159 1
306 160 -1
271 161 -1
192 161 3/10
228 161 3/20
227 161 3/10
188 161 7/80
193 161 13/80
258 162 1
293 162 -1
388 163 2719/2500
307 163 -1
172 164 1
7 164 -1
174 165 1
9 165 -1
220 166 14/125
219 166 111/125
213 166 -1
308 166 -153/125
391 166 -1/500
390 166 -1/500
389 166 -129/5000
244 167 1087/100000
243 167 98913/100000
188 167 -56919/100000
266 167 -43081/100000
309 167 -4127/5000
391 167 -653/5000
390 167 -69/10000
247 168 1111/25000
245 168 23889/25000
267 168 -4813/10000
188 168 -5187/10000
309 168 -3971/5000
391 168 -77/500
390 168 -13/2000
297 169 29/2000
337 169 43/1250
336 169 241/10000
313 169 37/5000
311 169 91/10000
312 169 143/10000
324 169 -1221/1000
323 169 -893/10000
200 169 29/2000
282 169 379/5000
280 169 419/2000
274 169 107/1000
273 169 2339/10000
272 169 1043/5000
255 169 541/10000
263 169 -1
267 169 43/1250
266 169 241/10000
193 169 37/5000
188 169 91/10000
192 169 143/10000
191 169 73/10000
210 169 1/50000
310 169 -11273/10000
392 169 -63/100
391 169 197/10000
390 169 -49/2000
297 170 2929/100000
337 170 61/2000
336 170 257/10000
313 170 13/10000
311 170 101/10000
312 170 57/10000
324 170 -11841/10000
323 170 -183/2500
278 170 37341/100000
269 170 -1
255 170 5891/100000
281 170 10611/50000
274 170 493/10000
273 170 4691/50000
272 170 4221/50000
210 170 207/100000
267 170 3053/100000
193 170 4/3125
188 170 1011/100000
266 170 2567/100000
192 170 283/50000
265 170 39/5000
191 170 31/2000
200 170 2929/100000
310 170 -5439/5000
392 170 -17/40
391 170 19/1000
390 170 -59/2500
297 171 283/25000
337 171 337/10000
336 171 11/400
313 171 39/10000
311 171 79/5000
312 171 69/10000
270 171 -1
324 171 -7579/5000
323 171 -439/5000
279 171 19441/50000
255 171 937/20000
281 171 4721/100000
274 171 8321/100000
273 171 4743/25000
272 171 6311/50000
210 171 51/50000
267 171 337/10000
193 171 193/50000
188 171 79/5000
266 171 687/25000
192 171 69/10000
265 171 403/50000
191 171 197/20000
200 171 283/25000
310 171 -2659/2500
392 171 -2457/10000
391 171 93/5000
390 171 -231/10000
297 172 21/5000
337 172 209/5000
336 172 341/10000
313 172 7/625
311 172 481/10000
312 172 61/5000
324 172 -269/250
323 172 -737/5000
276 172 35223/100000
177 172 -1
255 172 29/800
281 172 3/6250
274 172 507/6250
273 172 8829/50000
272 172 19303/100000
210 172 91/100000
267 172 261/6250
193 172 1117/100000
188 172 2407/50000
266 172 213/6250
192 172 1221/100000
265 172 273/50000
191 172 57/25000
200 172 21/5000
310 172 -291/250
392 172 -263/500
391 172 51/2500
390 172 -253/10000
342 173 1
344 173 -1
341 173 -1
343 173 -1
392 173 1
257 174 -1
172 175 -1
260 175 20317/50000
177 175 861/10000
175 175 11907/100000
213 175 14801/100000
228 175 1779/10000
227 175 4417/100000
313 175 53/5000
311 175 9/2500
312 175 39/10000
193 175 531/50000
188 175 9/2500
192 175 387/100000
191 175 31/100000
314 175 -11957/10000
391 175 -81/10000
390 175 -3/625
389 175 -37/2500
173 176 -1
262 176 1083/5000
185 176 77/625
223 176 707/5000
248 176 2589/5000
313 176 3/5000
311 176 1/2500
193 176 3/5000
188 176 1/2500
314 176 -117/100
391 176 -1/125
390 176 -47/10000
389 176 -29/2000
174 177 -1
263 177 4231/10000
186 177 2123/10000
224 177 207/1250
231 177 703/5000
229 177 519/10000
313 177 1/250
311 177 1/400
193 177 1/250
188 177 1/400
314 177 -603/500
391 177 -41/5000
390 177 -3/625
389 177 -3/200
313 178 7/500
311 178 21/1000
312 178 1/100
268 178 -1
218 178 799/1250
251 178 23/100
250 178 239/2500
193 178 7/500
188 178 21/1000
192 178 1/100
191 178 1/500
190 178 1/200
210 178 11/2000
212 178 -223/10000
317 178 -11093/10000
391 178 -9/10000
390 178 -81/10000
389 178 -29/1000
313 179 159/5000
311 179 521/10000
312 179 97/5000
177 179 -1
180 179 8503/100000
216 179 25473/100000
239 179 41759/100000
237 179 1679/10000
210 179 99/50000
193 179 397/12500
188 179 5211/100000
192 179 97/5000
191 179 27/20000
190 179 49/100000
212 179 -1617/50000
318 179 -291/250
390 179 -21/1250
391 179 -3/2500
389 179 -337/10000
313 180 151/5000
311 180 31/625
312 180 37/2000
268 180 -1
180 180 8517/100000
216 180 5103/20000
239 180 41829/100000
237 180 8409/50000
210 180 13/3125
193 180 3021/100000
188 180 2479/50000
192 180 369/20000
191 180 4/3125
190 180 23/50000
212 180 -1547/50000
318 180 -11091/10000
390 180 -2/125
391 180 -11/10000
389 180 -161/5000
313 181 307/10000
311 181 503/10000
312 181 187/10000
276 181 -1
180 181 4261/50000
216 181 25531/100000
239 181 41853/100000
237 181 4207/25000
210 181 123/50000
193 181 1533/50000
188 181 503/10000
192 181 117/6250
191 181 13/10000
190 181 47/100000
212 181 -1563/50000
318 181 -5619/5000
390 181 -81/5000
391 181 -11/10000
389 181 -163/5000
313 182 147/5000
311 182 483/10000
312 182 9/500
277 182 -1
180 182 1067/12500
216 182 25571/100000
239 182 262/625
237 182 8427/50000
210 182 39/10000
193 182 92/3125
188 182 483/10000
192 182 899/50000
191 182 1/800
190 182 9/20000
212 182 -3013/100000
318 182 -10803/10000
390 182 -31/2000
391 182 -11/10000
389 182 -313/10000
344 183 1
393 183 -1
313 184 23/1000
311 184 143/5000
312 184 7/625
212 184 -187/10000
181 184 363/2000
217 184 393/1250
240 184 171/500
238 184 1081/10000
262 184 -1
193 184 23/1000
188 184 143/5000
192 184 7/625
191 184 1/400
190 184 27/5000
210 184 1/500
319 184 -901/1000
390 184 -7/1000
389 184 -33/1000
297 185 3993/100000
230 185 -1
234 185 79501/100000
194 185 857/100000
189 185 2103/12500
200 185 3993/100000
211 185 -47/4000
320 185 -607/400
391 185 -319/10000
390 185 -91/10000
389 185 -53/5000
214 186 24991/25000
213 186 -1
210 186 37/100000
211 186 -1/50000
321 186 -6147/5000
391 186 -37/10000
390 186 -1/1000
213 187 -1
215 187 100569/100000
210 187 41/100000
211 187 -61/10000
322 187 -6147/5000
391 187 -1/400
390 187 -1/400
389 187 -37/10000
297 188 1/20
311 188 -1
200 188 227/4000
188 188 -1/20
297 189 3/20
312 189 -1
200 189 693/4000
192 189 -3/20
297 190 1/20
313 190 -1
200 190 1139/20000
193 190 -1/20
297 191 3/20
336 191 -1
200 191 171/1000
266 191 -3/20
297 192 1/20
337 192 -1
200 192 1123/20000
267 192 -1/20
323 193 1
393 193 -1543/500
230 194 99993/100000
227 194 -1
326 194 -607/400
390 194 -1/1250
389 194 -19/2500
252 195 3757/5000
249 195 2421/10000
248 195 -1
210 195 139/10000
212 195 -37/5000
327 195 -259/200
391 195 -9/1000
390 195 -1/200
389 195 -1/250
182 196 49817/50000
179 196 -1
210 196 519/100000
211 196 -153/100000
328 196 -11783/10000
390 196 -41/10000
389 196 -3/2500
184 197 6241/6250
183 197 -1
210 197 603/100000
211 197 -459/100000
328 197 -5731/5000
390 197 -21/5000
389 197 -3/2500
176 198 12489/12500
175 198 -1
210 198 9/10000
211 198 -1/20000
329 198 -1481/1250
390 198 -33/5000
389 198 -21/10000
268 199 15439/20000
261 199 4561/20000
260 199 -1
330 199 -10859/10000
391 199 -17/10000
390 199 -9/5000
389 199 -137/10000
313 200 59/2000
311 200 189/10000
312 200 69/2000
228 200 -1
233 200 85867/100000
193 200 2951/100000
188 200 943/50000
192 200 689/20000
191 200 2463/100000
190 200 91/6250
211 200 1931/100000
331 200 -2649/2000
391 200 -199/10000
390 200 -19/1250
389 200 -543/10000
313 201 19/625
311 201 207/10000
312 201 89/2500
235 201 -1
233 201 85227/100000
193 201 19/625
188 201 207/10000
192 201 891/25000
191 201 509/20000
190 201 379/25000
211 201 1019/50000
331 201 -6797/5000
391 201 -51/2500
390 201 -39/2500
389 201 -557/10000
313 202 171/10000
311 202 8/625
312 202 14/625
233 202 45261/50000
193 202 341/20000
188 202 51/4000
192 202 2243/100000
191 202 1569/100000
190 202 563/50000
211 202 39/2500
273 202 -1
331 202 -12967/10000
391 202 -49/2500
390 202 -3/200
389 202 -537/10000
233 203 94299/100000
313 203 41/10000
311 203 43/10000
312 203 17/2000
240 203 -1
193 203 413/100000
188 203 101/25000
192 203 169/20000
191 203 113/20000
190 203 791/100000
211 203 83/3125
333 203 -6733/5000
390 203 -9/625
389 203 -59/1250
313 204 1/125
311 204 7/1000
312 204 11/1000
252 204 -1
246 204 919/1000
193 204 1/125
188 204 7/1000
192 204 11/1000
191 204 1/125
190 204 7/1000
211 204 1/25
333 204 -639/500
390 204 -9/1000
389 204 -1/200
313 205 13/500
311 205 17/1000
312 205 4/125
231 205 -1
236 205 213/250
193 205 13/500
188 205 17/1000
192 205 4/125
191 205 1/40
190 205 17/1000
211 205 31/1000
334 205 -53/40
391 205 -7/1000
390 205 -11/125
389 205 -1/100
259 206 499/500
210 206 -17/16
335 206 -1
391 206 53/200
390 206 -16/625
389 206 -657/10000
239 207 1
251 207 -1
297 208 413/2000
200 208 3087/5000
212 208 1
211 208 -2413/2000
340 208 -1
390 208 -21/50
398 209 -956061/100000
347 209 6187/40
353 209 -85
352 209 -1
351 209 -12
346 209 -44
285 209 -1
195 209 1
399 210 -27/100
295 210 -1
400 211 -956061/100000
355 211 20205493/50000
361 211 -85
360 211 -1
359 211 -12
354 211 -1/10000
401 211 -2177/2500
286 211 -1
196 211 1
401 212 1
402 212 -27/100
296 212 -1
403 213 -3/5
298 213 -1
202 213 1
405 214 -42119/10000
404 214 -3/5
299 214 -1
205 214 1
407 215 -8737/2000
406 215 -23/10
300 215 -1
206 215 1
371 216 -91
372 216 -96
369 216 -86
409 216 -16
408 216 -13
287 216 -1
208 216 99/100
301 217 -1
376 218 -87
377 218 -92
374 218 -82
411 218 -16
410 218 -13
288 218 -1
209 218 99/100
302 219 -1
283 220 -1
412 220 1731/2500
283 221 -38327/4000
384 221 -1
383 221 -1
413 221 -18
382 221 -43/2
412 221 -61177/50000
378 221 6726709/12500
289 221 -1
221 221 199/200
415 222 -5
414 222 -7/25
380 222 1785159/100000
303 222 -1
1865 223 -1
188 223 1
1866 224 -1
193 224 1
1867 225 -1
271 225 1
198 226 -1
389 226 1
199 227 -1
390 227 1
203 228 -1
391 228 1
371 229 1/2
369 229 1
394 229 -1
371 230 1/2
372 230 1
395 230 -1
376 231 1/2
374 231 1
396 231 -1
376 232 1/2
377 232 1
397 232 -1
607 233 33383/2500
606 233 21491/20000
608 233 131089/50000
657 233 604307/100000
605 233 -675023/25000
611 233 1481031/12500
610 233 2150013/20000
604 233 6337091/100000
658 233 1227/12500
551 233 1
541 233 59241/50000
419 233 -1
607 234 54519/4000
606 234 53939/50000
608 234 13/5
657 234 1634889/50000
605 234 -16134/625
611 234 9562697/100000
610 234 3586011/100000
604 234 1195337/25000
551 234 1
541 234 59767/50000
425 234 -1
607 235 639113/50000
606 235 106929/100000
608 235 13/5
657 235 369087/100000
605 235 -248347/100000
611 235 4850491/50000
610 235 855969/25000
604 235 855969/25000
658 235 1/2000
551 235 1
541 235 114129/100000
426 235 -1
607 236 667887/50000
606 236 21499/20000
608 236 12/5
657 236 265501/100000
605 236 -23945003/50000
611 236 11850739/100000
610 236 8295517/100000
609 236 4147759/100000
604 236 2658449/50000
658 236 5659/100000
551 236 1
541 236 118507/100000
427 236 -1
607 237 672209/50000
606 237 21549/20000
608 237 13/5
657 237 1680401/100000
605 237 -254803/100000
611 237 4976581/50000
610 237 3512881/100000
604 237 6791569/100000
658 237 21/1000
551 237 1
541 237 14637/12500
431 237 -1
607 238 676093/50000
606 238 107741/100000
608 238 100233/50000
657 238 179599/100000
605 238 -6448099/10000
611 238 3073499/25000
610 238 3073499/25000
609 238 74083/800
604 238 1484359/25000
658 238 4047/100000
551 238 1
541 238 6147/5000
458 238 -1
607 239 273921/20000
606 239 107977/100000
608 239 2
657 239 714137/100000
605 239 -3582781/25000
611 239 6180179/50000
610 239 6180179/50000
609 239 4449729/100000
604 239 6180179/100000
551 239 1
541 239 30901/25000
461 239 -1
607 240 342/25
606 240 1351/1250
608 240 2
657 240 154509/12500
605 240 -8132719/12500
610 240 6197323/50000
609 240 583323/6250
604 240 5862667/100000
658 240 1/250
551 240 1
541 240 61973/50000
464 240 -1
607 241 601/50
606 241 657/625
608 241 2
657 241 168233/100000
605 241 -60335427/100000
611 241 11494253/100000
610 241 11494253/100000
609 241 2163793/25000
604 241 1534483/50000
658 241 17/50
551 241 1
541 241 114943/100000
465 241 -1
607 242 138063/10000
606 242 108059/100000
608 242 19/10
657 242 795171/100000
605 242 -2449857/50000
611 242 12331977/100000
610 242 5857689/50000
609 242 1541497/25000
604 242 1572327/25000
658 242 21/1000
551 242 1
541 242 3083/2500
469 242 -1
607 243 1138661/100000
606 243 104619/100000
608 243 131/50
657 243 349299/50000
605 243 -20272057/100000
611 243 5439609/50000
610 243 906139/12500
609 243 382993/50000
604 243 115897/4000
658 243 447/5000
551 243 1
541 243 27753/25000
533 243 -1
615 244 672209/50000
614 244 21549/20000
616 244 13/5
659 244 1680401/100000
613 244 -254803/100000
619 244 4976581/50000
618 244 3512881/100000
612 244 6791569/100000
661 244 21/1000
552 244 1
542 244 14637/12500
431 244 -1
615 245 676093/50000
614 245 107741/100000
616 245 100233/50000
659 245 179599/100000
613 245 -6448099/10000
619 245 3073499/25000
618 245 3073499/25000
617 245 74083/800
612 245 1484359/25000
661 245 4047/100000
552 245 1
542 245 6147/5000
458 245 -1
621 246 639147/100000
620 246 9343/10000
662 246 297/500
554 246 1
447 246 -657/10000
537 246 -1
623 247 1379387/100000
622 247 109591/100000
664 247 197/50
663 247 1/50
555 247 1
450 247 9591/100000
514 247 -1
623 248 639147/100000
622 248 9343/10000
664 248 249/50
663 248 297/500
555 248 1
450 248 -657/10000
537 248 -1
625 249 1379387/100000
624 249 109591/100000
666 249 197/50
665 249 1/50
556 249 1
451 249 9591/100000
514 249 -1
653 250 5627497/50000
654 250 5758511/50000
628 250 814163/50000
626 250 110907/100000
668 250 3771877/100000
667 250 1131563/50000
557 250 1
543 250 1207/800
474 250 -1
653 251 9130247/100000
654 251 4590431/50000
628 251 322693/25000
626 251 2701/2500
668 251 744401/100000
667 251 329381/50000
557 251 1
543 251 16469/12500
482 251 -1
653 252 10743381/100000
654 252 6133991/50000
628 252 1101423/100000
626 252 105101/100000
668 252 843373/100000
667 252 60241/10000
557 252 1
543 252 60241/50000
485 252 -1
653 253 2086739/20000
654 253 10565103/100000
628 253 756619/50000
626 253 21871/20000
668 253 136541/50000
667 253 136541/50000
557 253 1
543 253 130039/100000
496 253 -1
655 254 284437/2000
656 254 7460789/50000
633 254 839/50
631 254 559/500
670 254 1412/25
669 254 168/5
558 254 1
544 254 8/5
434 254 -1
655 255 5640113/50000
656 255 11339347/100000
633 255 839/50
631 255 1121/1000
670 255 1111111/25000
669 255 297619/12500
558 255 1
544 255 15873/10000
439 255 -1
655 256 5627497/50000
656 256 5758511/50000
633 256 814163/50000
631 256 110907/100000
670 256 3771877/100000
669 256 1131563/50000
558 256 1
544 256 1207/800
474 256 -1
655 257 10743381/100000
656 257 6133991/50000
633 257 1101423/100000
631 257 105101/100000
670 257 843373/100000
669 257 60241/10000
558 257 1
544 257 60241/50000
485 257 -1
655 258 11754671/100000
656 258 12308529/100000
633 258 759369/50000
631 258 110417/100000
670 258 3242799/100000
669 258 214597/12500
558 258 1
544 258 146733/100000
486 258 -1
655 259 5865573/50000
656 259 12916949/100000
633 259 893643/50000
631 259 4453/4000
670 259 3023847/100000
669 259 517237/50000
558 259 1
544 259 3183/2000
490 259 -1
655 260 13004587/100000
656 260 109633/800
633 260 1530877/100000
631 260 1377/1250
670 260 14539/2500
669 260 109929/25000
558 260 1
544 260 35461/25000
494 260 -1
655 261 1071881/10000
656 261 1237547/10000
633 261 984091/100000
631 261 51729/50000
670 261 76651/25000
669 261 76651/25000
558 261 1
544 261 4717/4000
495 261 -1
655 262 12222313/100000
656 262 13923041/100000
633 262 732211/50000
631 262 110003/100000
670 262 58071/2000
669 262 698577/50000
558 262 1
544 262 7187/5000
526 262 -1
539 263 111367/10000
639 263 1150537/100000
637 263 103403/100000
643 263 3853777/100000
675 263 21/5
673 263 1101079/25000
674 263 1/1000
640 263 27527/5000
638 263 -816903/50000
671 263 90047/50000
636 263 -210101/100000
559 263 1
545 263 27527/25000
430 263 -1
539 264 142733/12500
639 264 125673/10000
637 264 13317/12500
643 264 2374451/20000
642 264 326487/5000
675 264 33/10
673 264 890419/50000
674 264 1/2000
640 264 92752/3125
641 264 4155289/100000
638 264 -707183/100000
671 264 36821/25000
636 264 -3441299/25000
559 264 1
545 264 118723/100000
462 264 -1
539 265 296647/25000
639 265 342/25
637 265 1351/1250
643 265 6197323/50000
642 265 583323/6250
675 265 32669/10000
673 265 247893/20000
674 265 1/250
640 265 1673277/50000
641 265 2429351/100000
638 265 -1249/200
671 265 3009/2000
636 265 -66700139/100000
559 265 1
545 265 61973/50000
464 265 -1
539 266 1129529/100000
639 266 244851/20000
637 266 26523/25000
643 266 1176609/10000
642 266 3529827/50000
675 266 7/2
673 266 1029533/25000
674 266 1/1000
640 266 1176609/100000
641 266 1029533/25000
638 266 -367557/25000
671 266 289/200
636 266 -1031203/2000
559 266 1
545 266 117661/100000
468 266 -1
1892 267 -1
573 267 1
1893 268 -1
574 268 1
1894 269 -1
576 269 1
1895 270 -1
578 270 1
1896 271 -1
583 271 1
1897 272 -1
584 272 1
1898 273 -1
586 273 1
1899 274 -1
588 274 1
1901 275 -1
593 275 1
564 276 1
565 277 1
566 278 1
570 279 1
571 280 1
572 281 1
573 282 1
574 283 1
575 284 1
576 285 1
577 286 1
578 287 1
579 288 1
580 289 1
583 290 1
584 291 1
585 292 1
586 293 1
587 294 1
588 295 1
589 296 1
590 297 1
591 298 1
592 299 1
593 300 1
596 301 1
597 302 1
598 303 1
603 304 2141/2000
540 304 2531/2000
550 304 1
477 304 -1
603 305 666/625
540 305 1241/1000
550 305 1
478 305 -1
432 306 99/100
540 306 -1
550 307 -1
443 308 1
446 308 -1
444 309 1
446 309 -1
553 310 1
445 310 227/200
433 310 -1
553 311 1
445 311 623/500
435 311 -1
553 312 1
445 312 1183/1000
436 312 -1
553 313 1
445 313 231/200
437 313 -1
553 314 1
445 314 1139/1000
438 314 -1
449 315 -1
445 315 1
553 316 1
445 316 299/100
456 316 -1
553 317 1
516 317 -1
445 317 47/40
553 318 1
517 318 -1
445 318 57/50
553 319 -1
446 320 1
445 320 -1
448 321 1
446 321 -1
507 322 443/1000
449 322 557/1000
506 322 -1
467 323 99/100
546 323 -1
560 324 -1
470 325 197/200
547 325 -1
561 326 -1
646 327 5387/5000
548 327 11091/10000
562 327 1
519 327 -1
548 328 -1
471 328 1
562 329 -1
508 330 1
549 330 -1
647 331 2719/2500
563 331 -1
416 332 1
7 332 -1
417 333 1
8 333 -1
418 334 1
9 334 -1
465 335 14/125
464 335 111/125
458 335 -1
564 335 -153/125
650 335 -1/500
649 335 -1/500
648 335 -129/5000
493 336 1087/100000
492 336 98913/100000
433 336 -56919/100000
517 336 -43081/100000
565 336 -4127/5000
650 336 -653/5000
649 336 -69/10000
496 337 1111/25000
494 337 23889/25000
518 337 -4813/10000
433 337 -5187/10000
565 337 -3971/5000
650 337 -77/500
649 337 -13/2000
553 338 29/2000
595 338 43/1250
594 338 241/10000
569 338 37/5000
567 338 91/10000
568 338 143/10000
582 338 -1221/1000
581 338 -893/10000
445 338 29/2000
538 338 379/5000
536 338 419/2000
528 338 107/1000
527 338 2339/10000
526 338 1043/5000
504 338 541/10000
514 338 -1
518 338 43/1250
517 338 241/10000
438 338 37/5000
433 338 91/10000
437 338 143/10000
436 338 73/10000
455 338 1/50000
566 338 -11273/10000
651 338 -63/100
650 338 197/10000
649 338 -49/2000
553 339 21/5000
595 339 209/5000
594 339 341/10000
569 339 7/625
567 339 481/10000
568 339 61/5000
582 339 -269/250
581 339 -737/5000
530 339 35223/100000
421 339 -1
504 339 29/800
537 339 3/6250
528 339 507/6250
527 339 8829/50000
526 339 19303/100000
455 339 91/100000
518 339 261/6250
438 339 1117/100000
433 339 2407/50000
517 339 213/6250
437 339 1221/100000
516 339 273/50000
436 339 57/25000
445 339 21/5000
566 339 -291/250
651 339 -263/500
650 339 51/2500
649 339 -253/10000
553 340 2341/100000
595 340 7/250
594 340 223/10000
569 340 3/2000
567 340 111/10000
568 340 27/5000
582 340 -1181/1000
581 340 -683/10000
534 340 39239/100000
520 340 -1
504 340 1841/25000
537 340 19419/100000
528 340 4943/100000
527 340 1889/20000
526 340 8389/100000
455 340 13/6250
518 340 2799/100000
438 340 3/2000
433 340 111/10000
517 340 2227/100000
437 340 543/100000
516 340 661/100000
436 340 1163/100000
445 340 2341/100000
566 340 -5439/5000
651 340 -531/1000
650 340 19/1000
649 340 -59/2500
553 341 853/50000
595 341 159/5000
594 341 249/10000
569 341 3/1000
567 341 39/2500
568 341 13/2000
581 341 -817/10000
532 341 2061/6250
504 341 729/10000
537 341 8227/50000
528 341 3269/50000
527 341 3403/25000
526 341 1443/12500
522 341 -1
455 341 3/4000
518 341 397/12500
438 341 37/12500
433 341 311/20000
517 341 2489/100000
437 341 13/2000
516 341 193/25000
436 341 433/50000
445 341 1707/100000
566 341 -2193/2000
651 341 -29/50
650 341 12/625
649 341 -119/5000
553 342 169/20000
595 342 73/2500
594 342 227/10000
569 342 43/10000
567 342 87/5000
568 342 13/2000
524 342 -1
582 342 -14691/10000
581 342 -801/10000
535 342 1294/3125
504 342 2739/50000
537 342 3881/100000
528 342 809/10000
527 342 18483/100000
526 342 12351/100000
455 342 99/100000
518 342 2919/100000
438 342 17/4000
433 342 349/20000
517 342 2271/100000
437 342 653/100000
516 342 609/100000
436 342 743/100000
445 342 169/20000
566 342 -2659/2500
651 342 -2873/10000
650 342 93/5000
649 342 -231/10000
600 343 1
602 343 -1
599 343 -1
601 343 -1
651 343 1
504 344 -1
600 344 -627/25
602 344 627/25
599 344 627/25
601 344 627/25
652 344 -337/500
507 345 -1
416 346 -1
510 346 20317/50000
421 346 861/10000
419 346 11907/100000
458 346 14801/100000
473 346 1779/10000
472 346 4417/100000
569 346 53/5000
567 346 9/2500
568 346 39/10000
438 346 531/50000
433 346 9/2500
437 346 387/100000
436 346 31/100000
570 346 -11957/10000
650 346 -81/10000
649 346 -3/625
648 346 -37/2500
417 347 -1
513 347 1083/5000
430 347 77/625
468 347 707/5000
497 347 2589/5000
569 347 3/5000
567 347 1/2500
438 347 3/5000
433 347 1/2500
570 347 -117/100
650 347 -1/125
649 347 -47/10000
648 347 -29/2000
418 348 -1
514 348 4231/10000
431 348 2123/10000
469 348 207/1250
476 348 703/5000
474 348 519/10000
569 348 1/250
567 348 1/400
438 348 1/250
433 348 1/400
570 348 -603/500
650 348 -41/5000
649 348 -3/625
648 348 -3/200
569 349 47/10000
567 349 9/10000
595 349 59/5000
568 349 133/10000
594 349 159/10000
511 349 -1
505 349 23/2500
506 349 9/50
523 349 3771/10000
428 349 3/16
484 349 1183/10000
483 349 221/10000
438 349 47/10000
433 349 9/10000
518 349 59/5000
437 349 133/10000
517 349 159/10000
436 349 189/10000
516 349 7/625
435 349 247/10000
456 349 7/5000
455 349 21/10000
571 349 -10073/10000
650 349 2/125
649 349 -1/40
595 350 41/5000
594 350 153/10000
569 350 53/5000
567 350 33/10000
568 350 27/2500
503 350 2633/10000
520 350 159/800
424 350 14479/50000
484 350 12013/100000
483 350 2891/100000
511 350 -1
455 350 217/100000
518 350 817/100000
438 350 33/3125
433 350 331/100000
517 350 1531/100000
437 350 541/50000
516 350 1323/100000
436 350 753/50000
435 350 2071/100000
572 350 -10073/10000
650 350 3/10000
649 350 -67/10000
648 350 -349/10000
553 351 13/500
595 351 3/2500
594 351 1/1000
569 351 7/2000
567 351 17/10000
568 351 3/2000
511 351 -1
512 351 3493/6250
521 351 6751/20000
480 351 6851/100000
518 351 3/2500
438 351 173/50000
433 351 167/100000
517 351 103/100000
437 351 151/100000
445 351 13/500
455 351 19/100000
573 351 -10073/10000
650 351 7/2000
649 351 -7/2500
648 351 -183/10000
602 352 1
599 352 1
648 352 -289/10000
569 353 3/10000
567 353 1/5000
568 353 3/5000
524 353 91883/100000
523 353 -1
423 353 7081/100000
482 353 23/10000
455 353 93/10000
438 353 13/50000
433 353 3/12500
437 353 31/50000
436 353 47/100000
435 353 13/25000
457 353 -167/50000
574 353 -2113/2000
650 353 -53/5000
649 353 -4/625
648 353 -17/2000
569 354 7/500
567 354 21/1000
568 354 1/100
519 354 -1
463 354 799/1250
500 354 23/100
499 354 239/2500
438 354 7/500
433 354 21/1000
437 354 1/100
436 354 1/500
435 354 1/200
455 354 11/2000
457 354 -223/10000
575 354 -11093/10000
650 354 -9/10000
649 354 -81/10000
648 354 -29/1000
569 355 59/2000
567 355 121/2500
568 355 9/500
520 355 -1
425 355 8489/100000
461 355 25433/100000
488 355 41693/100000
486 355 16763/100000
455 355 23/2500
438 355 2951/100000
433 355 2421/50000
437 355 901/50000
436 355 1/800
435 355 9/20000
457 355 -383/12500
576 355 -5439/5000
649 355 -157/10000
650 355 -11/10000
648 355 -63/2000
569 356 307/10000
567 356 503/10000
568 356 187/10000
530 356 -1
425 356 4261/50000
461 356 25531/100000
488 356 41853/100000
486 356 4207/25000
455 356 123/50000
438 356 1533/50000
433 356 503/10000
437 356 117/6250
436 356 13/10000
435 356 47/100000
457 356 -1563/50000
576 356 -5619/5000
649 356 -81/5000
650 356 -11/10000
648 356 -163/5000
569 357 147/5000
567 357 483/10000
568 357 9/500
531 357 -1
425 357 1067/12500
461 357 25571/100000
488 357 262/625
486 357 8427/50000
455 357 39/10000
438 357 92/3125
433 357 483/10000
437 357 899/50000
436 357 1/800
435 357 9/20000
457 357 -3013/100000
576 357 -10803/10000
649 357 -31/2000
650 357 -11/10000
648 357 -313/10000
569 358 23/1000
567 358 143/5000
568 358 7/625
457 358 -187/10000
426 358 363/2000
462 358 393/1250
489 358 171/500
487 358 1081/10000
513 358 -1
438 358 23/1000
433 358 143/5000
437 358 7/625
436 358 1/400
435 358 27/5000
455 358 1/500
577 358 -901/1000
649 358 -7/1000
648 358 -33/1000
553 359 3993/100000
475 359 -1
479 359 79501/100000
439 359 857/100000
434 359 2103/12500
445 359 3993/100000
456 359 -47/4000
578 359 -607/400
650 359 -319/10000
649 359 -91/10000
648 359 -53/5000
459 360 24991/25000
458 360 -1
455 360 37/100000
456 360 -1/50000
579 360 -6147/5000
650 360 -37/10000
649 360 -1/1000
458 361 -1
460 361 100569/100000
455 361 41/100000
456 361 -61/10000
580 361 -6147/5000
650 361 -1/400
649 361 -1/400
648 361 -37/10000
553 362 1/20
567 362 -1
445 362 227/4000
433 362 -1/20
553 363 3/20
568 363 -1
445 363 693/4000
437 363 -3/20
553 364 1/20
569 364 -1
445 364 1139/20000
438 364 -1/20
553 365 3/20
594 365 -1
445 365 171/1000
517 365 -3/20
553 366 1/20
595 366 -1
445 366 1123/20000
518 366 -1/20
581 367 1
652 367 -1543/500
582 368 1
602 368 -6379/5000
599 368 -1363/2000
601 368 -2219/5000
600 368 6379/5000
652 368 337/500
490 369 24997/25000
483 369 -1
456 369 -21/25000
455 369 13/12500
583 369 -15913/10000
649 369 -31/2500
648 369 -103/10000
481 370 99989/100000
480 370 -1
455 370 57/100000
456 370 -21/50000
583 370 -13699/10000
649 370 -107/10000
648 370 -89/10000
491 371 49939/50000
484 371 -1
455 371 217/100000
456 371 -9/10000
583 371 -6797/5000
649 371 -53/5000
648 371 -11/1250
529 372 20031/20000
528 372 -1
455 372 43/50000
456 372 -241/100000
583 372 -6033/5000
649 372 -47/5000
648 372 -39/5000
475 373 99993/100000
472 373 -1
584 373 -607/400
649 373 -1/1250
648 373 -19/2500
501 374 3757/5000
498 374 2421/10000
497 374 -1
455 374 139/10000
457 374 -37/5000
585 374 -259/200
650 374 -9/1000
649 374 -1/200
648 374 -1/250
427 375 49817/50000
424 375 -1
455 375 519/100000
456 375 -153/100000
586 375 -11783/10000
649 375 -41/10000
648 375 -3/2500
429 376 6241/6250
428 376 -1
455 376 603/100000
456 376 -459/100000
586 376 -5731/5000
649 376 -21/5000
648 376 -3/2500
422 377 3993/4000
421 377 -1
455 377 9/5000
456 377 -1/10000
587 377 -291/250
649 377 -13/2000
648 377 -21/10000
420 378 12489/12500
419 378 -1
455 378 9/10000
456 378 -1/20000
587 378 -1481/1250
649 378 -33/5000
648 378 -21/10000
519 379 15439/20000
511 379 4561/20000
510 379 -1
588 379 -10859/10000
650 379 -17/10000
649 379 -9/5000
648 379 -137/10000
569 380 59/2000
567 380 189/10000
568 380 69/2000
473 380 -1
478 380 85867/100000
438 380 2951/100000
433 380 943/50000
437 380 689/20000
436 380 2463/100000
435 380 91/6250
456 380 1931/100000
589 380 -2649/2000
650 380 -199/10000
649 380 -19/1250
648 380 -543/10000
569 381 19/625
567 381 207/10000
568 381 89/2500
484 381 -1
478 381 85227/100000
438 381 19/625
433 381 207/10000
437 381 891/25000
436 381 509/20000
435 381 379/25000
456 381 1019/50000
589 381 -6797/5000
650 381 -51/2500
649 381 -39/2500
648 381 -557/10000
569 382 41/10000
567 382 43/10000
568 382 17/2000
488 382 -1
478 382 94299/100000
438 382 413/100000
433 382 43/10000
437 382 169/20000
436 382 113/20000
435 382 791/100000
456 382 83/3125
589 382 -2613/2000
650 382 -49/2500
649 382 -9/625
648 382 -59/1250
569 383 171/10000
567 383 8/625
568 383 14/625
478 383 45261/50000
438 383 341/20000
433 383 51/4000
437 383 2243/100000
436 383 1569/100000
435 383 563/50000
456 383 39/2500
527 383 -1
589 383 -12967/10000
650 383 -49/2500
649 383 -3/200
648 383 -537/10000
478 384 94299/100000
569 384 41/10000
567 384 43/10000
568 384 17/2000
489 384 -1
438 384 413/100000
433 384 101/25000
437 384 169/20000
436 384 113/20000
435 384 791/100000
456 384 83/3125
591 384 -6733/5000
649 384 -9/625
648 384 -59/1250
569 385 1/125
567 385 7/1000
568 385 11/1000
501 385 -1
495 385 919/1000
438 385 1/125
433 385 7/1000
437 385 11/1000
436 385 1/125
435 385 7/1000
456 385 1/25
591 385 -639/500
649 385 -9/1000
648 385 -1/200
569 386 13/500
567 386 17/1000
568 386 4/125
476 386 -1
485 386 213/250
438 386 13/500
433 386 17/1000
437 386 4/125
436 386 1/40
435 386 17/1000
456 386 31/1000
592 386 -53/40
650 386 -7/1000
649 386 -11/125
648 386 -1/100
509 387 499/500
455 387 -17/16
593 387 -1
650 387 53/200
649 387 -16/625
648 387 -657/10000
553 388 219/5000
445 388 131/1000
457 388 1
456 388 -5219/5000
596 388 -1
650 388 -1/20
649 388 -59/100
657 389 -956061/100000
605 389 6187/40
611 389 -85
610 389 -1
609 389 -12
604 389 -44
541 389 -1
440 389 1
658 390 -27/100
551 390 -1
660 391 1
661 391 -27/100
552 391 -1
662 392 -3/5
554 392 -1
447 392 1
664 393 -42119/10000
663 393 -3/5
555 393 -1
450 393 1
666 394 -8737/2000
665 394 -23/10
556 394 -1
451 394 1
629 395 -91
630 395 -96
627 395 -86
668 395 -16
667 395 -13
543 395 -1
453 395 99/100
557 396 -1
634 397 -87
635 397 -92
632 397 -82
670 397 -16
669 397 -13
544 397 -1
454 397 99/100
558 398 -1
539 399 -1
671 399 1731/2500
539 400 -38327/4000
672 400 -21/25
643 400 -1
642 400 -1
673 400 -18
640 400 -43/2
641 400 -15
671 400 -61177/50000
636 400 6726709/12500
545 400 -1
466 400 199/200
672 401 1
675 401 -5
674 401 -7/25
638 401 1785159/100000
559 401 -1
1867 402 -1
525 402 1
650 403 1
652 403 -83/2
443 404 -1
648 404 1
444 405 -1
649 405 1
448 406 -1
650 406 1
648 407 -1
629 408 1/2
627 408 1
653 408 -1
629 409 1/2
630 409 1
654 409 -1
634 410 1/2
632 410 1
655 410 -1
634 411 1/2
635 411 1
656 411 -1
676 412 1
1 412 -1
677 413 1
5 413 -1
678 414 1
6 414 -1
852 415 34293/2500
851 415 53861/50000
853 415 128769/50000
900 415 192581/25000
850 415 -1710311/50000
856 415 12002029/100000
855 415 2781937/25000
849 415 6858703/100000
901 415 30217/100000
796 415 1
789 415 6001/5000
682 415 -1
852 416 270363/20000
851 416 107711/100000
853 416 12/5
900 416 212393/50000
850 416 -3477797/100000
856 416 11936023/100000
855 416 4476009/50000
854 416 1492003/50000
849 416 5609931/100000
901 416 39/2000
796 416 1
789 416 746/625
686 416 -1
852 417 257251/20000
851 417 26711/25000
853 417 12/5
900 417 195357/100000
850 417 -23326591/50000
856 417 1039021/10000
855 417 323251/4000
854 417 4040637/100000
849 417 1039021/20000
901 417 1319/10000
796 417 1
789 417 115447/100000
690 417 -1
852 418 1150537/100000
851 418 103403/100000
853 418 16/5
900 418 85171/25000
850 418 -239597/100000
856 418 2339793/25000
855 418 3853777/100000
849 418 1376349/50000
901 418 1/1000
796 418 1
789 418 27527/25000
691 418 -1
852 419 672209/50000
851 419 21549/20000
853 419 13/5
900 419 1680401/100000
850 419 -254803/100000
856 419 4976581/50000
855 419 3512881/100000
849 419 6791569/100000
901 419 21/1000
796 419 1
789 419 14637/12500
692 419 -1
852 420 306403/20000
851 420 109579/100000
853 420 2
900 420 150137/20000
850 420 -3012911/20000
856 420 1299293/10000
855 420 1299293/10000
854 420 935491/20000
849 420 1299293/20000
796 420 1
789 420 129929/100000
721 420 -1
852 421 137/10
851 421 1089/1000
853 421 2
900 421 17591/10000
850 421 -31663441/100000
856 421 1257071/10000
855 421 1257071/10000
854 421 282841/6250
849 421 1257071/20000
796 421 1
789 421 125707/100000
723 421 -1
852 422 299/25
851 422 419/400
853 422 19/10
900 422 11103/6250
850 422 -7387569/12500
856 422 11494253/100000
855 422 11494253/100000
854 422 9666667/100000
849 422 1454023/50000
901 422 47/1000
796 422 1
789 422 114943/100000
725 422 -1
852 423 168069/10000
851 423 55253/50000
853 423 19/10
900 423 60349/50000
850 423 -11041253/20000
856 423 6830601/50000
855 423 6830601/50000
854 423 6147541/50000
849 423 6830601/100000
901 423 1/10
796 423 1
789 423 34153/25000
747 423 -1
852 424 756619/50000
851 424 21871/20000
853 424 19/10
900 424 114891/100000
850 424 -52550047/100000
856 424 13003901/100000
855 424 13003901/100000
854 424 11703511/100000
849 424 6501951/100000
901 424 1/10
796 424 1
789 424 130039/100000
750 424 -1
852 425 617847/50000
851 425 106433/100000
853 425 19/10
900 425 46773/50000
850 425 -455309/500
856 425 6037189/50000
855 425 6037189/50000
854 425 6037189/50000
849 425 603719/25000
901 425 3/100
796 425 1
789 425 15093/12500
780 425 -1
852 426 1185389/100000
851 426 21071/20000
853 426 10203/4000
900 426 88711/12500
850 426 -4242429/20000
856 426 11109339/100000
855 426 1477007/20000
854 426 449223/50000
849 426 1907163/50000
901 426 4883/50000
796 426 1
789 426 4511/4000
782 426 -1
852 427 113249/10000
851 427 103027/100000
853 427 287/100
900 427 132689/25000
850 427 -11179313/50000
856 427 9006347/100000
855 427 716787/25000
849 427 3556577/100000
901 427 143/1000
796 427 1
789 427 109433/100000
785 427 -1
852 428 68289/6250
851 428 25713/25000
853 428 3
900 428 152657/20000
850 428 -24411019/100000
856 428 10326087/100000
855 428 5434783/100000
849 428 1576087/50000
901 428 3/1000
796 428 1
789 428 13587/12500
786 428 -1
860 429 34293/2500
859 429 53861/50000
861 429 128769/50000
902 429 192581/25000
858 429 -1710311/50000
864 429 12002029/100000
863 429 2781937/25000
857 429 6858703/100000
904 429 30217/100000
797 429 1
790 429 6001/5000
682 429 -1
860 430 672209/50000
859 430 21549/20000
861 430 13/5
902 430 1680401/100000
858 430 -254803/100000
864 430 4976581/50000
863 430 3512881/100000
857 430 6791569/100000
904 430 21/1000
797 430 1
790 430 14637/12500
692 430 -1
860 431 244851/20000
859 431 26523/25000
861 431 11/5
902 431 457201/100000
858 431 -4674877/100000
864 431 1176609/10000
863 431 1176609/10000
862 431 3529827/50000
857 431 1029533/25000
904 431 1/1000
797 431 1
790 431 117661/100000
728 431 -1
866 432 381277/25000
865 432 21917/20000
799 432 1
708 432 1917/20000
687 432 -1
866 433 672209/50000
865 433 21549/20000
905 433 21/1000
799 433 1
708 433 1549/20000
692 433 -1
866 434 1063043/100000
865 434 6089/6250
905 434 210283/100000
799 434 1
708 434 -161/6250
765 434 -1
868 435 672209/50000
867 435 21549/20000
907 435 12/5
906 435 21/1000
800 435 1
711 435 1549/20000
692 435 -1
896 436 10743381/100000
897 436 6133991/50000
871 436 105101/100000
873 436 1101423/100000
911 436 843373/100000
910 436 60241/10000
802 436 1
791 436 60241/50000
741 436 -1
896 437 12749257/100000
897 437 2661981/20000
871 437 110287/100000
873 437 153753/10000
911 437 244253/50000
910 437 86207/25000
802 437 1
791 437 71839/50000
746 437 -1
896 438 1071881/10000
897 438 1237547/10000
871 438 51729/50000
873 438 984091/100000
911 438 76651/25000
910 438 76651/25000
802 438 1
791 438 4717/4000
749 438 -1
898 439 5640113/50000
899 439 11339347/100000
876 439 1121/1000
878 439 839/50
913 439 1111111/25000
912 439 297619/12500
803 439 1
792 439 15873/10000
700 439 -1
898 440 5627497/50000
899 440 5758511/50000
876 440 110907/100000
878 440 814163/50000
913 440 3771877/100000
912 440 1131563/50000
803 440 1
792 440 1207/800
734 440 -1
898 441 9130247/100000
899 441 4590431/50000
876 441 2701/2500
878 441 322693/25000
913 441 744401/100000
912 441 329381/50000
803 441 1
792 441 16469/12500
740 441 -1
898 442 10743381/100000
899 442 6133991/50000
876 442 105101/100000
878 442 1101423/100000
913 442 843373/100000
912 442 60241/10000
803 442 1
792 442 60241/50000
741 442 -1
898 443 6178123/50000
899 443 258769/2000
876 443 27787/25000
878 443 1688779/100000
913 443 1704379/50000
912 443 451159/25000
803 443 1
792 443 77121/50000
742 443 -1
898 444 12749257/100000
899 444 2661981/20000
876 444 110287/100000
878 444 153753/10000
913 444 244253/50000
912 444 86207/25000
803 444 1
792 444 71839/50000
746 444 -1
898 445 2694549/25000
899 445 10995663/100000
876 445 11/10
878 445 15
913 445 82587/6250
912 445 82587/6250
803 445 1
792 445 146821/100000
751 445 -1
898 446 2231531/20000
899 446 116293/1000
876 446 109319/100000
878 446 1380359/100000
913 446 265883/10000
912 446 174923/12500
803 446 1
792 446 69969/50000
754 446 -1
884 447 672209/50000
882 447 21549/20000
888 447 3512881/100000
917 447 97/25
915 447 190281/6250
916 447 21/1000
885 447 278103/12500
883 447 -429489/50000
914 447 201467/100000
881 447 -254803/100000
804 447 1
793 447 14637/12500
692 447 -1
884 448 138063/10000
882 448 108059/100000
888 448 5857689/50000
887 448 1541497/25000
917 448 63/20
915 448 1603157/50000
916 448 21/1000
885 448 585769/25000
886 448 3699593/100000
883 448 -738421/100000
914 448 78691/50000
881 448 -2449857/50000
804 448 1
793 448 3083/2500
729 448 -1
884 449 246191/20000
882 449 10639/10000
888 449 2411091/20000
887 449 2411091/20000
917 449 31/10
915 449 4767089/100000
916 449 33/10000
885 449 1699819/100000
886 449 1084991/10000
883 449 -1041631/100000
914 449 128071/100000
881 449 -90919087/100000
804 449 1
793 449 24111/20000
781 449 -1
807 450 1
808 451 1
809 452 1
810 453 1
814 454 1
815 455 1
816 456 1
817 457 1
818 458 1
819 459 1
820 460 1
821 461 1
822 462 1
823 463 1
824 464 1
825 465 1
828 466 1
829 467 1
830 468 1
831 469 1
832 470 1
833 471 1
834 472 1
835 473 1
836 474 1
837 475 1
838 476 1
841 477 1
842 478 1
843 479 1
844 480 1
705 481 1
707 481 -1
798 482 1
706 482 227/200
694 482 -1
798 483 1
706 483 623/500
696 483 -1
798 484 1
706 484 1183/1000
697 484 -1
798 485 1
706 485 231/200
698 485 -1
798 486 1
706 486 1139/1000
699 486 -1
798 487 1
706 487 299/100
716 487 -1
798 488 1
770 488 -1
706 488 47/40
798 489 -1
707 490 1
706 490 -1
709 491 1
707 491 -1
761 492 77/200
710 492 123/200
760 492 -1
727 493 99/100
794 493 -1
805 494 -1
730 495 197/200
795 495 -1
806 496 -1
679 497 1
676 497 -1
680 498 1
677 498 -1
681 499 1
678 499 -1
725 500 157/1000
724 500 843/1000
718 500 -1
807 500 -6199/5000
893 500 -1/500
892 500 -1/500
891 500 -131/5000
747 501 1087/100000
746 501 98913/100000
694 501 -56919/100000
771 501 -43081/100000
808 501 -4127/5000
893 501 -653/5000
892 501 -69/10000
750 502 1111/25000
748 502 23889/25000
772 502 -4813/10000
694 502 -5187/10000
808 502 -3971/5000
893 502 -77/500
892 502 -13/2000
798 503 599/100000
840 503 473/10000
839 503 41/1000
813 503 109/10000
811 503 427/10000
812 503 3/250
827 503 -1097/1000
826 503 -1539/10000
782 503 37239/100000
685 503 -1
758 503 2977/100000
787 503 219/100000
780 503 7287/100000
779 503 3977/25000
778 503 957/5000
715 503 173/100000
772 503 4727/100000
699 503 1087/100000
694 503 267/6250
771 503 4099/100000
698 503 299/25000
770 503 79/10000
697 503 73/25000
706 503 599/100000
810 503 -2939/2500
893 503 103/5000
892 503 -51/2000
798 504 29/2000
840 504 43/1250
839 504 241/10000
813 504 37/5000
811 504 91/10000
812 504 143/10000
827 504 -1221/1000
826 504 -893/10000
706 504 29/2000
788 504 379/5000
786 504 419/2000
780 504 107/1000
779 504 2339/10000
778 504 1043/5000
758 504 541/10000
768 504 -1
772 504 43/1250
771 504 241/10000
699 504 37/5000
694 504 91/10000
698 504 143/10000
697 504 73/10000
715 504 1/50000
810 504 -11273/10000
893 504 197/10000
892 504 -49/2000
798 505 99/12500
840 505 551/10000
839 505 41/1000
813 505 53/5000
811 505 43/1250
812 505 29/2500
827 505 -233/200
826 505 -1527/10000
783 505 20753/100000
758 505 5463/100000
787 505 741/25000
780 505 9401/100000
779 505 11091/50000
778 505 2717/12500
774 505 -1
715 505 13/12500
772 505 5513/100000
699 505 529/50000
694 505 3437/100000
771 505 128/3125
698 505 1163/100000
770 505 451/50000
697 505 109/25000
706 505 99/12500
810 505 -702/625
893 505 197/10000
892 505 -61/2500
798 506 491/50000
840 506 377/10000
839 506 37/1250
813 506 31/5000
811 506 207/10000
812 506 81/10000
784 506 938/3125
775 506 -1
827 506 -6923/5000
826 506 -1023/10000
758 506 5233/100000
787 506 601/20000
780 506 9957/100000
779 506 23501/100000
778 506 15423/100000
715 506 41/100000
772 506 1887/50000
699 506 123/20000
694 506 207/10000
771 506 741/25000
698 506 101/12500
770 506 853/100000
697 506 379/50000
706 506 491/50000
810 506 -10653/10000
893 506 41/2500
892 506 -51/2500
798 507 57/10000
840 507 6/125
839 507 87/2500
813 507 117/10000
811 507 79/2000
812 507 23/2000
827 507 -233/200
826 507 -727/5000
783 507 21181/100000
758 507 793/12500
787 507 3683/100000
780 507 913/10000
779 507 5409/25000
778 507 21729/100000
774 507 -1
715 507 109/50000
772 507 2401/50000
699 507 1167/100000
694 507 789/20000
771 507 3481/100000
698 507 1149/100000
770 507 643/100000
697 507 161/50000
706 507 57/10000
810 507 -702/625
893 507 197/10000
892 507 -61/2500
798 508 143/20000
840 508 329/10000
839 508 123/5000
813 508 67/10000
811 508 233/10000
812 508 39/5000
784 508 31529/100000
775 508 -1
827 508 -13323/10000
826 508 -953/10000
758 508 5937/100000
787 508 177/6250
780 508 61/625
779 508 2891/12500
778 508 7671/50000
715 508 41/100000
772 508 329/10000
699 508 337/50000
694 508 291/12500
771 508 77/3125
698 508 389/50000
770 508 31/5000
697 508 281/50000
706 508 143/20000
810 508 -10653/10000
893 508 41/2500
892 508 -51/2500
798 509 109/12500
840 509 77/2500
839 509 251/10000
813 509 57/10000
811 509 213/10000
812 509 73/10000
785 509 7149/20000
776 509 -1
827 509 -7949/5000
826 509 -451/5000
758 509 6763/100000
787 509 891/25000
780 509 8659/100000
779 509 793/4000
778 509 3477/25000
715 509 43/20000
772 509 3079/100000
699 509 71/12500
694 509 213/10000
771 509 627/25000
698 509 73/10000
770 509 22/3125
697 509 73/10000
706 509 109/12500
810 509 -10591/10000
893 509 33/2000
892 509 -41/2000
761 510 -1
679 511 -1
764 511 8279/20000
684 511 1589/20000
682 511 11751/100000
718 511 1633/12500
733 511 19379/100000
732 511 1227/25000
813 511 6/625
811 511 29/10000
812 511 7/2500
699 511 6/625
694 511 289/100000
698 511 141/50000
697 511 27/100000
814 511 -6001/5000
893 511 -41/5000
892 511 -3/625
891 511 -149/10000
680 512 -1
767 512 1083/5000
691 512 77/625
728 512 707/5000
753 512 2589/5000
813 512 3/5000
811 512 1/2500
699 512 3/5000
694 512 1/2500
814 512 -117/100
893 512 -1/125
892 512 -47/10000
891 512 -29/2000
681 513 -1
768 513 4231/10000
692 513 2123/10000
729 513 207/1250
736 513 703/5000
734 513 519/10000
813 513 1/250
811 513 1/400
699 513 1/250
694 513 1/400
814 513 -603/500
893 513 -41/5000
892 513 -3/625
891 513 -3/200
813 514 3/10000
811 514 1/5000
812 514 3/5000
774 514 9137/10000
686 514 7437/100000
740 514 23/10000
773 514 -1
715 514 1139/100000
699 514 13/50000
694 514 3/12500
698 514 31/50000
697 514 47/100000
696 514 13/25000
717 514 -193/50000
818 514 -2219/2000
893 514 -111/10000
892 514 -17/2500
891 514 -11/1250
813 515 7/500
811 515 21/1000
812 515 1/100
773 515 -1
723 515 6333/10000
756 515 2279/10000
755 515 947/10000
699 515 7/500
694 515 21/1000
698 515 1/100
697 515 1/500
696 515 1/200
715 515 9/625
717 515 -223/10000
819 515 -2219/2000
893 515 -9/10000
892 515 -81/10000
891 515 -29/1000
848 516 1
894 516 -1
813 517 23/1000
811 517 143/5000
812 517 7/625
717 517 -187/10000
688 517 363/2000
722 517 393/1250
745 517 171/500
743 517 1081/10000
767 517 -1
699 517 23/1000
694 517 143/5000
698 517 7/625
697 517 1/400
696 517 27/5000
715 517 1/500
822 517 -901/1000
892 517 -7/1000
891 517 -33/1000
798 518 4021/100000
735 518 -1
739 518 39679/50000
700 518 863/100000
695 518 16941/100000
706 518 4021/100000
716 518 -1183/100000
823 518 -15281/10000
893 518 -321/10000
892 518 -23/2500
891 518 -107/10000
719 519 1249/1250
718 519 -1
715 519 81/100000
716 519 -1/25000
824 519 -499/400
893 519 -37/10000
892 519 -1/1000
718 520 -1
720 520 50317/50000
715 520 9/10000
716 520 -181/25000
825 520 -499/400
893 520 -1/400
892 520 -1/400
891 520 -37/10000
798 521 1/20
811 521 -1
706 521 227/4000
694 521 -1/20
798 522 3/20
812 522 -1
706 522 693/4000
698 522 -3/20
798 523 1/20
813 523 -1
706 523 1139/20000
699 523 -1/20
798 524 3/20
839 524 -1
706 524 171/1000
771 524 -3/20
798 525 1/20
840 525 -1
706 525 1123/20000
772 525 -1/20
826 526 1
894 526 -1543/500
735 527 100001/100000
732 527 -1
716 527 -1/100000
829 527 -15279/10000
892 527 -1/1250
891 527 -19/2500
757 528 3757/5000
754 528 2421/10000
753 528 -1
715 528 139/10000
717 528 -37/5000
830 528 -259/200
893 528 -9/1000
892 528 -1/200
891 528 -1/250
685 529 99323/100000
684 529 -1
715 529 143/20000
716 529 -19/50000
832 529 -467/400
892 529 -13/2000
891 529 -21/10000
683 530 6233/6250
682 530 -1
715 530 139/50000
716 530 -3/20000
832 530 -6001/5000
892 530 -67/10000
891 530 -11/5000
773 531 36801/50000
765 531 13199/50000
764 531 -1
833 531 -1347/1250
893 531 -17/10000
892 531 -9/5000
891 531 -17/1250
813 532 27/1000
811 532 99/5000
812 532 13/400
752 532 -1
738 532 1717/2000
699 532 1349/50000
694 532 1983/100000
698 532 13/400
697 532 2309/100000
696 532 361/25000
716 532 1233/50000
834 532 -1
893 532 -97/5000
892 532 -149/10000
891 532 -531/10000
813 533 43/5000
811 533 51/10000
812 533 23/2000
779 533 -1
738 533 4679/5000
699 533 107/12500
694 533 253/50000
698 533 287/25000
697 533 823/100000
696 533 949/100000
716 533 2137/100000
834 533 -6507/5000
893 533 -39/2000
892 533 -3/200
891 533 -267/5000
813 534 339/10000
811 534 39/2000
812 534 51/1250
737 534 84783/100000
699 534 3391/100000
694 534 39/2000
698 534 407/10000
697 534 1459/50000
696 534 791/50000
716 534 261/20000
733 534 -1
835 534 -13367/10000
893 534 -187/10000
892 534 -9/500
891 534 -107/2000
738 535 94299/100000
813 535 41/10000
811 535 43/10000
812 535 17/2000
745 535 -1
699 535 413/100000
694 535 101/25000
698 535 169/20000
697 535 113/20000
696 535 791/100000
716 535 83/3125
836 535 -6733/5000
892 535 -9/625
891 535 -59/1250
813 536 1/125
811 536 7/1000
812 536 11/1000
757 536 -1
749 536 919/1000
699 536 1/125
694 536 7/1000
698 536 11/1000
697 536 1/125
696 536 7/1000
716 536 1/25
836 536 -639/500
892 536 -9/1000
891 536 -1/200
813 537 13/500
811 537 17/1000
812 537 4/125
736 537 -1
741 537 213/250
699 537 13/500
694 537 17/1000
698 537 4/125
697 537 1/40
696 537 17/1000
716 537 31/1000
837 537 -53/40
893 537 -7/1000
892 537 -11/125
891 537 -1/100
763 538 499/500
715 538 -17/16
838 538 -1
893 538 53/200
892 538 -16/625
891 538 -657/10000
744 539 1
756 539 -1
696 540 49/200
766 540 -61119/10000
763 540 52/625
717 540 1
842 540 -1
895 540 -67231/10000
892 540 -46/125
891 540 -117/500
798 541 413/2000
706 541 3087/5000
717 541 1
716 541 -2413/2000
844 541 -1
892 541 -21/50
900 542 -956061/100000
850 542 6187/40
856 542 -85
855 542 -1
854 542 -12
849 542 -44
789 542 -1
701 542 1
901 543 -27/100
796 543 -1
902 544 -956061/100000
858 544 20205493/50000
864 544 -85
863 544 -1
862 544 -12
857 544 -1/10000
903 544 -2177/2500
790 544 -1
702 544 1
903 545 1
904 545 -27/100
797 545 -1
905 546 -3/5
799 546 -1
708 546 1
907 547 -42119/10000
906 547 -3/5
800 547 -1
711 547 1
909 548 -8737/2000
908 548 -23/10
801 548 -1
712 548 1
802 549 -1
879 550 -87
880 550 -92
877 550 -82
913 550 -16
912 550 -13
792 550 -1
714 550 99/100
803 551 -1
888 552 -1
887 552 -1
915 552 -18
885 552 -43/2
886 552 -15
914 552 -61177/50000
881 552 6726709/12500
793 552 -1
726 552 199/200
917 553 -5
916 553 -7/25
883 553 1785159/100000
804 553 -1
1865 554 -1
694 554 1
1867 555 -1
777 555 1
891 556 1
895 557 1
704 558 -1
891 558 1
705 559 -1
892 559 1
709 560 -1
893 560 1
874 561 1/2
872 561 1
896 561 -1
874 562 1/2
875 562 1
897 562 -1
879 563 1/2
877 563 1
898 563 -1
879 564 1/2
880 564 1
899 564 -1
918 565 1
2 565 -1
919 566 1
5 566 -1
920 567 1
6 567 -1
1116 568 1456529/100000
1115 568 27231/25000
1117 568 13/5
1165 568 3366337/100000
1114 568 -332209/12500
1120 568 9845089/100000
1119 568 922977/25000
1113 568 984509/20000
1061 568 1
1054 568 15383/12500
931 568 -1
1116 569 672209/50000
1115 569 21549/20000
1117 569 13/5
1165 569 1680401/100000
1114 569 -254803/100000
1120 569 4976581/50000
1119 569 3512881/100000
1113 569 6791569/100000
1166 569 21/1000
1061 569 1
1054 569 14637/12500
937 569 -1
1116 570 132727/10000
1115 570 53727/50000
1117 570 102803/50000
1165 570 42809/25000
1114 570 -30664411/50000
1120 570 2434733/20000
1119 570 2434733/20000
1118 570 8229389/100000
1113 570 5536369/100000
1166 570 131/10000
1061 570 1
1054 570 121737/100000
965 570 -1
1116 571 137/10
1115 571 1089/1000
1117 571 2
1165 571 10923/6250
1114 571 -31457809/100000
1120 571 780567/6250
1119 571 780567/6250
1118 571 2248033/50000
1113 571 780567/12500
1061 571 1
1054 571 124891/100000
969 571 -1
1116 572 1353/100
1115 572 2697/2500
1117 572 257/125
1165 572 173231/100000
1114 572 -31021949/50000
1120 572 2463661/20000
1119 572 2463661/20000
1118 572 4163587/50000
1113 572 6109879/100000
1166 572 11/1000
1061 572 1
1054 572 123183/100000
970 572 -1
1116 573 138063/10000
1115 573 108059/100000
1117 573 19/10
1165 573 795171/100000
1114 573 -2449857/50000
1120 573 12331977/100000
1119 573 5857689/50000
1118 573 1541497/25000
1113 573 1572327/25000
1166 573 21/1000
1061 573 1
1054 573 3083/2500
975 573 -1
1116 574 168069/10000
1115 574 55253/50000
1117 574 19/10
1165 574 60349/50000
1114 574 -11041253/20000
1120 574 6830601/50000
1119 574 6830601/50000
1118 574 6147541/50000
1113 574 6830601/100000
1166 574 1/10
1061 574 1
1054 574 34153/25000
999 574 -1
1116 575 756619/50000
1115 575 21871/20000
1117 575 19/10
1165 575 114891/100000
1114 575 -52550047/100000
1120 575 13003901/100000
1119 575 13003901/100000
1118 575 11703511/100000
1113 575 6501951/100000
1166 575 1/10
1061 575 1
1054 575 130039/100000
1002 575 -1
1116 576 154097/12500
1115 576 106393/100000
1117 576 19/10
1165 576 5841/6250
1114 576 -22743481/25000
1120 576 6031363/50000
1119 576 6031363/50000
1118 576 6031363/50000
1113 576 482509/20000
1166 576 3/100
1061 576 1
1054 576 120627/100000
1042 576 -1
1124 577 6501/500
1123 577 106767/100000
1125 577 134761/50000
1167 577 586341/100000
1122 577 -1073559/50000
1128 577 2923907/25000
1127 577 9403513/100000
1121 577 587/10
1169 577 19317/50000
1062 577 1
1055 577 29239/25000
924 577 -1
1124 578 1265387/100000
1123 578 10651/10000
1125 578 12/5
1167 578 259551/100000
1122 578 -46816777/100000
1128 578 11585161/100000
1127 578 2027403/25000
1126 578 2027403/50000
1121 578 4156307/100000
1169 578 2981/25000
1062 578 1
1055 578 28963/25000
929 578 -1
1124 579 270363/20000
1123 579 21541/20000
1125 579 12/5
1167 579 212393/50000
1122 579 -3477797/100000
1128 579 11936023/100000
1127 579 4476009/50000
1126 579 1492003/50000
1121 579 5609931/100000
1169 579 39/2000
1062 579 1
1055 579 746/625
930 579 -1
1124 580 62937/5000
1123 580 106457/100000
1125 580 12/5
1167 580 193613/100000
1122 580 -23118413/50000
1128 580 10297483/100000
1127 580 8009153/100000
1126 580 4004577/100000
1121 580 4107551/100000
1169 580 17/125
1062 580 1
1055 580 7151/6250
935 580 -1
1124 581 672209/50000
1123 581 21549/20000
1125 581 13/5
1167 581 1680401/100000
1122 581 -254803/100000
1128 581 4976581/50000
1127 581 3512881/100000
1121 581 6791569/100000
1169 581 21/1000
1062 581 1
1055 581 14637/12500
937 581 -1
1124 582 36583/2500
1123 582 27241/25000
1125 582 2
1167 582 367613/50000
1122 582 -3688583/25000
1128 582 1590671/12500
1127 582 1590671/12500
1126 582 4581133/100000
1121 582 1590671/25000
1062 582 1
1055 582 63627/50000
967 582 -1
1124 583 138063/10000
1123 583 108059/100000
1125 583 19/10
1167 583 795171/100000
1122 583 -2449857/50000
1128 583 12331977/100000
1127 583 5857689/50000
1126 583 1541497/25000
1121 583 1572327/25000
1169 583 21/1000
1062 583 1
1055 583 3083/2500
975 583 -1
1124 584 533937/50000
1123 584 51309/50000
1125 584 71871/25000
1167 584 681797/100000
1122 584 -24507501/100000
1128 584 2506047/25000
1127 584 3132627/100000
1126 584 1760221/100000
1121 584 1393917/50000
1169 584 12509/100000
1062 584 1
1055 584 108343/100000
1045 584 -1
1130 585 1379387/100000
1129 585 109591/100000
1170 585 1/50
1064 585 1
953 585 9591/100000
1024 585 -1
1132 586 1379387/100000
1131 586 109591/100000
1172 586 197/50
1171 586 1/50
1065 586 1
956 586 9591/100000
1024 586 -1
1134 587 1379387/100000
1133 587 109591/100000
1174 587 197/50
1173 587 1/50
1066 587 1
957 587 9591/100000
1024 587 -1
1134 588 284941/20000
1133 588 13573/12500
1174 588 13/5
1173 588 8477/50000
1066 588 1
957 588 1073/12500
1034 588 -1
1134 589 13347/2000
1133 589 94157/100000
1174 589 99/20
1173 589 1961/10000
1066 589 1
957 589 -5843/100000
1051 589 -1
1161 590 284437/2000
1162 590 7460789/50000
1135 590 559/500
1137 590 839/50
1176 590 1412/25
1175 590 168/5
1067 590 1
1056 590 8/5
940 590 -1
1161 591 7971107/100000
1162 591 7517023/100000
1135 591 27081/25000
1137 591 1340711/100000
1176 591 72071/50000
1175 591 29823/10000
1067 591 1
1056 591 65519/50000
979 591 -1
1161 592 5627497/50000
1162 592 5758511/50000
1135 592 110907/100000
1137 592 814163/50000
1176 592 3771877/100000
1175 592 1131563/50000
1067 592 1
1056 592 1207/800
980 592 -1
1161 593 10813317/100000
1162 593 3076747/25000
1135 593 52953/50000
1137 593 1149113/100000
1176 593 319961/100000
1175 593 339651/100000
1067 593 1
1056 593 61531/50000
984 593 -1
1161 594 13302171/100000
1162 594 1761521/12500
1135 594 27733/25000
1137 594 807389/50000
1176 594 227059/6250
1175 594 393569/20000
1067 594 1
1056 594 151373/100000
989 594 -1
1161 595 10743381/100000
1162 595 6133991/50000
1135 595 105101/100000
1137 595 1101423/100000
1176 595 843373/100000
1175 595 60241/10000
1067 595 1
1056 595 60241/50000
993 595 -1
1161 596 6050897/50000
1162 596 12672009/100000
1135 596 110913/100000
1137 596 202107/12500
1176 596 3338561/100000
1175 596 883737/50000
1067 596 1
1056 596 75533/50000
994 596 -1
1163 597 5640113/50000
1164 597 11339347/100000
1140 597 1121/1000
1142 597 839/50
1178 597 1111111/25000
1177 597 297619/12500
1068 597 1
1057 597 15873/10000
945 597 -1
1163 598 5627497/50000
1164 598 5758511/50000
1140 598 110907/100000
1142 598 814163/50000
1178 598 3771877/100000
1177 598 1131563/50000
1068 598 1
1057 598 1207/800
980 598 -1
1163 599 10813317/100000
1164 599 3076747/25000
1140 599 52953/50000
1142 599 1149113/100000
1178 599 319961/100000
1177 599 339651/100000
1068 599 1
1057 599 61531/50000
984 599 -1
1163 600 11416919/100000
1164 600 12570959/100000
1140 600 27793/25000
1142 600 845417/50000
1178 600 2942851/100000
1177 600 201353/20000
1068 600 1
1057 600 154887/100000
987 600 -1
1163 601 9130247/100000
1164 601 4590431/50000
1140 601 2701/2500
1142 601 322693/25000
1178 601 744401/100000
1177 601 329381/50000
1068 601 1
1057 601 16469/12500
992 601 -1
1163 602 10743381/100000
1164 602 6133991/50000
1140 602 105101/100000
1142 602 1101423/100000
1178 602 843373/100000
1177 602 60241/10000
1068 602 1
1057 602 60241/50000
993 602 -1
1163 603 11994123/100000
1164 603 12359377/100000
1140 603 11089/10000
1142 603 81/5
1178 603 839283/25000
1177 603 355461/20000
1068 603 1
1057 603 75953/50000
1007 603 -1
1163 604 7366091/50000
1164 604 9227661/50000
1140 604 1123/1000
1142 604 719/50
1178 604 290099/2000
1177 604 2929043/25000
1068 604 1
1057 604 165017/100000
1028 604 -1
1163 605 12137121/100000
1164 605 3448341/25000
1140 605 109813/100000
1142 605 1439481/100000
1178 605 701767/25000
1177 605 1342263/100000
1068 605 1
1057 605 142491/100000
1040 605 -1
1053 606 594077/50000
1148 606 672209/50000
1146 606 21549/20000
1152 606 3512881/100000
1182 606 97/25
1180 606 190281/6250
1181 606 21/1000
1149 606 278103/12500
1147 606 -429489/50000
1179 606 201467/100000
1145 606 -254803/100000
1069 606 1
1058 606 14637/12500
937 606 -1
1053 607 1129529/100000
1148 607 244851/20000
1146 607 26523/25000
1152 607 1176609/10000
1151 607 3529827/50000
1182 607 7/2
1180 607 1029533/25000
1181 607 1/1000
1149 607 1176609/100000
1150 607 1029533/25000
1147 607 -367557/25000
1179 607 289/200
1145 607 -1031203/2000
1069 607 1
1058 607 117661/100000
974 607 -1
1053 608 564177/50000
1148 608 153143/12500
1146 608 106309/100000
1152 608 6016123/50000
1151 608 6016123/50000
1182 608 31/10
1180 608 2360847/50000
1181 608 33/10000
1149 608 1708579/100000
1150 608 5414511/50000
1147 608 -518123/50000
1179 608 5113/4000
1145 608 -90744053/100000
1069 608 1
1058 608 60161/50000
1043 608 -1
1086 609 1
1094 610 1
1900 611 -1
1897 611 -1
1098 611 1
1100 612 1
1101 613 1
1072 614 1
1073 615 1
1074 616 1
1078 617 1
1079 618 1
1080 619 1
1081 620 1
1082 621 1
1083 622 1
1084 623 1
1085 624 1
1087 625 1
1088 626 1
1089 627 1
1092 628 1
1093 629 1
1095 630 1
1096 631 1
1097 632 1
1098 633 1
1099 634 1
1102 635 1
1105 636 1
1106 637 1
1107 638 1
1108 639 1
949 640 1
952 640 -1
950 641 1
952 641 -1
1063 642 1
951 642 227/200
939 642 -1
1063 643 1
951 643 623/500
941 643 -1
1063 644 1
951 644 1183/1000
942 644 -1
1063 645 1
951 645 1139/1000
944 645 -1
1063 646 1
1026 646 -1
951 646 47/40
1063 647 1
1027 647 -1
951 647 57/50
1063 648 -1
952 649 1
951 649 -1
954 650 1
952 650 -1
1015 651 417/1000
955 651 583/1000
1014 651 -1
973 652 99/100
1059 652 -1
1070 653 -1
1154 654 1153/1000
1071 654 1
1060 654 2381/1250
944 654 -339/2500
943 654 -2161/2500
976 655 197/200
1060 655 -1
1071 656 -1
921 657 1
918 657 -1
923 658 1
920 658 -1
999 659 1087/100000
998 659 98913/100000
939 659 -56919/100000
1027 659 -43081/100000
1073 659 -4127/5000
1157 659 -653/5000
1156 659 -69/10000
1002 660 1111/25000
1000 660 23889/25000
1028 660 -4813/10000
939 660 -5187/10000
1073 660 -3971/5000
1157 660 -77/500
1156 660 -13/2000
1063 661 469/100000
1104 661 357/10000
1103 661 77/2500
1077 661 51/5000
1075 661 107/2500
1076 661 27/2500
1091 661 -553/500
1090 661 -163/1250
1044 661 7871/20000
927 661 -1
1012 661 1011/25000
1051 661 99/50000
1042 661 3849/50000
1041 661 2071/12500
1040 661 8811/50000
961 661 39/25000
1028 661 223/6250
944 661 41/4000
939 661 857/20000
1027 661 1541/50000
943 661 1083/100000
1026 661 59/10000
942 661 259/100000
951 661 469/100000
1074 661 -5763/5000
1158 661 -541/1000
1157 661 101/5000
1156 661 -1/40
1063 662 83/12500
1104 662 51/1250
1103 662 37/1250
1077 662 23/2500
1075 662 313/10000
1076 662 49/5000
1091 662 -311/250
1090 662 -603/5000
1045 662 3123/12500
1012 662 223/3125
1051 662 129/5000
1042 662 9713/100000
1041 662 5653/25000
1040 662 18943/100000
1032 662 -1
961 662 119/50000
1028 662 2041/50000
944 662 923/100000
939 662 1563/50000
1027 662 739/25000
943 662 977/100000
1026 662 41/6250
942 662 409/100000
951 662 133/20000
1074 662 -1373/1250
1158 662 -581/1000
1157 662 191/10000
1156 662 -237/10000
1063 663 821/50000
1104 663 7/250
1103 663 219/10000
1077 663 1/400
1075 663 33/2500
1076 663 29/5000
1091 663 -789/500
1090 663 -357/5000
1046 663 2411/6250
1033 663 -1
1012 663 1353/20000
1051 663 3637/25000
1042 663 3181/50000
1041 663 13141/100000
1040 663 5043/50000
961 663 51/25000
1028 663 701/25000
944 663 123/50000
939 663 1323/100000
1027 663 1093/50000
943 663 583/100000
1026 663 327/50000
942 663 441/50000
951 663 821/50000
1074 663 -1073/1000
1158 663 -81/200
1157 663 47/2500
1156 663 -233/10000
1063 664 1821/100000
1104 664 399/10000
1103 664 73/2000
1077 664 17/2500
1075 664 27/1000
1076 664 21/2500
1091 664 -1793/1000
1090 664 -237/2000
1047 664 26679/100000
1034 664 -1
1012 664 1301/12500
1051 664 9991/50000
1042 664 403/12500
1041 664 7639/100000
1040 664 16367/100000
961 664 209/100000
1028 664 3989/100000
944 664 169/25000
939 664 1349/50000
1027 664 1823/50000
943 664 837/100000
1026 664 1207/100000
942 664 309/50000
951 664 1821/100000
1074 664 -11999/10000
1158 664 -823/500
1157 664 21/1000
1156 664 -13/500
1063 665 19/2500
1104 665 299/10000
1103 665 9/400
1077 665 53/10000
1075 665 12/625
1076 665 69/10000
1048 665 34969/100000
1035 665 -1
1091 665 -1709/1250
1090 665 -419/5000
1012 665 1179/20000
1051 665 401/12500
1042 665 953/10000
1041 665 22369/100000
1040 665 851/6250
961 665 1/2500
1028 665 2991/100000
944 665 33/6250
939 665 1923/100000
1027 665 563/25000
943 665 693/100000
1026 665 567/100000
942 665 33/5000
951 665 19/2500
1074 665 -5299/5000
1158 665 -183/625
1157 665 33/2000
1156 665 -41/2000
1063 666 963/100000
1104 666 29/1000
1103 666 233/10000
1077 666 41/10000
1075 666 17/1000
1076 666 33/5000
1049 666 20021/50000
1038 666 -1
1091 666 -16463/10000
1090 666 -2/25
1012 666 1303/20000
1051 666 4749/100000
1042 666 8023/100000
1041 666 4519/25000
1040 666 1487/12500
961 666 41/20000
1028 666 29/1000
944 666 409/100000
939 666 1697/100000
1027 666 2333/100000
943 666 41/6250
1026 666 41/6250
942 666 441/50000
951 666 963/100000
1074 666 -10381/10000
1158 666 -2517/10000
1157 666 169/10000
1156 666 -209/10000
1110 667 1
1112 667 -1
1109 667 -1
1111 667 -1
1158 667 1
1012 668 -1
1110 668 -627/25
1112 668 627/25
1109 668 627/25
1111 668 627/25
1159 668 -337/500
1015 669 -1
921 670 -1
1019 670 28369/50000
926 670 253/3125
924 670 8379/100000
964 670 1487/12500
979 670 2919/25000
978 670 599/25000
1077 670 13/2500
1075 670 11/10000
1076 670 19/10000
944 670 521/100000
939 670 53/50000
943 670 93/50000
942 670 3/50000
1078 670 -2821/2500
1157 670 -19/2500
1156 670 -9/2000
1155 670 -7/500
922 671 -1
1023 671 1083/5000
936 671 77/625
974 671 707/5000
1005 671 2589/5000
1077 671 3/5000
1075 671 1/2500
944 671 3/5000
939 671 1/2500
1078 671 -117/100
1157 671 -1/125
1156 671 -47/10000
1155 671 -29/2000
923 672 -1
1024 672 4231/10000
937 672 2123/10000
975 672 207/1250
982 672 703/5000
980 672 519/10000
1077 672 1/250
1075 672 1/400
944 672 1/250
939 672 1/400
1078 672 -603/500
1157 672 -41/5000
1156 672 -3/625
1155 672 -3/200
1104 673 41/5000
1103 673 39/2500
1077 673 53/5000
1075 673 33/10000
1076 673 59/5000
1010 673 15081/50000
1031 673 18437/100000
928 673 1679/6250
986 673 1393/12500
985 673 1341/50000
1020 673 -1
961 673 91/20000
1028 673 817/100000
944 673 33/3125
939 673 331/100000
1027 673 1559/100000
943 673 59/5000
1026 673 81/6250
942 673 1643/100000
941 673 1187/50000
1079 673 -612/625
1157 673 3/10000
1156 673 -33/5000
1155 673 -339/10000
1077 674 49/10000
1075 674 9/10000
1104 674 13/1000
1076 674 137/10000
1103 674 79/5000
1020 674 -1
1013 674 113/10000
1018 674 1/10000
1014 674 137/625
1037 674 701/2000
934 674 1727/10000
986 674 141/1250
985 674 21/1000
944 674 49/10000
939 674 9/10000
1028 674 13/1000
943 674 137/10000
1027 674 79/5000
942 674 99/5000
1026 674 53/5000
941 674 11/400
962 674 7/5000
961 674 23/5000
1080 674 -612/625
1157 674 1/100
1156 674 -7/250
1063 675 2529/100000
1104 675 3/2500
1103 675 1/1000
1077 675 17/5000
1075 675 1/625
1076 675 3/2000
1020 675 -1
1021 675 3567/6250
1030 675 32833/100000
990 675 833/12500
1028 675 29/25000
944 675 337/100000
939 675 81/50000
1027 675 1/1000
943 675 73/50000
951 675 2529/100000
961 675 41/100000
1081 675 -612/625
1157 675 17/5000
1156 675 -27/10000
1155 675 -89/5000
1112 676 1
1109 676 1
1155 676 -289/10000
1077 677 3/10000
1075 677 1/5000
1076 677 3/5000
1032 677 91547/100000
930 677 3643/50000
992 677 23/10000
1029 677 -1
961 677 549/50000
944 677 13/50000
939 677 3/12500
943 677 31/50000
942 677 47/100000
941 677 13/25000
963 677 -371/100000
1082 677 -10871/10000
1157 677 -111/10000
1156 677 -17/2500
1155 677 -89/10000
1077 678 3/10000
1075 678 1/5000
1076 678 3/5000
1034 678 18139/20000
1030 678 -1
930 678 1577/20000
992 678 23/10000
961 678 1441/100000
944 678 13/50000
939 678 3/12500
943 678 31/50000
942 678 47/100000
941 678 13/25000
963 678 -463/100000
1082 678 -2353/2000
1157 678 -59/5000
1156 678 -71/10000
1155 678 -47/5000
1077 679 3/10000
1075 679 1/5000
1076 679 3/5000
1033 679 91179/100000
930 679 7089/100000
992 679 23/10000
1031 679 -1
961 679 1757/100000
944 679 13/50000
939 679 3/12500
943 679 31/50000
942 679 47/100000
941 679 13/25000
963 679 -233/50000
1082 679 -423/400
1157 679 -13/1250
1156 679 -4/625
1155 679 -21/2500
1077 680 3/10000
1075 680 1/5000
1076 680 3/5000
1035 680 2887/3125
1036 680 -1
930 680 3537/50000
992 680 23/10000
961 680 171/50000
944 680 13/50000
939 680 3/12500
943 680 31/50000
942 680 47/100000
941 680 13/25000
963 680 -3/1250
1082 680 -2111/2000
1157 680 -53/5000
1156 680 -4/625
1155 680 -21/2500
1077 681 3/10000
1075 681 1/5000
1076 681 3/5000
1038 681 45631/50000
1037 681 -1
930 681 1373/20000
992 681 23/10000
961 681 1907/100000
944 681 13/50000
939 681 3/12500
943 681 31/50000
942 681 47/100000
941 681 13/25000
963 681 -19/4000
1082 681 -10241/10000
1157 681 -51/5000
1156 681 -31/5000
1155 681 -41/5000
1077 682 7/500
1075 682 21/1000
1076 682 1/100
1029 682 -1
969 682 397/625
1008 682 457/2000
1007 682 951/10000
944 682 7/500
939 682 21/1000
943 682 1/100
942 682 1/500
941 682 1/200
961 682 9/625
963 682 -127/5000
1083 682 -10871/10000
1157 682 -9/10000
1156 682 -79/10000
1155 682 -71/2500
1077 683 311/10000
1075 683 51/1000
1076 683 19/1000
926 683 -1
931 683 1059/12500
967 683 25381/100000
996 683 5201/12500
994 683 16729/100000
961 683 363/50000
944 683 3111/100000
939 683 319/6250
943 683 19/1000
942 683 33/25000
941 683 3/6250
963 683 -321/10000
1084 683 -11451/10000
1156 683 -33/2000
1157 683 -11/10000
1155 683 -83/2500
1077 684 71/2500
1075 684 467/10000
1076 684 87/5000
1031 684 -1
931 684 2107/25000
967 684 25249/100000
996 684 41391/100000
994 684 8321/50000
961 684 239/12500
944 684 711/25000
939 684 4667/100000
943 684 1737/100000
942 684 121/100000
941 684 11/25000
963 684 -1517/50000
1084 684 -423/400
1156 684 -19/1250
1157 684 -11/10000
1155 684 -307/10000
1020 685 -1
1077 685 81/5000
1075 685 13/5000
1104 685 71/10000
1076 685 273/10000
1022 685 1549/10000
1036 685 2743/10000
933 685 1757/5000
1004 685 53/500
1003 685 14/625
944 685 81/5000
939 685 13/5000
1028 685 71/10000
943 685 273/10000
942 685 19/1000
941 685 101/5000
963 685 -47/2000
961 685 21/1000
1085 685 -612/625
1157 685 -11/10000
1156 685 -67/5000
1155 685 -31/5000
1112 686 1
1159 686 -1
1077 687 23/1000
1075 687 143/5000
1076 687 7/625
963 687 -187/10000
932 687 363/2000
968 687 393/1250
997 687 171/500
995 687 1081/10000
1023 687 -1
944 687 23/1000
939 687 143/5000
943 687 7/625
942 687 1/400
941 687 27/5000
961 687 1/500
1086 687 -901/1000
1156 687 -7/1000
1155 687 -33/1000
1063 688 157/4000
981 688 -1
989 688 9981/12500
945 688 843/100000
940 688 16539/100000
951 688 157/4000
962 688 -231/20000
1087 688 -3729/2500
1157 688 -313/10000
1156 688 -89/10000
1155 688 -13/1250
965 689 49941/50000
964 689 -1
961 689 121/100000
962 689 -3/50000
1088 689 -152/125
1157 689 -9/2500
1156 689 -1/1000
964 690 -1
966 690 100663/100000
961 690 67/50000
962 690 -797/100000
1089 690 -152/125
1157 690 -3/1250
1156 690 -3/1250
1155 690 -9/2500
1063 691 1/20
1075 691 -1
951 691 227/4000
939 691 -1/20
1063 692 3/20
1076 692 -1
951 692 693/4000
943 692 -3/20
1063 693 1/20
1077 693 -1
951 693 1139/20000
944 693 -1/20
1063 694 3/20
1103 694 -1
951 694 171/1000
1027 694 -3/20
1063 695 1/20
1104 695 -1
951 695 1123/20000
1028 695 -1/20
1090 696 1
1159 696 -1543/500
1091 697 1
1112 697 -6379/5000
1109 697 -1363/2000
1111 697 -2219/5000
1110 697 6379/5000
1159 697 337/500
987 698 99877/100000
985 698 -1
962 698 -9/10000
961 698 217/100000
1092 698 -1547/1000
1156 698 -3/250
1155 698 -1/100
988 699 49823/50000
986 699 -1
961 699 227/50000
962 699 -103/100000
1092 699 -13139/10000
1156 699 -51/5000
1155 699 -17/2000
991 700 99929/100000
990 700 -1
961 700 59/50000
962 700 -23/50000
1092 700 -13699/10000
1156 700 -107/10000
1155 700 -89/10000
981 701 99993/100000
978 701 -1
1093 701 -3729/2500
1156 701 -7/10000
1155 701 -3/400
1009 702 3757/5000
1006 702 2421/10000
1005 702 -1
961 702 139/10000
963 702 -37/5000
1094 702 -5037/5000
1157 702 -9/1000
1156 702 -1/200
1155 702 -1/250
929 703 19819/20000
928 703 -1
961 703 34/3125
962 703 -23/12500
1095 703 -11453/10000
1156 703 -1/250
1155 703 -11/10000
935 704 397/400
934 704 -1
961 704 1243/100000
962 704 -493/100000
1095 704 -11273/10000
1156 704 -39/10000
1155 704 -11/10000
927 705 159/160
926 705 -1
961 705 661/100000
962 705 -7/20000
1096 705 -11451/10000
1156 705 -4/625
1155 705 -21/10000
925 706 99663/100000
924 706 -1
961 706 89/25000
962 706 -19/100000
1096 706 -731/625
1156 706 -13/2000
1155 706 -21/10000
1029 707 16149/25000
1020 707 8851/25000
1019 707 -1
1097 707 -10489/10000
1157 707 -17/10000
1156 707 -9/5000
1155 707 -33/2500
1077 708 123/5000
1075 708 2/125
984 708 10949/12500
944 708 2461/100000
939 708 1601/100000
943 708 2961/100000
942 708 421/20000
941 708 1313/100000
962 708 1967/100000
979 708 -1
1098 708 -819/625
1157 708 -197/10000
1156 708 -3/200
1155 708 -537/10000
1077 709 19/625
1075 709 207/10000
986 709 -1
984 709 42619/50000
944 709 19/625
939 709 207/10000
943 709 891/25000
942 709 1273/50000
941 709 1517/100000
962 709 253/12500
1098 709 -13139/10000
1157 709 -197/10000
1156 709 -151/10000
1155 709 -539/10000
1077 710 41/10000
1075 710 43/10000
996 710 -1
984 710 94299/100000
944 710 413/100000
939 710 43/10000
943 710 169/20000
942 710 113/20000
941 710 791/100000
962 710 83/3125
1098 710 -2691/2000
1157 710 -49/2500
1156 710 -9/625
1155 710 -59/1250
1076 711 13/400
1077 711 27/1000
1075 711 99/5000
1004 711 -1
984 711 1717/2000
944 711 1349/50000
939 711 1983/100000
943 711 13/400
942 711 2309/100000
941 711 361/25000
962 711 1233/50000
1098 711 -1
1157 711 -97/5000
1156 711 -149/10000
1155 711 -531/10000
1077 712 41/5000
1075 712 3/625
1041 712 -1
984 712 93931/100000
944 712 819/100000
939 712 121/25000
943 712 139/12500
942 712 199/25000
941 712 939/100000
962 712 1919/100000
1098 712 -2587/2000
1157 712 -97/5000
1156 712 -149/10000
1155 712 -53/1000
1077 713 251/10000
1075 713 71/5000
1076 713 149/5000
983 713 22087/25000
944 713 1257/50000
939 713 143/10000
943 713 2979/100000
942 713 1053/50000
941 713 1/80
962 713 1373/100000
979 713 -1
1099 713 -819/625
1157 713 -183/10000
1156 713 -177/10000
1155 713 -131/2500
984 714 94299/100000
1077 714 41/10000
1075 714 43/10000
1076 714 17/2000
997 714 -1
944 714 413/100000
939 714 101/25000
943 714 169/20000
942 714 113/20000
941 714 791/100000
962 714 83/3125
1100 714 -6733/5000
1156 714 -9/625
1155 714 -59/1250
1077 715 1/125
1075 715 7/1000
1076 715 11/1000
1009 715 -1
1001 715 919/1000
944 715 1/125
939 715 7/1000
943 715 11/1000
942 715 1/125
941 715 7/1000
962 715 1/25
1100 715 -639/500
1156 715 -9/1000
1155 715 -1/200
1077 716 13/500
1075 716 17/1000
1076 716 4/125
982 716 -1
993 716 213/250
944 716 13/500
939 716 17/1000
943 716 4/125
942 716 1/40
941 716 17/1000
962 716 31/1000
1101 716 -53/40
1157 716 -7/1000
1156 716 -11/125
1155 716 -1/100
1018 717 499/500
961 717 -17/16
1102 717 -1
1157 717 53/200
1156 717 -16/625
1155 717 -657/10000
962 718 1
963 718 -1
996 719 1
1008 719 -1
941 720 49/200
1022 720 -61119/10000
1018 720 53/625
963 720 1
1106 720 -1
1160 720 -67231/10000
1156 720 -46/125
1155 720 -117/500
1063 721 413/2000
951 721 3087/5000
963 721 1
962 721 -2413/2000
1108 721 -1
1156 721 -21/50
1166 722 -27/100
1061 722 -1
1167 723 -956061/100000
1122 723 20205493/50000
1128 723 -85
1127 723 -1
1126 723 -12
1121 723 -1/10000
1168 723 -2177/2500
1055 723 -1
947 723 1
1168 724 1
1169 724 -27/100
1062 724 -1
1170 725 -3/5
1064 725 -1
953 725 1
1172 726 -42119/10000
1171 726 -3/5
1065 726 -1
956 726 1
1174 727 -8737/2000
1173 727 -23/10
1066 727 -1
957 727 1
1138 728 -91
1139 728 -96
1136 728 -86
1176 728 -16
1175 728 -13
1056 728 -1
959 728 99/100
1067 729 -1
1143 730 -87
1144 730 -92
1141 730 -82
1178 730 -16
1177 730 -13
1057 730 -1
960 730 99/100
1068 731 -1
1053 732 -1
1179 732 1731/2500
1053 733 -38327/4000
1152 733 -1
1151 733 -1
1180 733 -18
1149 733 -43/2
1150 733 -15
1179 733 -61177/50000
1145 733 6726709/12500
1058 733 -1
972 733 199/200
1182 734 -5
1181 734 -7/25
1147 734 1785159/100000
1069 734 -1
1867 735 -1
1039 735 1
1155 736 1
1160 737 1
949 738 -1
1155 738 1
950 739 -1
1156 739 1
954 740 -1
1157 740 1
1138 741 1/2
1136 741 1
1161 741 -1
1143 742 1/2
1141 742 1
1163 742 -1
1143 743 1/2
1144 743 1
1164 743 -1
1183 744 1
3 744 -1
1185 745 1
6 745 -1
1367 746 1342147/100000
1366 746 6679/6250
1368 746 130623/50000
1417 746 690639/100000
1365 746 -2656593/100000
1371 746 11871899/100000
1370 746 5338807/50000
1364 746 6451383/100000
1418 746 9023/10000
1312 746 1
1305 746 118719/100000
1189 746 -1
1367 747 1367909/100000
1366 747 107863/100000
1368 747 130623/50000
1417 747 696293/100000
1365 747 -133917/5000
1371 747 2393817/20000
1370 747 10765023/100000
1364 747 1626049/25000
1418 747 9023/100000
1312 747 1
1305 747 119691/100000
1190 747 -1
1367 748 1493117/100000
1366 748 13661/12500
1368 748 13/5
1417 748 34041/1000
1365 748 -537497/20000
1371 748 9955529/100000
1370 748 3733323/100000
1364 748 1244441/25000
1312 748 1
1305 748 31111/25000
1194 748 -1
1367 749 672209/50000
1366 749 21549/20000
1368 749 13/5
1417 749 1680401/100000
1365 749 -254803/100000
1371 749 4976581/50000
1370 749 3512881/100000
1364 749 6791569/100000
1418 749 21/1000
1312 749 1
1305 749 14637/12500
1200 749 -1
1367 750 691057/50000
1366 750 54047/50000
1368 750 9843/5000
1417 750 189697/100000
1365 750 -624387/1000
1371 750 12418981/100000
1370 750 12418981/100000
1369 750 4787239/50000
1364 750 3117503/50000
1418 750 3437/100000
1312 750 1
1305 750 12419/10000
1228 750 -1
1367 751 353/25
1366 751 1357/1250
1368 751 197/100
1417 751 192151/100000
1365 751 -12678977/20000
1371 751 3146633/25000
1370 751 3146633/25000
1369 751 1213027/12500
1364 751 849591/12500
1418 751 4/125
1312 751 1
1305 751 25173/20000
1233 751 -1
1367 752 308741/25000
1366 752 106399/100000
1368 752 19/10
1417 752 93523/100000
1365 752 -18207963/20000
1371 752 12071463/100000
1370 752 12071463/100000
1369 752 12071463/100000
1364 752 2414293/100000
1418 752 3/50
1312 752 1
1305 752 24143/20000
1293 752 -1
1375 753 1493117/100000
1374 753 13661/12500
1376 753 13/5
1419 753 34041/1000
1373 753 -537497/20000
1379 753 9955529/100000
1378 753 3733323/100000
1372 753 1244441/25000
1313 753 1
1306 753 31111/25000
1194 753 -1
1375 754 691057/50000
1374 754 54047/50000
1376 754 9843/5000
1419 754 189697/100000
1373 754 -624387/1000
1379 754 12418981/100000
1378 754 12418981/100000
1377 754 4787239/50000
1372 754 3117503/50000
1421 754 3437/100000
1313 754 1
1306 754 12419/10000
1228 754 -1
1375 755 138063/10000
1374 755 108059/100000
1376 755 19/10
1419 755 795171/100000
1373 755 -2449857/50000
1379 755 12331977/100000
1378 755 5857689/50000
1377 755 1541497/25000
1372 755 1572327/25000
1421 755 21/1000
1313 755 1
1306 755 3083/2500
1238 755 -1
1381 756 1379387/100000
1380 756 109591/100000
1422 756 1/50
1315 756 1
1216 756 9591/100000
1279 756 -1
1383 757 149997/10000
1382 757 109303/100000
1424 757 9/5
1316 757 1
1219 757 9303/100000
1230 757 -1
1383 758 1379387/100000
1382 758 109591/100000
1424 758 197/50
1423 758 1/50
1316 758 1
1219 758 9591/100000
1279 758 -1
1385 759 149997/10000
1384 759 109303/100000
1426 759 9/5
1317 759 1
1220 759 9303/100000
1230 759 -1
1413 760 5338569/50000
1414 760 11951151/100000
1388 760 1238259/100000
1386 760 53571/50000
1428 760 424943/100000
1427 760 100837/25000
1318 760 1
1307 760 126849/100000
1246 760 -1
1413 761 1094803/10000
1414 761 1244637/10000
1388 761 1181923/100000
1386 761 106381/100000
1428 761 186061/50000
1427 761 187181/50000
1318 761 1
1307 761 15557/12500
1247 761 -1
1413 762 294456/3125
1414 762 334224/3125
1388 762 73239/6250
1386 762 106167/100000
1428 762 123457/50000
1427 762 123457/100000
1318 762 1
1307 762 123457/100000
1256 762 -1
1413 763 1991561/20000
1414 763 1409771/12500
1388 763 1317221/100000
1386 763 6753/6250
1428 763 298857/100000
1427 763 300031/100000
1318 763 1
1307 763 64969/50000
1292 763 -1
1415 764 284437/2000
1416 764 7460789/50000
1393 764 839/50
1391 764 559/500
1430 764 1412/25
1429 764 168/5
1319 764 1
1308 764 8/5
1203 764 -1
1415 765 5640113/50000
1416 765 11339347/100000
1393 765 839/50
1391 765 1121/1000
1430 765 1111111/25000
1429 765 297619/12500
1319 765 1
1308 765 15873/10000
1208 765 -1
1415 766 5627497/50000
1416 766 5758511/50000
1393 766 814163/50000
1391 766 110907/100000
1430 766 3771877/100000
1429 766 1131563/50000
1319 766 1
1308 766 1207/800
1243 766 -1
1415 767 2118987/20000
1416 767 5385671/50000
1393 767 64617/4000
1391 767 110937/100000
1430 767 3484239/100000
1429 767 151717/10000
1319 767 1
1308 767 151489/100000
1244 767 -1
1415 768 5338569/50000
1416 768 11951151/100000
1393 768 1238259/100000
1391 768 53571/50000
1430 768 424943/100000
1429 768 100837/25000
1319 768 1
1308 768 126849/100000
1246 768 -1
1415 769 1094803/10000
1416 769 1244637/10000
1393 769 1181923/100000
1391 769 106381/100000
1430 769 186061/50000
1429 769 187181/50000
1319 769 1
1308 769 15557/12500
1247 769 -1
1415 770 13560597/100000
1416 770 14365943/100000
1393 770 1679343/100000
1391 770 111151/100000
1430 770 3703523/100000
1429 770 80243/4000
1319 770 1
1308 770 154313/100000
1250 770 -1
1415 771 9130247/100000
1416 771 4590431/50000
1393 771 322693/25000
1391 771 2701/2500
1430 771 744401/100000
1429 771 329381/50000
1319 771 1
1308 771 16469/12500
1251 771 -1
1415 772 10743381/100000
1416 772 6133991/50000
1393 772 1101423/100000
1391 772 105101/100000
1430 772 843373/100000
1429 772 60241/10000
1319 772 1
1308 772 60241/50000
1252 772 -1
1415 773 3059387/25000
1416 773 12814159/100000
1393 773 413807/25000
1391 773 27763/25000
1430 773 844003/25000
1429 773 1787301/100000
1319 773 1
1308 773 152761/100000
1253 773 -1
1302 774 588757/50000
1399 774 1353943/100000
1397 774 539/500
1403 774 12309153/100000
1402 774 4744903/50000
1434 774 162099/50000
1432 774 1942237/100000
1400 774 198607/6250
1401 774 2864763/100000
1398 774 -83423/12500
1431 774 148801/100000
1396 774 -30943261/50000
1320 774 1
1309 774 30773/25000
1229 774 -1
1302 775 565061/50000
1399 775 153733/12500
1397 775 106373/100000
1403 775 12051097/100000
1402 775 12051097/100000
1434 775 31/10
1432 775 4577971/100000
1433 775 61/10000
1400 775 867679/50000
1401 775 10845987/100000
1398 775 -256841/25000
1431 775 5121/4000
1396 775 -90886217/100000
1320 775 1
1309 775 120511/100000
1294 775 -1
1323 776 1
1324 777 1
1325 778 1
1329 779 1
1330 780 1
1331 781 1
1332 782 1
1333 783 1
1334 784 1
1335 785 1
1336 786 1
1337 787 1
1338 788 1
1339 789 1
1340 790 1
1343 791 1
1344 792 1
1345 793 1
1346 794 1
1347 795 1
1348 796 1
1349 797 1
1350 798 1
1351 799 1
1352 800 1
1353 801 1
1356 802 1
1357 803 1
1358 804 1
1359 805 1
1212 806 1
1215 806 -1
1213 807 1
1215 807 -1
1314 808 1
1214 808 227/200
1202 808 -1
1314 809 1
1214 809 623/500
1204 809 -1
1314 810 1
1214 810 1183/1000
1205 810 -1
1314 811 1
1214 811 231/200
1206 811 -1
1314 812 1
1214 812 1139/1000
1207 812 -1
1314 813 1
1281 813 -1
1214 813 47/40
1314 814 1
1282 814 -1
1214 814 57/50
1314 815 1
1283 815 -1
1214 815 1123/1000
1314 816 -1
1215 817 1
1214 817 -1
1217 818 1
1215 818 -1
1272 819 413/1000
1218 819 587/1000
1271 819 -1
1404 820 5413/5000
1321 820 1
1310 820 641/500
1227 820 -831/1000
1244 820 -169/1000
1236 821 99/100
1310 821 -1
1321 822 -1
1239 823 197/200
1311 823 -1
1322 824 -1
1406 825 9549/10000
1303 825 9753/10000
1304 825 1
1276 825 -1
1303 826 -1
1280 826 1
1304 827 -1
1186 828 1
1183 828 -1
1187 829 1
1184 829 -1
1188 830 1
1185 830 -1
1234 831 47/250
1233 831 203/250
1227 831 -1
1323 831 -12333/10000
1409 831 -1/500
1408 831 -1/500
1407 831 -13/500
1258 832 1087/100000
1257 832 98913/100000
1202 832 -56919/100000
1282 832 -43081/100000
1324 832 -4127/5000
1409 832 -653/5000
1408 832 -69/10000
1261 833 1111/25000
1259 833 23889/25000
1283 833 -4813/10000
1202 833 -5187/10000
1324 833 -3971/5000
1409 833 -77/500
1408 833 -13/2000
1314 834 249/25000
1355 834 7/200
1354 834 273/10000
1328 834 51/10000
1326 834 179/10000
1327 834 37/5000
1297 834 8137/25000
1286 834 -1
1342 834 -13753/10000
1341 834 -927/10000
1269 834 2537/50000
1300 834 3081/100000
1293 834 1987/20000
1292 834 23333/100000
1291 834 563/4000
1224 834 77/100000
1283 834 3499/100000
1207 834 511/100000
1202 834 447/25000
1282 834 2733/100000
1206 834 93/12500
1281 834 771/100000
1205 834 167/20000
1214 834 249/25000
1325 834 -10549/10000
1410 834 -2381/10000
1409 834 83/5000
1408 834 -103/5000
1314 835 239/50000
1355 835 71/2000
1354 835 327/10000
1328 835 113/10000
1326 835 447/10000
1327 835 11/1000
1342 835 -281/250
1341 835 -1353/10000
1295 835 20169/50000
1192 835 -1
1269 835 167/4000
1300 835 139/50000
1293 835 1729/25000
1292 835 2993/20000
1291 835 9071/50000
1224 835 31/10000
1283 835 111/3125
1207 835 1131/100000
1202 835 559/12500
1282 835 3267/100000
1206 835 1103/100000
1281 835 39/6250
1205 835 123/50000
1214 835 239/50000
1325 835 -5859/5000
1410 835 -629/1000
1409 835 41/2000
1408 835 -127/5000
1314 836 331/50000
1355 836 17/400
1354 836 159/5000
1328 836 109/10000
1326 836 353/10000
1327 836 21/2000
1342 836 -13/10
1341 836 -1349/10000
1296 836 21817/100000
1269 836 1981/25000
1300 836 2881/100000
1293 836 4771/50000
1292 836 22247/100000
1291 836 5071/25000
1285 836 -1
1224 836 437/100000
1283 836 4247/100000
1207 836 1091/100000
1202 836 441/12500
1282 836 199/6250
1206 836 1053/100000
1281 836 179/25000
1205 836 387/100000
1214 836 331/50000
1325 836 -2221/2000
1410 836 -92/125
1409 836 97/5000
1408 836 -241/10000
1314 837 729/100000
1355 837 307/10000
1354 837 227/10000
1328 837 7/1250
1326 837 201/10000
1327 837 9/1250
1297 837 33907/100000
1286 837 -1
1342 837 -1327/1000
1341 837 -131/1000
1269 837 5783/100000
1300 837 2949/100000
1293 837 9751/100000
1292 837 11493/50000
1291 837 3501/25000
1224 837 19/25000
1283 837 1533/50000
1207 837 563/100000
1202 837 1007/50000
1282 837 2273/100000
1206 837 143/20000
1281 837 283/50000
1205 837 619/100000
1214 837 729/100000
1325 837 -10549/10000
1410 837 -1357/5000
1409 837 83/5000
1408 837 -103/5000
1314 838 487/50000
1355 838 157/5000
1354 838 129/5000
1328 838 51/10000
1326 838 203/10000
1327 838 73/10000
1298 838 6401/20000
1289 838 -1
1342 838 -4269/2500
1341 838 -169/1250
1269 838 3553/50000
1300 838 973/12500
1293 838 4239/50000
1292 838 19179/100000
1291 838 6741/50000
1224 838 413/100000
1283 838 3139/100000
1207 838 257/50000
1202 838 127/6250
1282 838 2577/100000
1206 838 729/100000
1281 838 747/100000
1205 838 21/2500
1214 838 487/50000
1325 838 -5211/5000
1410 838 -2877/10000
1409 838 21/1250
1408 838 -13/625
1361 839 1
1363 839 -1
1360 839 -1
1362 839 -1
1410 839 1
1272 840 -1
1186 841 -1
1275 841 24173/50000
1191 841 3801/50000
1189 841 9441/100000
1227 841 3233/25000
1242 841 1601/10000
1241 841 4241/100000
1328 841 89/10000
1326 841 3/1250
1327 841 7/2500
1207 841 179/20000
1202 841 119/50000
1206 841 277/100000
1205 841 1/5000
1329 841 -11659/10000
1409 841 -79/10000
1408 841 -47/10000
1407 841 -29/2000
1187 842 -1
1278 842 1083/5000
1199 842 77/625
1237 842 707/5000
1264 842 2589/5000
1328 842 3/5000
1326 842 1/2500
1207 842 3/5000
1202 842 1/2500
1329 842 -117/100
1409 842 -1/125
1408 842 -47/10000
1407 842 -29/2000
1188 843 -1
1279 843 4231/10000
1200 843 2123/10000
1238 843 207/1250
1245 843 703/5000
1243 843 519/10000
1328 843 1/250
1326 843 1/400
1207 843 1/250
1202 843 1/400
1329 843 -603/500
1409 843 -41/5000
1408 843 -3/625
1407 843 -3/200
1328 844 13/2500
1326 844 9/10000
1355 844 27/2000
1327 844 139/10000
1354 844 159/10000
1276 844 -1
1270 844 8/625
1274 844 1/10000
1271 844 623/2500
1288 844 1627/5000
1197 844 1611/10000
1249 844 221/2000
1248 844 103/5000
1207 844 13/2500
1202 844 9/10000
1283 844 27/2000
1206 844 139/10000
1282 844 159/10000
1205 844 41/2000
1281 844 103/10000
1204 844 37/1250
1225 844 3/2000
1224 844 91/10000
1331 844 -9753/10000
1409 844 1/200
1408 844 -33/1000
1328 845 3/10000
1326 845 1/5000
1327 845 3/5000
1285 845 90787/100000
1193 845 1461/20000
1251 845 23/10000
1284 845 -1
1224 845 62/3125
1207 845 13/50000
1202 845 3/12500
1206 845 31/50000
1205 845 47/100000
1204 845 13/25000
1226 845 -259/50000
1333 845 -5449/5000
1409 845 -109/10000
1408 845 -33/5000
1407 845 -87/10000
1328 846 7/500
1326 846 21/1000
1327 846 1/100
1284 846 -1
1232 846 639/1000
1267 846 2263/10000
1266 846 47/500
1207 846 7/500
1202 846 21/1000
1206 846 1/100
1205 846 1/500
1204 846 1/200
1224 846 241/10000
1226 846 -127/5000
1334 846 -5449/5000
1409 846 -9/10000
1408 846 -1/125
1407 846 -71/2500
1328 847 39/1250
1326 847 32/625
1327 847 191/10000
1191 847 -1
1194 847 1051/12500
1230 847 25189/100000
1255 847 20647/50000
1253 847 16603/100000
1224 847 91/6250
1207 847 1561/50000
1202 847 5123/100000
1206 847 1907/100000
1205 847 133/100000
1204 847 3/6250
1226 847 -1641/50000
1335 847 -5783/5000
1408 847 -167/10000
1409 847 -3/2500
1407 847 -67/2000
1328 848 73/2500
1326 848 6/125
1327 848 179/10000
1284 848 -1
1194 848 8391/100000
1230 848 25137/100000
1255 848 5151/12500
1253 848 2071/12500
1224 848 431/20000
1207 848 731/25000
1202 848 4799/100000
1206 848 893/50000
1205 848 31/25000
1204 848 9/20000
1226 848 -98/3125
1335 848 -5449/5000
1408 848 -157/10000
1409 848 -11/10000
1407 848 -79/2500
1328 849 307/10000
1326 849 503/10000
1327 849 187/10000
1295 849 -1
1194 849 4263/50000
1230 849 12771/50000
1255 849 41871/100000
1253 849 3367/20000
1224 849 1/500
1207 849 3067/100000
1202 849 629/12500
1206 849 1873/100000
1205 849 13/10000
1204 849 47/100000
1226 849 -3123/100000
1335 849 -2247/2000
1408 849 -81/5000
1409 849 -11/10000
1407 849 -163/5000
1276 850 -1
1328 850 81/5000
1326 850 13/5000
1355 850 71/10000
1327 850 273/10000
1277 850 1527/10000
1287 850 169/625
1196 850 433/1250
1263 850 1053/10000
1262 850 221/10000
1207 850 81/5000
1202 850 13/5000
1283 850 71/10000
1206 850 273/10000
1205 850 19/1000
1204 850 101/5000
1226 850 -131/5000
1224 850 23/625
1336 850 -9753/10000
1409 850 -11/10000
1408 850 -67/5000
1407 850 -61/10000
1328 851 23/1000
1326 851 143/5000
1327 851 7/625
1226 851 -187/10000
1195 851 363/2000
1231 851 393/1250
1256 851 171/500
1254 851 1081/10000
1278 851 -1
1207 851 23/1000
1202 851 143/5000
1206 851 7/625
1205 851 1/400
1204 851 27/5000
1224 851 1/500
1337 851 -901/1000
1408 851 -7/1000
1407 851 -33/1000
1314 852 1993/50000
1244 852 -1
1250 852 4971/6250
1208 852 107/12500
1203 852 3359/20000
1214 852 1993/50000
1225 852 -1173/100000
1338 852 -15149/10000
1409 852 -159/5000
1408 852 -91/10000
1407 852 -53/5000
1228 853 99691/100000
1227 853 -1
1224 853 317/100000
1225 853 -17/100000
1339 853 -12381/10000
1409 853 -37/10000
1408 853 -1/1000
1227 854 -1
1229 854 628/625
1224 854 351/100000
1225 854 -831/100000
1340 854 -12381/10000
1409 854 -1/400
1408 854 -1/400
1407 854 -37/10000
1314 855 1/20
1326 855 -1
1214 855 227/4000
1202 855 -1/20
1314 856 3/20
1327 856 -1
1214 856 693/4000
1206 856 -3/20
1314 857 1/20
1328 857 -1
1214 857 1139/20000
1207 857 -1/20
1314 858 3/20
1354 858 -1
1214 858 171/1000
1282 858 -3/20
1314 859 1/20
1355 859 -1
1214 859 1123/20000
1283 859 -1/20
1341 860 1
1411 860 -1543/500
1244 861 100003/100000
1241 861 -1
1225 861 -3/100000
1344 861 -757/500
1408 861 -1/1250
1407 861 -19/2500
1268 862 3757/5000
1265 862 2421/10000
1264 862 -1
1224 862 139/10000
1226 862 -37/5000
1345 862 -259/200
1409 862 -9/1000
1408 862 -1/200
1407 862 -1/250
1198 863 98221/100000
1197 863 -1
1224 863 233/10000
1225 863 -551/100000
1346 863 -11273/10000
1192 864 49369/50000
1191 864 -1
1224 864 667/50000
1225 864 -9/12500
1347 864 -5783/5000
1408 864 -13/2000
1407 864 -21/10000
1190 865 99213/100000
1189 865 -1
1224 865 831/100000
1225 865 -9/20000
1347 865 -742/625
1408 865 -33/5000
1407 865 -21/10000
1284 866 13783/20000
1276 866 6217/20000
1275 866 -1
1348 866 -5271/5000
1409 866 -17/10000
1408 866 -9/5000
1407 866 -133/10000
1328 867 41/10000
1326 867 43/10000
1327 867 17/2000
1255 867 -1
1247 867 94299/100000
1207 867 413/100000
1202 867 43/10000
1206 867 169/20000
1205 867 113/20000
1204 867 791/100000
1225 867 83/3125
1349 867 -2721/2000
1409 867 -49/2500
1408 867 -9/625
1407 867 -59/1250
1328 868 27/1000
1326 868 99/5000
1327 868 13/400
1263 868 -1
1247 868 85851/100000
1207 868 1349/50000
1202 868 1983/100000
1206 868 13/400
1205 868 2309/100000
1204 868 361/25000
1225 868 493/20000
1349 868 -1
1409 868 -97/5000
1408 868 -149/10000
1407 868 -531/10000
1328 869 77/2500
1326 869 11/625
1327 869 23/625
1246 869 86061/100000
1207 869 3081/100000
1202 869 1763/100000
1206 869 3683/100000
1205 869 2629/100000
1204 869 183/12500
1225 869 1319/100000
1242 869 -1
1350 869 -13291/10000
1409 869 -93/5000
1408 869 -179/10000
1407 869 -531/10000
1328 870 1/125
1326 870 7/1000
1327 870 11/1000
1268 870 -1
1260 870 919/1000
1207 870 1/125
1202 870 7/1000
1206 870 11/1000
1205 870 1/125
1204 870 7/1000
1225 870 1/25
1351 870 -639/500
1408 870 -9/1000
1407 870 -1/200
1328 871 13/500
1326 871 17/1000
1327 871 4/125
1245 871 -1
1252 871 213/250
1207 871 13/500
1202 871 17/1000
1206 871 4/125
1205 871 1/40
1204 871 17/1000
1225 871 31/1000
1352 871 -53/40
1409 871 -7/1000
1408 871 -11/125
1407 871 -1/100
1274 872 499/500
1224 872 -17/16
1353 872 -1
1409 872 53/200
1408 872 -16/625
1407 872 -657/10000
1314 873 219/5000
1214 873 131/1000
1226 873 1
1225 873 -5219/5000
1356 873 -1
1409 873 -1/20
1408 873 -59/100
1204 874 49/200
1277 874 -61119/10000
1274 874 1593/10000
1226 874 1
1357 874 -1
1412 874 -67231/10000
1408 874 -46/125
1407 874 -117/500
1214 875 -613/200
1204 875 49/200
1226 875 1
1358 875 -1
1409 875 8/25
1408 875 -41/100
1407 875 -119/50
1417 876 -956061/100000
1365 876 6187/40
1371 876 -85
1370 876 -1
1369 876 -12
1364 876 -44
1305 876 -1
1209 876 1
1418 877 -27/100
1312 877 -1
1419 878 -956061/100000
1373 878 20205493/50000
1379 878 -85
1378 878 -1
1377 878 -12
1372 878 -1/10000
1420 878 -2177/2500
1306 878 -1
1210 878 1
1420 879 1
1421 879 -27/100
1313 879 -1
1381 880 -1/10000
1380 880 -1/10000
1422 880 -3/5
1315 880 -1
1216 880 1
1383 881 -1/10000
1382 881 -1/10000
1424 881 -42119/10000
1423 881 -3/5
1316 881 -1
1219 881 1
1385 882 -1/10000
1384 882 -1/10000
1426 882 -8737/2000
1425 882 -7/2
1317 882 -1
1220 882 1
1389 883 -91
1390 883 -96
1387 883 -86
1428 883 -16
1427 883 -13
1307 883 -1
1222 883 99/100
1318 884 -1
1394 885 -87
1395 885 -92
1392 885 -82
1430 885 -16
1429 885 -13
1308 885 -1
1223 885 99/100
1319 886 -1
1302 887 -1
1431 887 1731/2500
1302 888 -38327/4000
1403 888 -1
1402 888 -1
1432 888 -18
1400 888 -43/2
1401 888 -15
1431 888 -61177/50000
1396 888 6726709/12500
1309 888 -1
1235 888 199/200
1434 889 -5
1433 889 -7/25
1398 889 1785159/100000
1320 889 -1
1865 890 -1
1202 890 1
1867 891 -1
1290 891 1
1412 892 1
1407 893 -289/10000
1411 893 1
1212 894 -1
1407 894 1
1213 895 -1
1408 895 1
1217 896 -1
1409 896 1
1389 897 1/2
1387 897 1
1413 897 -1
1389 898 1/2
1390 898 1
1414 898 -1
1394 899 1/2
1392 899 1
1415 899 -1
1394 900 1/2
1395 900 1
1416 900 -1
1435 901 1
4 901 -1
1436 902 1
5 902 -1
1437 903 1
6 903 -1
1543 904 676843/50000
1542 904 673/625
1544 904 33417/12500
1587 904 542437/100000
1541 904 -237337/10000
1547 904 2975889/25000
1546 904 10032633/100000
1540 904 3126471/50000
1588 904 271/2500
1500 904 1
1493 904 29759/25000
1440 904 -1
1543 905 1294079/100000
1542 905 105797/100000
1544 905 77733/25000
1587 905 283921/20000
1541 905 -54731/25000
1547 905 11453357/100000
1540 905 619043/10000
1588 905 82009/50000
1500 905 1
1493 905 57267/50000
1441 905 -1
1543 906 1376887/100000
1542 906 13503/12500
1544 906 50813/25000
1587 906 150447/100000
1541 906 -3941647/6250
1547 906 3094799/25000
1546 906 3094799/25000
1545 906 1777333/20000
1540 906 6175439/100000
1588 906 1887/50000
1500 906 1
1493 906 7737/6250
1467 906 -1
1551 907 1294079/100000
1550 907 105797/100000
1552 907 77733/25000
1589 907 283921/20000
1549 907 -54731/25000
1555 907 11453357/100000
1548 907 619043/10000
1591 907 82009/50000
1501 907 1
1494 907 57267/50000
1441 907 -1
1556 908 13503/12500
1592 908 1887/50000
1503 908 1
1457 908 1003/12500
1467 908 -1
1557 909 673/625
1594 909 249/100
1593 909 271/2500
1504 909 1
1459 909 48/625
1440 909 -1
1557 910 26911/25000
1594 910 293/100
1593 910 8201/50000
1504 910 1
1459 910 1911/25000
1442 910 -1
1557 911 13503/12500
1594 911 37/20
1593 911 1887/50000
1504 911 1
1459 911 1003/12500
1467 911 -1
1558 912 13503/12500
1596 912 37/20
1595 912 1887/50000
1505 912 1
1460 912 1003/12500
1467 912 -1
1583 913 5640113/50000
1584 913 11339347/100000
1561 913 839/50
1559 913 1121/1000
1598 913 1111111/25000
1597 913 297619/12500
1506 913 1
1495 913 15873/10000
1450 913 -1
1585 914 8157841/100000
1586 914 768641/10000
1566 914 176367/12500
1564 914 54499/50000
1600 914 14739/10000
1599 914 41999/12500
1507 914 1
1496 914 133991/100000
1475 914 -1
1490 915 1189917/100000
1572 915 1340193/100000
1570 915 26911/25000
1604 915 43329/10000
1602 915 3600941/100000
1603 915 41/250
1573 915 1369069/100000
1571 915 -573809/50000
1601 915 208493/100000
1569 915 -222203/100000
1508 915 1
1497 915 116249/100000
1442 915 -1
1490 916 304847/25000
1572 916 733001/50000
1570 916 108989/100000
1576 916 2547163/20000
1575 916 4584893/100000
1604 916 327/100
1602 916 464857/50000
1573 916 3285839/100000
1574 916 124811/5000
1571 916 -343723/50000
1601 916 38163/25000
1569 916 -3691611/25000
1508 916 1
1497 916 63679/50000
1469 916 -1
1891 917 -1
1518 917 1
1511 918 1
1512 919 1
1513 920 1
1517 921 1
1519 922 1
1520 923 1
1521 924 1
1522 925 1
1523 926 1
1524 927 1
1525 928 1
1526 929 1
1527 930 1
1528 931 1
1529 932 1
1530 933 1
1531 934 1
1532 935 1
1535 936 1
1453 937 1
1456 937 -1
1454 938 1
1456 938 -1
1502 939 1
1455 939 623/500
1446 939 -1
1502 940 1
1455 940 1183/1000
1447 940 -1
1502 941 1
1455 941 231/200
1448 941 -1
1502 942 1
1485 942 -1
1455 942 47/40
1502 943 1
1486 943 -1
1455 943 57/50
1502 944 1
1487 944 -1
1455 944 1123/1000
1502 945 -1
1456 946 1
1455 946 -1
1458 947 1
1456 947 -1
1471 948 99/100
1498 948 -1
1509 949 -1
1472 950 197/200
1499 950 -1
1510 951 -1
1491 952 9723/10000
1492 952 1
1579 952 4757/5000
1488 952 -79/500
1483 952 -421/500
1491 953 -1
1484 953 1
1492 954 -1
1438 955 1
1435 955 -1
1480 956 -1
1438 957 -1
1516 957 11/2000
1514 957 17/10000
1515 957 11/5000
1482 957 31031/50000
1439 957 3643/50000
1441 957 3401/50000
1466 957 9977/100000
1475 957 10197/100000
1474 957 2701/100000
1449 957 137/25000
1444 957 89/50000
1448 957 7/3125
1447 957 13/50000
1517 957 -5599/5000
1582 957 -19/2500
1581 957 -9/2000
1580 957 -139/10000
1502 958 4021/100000
1476 958 -1
1479 958 79359/100000
1450 958 863/100000
1445 958 16941/100000
1455 958 4021/100000
1464 958 -1183/100000
1522 958 -15281/10000
1582 958 -321/10000
1581 958 -23/2500
1580 958 -107/10000
1467 959 99671/100000
1466 959 -1
1463 959 87/25000
1464 959 -19/100000
1523 959 -12337/10000
1582 959 -37/10000
1581 959 -1/1000
1466 960 -1
1468 960 803/800
1463 960 193/50000
1464 960 -761/100000
1524 960 -12337/10000
1582 960 -1/400
1581 960 -1/400
1580 960 -37/10000
1502 961 1/20
1514 961 -1
1455 961 227/4000
1444 961 -1/20
1502 962 3/20
1515 962 -1
1455 962 693/4000
1448 962 -3/20
1502 963 1/20
1516 963 -1
1455 963 1139/20000
1449 963 -1/20
1502 964 3/20
1533 964 -1
1455 964 171/1000
1486 964 -3/20
1502 965 1/20
1534 965 -1
1455 965 1123/20000
1487 965 -1/20
1476 966 100001/100000
1474 966 -1
1464 966 -1/100000
1526 966 -15277/10000
1581 966 -1/1250
1580 966 -77/10000
1442 967 9857/10000
1441 967 -1
1463 967 1511/100000
1464 967 -81/100000
1528 967 -11453/10000
1581 967 -4/625
1580 967 -21/10000
1440 968 19811/20000
1439 968 -1
1463 968 999/100000
1464 968 -27/50000
1528 968 -11787/10000
1581 968 -33/5000
1580 968 -21/10000
1488 969 54551/100000
1483 969 45449/100000
1482 969 -1
1529 969 -5097/5000
1582 969 -1/625
1581 969 -17/10000
1580 969 -8/625
1516 970 3/80
1514 970 237/10000
1515 970 53/1250
1478 970 41501/50000
1449 970 1873/50000
1444 970 74/3125
1448 970 1059/25000
1447 970 3047/100000
1446 970 1693/100000
1464 970 1909/100000
1475 970 -1
1530 970 -67/50
1582 970 -201/10000
1581 970 -77/5000
1580 970 -549/10000
1516 971 351/10000
1514 971 203/10000
1515 971 211/5000
1477 971 2107/2500
1449 971 3507/100000
1444 971 507/25000
1448 971 4217/100000
1447 971 3027/100000
1446 971 407/25000
1464 971 1313/100000
1475 971 -1
1531 971 -67/50
1582 971 -47/2500
1581 971 -9/500
1580 971 -67/1250
1481 972 499/500
1463 972 -17/16
1532 972 -1
1582 972 53/200
1581 972 -16/625
1580 972 -657/10000
1464 973 1
1465 973 -1
1588 974 -27/100
1500 974 -1
1589 975 -956061/100000
1549 975 20205493/50000
1555 975 -85
1554 975 -1
1553 975 -12
1548 975 -1/10000
1590 975 -2177/2500
1494 975 -1
1452 975 1
1590 976 1
1591 976 -27/100
1501 976 -1
1592 977 -3/5
1503 977 -1
1457 977 1
1506 978 -1
1507 979 -1
1490 980 -1
1601 980 2777/4000
1604 981 -5
1603 981 -7/25
1571 981 1785159/100000
1508 981 -1
1865 982 -1
1444 982 1
1866 983 -1
1449 983 1
1867 984 -1
1489 984 1
1453 985 -1
1580 985 1
1454 986 -1
1581 986 1
1458 987 -1
1582 987 1
1562 988 1/2
1560 988 1
1583 988 -1
1562 989 1/2
1563 989 1
1584 989 -1
1567 990 1/2
1565 990 1
1585 990 -1
1567 991 1/2
1568 991 1
1586 991 -1
1797 992 1322879/100000
1796 992 4259/4000
1798 992 33417/12500
1846 992 268573/50000
1795 992 -2350217/100000
1801 992 2946859/25000
1800 992 2483691/25000
1794 992 773993/12500
1847 992 108403/100000
1742 992 1
1735 992 58937/50000
1608 992 -1
1797 993 672209/50000
1796 993 21549/20000
1798 993 13/5
1846 993 1680401/100000
1795 993 -254803/100000
1801 993 4976581/50000
1800 993 3512881/100000
1794 993 6791569/100000
1847 993 21/1000
1742 993 1
1735 993 14637/12500
1621 993 -1
1797 994 137/10
1796 994 1089/1000
1798 994 2
1846 994 173103/100000
1795 994 -15579087/50000
1801 994 6185057/50000
1800 994 6185057/50000
1799 994 4453241/100000
1794 994 6185057/100000
1742 994 1
1735 994 123701/100000
1652 994 -1
1797 995 62/5
1796 995 2601/2500
1798 995 813/400
1846 995 139583/100000
1795 995 -14653601/25000
1801 995 11494253/100000
1800 995 11494253/100000
1799 995 4126437/50000
1794 995 387931/12500
1847 995 43/25
1742 995 1
1735 995 114943/100000
1654 995 -1
1797 996 138063/10000
1796 996 108059/100000
1798 996 19/10
1846 996 795171/100000
1795 996 -2449857/50000
1801 996 12331977/100000
1800 996 5857689/50000
1799 996 1541497/25000
1794 996 1572327/25000
1847 996 21/1000
1742 996 1
1735 996 3083/2500
1658 996 -1
1797 997 1233141/100000
1796 997 106357/100000
1798 997 19/10
1846 997 93467/100000
1795 997 -90984899/100000
1801 997 12064181/100000
1800 997 12064181/100000
1799 997 12064181/100000
1794 997 603209/25000
1847 997 2/25
1742 997 1
1735 997 60321/50000
1723 997 -1
1797 998 1142663/100000
1796 998 104461/100000
1798 998 6441/2500
1846 998 174887/25000
1795 998 -20362207/100000
1801 998 1369697/12500
1800 998 46182/625
1799 998 4753/625
1794 998 1676027/50000
1847 998 3639/10000
1742 998 1
1735 998 111163/100000
1728 998 -1
1797 999 224193/20000
1796 999 102941/100000
1798 999 291/100
1846 999 265851/50000
1795 999 -22614023/100000
1801 999 10346707/100000
1800 999 242041/10000
1799 999 670519/50000
1794 999 844963/25000
1847 999 533/10000
1742 999 1
1735 999 109027/100000
1729 999 -1
1805 1000 305103/25000
1804 1000 105747/100000
1806 1000 12/5
1848 1000 255749/100000
1803 1000 -46131019/100000
1809 1000 2283093/20000
1808 1000 319633/4000
1807 1000 3995413/100000
1802 1000 791259/25000
1850 1000 13127/50000
1743 1000 1
1736 1000 22831/20000
1613 1000 -1
1805 1001 1459207/100000
1804 1001 13619/12500
1806 1001 13/5
1848 1001 126023/20000
1803 1001 -2659853/100000
1809 1001 2463293/25000
1808 1001 3694939/100000
1802 1001 2463293/50000
1743 1001 1
1736 1001 24633/20000
1615 1001 -1
1805 1002 633577/50000
1804 1002 53221/50000
1806 1002 12/5
1848 1002 97073/50000
1803 1002 -23182071/50000
1809 1002 5162919/50000
1808 1002 8031207/100000
1807 1002 4015603/100000
1802 1002 3178063/100000
1850 1002 593/2000
1743 1002 1
1736 1002 28683/25000
1619 1002 -1
1805 1003 672209/50000
1804 1003 21549/20000
1806 1003 13/5
1848 1003 1680401/100000
1803 1003 -254803/100000
1809 1003 4976581/50000
1808 1003 3512881/100000
1802 1003 6791569/100000
1850 1003 21/1000
1743 1003 1
1736 1003 14637/12500
1621 1003 -1
1805 1004 1376887/100000
1804 1004 13503/12500
1806 1004 50813/25000
1848 1004 150447/100000
1803 1004 -3941647/6250
1809 1004 3094799/25000
1808 1004 3094799/25000
1807 1004 1777333/20000
1802 1004 6175439/100000
1850 1004 1887/50000
1743 1004 1
1736 1004 7737/6250
1648 1004 -1
1805 1005 733001/50000
1804 1005 108989/100000
1806 1005 2
1848 1005 73583/10000
1803 1005 -3691611/25000
1809 1005 2547163/20000
1808 1005 2547163/20000
1807 1005 4584893/100000
1802 1005 6367907/100000
1743 1005 1
1736 1005 63679/50000
1650 1005 -1
1805 1006 168069/10000
1804 1006 55253/50000
1806 1006 19/10
1848 1006 60349/50000
1803 1006 -11041253/20000
1809 1006 6830601/50000
1808 1006 6830601/50000
1807 1006 6147541/50000
1802 1006 6830601/100000
1850 1006 1/10
1743 1006 1
1736 1006 34153/25000
1682 1006 -1
1805 1007 756619/50000
1804 1007 21871/20000
1806 1007 19/10
1848 1007 114891/100000
1803 1007 -52550047/100000
1809 1007 13003901/100000
1808 1007 13003901/100000
1807 1007 11703511/100000
1802 1007 6501951/100000
1850 1007 1/10
1743 1007 1
1736 1007 130039/100000
1685 1007 -1
1805 1008 581019/50000
1804 1008 20981/20000
1806 1008 263929/100000
1848 1008 352073/50000
1803 1008 -5188471/25000
1809 1008 11061839/100000
1808 1008 6699967/100000
1807 1008 20617/2500
1802 1008 1902967/50000
1850 1008 19979/100000
1743 1008 1
1736 1008 55947/50000
1725 1008 -1
1811 1009 1379387/100000
1810 1009 109591/100000
1851 1009 1/50
1745 1009 1
1637 1009 9591/100000
1705 1009 -1
1815 1010 1379387/100000
1814 1010 109591/100000
1855 1010 197/50
1854 1010 1/50
1747 1010 1
1641 1010 9591/100000
1705 1010 -1
1842 1011 10743381/100000
1843 1011 6133991/50000
1818 1011 1101423/100000
1816 1011 105101/100000
1857 1011 843373/100000
1856 1011 60241/10000
1748 1011 1
1737 1011 60241/50000
1676 1011 -1
1844 1012 284437/2000
1845 1012 7460789/50000
1823 1012 839/50
1821 1012 559/500
1859 1012 1412/25
1858 1012 168/5
1749 1012 1
1738 1012 8/5
1624 1012 -1
1844 1013 5640113/50000
1845 1013 11339347/100000
1823 1013 839/50
1821 1013 1121/1000
1859 1013 1111111/25000
1858 1013 297619/12500
1749 1013 1
1738 1013 15873/10000
1629 1013 -1
1844 1014 5627497/50000
1845 1014 5758511/50000
1823 1014 814163/50000
1821 1014 110907/100000
1859 1014 3771877/100000
1858 1014 1131563/50000
1749 1014 1
1738 1014 1207/800
1663 1014 -1
1844 1015 2802031/25000
1845 1015 713533/6250
1823 1015 102783/6250
1821 1015 111051/100000
1859 1015 3499299/100000
1858 1015 378289/25000
1749 1015 1
1738 1015 19101/12500
1664 1015 -1
1844 1016 5493627/50000
1845 1016 2497667/20000
1823 1016 595901/50000
1821 1016 106519/100000
1859 1016 51511/12500
1858 1016 82093/20000
1749 1016 1
1738 1016 999/800
1667 1016 -1
1844 1017 445429/4000
1845 1017 6130671/50000
1823 1017 802261/50000
1821 1017 110857/100000
1859 1017 287037/10000
1858 1017 981969/100000
1749 1017 1
1738 1017 4721/3125
1670 1017 -1
1844 1018 9130247/100000
1845 1018 4590431/50000
1823 1018 322693/25000
1821 1018 2701/2500
1859 1018 744401/100000
1858 1018 329381/50000
1749 1018 1
1738 1018 16469/12500
1675 1018 -1
1844 1019 10743381/100000
1845 1019 6133991/50000
1823 1019 1101423/100000
1821 1019 105101/100000
1859 1019 843373/100000
1858 1019 60241/10000
1749 1019 1
1738 1019 60241/50000
1676 1019 -1
1844 1020 12111729/100000
1845 1020 3170603/25000
1823 1020 101229/6250
1821 1020 27731/25000
1859 1020 1670651/50000
1858 1020 70757/4000
1749 1020 1
1738 1020 15119/10000
1677 1020 -1
1844 1021 9724387/100000
1845 1021 2505373/25000
1823 1021 1414809/100000
1821 1021 109117/100000
1859 1021 208723/50000
1858 1021 208723/50000
1749 1021 1
1738 1021 6733/5000
1679 1021 -1
1844 1022 294456/3125
1845 1022 334224/3125
1823 1022 73239/6250
1821 1022 106167/100000
1859 1022 123457/50000
1858 1022 123457/100000
1749 1022 1
1738 1022 123457/100000
1680 1022 -1
1844 1023 2975479/25000
1845 1023 6132181/50000
1823 1023 81/5
1821 1023 11089/10000
1859 1023 3331323/100000
1858 1023 881821/50000
1749 1023 1
1738 1023 150739/100000
1690 1023 -1
1844 1024 12116933/100000
1845 1024 13756081/100000
1823 1024 57061/4000
1821 1024 54849/50000
1859 1024 2752163/100000
1858 1024 1317917/100000
1749 1024 1
1738 1024 17733/12500
1721 1024 -1
1734 1025 594077/50000
1829 1025 672209/50000
1827 1025 21549/20000
1860 1025 201467/100000
1833 1025 3512881/100000
1864 1025 97/25
1862 1025 190281/6250
1863 1025 21/1000
1830 1025 278103/12500
1828 1025 -429489/50000
1826 1025 -254803/100000
1750 1025 1
1739 1025 14637/12500
1621 1025 -1
1734 1026 74807/6250
1829 1026 348/25
1827 1026 677/625
1860 1026 76199/50000
1831 1026 2348239/100000
1833 1026 1561329/12500
1832 1026 4484137/50000
1864 1026 331/100
1862 1026 1249063/100000
1863 1026 7/200
1830 1026 3372471/100000
1828 1026 -1249/200
1826 1026 -63695393/100000
1750 1026 1
1739 1026 62453/50000
1653 1026 -1
1734 1027 1188297/100000
1829 1027 138063/10000
1827 1027 108059/100000
1860 1027 78691/50000
1831 1027 3699593/100000
1833 1027 5857689/50000
1832 1027 1541497/25000
1864 1027 63/20
1862 1027 1603157/50000
1863 1027 21/1000
1830 1027 585769/25000
1828 1027 -738421/100000
1826 1027 -2449857/50000
1750 1027 1
1739 1027 3083/2500
1658 1027 -1
1734 1028 1128761/100000
1829 1028 153279/12500
1827 1028 106321/100000
1860 1028 127871/100000
1831 1028 2708233/25000
1833 1028 12036591/100000
1832 1028 12036591/100000
1864 1028 31/10
1862 1028 4579321/100000
1863 1028 19/2500
1830 1028 1721233/100000
1828 1028 -1030903/100000
1826 1028 -90776821/100000
1750 1028 1
1739 1028 60183/50000
1724 1028 -1
1888 1029 -1
1754 1029 1
1889 1030 -1
1755 1030 1
1890 1031 -1
1759 1031 1
1891 1032 -1
1760 1032 1
1753 1033 1
1754 1034 1
1755 1035 1
1759 1036 1
1760 1037 1
1761 1038 1
1762 1039 1
1763 1040 1
1764 1041 1
1765 1042 1
1766 1043 1
1767 1044 1
1768 1045 1
1769 1046 1
1770 1047 1
1773 1048 1
1774 1049 1
1775 1050 1
1776 1051 1
1777 1052 1
1778 1053 1
1779 1054 1
1780 1055 1
1781 1056 1
1782 1057 1
1783 1058 1
1786 1059 1
1787 1060 1
1788 1061 1
1789 1062 1
1633 1063 1
1636 1063 -1
1634 1064 1
1636 1064 -1
1744 1065 1
1635 1065 227/200
1623 1065 -1
1744 1066 1
1635 1066 623/500
1625 1066 -1
1744 1067 1
1635 1067 1183/1000
1626 1067 -1
1744 1068 1
1635 1068 231/200
1627 1068 -1
1744 1069 1
1635 1069 1139/1000
1628 1069 -1
1744 1070 1
1635 1070 299/100
1645 1070 -1
1744 1071 1
1707 1071 -1
1635 1071 47/40
1744 1072 1
1708 1072 -1
1635 1072 57/50
1744 1073 1
1709 1073 -1
1635 1073 1123/1000
1744 1074 -1
1636 1075 1
1635 1075 -1
1638 1076 1
1636 1076 -1
1698 1077 387/1000
1639 1077 617/1000
1697 1077 -1
1656 1078 99/100
1740 1078 -1
1751 1079 -1
1659 1080 197/200
1741 1080 -1
1752 1081 -1
1691 1082 -1
1605 1083 1
1435 1083 -1
1607 1084 1
1437 1084 -1
1682 1085 1087/100000
1681 1085 98913/100000
1623 1085 -56919/100000
1708 1085 -43081/100000
1754 1085 -4127/5000
1838 1085 -653/5000
1837 1085 -69/10000
1685 1086 1111/25000
1683 1086 23889/25000
1709 1086 -4813/10000
1623 1086 -5187/10000
1754 1086 -3971/5000
1838 1086 -77/500
1837 1086 -13/2000
1744 1087 123/25000
1785 1087 69/2000
1784 1087 31/1000
1758 1087 103/10000
1756 1087 419/10000
1757 1087 53/5000
1772 1087 -1127/1000
1771 1087 -321/2500
1725 1087 41091/100000
1611 1087 -1
1695 1087 2121/50000
1732 1087 147/50000
1723 1087 713/10000
1722 1087 7633/50000
1721 1087 17417/100000
1644 1087 87/25000
1709 1087 1727/50000
1628 1087 1033/100000
1623 1087 131/3125
1708 1087 1549/50000
1627 1087 1059/100000
1707 1087 311/50000
1626 1087 263/100000
1635 1087 123/25000
1755 1087 -11621/10000
1839 1087 -611/1000
1838 1087 203/10000
1837 1087 -63/2500
1744 1088 143/20000
1785 1088 397/10000
1784 1088 149/5000
1758 1088 97/10000
1756 1088 317/10000
1757 1088 99/10000
1772 1088 -673/500
1771 1088 -1209/10000
1726 1088 23037/100000
1695 1088 423/5000
1732 1088 349/12500
1723 1088 4869/50000
1722 1088 22449/100000
1721 1088 2377/12500
1713 1088 -1
1644 1088 549/100000
1709 1088 1987/50000
1628 1088 487/50000
1623 1088 3171/100000
1708 1088 2979/100000
1627 1088 247/25000
1707 1088 727/100000
1626 1088 27/6250
1635 1088 143/20000
1755 1088 -2197/2000
1839 1088 -691/1000
1838 1088 19/1000
1837 1088 -59/2500
1744 1089 869/50000
1785 1089 289/10000
1784 1089 57/2500
1758 1089 13/5000
1756 1089 69/5000
1757 1089 3/500
1772 1089 -333/200
1771 1089 -741/10000
1727 1089 34747/100000
1714 1089 -1
1695 1089 7877/100000
1732 1089 8061/50000
1723 1089 323/5000
1722 1089 13279/100000
1721 1089 10251/100000
1644 1089 479/100000
1709 1089 361/12500
1628 1089 259/100000
1623 1089 1381/100000
1708 1089 2283/100000
1627 1089 599/100000
1707 1089 339/50000
1626 1089 957/100000
1635 1089 869/50000
1755 1089 -5313/5000
1839 1089 -207/500
1838 1089 37/2000
1837 1089 -231/10000
1744 1090 229/12500
1785 1090 51/1250
1784 1090 373/10000
1758 1090 7/1000
1756 1090 139/5000
1757 1090 17/2000
1772 1090 -889/500
1771 1090 -243/2000
1728 1090 12923/50000
1715 1090 -1
1695 1090 2043/25000
1732 1090 22167/100000
1723 1090 3167/100000
1722 1090 1897/25000
1721 1090 3359/20000
1644 1090 461/100000
1709 1090 4077/100000
1628 1090 22/3125
1623 1090 2783/100000
1708 1090 1867/50000
1627 1090 849/100000
1707 1090 151/12500
1626 1090 617/100000
1635 1090 229/12500
1755 1090 -12189/10000
1839 1090 -133/100
1838 1090 13/625
1837 1090 -129/5000
1744 1091 17/2000
1729 1091 7133/20000
1716 1091 -1
1785 1091 273/10000
1784 1091 111/5000
1758 1091 11/2000
1756 1091 12/625
1757 1091 33/5000
1772 1091 -383/250
1771 1091 -101/1250
1695 1091 7137/100000
1732 1091 829/25000
1723 1091 4583/50000
1722 1091 21323/100000
1721 1091 1301/10000
1644 1091 43/50000
1709 1091 1363/50000
1628 1091 69/12500
1623 1091 479/25000
1708 1091 2221/100000
1627 1091 657/100000
1707 1091 309/50000
1626 1091 379/50000
1635 1091 17/2000
1755 1091 -10323/10000
1839 1091 -2561/10000
1838 1091 17/1000
1837 1091 -21/1000
1744 1092 1031/100000
1730 1092 2057/6250
1719 1092 -1
1785 1092 37/1250
1784 1092 241/10000
1758 1092 1/250
1756 1092 17/1000
1757 1092 67/10000
1772 1092 -857/500
1771 1092 -407/5000
1695 1092 1351/20000
1732 1092 471/4000
1723 1092 1973/25000
1722 1092 17627/100000
1721 1092 5891/50000
1644 1092 447/100000
1709 1092 37/1250
1628 1092 399/100000
1623 1092 1703/100000
1708 1092 1203/50000
1627 1092 667/100000
1707 1092 349/50000
1626 1092 473/50000
1635 1092 1031/100000
1755 1092 -5181/5000
1839 1092 -637/2500
1838 1092 169/10000
1837 1092 -209/10000
1791 1093 1
1793 1093 -1
1790 1093 -1
1792 1093 -1
1839 1093 1
1695 1094 -1
1791 1094 -627/25
1793 1094 627/25
1790 1094 627/25
1792 1094 627/25
1840 1094 -337/500
1698 1095 -1
1605 1096 -1
1700 1096 31031/50000
1610 1096 3401/50000
1608 1096 3643/50000
1647 1096 9977/100000
1662 1096 10197/100000
1661 1096 2701/100000
1758 1096 11/2000
1756 1096 17/10000
1757 1096 11/5000
1628 1096 137/25000
1623 1096 89/50000
1627 1096 7/3125
1626 1096 13/50000
1759 1096 -5599/5000
1838 1096 -19/2500
1837 1096 -9/2000
1836 1096 -139/10000
1606 1097 -1
1704 1097 1083/5000
1620 1097 77/625
1657 1097 707/5000
1688 1097 2589/5000
1758 1097 3/5000
1756 1097 1/2500
1628 1097 3/5000
1623 1097 1/2500
1759 1097 -117/100
1838 1097 -1/125
1837 1097 -47/10000
1836 1097 -29/2000
1607 1098 -1
1705 1098 4231/10000
1621 1098 2123/10000
1658 1098 207/1250
1665 1098 703/5000
1663 1098 519/10000
1758 1098 1/250
1756 1098 1/400
1628 1098 1/250
1623 1098 1/400
1759 1098 -603/500
1838 1098 -41/5000
1837 1098 -3/625
1836 1098 -3/200
1785 1099 41/5000
1784 1099 79/5000
1758 1099 53/5000
1756 1099 33/10000
1757 1099 143/10000
1693 1099 39319/100000
1712 1099 7503/50000
1612 1099 4373/20000
1669 1099 907/10000
1668 1099 2183/100000
1701 1099 -1
1644 1099 99/10000
1709 1099 409/50000
1628 1099 1057/100000
1623 1099 83/25000
1708 1099 99/6250
1627 1099 1431/100000
1707 1099 1163/100000
1626 1099 199/10000
1625 1099 3191/100000
1760 1099 -9527/10000
1838 1099 3/10000
1837 1099 -4/625
1836 1099 -33/1000
1758 1100 29/5000
1756 1100 9/10000
1785 1100 143/10000
1757 1100 141/10000
1784 1100 157/10000
1701 1100 -1
1696 1100 163/10000
1699 1100 1/5000
1697 1100 198/625
1718 1100 1391/5000
1618 1100 69/500
1669 1100 257/2500
1668 1100 191/10000
1628 1100 29/5000
1623 1100 9/10000
1709 1100 143/10000
1627 1100 141/10000
1708 1100 157/10000
1626 1100 217/10000
1707 1100 49/5000
1625 1100 67/2000
1645 1100 3/2000
1644 1100 113/10000
1761 1100 -9527/10000
1838 1100 3/1000
1837 1100 -19/500
1744 1101 1231/50000
1785 1101 11/10000
1784 1101 1/1000
1758 1101 33/10000
1756 1101 1/625
1757 1101 7/5000
1701 1101 -1
1702 1101 58163/100000
1711 1101 31961/100000
1673 1101 6487/100000
1709 1101 113/100000
1628 1101 41/12500
1623 1101 79/50000
1708 1101 49/50000
1627 1101 143/100000
1635 1101 1231/50000
1644 1101 11/12500
1762 1101 -9527/10000
1838 1101 33/10000
1837 1101 -27/10000
1836 1101 -173/10000
1793 1102 1
1790 1102 1
1836 1102 -289/10000
1758 1103 3/10000
1756 1103 1/5000
1757 1103 3/5000
1713 1103 45261/50000
1614 1103 1441/20000
1675 1103 23/10000
1710 1103 -1
1644 1103 2411/100000
1628 1103 13/50000
1623 1103 3/12500
1627 1103 31/50000
1626 1103 47/100000
1625 1103 13/25000
1646 1103 -29/5000
1763 1103 -2687/2500
1838 1103 -107/10000
1837 1103 -33/5000
1836 1103 -43/5000
1758 1104 3/10000
1756 1104 1/5000
1757 1104 3/5000
1715 1104 89301/100000
1711 1104 -1
1614 1104 7887/100000
1675 1104 23/10000
1644 1104 1567/50000
1628 1104 13/50000
1623 1104 3/12500
1627 1104 31/50000
1626 1104 47/100000
1625 1104 13/25000
1646 1104 -763/100000
1763 1104 -2353/2000
1838 1104 -59/5000
1837 1104 -71/10000
1836 1104 -47/5000
1758 1105 3/10000
1756 1105 1/5000
1757 1105 3/5000
1714 1105 22403/25000
1614 1105 6899/100000
1675 1105 23/10000
1712 1105 -1
1644 1105 1911/50000
1628 1105 13/50000
1623 1105 3/12500
1627 1105 31/50000
1626 1105 47/100000
1625 1105 13/25000
1646 1105 -387/50000
1763 1105 -10289/10000
1838 1105 -103/10000
1837 1105 -63/10000
1836 1105 -41/5000
1716 1106 92217/100000
1717 1106 -1
1758 1106 3/10000
1756 1106 1/5000
1757 1106 3/5000
1614 1106 3449/50000
1675 1106 23/10000
1644 1106 93/12500
1628 1106 13/50000
1623 1106 3/12500
1627 1106 31/50000
1626 1106 47/100000
1625 1106 13/25000
1646 1106 -297/100000
1763 1106 -10291/10000
1838 1106 -103/10000
1837 1106 -63/10000
1836 1106 -41/5000
1719 1107 89509/100000
1718 1107 -1
1758 1107 3/10000
1756 1107 1/5000
1757 1107 3/5000
1614 1107 42/625
1675 1107 23/10000
1644 1107 4129/100000
1628 1107 13/50000
1623 1107 3/12500
1627 1107 31/50000
1626 1107 47/100000
1625 1107 13/25000
1646 1107 -1/125
1763 1107 -10021/10000
1838 1107 -1/100
1837 1107 -61/10000
1836 1107 -1/125
1758 1108 7/500
1756 1108 21/1000
1757 1108 1/100
1710 1108 -1
1652 1108 3133/5000
1691 1108 2253/10000
1690 1108 117/1250
1628 1108 7/500
1623 1108 21/1000
1627 1108 1/100
1626 1108 1/500
1625 1108 1/200
1644 1108 241/10000
1646 1108 -59/2000
1764 1108 -2687/2500
1838 1108 -9/10000
1837 1108 -39/5000
1836 1108 -281/10000
1758 1109 309/10000
1756 1109 253/5000
1757 1109 189/10000
1610 1109 -1
1615 1109 8399/100000
1650 1109 25163/100000
1679 1109 41251/100000
1677 1109 3317/20000
1644 1109 103/6250
1628 1109 1543/50000
1623 1109 1013/20000
1627 1109 377/20000
1626 1109 131/100000
1625 1109 47/100000
1646 1109 -1631/50000
1765 1109 -11453/10000
1837 1109 -33/2000
1838 1109 -11/10000
1836 1109 -83/2500
1758 1110 271/10000
1756 1110 223/5000
1757 1110 83/5000
1712 1110 -1
1615 1110 517/6250
1650 1110 24781/100000
1679 1110 13/32
1677 1110 8167/50000
1644 1110 51/1250
1628 1110 543/20000
1623 1110 891/20000
1627 1110 829/50000
1626 1110 23/20000
1625 1110 21/50000
1646 1110 -3077/100000
1765 1110 -10289/10000
1837 1110 -37/2500
1838 1110 -1/1000
1836 1110 -297/10000
1701 1111 -1
1758 1111 81/5000
1756 1111 13/5000
1785 1111 71/10000
1757 1111 273/10000
1703 1111 96/625
1717 1111 2703/10000
1617 1111 691/2000
1687 1111 131/1250
1686 1111 11/500
1628 1111 81/5000
1623 1111 13/5000
1709 1111 71/10000
1627 1111 273/10000
1626 1111 19/1000
1625 1111 101/5000
1646 1111 -4/125
1644 1111 431/10000
1766 1111 -9527/10000
1838 1111 -1/1000
1837 1111 -131/10000
1836 1111 -3/500
1758 1112 23/1000
1756 1112 143/5000
1757 1112 7/625
1646 1112 -187/10000
1616 1112 363/2000
1651 1112 393/1250
1680 1112 171/500
1678 1112 1081/10000
1704 1112 -1
1628 1112 23/1000
1623 1112 143/5000
1627 1112 7/625
1626 1112 1/400
1625 1112 27/5000
1644 1112 1/500
1767 1112 -901/1000
1837 1112 -7/1000
1836 1112 -33/1000
1744 1113 4021/100000
1664 1113 -1
1672 1113 79359/100000
1629 1113 863/100000
1624 1113 16941/100000
1635 1113 4021/100000
1645 1113 -1183/100000
1768 1113 -15281/10000
1838 1113 -321/10000
1837 1113 -23/2500
1836 1113 -107/10000
1648 1114 99671/100000
1647 1114 -1
1644 1114 87/25000
1645 1114 -19/100000
1769 1114 -12337/10000
1838 1114 -37/10000
1837 1114 -1/1000
1647 1115 -1
1649 1115 803/800
1644 1115 193/50000
1645 1115 -761/100000
1770 1115 -12337/10000
1838 1115 -1/400
1837 1115 -1/400
1836 1115 -37/10000
1744 1116 1/20
1756 1116 -1
1635 1116 227/4000
1623 1116 -1/20
1744 1117 3/20
1757 1117 -1
1635 1117 693/4000
1627 1117 -3/20
1744 1118 1/20
1758 1118 -1
1635 1118 1139/20000
1628 1118 -1/20
1744 1119 3/20
1784 1119 -1
1635 1119 171/1000
1708 1119 -3/20
1744 1120 1/20
1785 1120 -1
1635 1120 1123/20000
1709 1120 -1/20
1771 1121 1
1840 1121 -1543/500
1772 1122 1
1793 1122 -6379/5000
1790 1122 -1363/2000
1792 1122 -2219/5000
1791 1122 6379/5000
1840 1122 337/500
1670 1123 24907/25000
1668 1123 -1
1645 1123 -13/12500
1644 1123 59/12500
1773 1123 -15051/10000
1837 1123 -117/10000
1836 1123 -49/5000
1671 1124 12393/12500
1669 1124 -1
1644 1124 987/100000
1645 1124 -131/100000
1773 1124 -3203/2500
1837 1124 -1/100
1836 1124 -83/10000
1674 1125 99793/100000
1673 1125 -1
1644 1125 129/50000
1645 1125 -53/100000
1773 1125 -13699/10000
1837 1125 -107/10000
1836 1125 -89/10000
1664 1126 100001/100000
1661 1126 -1
1645 1126 -1/100000
1774 1126 -15277/10000
1837 1126 -1/1250
1836 1126 -77/10000
1692 1127 3757/5000
1689 1127 2421/10000
1688 1127 -1
1644 1127 139/10000
1646 1127 -37/5000
1775 1127 -259/200
1838 1127 -9/1000
1837 1127 -1/200
1836 1127 -1/250
1613 1128 19577/20000
1612 1128 -1
1644 1128 2367/100000
1645 1128 -63/25000
1776 1128 -11143/10000
1837 1128 -39/10000
1836 1128 -11/10000
1619 1129 12237/12500
1618 1129 -1
1644 1129 2673/100000
1645 1129 -569/100000
1776 1129 -100569/100000
1837 1129 -39/10000
1836 1129 -11/10000
1611 1130 9857/10000
1610 1130 -1
1644 1130 1511/100000
1645 1130 -81/100000
1777 1130 -11453/10000
1837 1130 -4/625
1836 1130 -21/10000
1609 1131 19811/20000
1608 1131 -1
1644 1131 999/100000
1645 1131 -27/50000
1777 1131 -11787/10000
1837 1131 -33/5000
1836 1131 -21/10000
1710 1132 54551/100000
1701 1132 45449/100000
1700 1132 -1
1778 1132 -5097/5000
1838 1132 -1/625
1837 1132 -17/10000
1836 1132 -8/625
1758 1133 3/80
1756 1133 237/10000
1757 1133 53/1250
1667 1133 41501/50000
1628 1133 1873/50000
1623 1133 74/3125
1627 1133 1059/25000
1626 1133 3047/100000
1625 1133 1693/100000
1645 1133 1909/100000
1662 1133 -1
1779 1133 -67/50
1838 1133 -201/10000
1837 1133 -77/5000
1836 1133 -549/10000
1758 1134 19/625
1756 1134 207/10000
1757 1134 357/10000
1669 1134 -1
1667 1134 42633/50000
1628 1134 3041/100000
1623 1134 2071/100000
1627 1134 713/20000
1626 1134 1273/50000
1625 1134 1517/100000
1645 1134 1993/100000
1779 1134 -3203/2500
1838 1134 -12/625
1837 1134 -147/10000
1836 1134 -21/400
1758 1135 41/10000
1756 1135 43/10000
1757 1135 17/2000
1679 1135 -1
1667 1135 94299/100000
1628 1135 413/100000
1623 1135 43/10000
1627 1135 169/20000
1626 1135 113/20000
1625 1135 791/100000
1645 1135 83/3125
1779 1135 -6733/5000
1838 1135 -49/2500
1837 1135 -9/625
1836 1135 -59/1250
1687 1136 -1
1758 1136 27/1000
1756 1136 99/5000
1757 1136 13/400
1667 1136 85851/100000
1628 1136 1349/50000
1623 1136 1983/100000
1627 1136 13/400
1626 1136 2309/100000
1625 1136 361/25000
1645 1136 493/20000
1779 1136 -1
1838 1136 -97/5000
1837 1136 -149/10000
1836 1136 -531/10000
1758 1137 43/5000
1756 1137 51/10000
1757 1137 29/2500
1722 1137 -1
1667 1137 18763/20000
1628 1137 863/100000
1623 1137 51/10000
1627 1137 231/20000
1626 1137 207/25000
1625 1137 953/100000
1645 1137 469/25000
1779 1137 -517/400
1838 1137 -97/5000
1837 1137 -149/10000
1836 1137 -53/1000
1758 1138 351/10000
1756 1138 203/10000
1757 1138 211/5000
1666 1138 2107/2500
1628 1138 3507/100000
1623 1138 507/25000
1627 1138 4217/100000
1626 1138 3027/100000
1625 1138 407/25000
1645 1138 1313/100000
1662 1138 -1
1780 1138 -67/50
1838 1138 -47/2500
1837 1138 -9/500
1836 1138 -67/1250
1758 1139 1/125
1756 1139 7/1000
1757 1139 11/1000
1692 1139 -1
1684 1139 919/1000
1628 1139 1/125
1623 1139 7/1000
1627 1139 11/1000
1626 1139 1/125
1625 1139 7/1000
1645 1139 1/25
1781 1139 -639/500
1837 1139 -9/1000
1836 1139 -1/200
1758 1140 13/500
1756 1140 17/1000
1757 1140 4/125
1665 1140 -1
1676 1140 213/250
1628 1140 13/500
1623 1140 17/1000
1627 1140 4/125
1626 1140 1/40
1625 1140 17/1000
1645 1140 31/1000
1782 1140 -53/40
1838 1140 -7/1000
1837 1140 -11/125
1836 1140 -1/100
1699 1141 499/500
1644 1141 -17/16
1783 1141 -1
1838 1141 53/200
1837 1141 -16/625
1836 1141 -657/10000
1744 1142 219/5000
1635 1142 131/1000
1646 1142 1
1645 1142 -5219/5000
1786 1142 -1
1838 1142 -1/20
1837 1142 -59/100
1625 1143 49/200
1703 1143 -61119/10000
1699 1143 923/5000
1646 1143 1
1787 1143 -1
1841 1143 -67231/10000
1837 1143 -46/125
1836 1143 -117/500
1846 1144 -956061/100000
1795 1144 6187/40
1801 1144 -85
1800 1144 -1
1799 1144 -12
1794 1144 -44
1735 1144 -1
1630 1144 1
1847 1145 -27/100
1742 1145 -1
1848 1146 -956061/100000
1803 1146 20205493/50000
1809 1146 -85
1808 1146 -1
1807 1146 -12
1802 1146 -1/10000
1849 1146 -2177/2500
1736 1146 -1
1631 1146 1
1849 1147 1
1850 1147 -27/100
1743 1147 -1
1851 1148 -3/5
1745 1148 -1
1637 1148 1
1853 1149 -42119/10000
1852 1149 -3/5
1746 1149 -1
1640 1149 1
1855 1150 -8737/2000
1854 1150 -23/10
1747 1150 -1
1641 1150 1
1819 1151 -91
1820 1151 -96
1817 1151 -86
1857 1151 -16
1856 1151 -13
1737 1151 -1
1642 1151 99/100
1748 1152 -1
1824 1153 -87
1825 1153 -92
1822 1153 -82
1859 1153 -16
1858 1153 -13
1738 1153 -1
1643 1153 99/100
1749 1154 -1
1734 1155 -1
1860 1155 2777/4000
1734 1156 -959987/100000
1861 1156 -21/25
1860 1156 -123611/100000
1831 1156 -15
1833 1156 -1
1832 1156 -1
1862 1156 -18
1830 1156 -43/2
1826 1156 6726709/12500
1739 1156 -1
1655 1156 199/200
1861 1157 1
1864 1157 -5
1863 1157 -7/25
1828 1157 1785159/100000
1750 1157 -1
1867 1158 -1
1720 1158 1
1836 1159 1
1841 1160 1
1838 1161 1
1840 1161 -83/2
1633 1162 -1
1836 1162 1
1634 1163 -1
1837 1163 1
1638 1164 -1
1838 1164 1
1819 1165 1/2
1817 1165 1
1842 1165 -1
1824 1166 1/2
1822 1166 1
1844 1166 -1
1824 1167 1/2
1825 1167 1
1845 1167 -1
1865 1168 1
1866 1169 1
1867 1170 1
1868 1171 -1
1869 1172 -1
1870 1173 -1
1875 1174 -1
1877 1175 -1
1878 1176 -1
1880 1177 -1
1881 1178 -1
1882 1179 -1
1883 1180 -1
1884 1181 -1
1885 1182 -1
1886 1183 -1
1887 1184 -1
1878 1185 -1
1872 1185 1
16 1186 -1
1868 1186 1
24 1187 -1
1869 1187 1
25 1188 -1
1870 1188 1
26 1189 -1
1871 1189 1
33 1190 -1
1873 1190 1
34 1191 -1
1874 1191 1
36 1192 -1
1876 1192 1
37 1193 -1
1877 1193 1
44 1194 -1
1878 1194 1
45 1195 -1
1879 1195 1
46 1196 -1
1880 1196 1
54 1197 -1
1885 1197 1
55 1198 -1
1886 1198 1
57 1199 -1
1887 1199 1
187 1200 -1
1868 1200 1
195 1201 -1
1869 1201 1
196 1202 -1
1870 1202 1
197 1203 -1
1871 1203 1
205 1204 -1
1873 1204 1
206 1205 -1
1874 1205 1
208 1206 -1
1876 1206 1
209 1207 -1
1877 1207 1
221 1208 -1
1878 1208 1
222 1209 -1
1879 1209 1
225 1210 -1
1880 1210 1
226 1211 -1
1881 1211 1
259 1212 -1
1886 1212 1
264 1213 -1
1887 1213 1
432 1214 -1
1868 1214 1
440 1215 -1
1869 1215 1
441 1216 -1
1870 1216 1
442 1217 -1
1871 1217 1
450 1218 -1
1873 1218 1
451 1219 -1
1874 1219 1
453 1220 -1
1876 1220 1
454 1221 -1
1877 1221 1
466 1222 -1
1878 1222 1
467 1223 -1
1879 1223 1
470 1224 -1
1880 1224 1
471 1225 -1
1881 1225 1
503 1226 -1
1883 1226 1
505 1227 -1
1884 1227 1
508 1228 -1
1885 1228 1
509 1229 -1
1886 1229 1
515 1230 -1
1887 1230 1
693 1231 -1
1868 1231 1
701 1232 -1
1869 1232 1
702 1233 -1
1870 1233 1
703 1234 -1
1871 1234 1
711 1235 -1
1873 1235 1
712 1236 -1
1874 1236 1
713 1237 -1
1876 1237 1
714 1238 -1
1877 1238 1
726 1239 -1
1878 1239 1
727 1240 -1
1879 1240 1
730 1241 -1
1880 1241 1
731 1242 -1
1881 1242 1
762 1243 -1
1885 1243 1
763 1244 -1
1886 1244 1
769 1245 -1
1887 1245 1
938 1246 -1
1868 1246 1
946 1247 -1
1869 1247 1
947 1248 -1
1870 1248 1
948 1249 -1
1871 1249 1
956 1250 -1
1873 1250 1
957 1251 -1
1874 1251 1
959 1252 -1
1876 1252 1
960 1253 -1
1877 1253 1
972 1254 -1
1878 1254 1
973 1255 -1
1879 1255 1
976 1256 -1
1880 1256 1
977 1257 -1
1881 1257 1
1010 1258 -1
1882 1258 1
1013 1259 -1
1884 1259 1
1017 1260 -1
1885 1260 1
1018 1261 -1
1886 1261 1
1025 1262 -1
1887 1262 1
1201 1263 -1
1868 1263 1
1209 1264 -1
1869 1264 1
1210 1265 -1
1870 1265 1
1211 1266 -1
1871 1266 1
1219 1267 -1
1873 1267 1
1220 1268 -1
1874 1268 1
1222 1269 -1
1876 1269 1
1223 1270 -1
1877 1270 1
1235 1271 -1
1878 1271 1
1236 1272 -1
1879 1272 1
1239 1273 -1
1880 1273 1
1240 1274 -1
1881 1274 1
1273 1275 -1
1885 1275 1
1274 1276 -1
1886 1276 1
1280 1277 -1
1887 1277 1
1443 1278 -1
1868 1278 1
1451 1279 -1
1869 1279 1
1452 1280 -1
1870 1280 1
1459 1281 -1
1873 1281 1
1460 1282 -1
1874 1282 1
1461 1283 -1
1876 1283 1
1462 1284 -1
1877 1284 1
1470 1285 -1
1878 1285 1
1471 1286 -1
1879 1286 1
1472 1287 -1
1880 1287 1
1473 1288 -1
1881 1288 1
1481 1289 -1
1886 1289 1
1622 1290 -1
1868 1290 1
1630 1291 -1
1869 1291 1
1631 1292 -1
1870 1292 1
1640 1293 -1
1873 1293 1
1641 1294 -1
1874 1294 1
1642 1295 -1
1876 1295 1
1643 1296 -1
1877 1296 1
1655 1297 -1
1878 1297 1
1656 1298 -1
1879 1298 1
1659 1299 -1
1880 1299 1
1660 1300 -1
1881 1300 1
1693 1301 -1
1882 1301 1
1696 1302 -1
1884 1302 1
1699 1303 -1
1886 1303 1
1706 1304 -1
1887 1304 1
35 1305 1
40 1306 1
53 1307 1
72 1308 1
100 1309 1
105 1310 -1
106 1311 -1
107 1312 -1
108 1313 -1
109 1314 -1
110 1315 -1
111 1316 -1
112 1317 -1
113 1318 -1
114 1319 -1
115 1320 -1
116 1321 -1
117 1322 -1
118 1323 -1
119 1324 -1
120 1325 -1
121 1326 -1
122 1327 -1
123 1328 -1
124 1329 -1
125 1330 -1
126 1331 -1
127 1332 -1
128 1333 -1
129 1334 -1
130 1335 -1
131 1336 -1
132 1337 -1
133 1338 -1
134 1339 -1
135 1340 -1
136 1341 -1
137 1342 -1
138 1343 -1
139 1344 -1
140 1345 -1
141 1346 -1
142 1347 -1
143 1348 -1
144 1349 -1
145 1350 -1
146 1351 -1
154 1352 1
155 1353 1
156 1354 1
157 1355 1
158 1356 1
159 1357 1
160 1358 1
161 1359 1
162 1360 1
163 1361 1
164 1362 1
165 1363 1
166 1364 1
167 1365 1
168 1366 1
169 1367 1
170 1368 1
171 1369 1
173 1370 1
176 1371 1
178 1372 1
182 1373 1
184 1374 1
201 1375 1
207 1376 1
212 1377 1
216 1378 1
217 1379 1
220 1380 1
223 1381 1
237 1382 1
238 1383 1
244 1384 1
247 1385 1
249 1386 1
250 1387 1
251 1388 1
252 1389 1
253 1390 1
254 1391 1
255 1392 1
256 1393 1
262 1394 1
274 1395 1
278 1396 1
279 1397 1
280 1398 1
281 1399 1
282 1400 1
293 1401 1
324 1402 1
341 1403 -1
342 1404 -1
343 1405 -1
344 1406 -1
345 1407 -1
347 1408 -1
348 1409 -1
349 1410 -1
350 1411 -1
352 1412 -1
353 1413 -1
354 1414 -1
355 1415 -1
356 1416 -1
357 1417 -1
358 1418 -1
359 1419 -1
360 1420 -1
361 1421 -1
362 1422 -1
363 1423 -1
364 1424 -1
366 1425 -1
367 1426 -1
368 1427 -1
369 1428 -1
370 1429 -1
371 1430 -1
373 1431 -1
374 1432 -1
375 1433 -1
376 1434 -1
379 1435 -1
380 1436 -1
381 1437 -1
382 1438 -1
383 1439 -1
384 1440 -1
385 1441 -1
386 1442 -1
387 1443 -1
388 1444 -1
399 1445 1
401 1446 1
402 1447 1
403 1448 1
404 1449 1
405 1450 1
406 1451 1
407 1452 1
408 1453 1
409 1454 1
410 1455 1
412 1456 1
413 1457 1
414 1458 1
415 1459 1
429 1460 1
452 1461 1
479 1462 1
481 1463 1
493 1464 1
499 1465 1
500 1466 1
502 1467 1
513 1468 1
521 1469 1
524 1470 1
532 1471 1
538 1472 1
599 1473 -1
600 1474 -1
601 1475 -1
603 1476 -1
604 1477 -1
606 1478 -1
607 1479 -1
608 1480 -1
609 1481 -1
610 1482 -1
612 1483 -1
614 1484 -1
615 1485 -1
616 1486 -1
617 1487 -1
618 1488 -1
619 1489 -1
620 1490 -1
621 1491 -1
622 1492 -1
624 1493 -1
625 1494 -1
626 1495 -1
627 1496 -1
628 1497 -1
629 1498 -1
631 1499 -1
632 1500 -1
633 1501 -1
634 1502 -1
636 1503 -1
637 1504 -1
638 1505 -1
639 1506 -1
640 1507 -1
641 1508 -1
642 1509 -1
643 1510 -1
644 1511 -1
645 1512 -1
646 1513 -1
647 1514 -1
657 1515 1
658 1516 1
659 1517 1
660 1518 1
661 1519 1
662 1520 1
663 1521 1
664 1522 1
665 1523 1
666 1524 1
667 1525 1
668 1526 1
669 1527 1
671 1528 1
672 1529 1
673 1530 1
674 1531 1
675 1532 1
689 1533 1
722 1534 1
733 1535 1
735 1536 1
738 1537 1
739 1538 1
743 1539 1
755 1540 1
756 1541 1
758 1542 1
759 1543 1
760 1544 1
778 1545 1
787 1546 1
788 1547 1
827 1548 1
845 1549 -1
846 1550 -1
847 1551 -1
848 1552 -1
849 1553 -1
851 1554 -1
852 1555 -1
853 1556 -1
854 1557 -1
855 1558 -1
856 1559 -1
857 1560 -1
858 1561 -1
859 1562 -1
860 1563 -1
861 1564 -1
862 1565 -1
863 1566 -1
864 1567 -1
865 1568 -1
866 1569 -1
867 1570 -1
868 1571 -1
869 1572 -1
870 1573 -1
871 1574 -1
872 1575 -1
873 1576 -1
874 1577 -1
876 1578 -1
877 1579 -1
878 1580 -1
879 1581 -1
880 1582 -1
881 1583 -1
882 1584 -1
883 1585 -1
884 1586 -1
885 1587 -1
887 1588 -1
888 1589 -1
889 1590 -1
890 1591 -1
901 1592 1
903 1593 1
904 1594 1
905 1595 1
906 1596 1
907 1597 1
908 1598 1
909 1599 1
910 1600 1
911 1601 1
912 1602 1
913 1603 1
914 1604 1
916 1605 1
917 1606 1
922 1607 1
958 1608 1
968 1609 1
971 1610 1
974 1611 1
991 1612 1
995 1613 1
1003 1614 1
1006 1615 1
1009 1616 1
1011 1617 1
1014 1618 1
1016 1619 1
1023 1620 1
1036 1621 1
1050 1622 1
1052 1623 1
1109 1624 -1
1110 1625 -1
1113 1626 -1
1114 1627 -1
1115 1628 -1
1116 1629 -1
1117 1630 -1
1118 1631 -1
1119 1632 -1
1120 1633 -1
1121 1634 -1
1122 1635 -1
1123 1636 -1
1124 1637 -1
1125 1638 -1
1127 1639 -1
1128 1640 -1
1129 1641 -1
1130 1642 -1
1131 1643 -1
1133 1644 -1
1134 1645 -1
1135 1646 -1
1137 1647 -1
1138 1648 -1
1140 1649 -1
1141 1650 -1
1142 1651 -1
1143 1652 -1
1145 1653 -1
1146 1654 -1
1147 1655 -1
1148 1656 -1
1149 1657 -1
1151 1658 -1
1152 1659 -1
1153 1660 -1
1154 1661 -1
1166 1662 1
1168 1663 1
1169 1664 1
1170 1665 1
1171 1666 1
1172 1667 1
1173 1668 1
1174 1669 1
1175 1670 1
1176 1671 1
1177 1672 1
1178 1673 1
1179 1674 1
1181 1675 1
1182 1676 1
1187 1677 1
1193 1678 1
1198 1679 1
1221 1680 1
1231 1681 1
1237 1682 1
1249 1683 1
1254 1684 1
1258 1685 1
1261 1686 1
1262 1687 1
1265 1688 1
1266 1689 1
1267 1690 1
1268 1691 1
1269 1692 1
1270 1693 1
1271 1694 1
1278 1695 1
1287 1696 1
1288 1697 1
1298 1698 1
1299 1699 1
1300 1700 1
1301 1701 1
1342 1702 1
1360 1703 -1
1361 1704 -1
1362 1705 -1
1363 1706 -1
1364 1707 -1
1365 1708 -1
1366 1709 -1
1367 1710 -1
1368 1711 -1
1370 1712 -1
1371 1713 -1
1372 1714 -1
1374 1715 -1
1375 1716 -1
1376 1717 -1
1377 1718 -1
1378 1719 -1
1379 1720 -1
1380 1721 -1
1381 1722 -1
1382 1723 -1
1383 1724 -1
1384 1725 -1
1385 1726 -1
1386 1727 -1
1388 1728 -1
1389 1729 -1
1390 1730 -1
1391 1731 -1
1392 1732 -1
1393 1733 -1
1394 1734 -1
1397 1735 -1
1398 1736 -1
1399 1737 -1
1400 1738 -1
1401 1739 -1
1402 1740 -1
1403 1741 -1
1404 1742 -1
1405 1743 -1
1406 1744 -1
1419 1745 1
1420 1746 1
1421 1747 1
1422 1748 1
1423 1749 1
1424 1750 1
1425 1751 1
1426 1752 1
1427 1753 1
1428 1754 1
1429 1755 1
1430 1756 1
1431 1757 1
1432 1758 1
1433 1759 1
1434 1760 1
1456 1761 1
1465 1762 1
1475 1763 1
1476 1764 1
1479 1765 1
1491 1766 1
1495 1767 1
1536 1768 -1
1537 1769 -1
1538 1770 -1
1539 1771 -1
1540 1772 -1
1541 1773 -1
1542 1774 -1
1543 1775 -1
1544 1776 -1
1546 1777 -1
1547 1778 -1
1548 1779 -1
1549 1780 -1
1550 1781 -1
1551 1782 -1
1552 1783 -1
1553 1784 -1
1554 1785 -1
1555 1786 -1
1556 1787 -1
1557 1788 -1
1558 1789 -1
1559 1790 -1
1560 1791 -1
1561 1792 -1
1562 1793 -1
1563 1794 -1
1564 1795 -1
1565 1796 -1
1566 1797 -1
1567 1798 -1
1568 1799 -1
1569 1800 -1
1570 1801 -1
1571 1802 -1
1572 1803 -1
1573 1804 -1
1574 1805 -1
1575 1806 -1
1576 1807 -1
1577 1808 -1
1578 1809 -1
1579 1810 -1
1588 1811 1
1589 1812 1
1590 1813 1
1591 1814 1
1592 1815 1
1593 1816 1
1594 1817 1
1595 1818 1
1596 1819 1
1597 1820 1
1598 1821 1
1599 1822 1
1600 1823 1
1601 1824 1
1602 1825 1
1603 1826 1
1604 1827 1
1606 1828 1
1614 1829 1
1632 1830 1
1639 1831 1
1651 1832 1
1657 1833 1
1674 1834 1
1678 1835 1
1686 1836 1
1689 1837 1
1692 1838 1
1694 1839 1
1695 1840 1
1704 1841 1
1731 1842 1
1733 1843 1
1790 1844 -1
1791 1845 -1
1794 1846 -1
1795 1847 -1
1796 1848 -1
1797 1849 -1
1798 1850 -1
1799 1851 -1
1800 1852 -1
1801 1853 -1
1802 1854 -1
1803 1855 -1
1804 1856 -1
1805 1857 -1
1806 1858 -1
1807 1859 -1
1808 1860 -1
1809 1861 -1
1810 1862 -1
1811 1863 -1
1812 1864 -1
1813 1865 -1
1814 1866 -1
1815 1867 -1
1816 1868 -1
1817 1869 -1
1818 1870 -1
1819 1871 -1
1820 1872 -1
1821 1873 -1
1822 1874 -1
1823 1875 -1
1824 1876 -1
1826 1877 -1
1827 1878 -1
1828 1879 -1
1829 1880 -1
1830 1881 -1
1832 1882 -1
1833 1883 -1
1834 1884 -1
1835 1885 -1
1847 1886 1
1849 1887 1
1850 1888 1
1851 1889 1
1852 1890 1
1853 1891 1
1854 1892 1
1855 1893 1
1856 1894 1
1857 1895 1
1858 1896 1
1859 1897 1
1860 1898 1
1861 1899 1
1863 1900 1
1864 1901 1
1871 1902 1
