1903 1903 7522
1328 0 13/2500
1326 0 9/10000
1355 0 27/2000
1327 0 139/10000
1354 0 159/10000
1276 0 -1
1270 0 8/625
1274 0 1/10000
1271 0 623/2500
1288 0 1627/5000
1197 0 1611/10000
1249 0 221/2000
1248 0 103/5000
1207 0 13/2500
1202 0 9/10000
1283 0 27/2000
1206 0 139/10000
1282 0 159/10000
1205 0 41/2000
1281 0 103/10000
1204 0 37/1250
1225 0 3/2000
1224 0 91/10000
1331 0 -9753/10000
1409 0 1/200
1408 0 -33/1000
1898 1 -1
1339 1 1
1896 2 -1
1343 2 1
1897 3 -1
1344 3 1
1793 4 -1
150 5 1482959/12500
151 5 2994511/25000
125 5 110957/100000
127 5 202477/12500
165 5 3505241/100000
164 5 191353/12500
81 5 1
67 5 75871/50000
48 5 -1
150 6 7366091/50000
151 6 9227661/50000
125 6 1123/1000
127 6 719/50
165 6 290099/2000
164 6 2929043/25000
81 6 1
67 6 165017/100000
60 6 -1
1099 7 1
1898 8 -1
1347 8 1
1227 9 -1
1229 9 628/625
1224 9 351/100000
1225 9 -831/100000
1340 9 -12381/10000
1409 9 -1/400
1408 9 -1/400
1407 9 -37/10000
63 10 1176931/100000
138 10 676093/50000
140 10 602299/25000
168 10 4663/3125
136 10 107741/100000
142 10 3073499/25000
141 10 74083/800
171 10 81673/25000
169 10 2008501/100000
170 10 4047/100000
139 10 2771689/100000
137 10 -376199/50000
135 10 -6448099/10000
83 10 1
69 10 6147/5000
41 10 -1
1302 11 239871/20000
1399 11 273013/20000
1397 11 26993/25000
1434 11 10691/2500
1432 11 5064/125
1433 11 1447/10000
1400 11 60161/5000
1398 11 -1176059/100000
1431 11 210721/100000
1396 11 -27989/12500
1320 11 1
1309 11 58591/50000
1192 11 -1
98 12 1
1190 13 99213/100000
1189 13 -1
1224 13 831/100000
1225 13 -9/20000
1347 13 -742/625
1408 13 -33/5000
1407 13 -21/10000
1893 14 -1
1333 14 1
1898 15 -1
1346 15 1
1901 16 -1
1353 16 1
144 17 231/200
85 17 1
71 17 1939/1000
21 17 -1
145 18 5387/5000
72 18 11091/10000
86 18 1
61 18 -1
72 19 -1
47 19 1
86 20 -1
62 21 -1
21 21 3/10
49 21 3/20
48 21 3/10
17 21 7/80
22 21 13/80
87 22 1
73 22 163/125
13 22 -1123/5000
11 22 -2207/10000
49 22 -1481/5000
48 22 -517/2000
54 23 1
73 23 -1
146 24 2719/2500
87 24 -1
10 25 1
7 25 -1
10 26 -1
90 26 53/5000
88 26 9/2500
89 26 39/10000
56 26 20317/50000
11 26 11907/100000
13 26 861/10000
41 26 14801/100000
49 26 1779/10000
48 26 4417/100000
22 26 531/50000
17 26 9/2500
21 26 387/100000
20 26 31/100000
91 26 -11957/10000
149 26 -81/10000
148 26 -3/625
147 26 -37/2500
77 27 3993/100000
50 27 -1
53 27 79501/100000
23 27 857/100000
18 27 2103/12500
29 27 3993/100000
39 27 -47/4000
92 27 -607/400
149 27 -319/10000
148 27 -91/10000
147 27 -53/5000
42 28 24991/25000
41 28 -1
38 28 37/100000
39 28 -1/50000
93 28 -6147/5000
149 28 -37/10000
148 28 -1/1000
41 29 -1
43 29 100569/100000
38 29 41/100000
39 29 -61/10000
94 29 -6147/5000
149 29 -1/400
148 29 -1/400
147 29 -37/10000
77 30 1/20
88 30 -1
29 30 227/4000
17 30 -1/20
77 31 3/20
89 31 -1
29 31 693/4000
21 31 -3/20
77 32 1/20
90 32 -1
29 32 1139/20000
22 32 -1/20
77 33 3/20
101 33 -1
29 33 171/1000
59 33 -3/20
77 34 1/20
102 34 -1
29 34 1123/20000
60 34 -1/20
50 35 99993/100000
48 35 -1
95 35 -607/400
148 35 -1/1250
147 35 -19/2500
14 36 3993/4000
13 36 -1
38 36 9/5000
39 36 -1/10000
96 36 -291/250
148 36 -13/2000
147 36 -21/10000
12 37 12489/12500
11 37 -1
38 37 9/10000
39 37 -1/20000
96 37 -1481/1250
148 37 -33/5000
147 37 -21/10000
90 38 59/2000
88 38 189/10000
89 38 69/2000
49 38 -1
52 38 85867/100000
22 38 2951/100000
17 38 943/50000
21 38 689/20000
20 38 2463/100000
19 38 91/6250
39 38 1931/100000
97 38 -2649/2000
149 38 -199/10000
148 38 -19/1250
147 38 -543/10000
90 39 29/1000
88 39 33/2000
89 39 69/2000
51 39 2713/3125
22 39 579/20000
17 39 413/25000
21 39 3451/100000
20 39 2457/100000
19 39 1393/100000
39 39 167/12500
49 39 -1
98 39 -2649/2000
149 39 -37/2000
148 39 -179/10000
147 39 -53/1000
55 40 499/500
38 40 -17/16
100 40 -17/16
149 40 53/200
148 40 -16/625
147 40 -657/10000
39 41 1
40 41 -1
29 42 -613/200
19 42 49/200
40 42 1
104 42 -613/200
149 42 8/25
148 42 -41/100
147 42 -119/50
154 43 -956061/100000
107 43 6187/40
113 43 -85
112 43 -1
111 43 -12
106 43 -44
65 43 -1
24 43 1
155 44 -27/100
75 44 -1
156 45 -956061/100000
115 45 20205493/50000
121 45 -85
120 45 -1
119 45 -12
114 45 -1/10000
157 45 -2177/2500
66 45 -1
25 45 1
157 46 1
158 46 -27/100
76 46 -1
159 47 -3/5
78 47 -1
31 47 1
161 48 -42119/10000
160 48 -3/5
79 48 -1
33 48 1
163 49 -8737/2000
162 49 -23/10
80 49 -1
34 49 1
128 50 -91
129 50 -96
126 50 -86
165 50 -16
164 50 -13
67 50 -1
36 50 99/100
81 51 -1
133 52 -87
134 52 -92
131 52 -82
167 52 -16
166 52 -13
68 52 -1
37 52 99/100
82 53 -1
63 54 -1
168 54 1731/2500
63 55 -38327/4000
140 55 -15
168 55 -61177/50000
142 55 -1
141 55 -1
169 55 -18
139 55 -43/2
135 55 6726709/12500
69 55 -1
44 55 199/200
171 56 -5
170 56 -7/25
137 56 1785159/100000
83 56 -1
1865 57 -1
17 57 1
1866 58 -1
22 58 1
1867 59 -1
62 59 1
133 60 1/2
131 60 1
152 60 -1
133 61 1/2
134 61 1
153 61 -1
349 62 33383/2500
348 62 21491/20000
350 62 131089/50000
398 62 604307/100000
347 62 -675023/25000
353 62 1481031/12500
352 62 2150013/20000
346 62 6337091/100000
399 62 1227/12500
295 62 1
285 62 59241/50000
175 62 -1
349 63 8397/625
348 63 107657/100000
350 63 154789/50000
398 63 1053913/50000
347 63 -1779/800
353 63 11639477/100000
346 63 3450303/50000
399 63 9747/50000
295 63 1
285 63 23279/20000
177 63 -1
349 64 54519/4000
348 64 53939/50000
350 64 13/5
398 64 1634889/50000
347 64 -16134/625
353 64 9562697/100000
352 64 3586011/100000
346 64 1195337/25000
295 64 1
285 64 59767/50000
180 64 -1
349 65 1150537/100000
348 65 103403/100000
350 65 16/5
398 65 85171/25000
347 65 -239597/100000
353 65 2339793/25000
352 65 3853777/100000
346 65 1376349/50000
399 65 1/1000
295 65 1
285 65 27527/25000
185 65 -1
349 66 672209/50000
348 66 21549/20000
350 66 13/5
398 66 1680401/100000
347 66 -254803/100000
353 66 4976581/50000
352 66 3512881/100000
346 66 6791569/100000
399 66 21/1000
295 66 1
285 66 14637/12500
186 66 -1
349 67 676093/50000
348 67 107741/100000
350 67 100233/50000
398 67 179599/100000
347 67 -6448099/10000
353 67 3073499/25000
352 67 3073499/25000
351 67 74083/800
346 67 1484359/25000
399 67 4047/100000
295 67 1
285 67 6147/5000
213 67 -1
349 68 273921/20000
348 68 107977/100000
350 68 2
398 68 714137/100000
347 68 -3582781/25000
353 68 6180179/50000
352 68 6180179/50000
351 68 4449729/100000
346 68 6180179/100000
295 68 1
285 68 30901/25000
216 68 -1
349 69 137/10
348 69 1089/1000
350 69 2
398 69 7017/4000
347 69 -7894029/25000
353 69 12536041/100000
352 69 12536041/100000
351 69 180519/4000
346 69 6268021/100000
295 69 1
285 69 1567/1250
218 69 -1
349 70 342/25
348 70 1351/1250
350 70 2
398 70 154509/12500
347 70 -8132719/12500
352 70 6197323/50000
351 70 583323/6250
346 70 5862667/100000
399 70 1/250
295 70 1
285 70 61973/50000
219 70 -1
349 71 601/50
348 71 657/625
350 71 2
398 71 168233/100000
347 71 -60335427/100000
353 71 11494253/100000
352 71 11494253/100000
351 71 2163793/25000
346 71 1534483/50000
399 71 17/50
295 71 1
285 71 114943/100000
220 71 -1
349 72 244851/20000
348 72 26523/25000
350 72 11/5
398 72 457201/100000
347 72 -4674877/100000
353 72 1176609/10000
352 72 1176609/10000
351 72 3529827/50000
346 72 1029533/25000
399 72 1/1000
295 72 1
285 72 117661/100000
223 72 -1
349 73 138063/10000
348 73 108059/100000
350 73 19/10
398 73 795171/100000
347 73 -2449857/50000
353 73 12331977/100000
352 73 5857689/50000
351 73 1541497/25000
346 73 1572327/25000
399 73 21/1000
295 73 1
285 73 3083/2500
224 73 -1
349 74 168069/10000
348 74 55253/50000
350 74 19/10
398 74 60349/50000
347 74 -11041253/20000
353 74 6830601/50000
352 74 6830601/50000
351 74 6147541/50000
346 74 6830601/100000
399 74 1/10
295 74 1
285 74 34153/25000
244 74 -1
349 75 756619/50000
348 75 21871/20000
350 75 19/10
398 75 114891/100000
347 75 -52550047/100000
353 75 13003901/100000
352 75 13003901/100000
351 75 11703511/100000
346 75 6501951/100000
399 75 1/10
295 75 1
285 75 130039/100000
247 75 -1
349 76 246701/20000
348 76 53177/50000
350 76 19/10
398 76 46739/50000
347 76 -90995877/100000
353 76 12065637/100000
352 76 12065637/100000
351 76 12065637/100000
346 76 2413127/100000
399 76 9/100
295 76 1
285 76 7541/6250
274 76 -1
349 77 36718/3125
348 77 4203/4000
350 77 128913/50000
398 77 707217/100000
347 77 -1350181/6250
353 77 11069043/100000
352 77 1453707/20000
351 77 500193/50000
346 77 928919/25000
399 77 24193/100000
295 77 1
285 77 56191/50000
276 77 -1
349 78 68289/6250
348 78 25713/25000
350 78 3
398 78 152657/20000
347 78 -24411019/100000
353 78 10326087/100000
352 78 5434783/100000
346 78 1576087/50000
399 78 3/1000
295 78 1
285 78 13587/12500
280 78 -1
1502 79 1
1487 79 -1
1455 79 1123/1000
357 80 54519/4000
356 80 53939/50000
358 80 13/5
400 80 1634889/50000
355 80 -16134/625
361 80 9562697/100000
360 80 3586011/100000
354 80 1195337/25000
296 80 1
286 80 59767/50000
180 80 -1
357 81 672209/50000
356 81 21549/20000
358 81 13/5
400 81 1680401/100000
355 81 -254803/100000
361 81 4976581/50000
360 81 3512881/100000
354 81 6791569/100000
402 81 21/1000
296 81 1
286 81 14637/12500
186 81 -1
1419 82 -956061/100000
1373 82 20205493/50000
1379 82 -85
1378 82 -1
1377 82 -12
1372 82 -1/10000
1420 82 -2177/2500
1306 82 -1
1210 82 1
357 83 342/25
356 83 1351/1250
358 83 2
400 83 154509/12500
355 83 -8132719/12500
360 83 6197323/50000
359 83 583323/6250
354 83 5862667/100000
402 83 1/250
296 83 1
286 83 61973/50000
219 83 -1
357 84 244851/20000
356 84 26523/25000
358 84 11/5
400 84 457201/100000
355 84 -4674877/100000
361 84 1176609/10000
360 84 1176609/10000
359 84 3529827/50000
354 84 1029533/25000
402 84 1/1000
296 84 1
286 84 117661/100000
223 84 -1
363 85 1268869/100000
362 85 102379/100000
403 85 54867/100000
298 85 1
202 85 2379/100000
260 85 -1
363 86 36718/3125
362 86 4203/4000
403 86 24193/100000
298 86 1
202 86 203/4000
276 86 -1
365 87 33383/2500
364 87 21491/20000
405 87 61/25
404 87 1227/12500
299 87 1
205 87 1491/20000
175 87 -1
1805 88 62/5
1804 88 2601/2500
1806 88 813/400
1848 88 139583/100000
1803 88 -14653601/25000
1809 88 11494253/100000
1808 88 11494253/100000
1807 88 4126437/50000
1802 88 387931/12500
1850 88 43/25
1743 88 1
1736 88 114943/100000
1654 88 -1
365 89 672209/50000
364 89 21549/20000
405 89 12/5
404 89 21/1000
299 89 1
205 89 1549/20000
186 89 -1
365 90 676093/50000
364 90 107741/100000
405 90 91/50
404 90 4047/100000
299 90 1
205 90 7741/100000
213 90 -1
365 91 138063/10000
364 91 108059/100000
405 91 17/10
404 91 21/1000
299 91 1
205 91 8059/100000
224 91 -1
365 92 149189/20000
364 92 95579/100000
405 92 7/2
404 92 11/200
299 92 1
205 92 -4421/100000
262 92 -1
1556 93 97509/100000
1592 93 11044/3125
1503 93 1
1457 93 -2491/100000
1482 93 -1
1558 94 25079/25000
1596 94 97/25
1595 94 130877/50000
1505 94 1
1460 94 79/25000
1488 94 -1
1437 95 1
6 95 -1
1811 96 1340193/100000
1810 96 26911/25000
1851 96 8201/50000
1745 96 1
1637 96 1911/25000
1611 96 -1
1805 97 1150537/100000
1804 97 103403/100000
1806 97 16/5
1848 97 85171/25000
1803 97 -239597/100000
1809 97 2339793/25000
1808 97 3853777/100000
1802 97 1376349/50000
1850 97 1/1000
1743 97 1
1736 97 27527/25000
1620 97 -1
1900 98 -1
1897 98 -1
1531 98 1
367 99 676093/50000
366 99 107741/100000
407 99 91/50
406 99 4047/100000
300 99 1
206 99 7741/100000
213 99 -1
367 100 49/4
366 100 1313/1250
407 100 91/50
406 100 17/100
300 100 1
206 100 63/1250
220 100 -1
367 101 1379387/100000
366 101 109591/100000
407 101 197/50
406 101 1/50
300 101 1
206 101 9591/100000
263 101 -1
367 102 36718/3125
366 102 4203/4000
407 102 12/5
406 102 24193/100000
300 102 1
206 102 203/4000
276 102 -1
367 103 68289/6250
366 103 25713/25000
407 103 31/10
406 103 3/1000
300 103 1
206 103 713/25000
280 103 -1
367 104 639147/100000
366 104 9343/10000
407 104 249/50
406 104 297/500
300 104 1
206 104 -657/10000
281 104 -1
367 105 489951/50000
366 105 9933/10000
407 105 49/10
406 105 1/200
300 105 1
206 105 -67/10000
282 105 -1
394 106 16877811/100000
395 106 8769367/50000
368 106 227/200
370 106 434/25
409 106 1705151/10000
408 106 3507993/25000
301 106 1
287 106 8881/5000
188 106 -1
394 107 284437/2000
395 107 7460789/50000
368 107 559/500
370 107 839/50
409 107 1412/25
408 107 168/5
301 107 1
287 107 8/5
189 107 -1
394 108 7457177/50000
395 108 15851493/100000
368 108 1139/1000
370 108 434/25
409 108 3296233/25000
408 108 10273973/100000
301 108 1
287 108 171233/100000
193 108 -1
394 109 5640113/50000
395 109 11339347/100000
368 109 1121/1000
370 109 839/50
409 109 1111111/25000
408 109 297619/12500
301 109 1
287 109 15873/10000
194 109 -1
394 110 1482959/12500
395 110 2994511/25000
368 110 110957/100000
370 110 202477/12500
409 110 3505241/100000
408 110 191353/12500
301 110 1
287 110 75871/50000
227 110 -1
1805 111 1103151/100000
1804 111 103021/100000
1806 111 273/100
1848 111 69017/10000
1803 111 -2249221/10000
1809 111 9102873/100000
1808 111 5549463/100000
1802 111 3103751/100000
1850 111 2683/10000
1743 111 1
1736 111 109673/100000
1730 111 -1
394 112 6795143/50000
395 112 2879479/20000
368 112 111179/100000
370 112 1685641/100000
409 112 3711631/100000
408 112 2010467/100000
301 112 1
287 112 154651/100000
234 112 -1
1583 113 284437/2000
1584 113 7460789/50000
1561 113 839/50
1559 113 559/500
1598 113 1412/25
1597 113 168/5
1506 113 1
1495 113 8/5
1445 113 -1
394 114 7366091/50000
395 114 9227661/50000
368 114 1123/1000
370 114 719/50
409 114 290099/2000
408 114 2929043/25000
301 114 1
287 114 165017/100000
267 114 -1
396 115 16877811/100000
397 115 8769367/50000
373 115 227/200
375 115 434/25
411 115 1705151/10000
410 115 3507993/25000
302 115 1
288 115 8881/5000
188 115 -1
396 116 284437/2000
397 116 7460789/50000
373 116 559/500
375 116 839/50
411 116 1412/25
410 116 168/5
302 116 1
288 116 8/5
189 116 -1
396 117 7457177/50000
397 117 15851493/100000
373 117 1139/1000
375 117 434/25
411 117 3296233/25000
410 117 10273973/100000
302 117 1
288 117 171233/100000
193 117 -1
396 118 5640113/50000
397 118 11339347/100000
373 118 1121/1000
375 118 839/50
411 118 1111111/25000
410 118 297619/12500
302 118 1
288 118 15873/10000
194 118 -1
396 119 1482959/12500
397 119 2994511/25000
373 119 110957/100000
375 119 202477/12500
411 119 3505241/100000
410 119 191353/12500
302 119 1
288 119 75871/50000
227 119 -1
1897 120 -1
1526 120 1
396 121 2954169/25000
397 121 6088369/50000
373 121 55253/50000
375 121 168069/10000
411 121 191257/100000
410 121 191257/100000
302 121 1
288 121 34153/25000
244 121 -1
1805 122 756619/50000
1804 122 21871/20000
1806 122 19/10
1848 122 114891/100000
1803 122 -52550047/100000
1809 122 13003901/100000
1808 122 13003901/100000
1807 122 11703511/100000
1802 122 6501951/100000
1850 122 1/10
1743 122 1
1736 122 130039/100000
1685 122 -1
1896 123 -1
325 123 1
321 124 1
322 125 1
325 126 1
326 127 1
327 128 1
1381 129 -1/10000
1380 129 -1/10000
1422 129 -3/5
1315 129 -1
1216 129 1
329 130 1
330 131 1
331 132 1
332 133 1
1385 134 -1/10000
1384 134 -1/10000
1426 134 -8737/2000
1425 134 -7/2
1317 134 -1
1220 134 1
334 135 1
335 136 1
338 137 1
339 138 1
340 139 1
345 140 2141/2000
284 140 2531/2000
294 140 1
232 140 -1
345 141 666/625
284 141 1241/1000
294 141 1
233 141 -1
187 142 99/100
284 142 -1
294 143 -1
198 144 1
201 144 -1
199 145 1
201 145 -1
297 146 1
200 146 227/200
188 146 -1
297 147 1
200 147 623/500
190 147 -1
1805 148 1340193/100000
1804 148 26911/25000
1806 148 77733/25000
1848 148 180109/12500
1803 148 -222203/100000
1809 148 581247/5000
1802 148 6283169/100000
1850 148 8201/50000
1743 148 1
1736 148 116249/100000
1611 148 -1
297 149 1
200 149 231/200
192 149 -1
297 150 1
200 150 1139/1000
193 150 -1
297 151 1
200 151 299/100
211 151 -1
297 152 1
265 152 -1
200 152 47/40
297 153 1
266 153 -1
200 153 57/50
297 154 1
267 154 -1
200 154 1123/1000
1813 155 672209/50000
1812 155 21549/20000
1853 155 12/5
1852 155 21/1000
1746 155 1
1640 155 1549/20000
1621 155 -1
201 156 1
200 156 -1
202 157 -1
201 157 1
203 158 1
201 158 -1
257 159 443/1000
204 159 557/1000
256 159 -1
1383 160 -1/10000
1382 160 -1/10000
1424 160 -42119/10000
1423 160 -3/5
1316 160 -1
1219 160 1
1438 161 1
1435 161 -1
385 162 2719/2500
304 162 1
290 162 1323/1000
213 162 -107/250
228 162 -397/1000
230 162 -7/40
222 163 99/100
290 163 -1
304 164 -1
386 165 144/125
305 165 1
291 165 19141/10000
188 165 -657/5000
192 165 -4343/5000
386 166 231/200
305 166 1
291 166 1939/1000
192 166 -1
386 167 1153/1000
305 167 1
291 167 2381/1250
193 167 -339/2500
192 167 -2161/2500
386 168 1153/1000
305 168 1
291 168 2417/1250
266 168 -41/400
192 168 -359/400
225 169 197/200
291 169 -1
305 170 -1
387 171 5387/5000
292 171 11091/10000
306 171 1
268 171 -1
1867 172 -1
1290 172 1
244 173 1087/100000
243 173 98913/100000
188 173 -56919/100000
266 173 -43081/100000
309 173 -4127/5000
391 173 -653/5000
390 173 -69/10000
1213 174 -1
1408 174 1
297 175 57/10000
337 175 247/5000
336 175 1/25
313 175 101/10000
311 175 53/1250
312 175 123/10000
324 175 -134/125
323 175 -771/5000
276 175 35087/100000
177 175 -1
255 175 2833/100000
281 175 51/50000
274 175 407/5000
273 175 17619/100000
272 175 19111/100000
210 175 23/25000
267 175 4943/100000
193 175 1007/100000
188 175 4243/100000
266 175 999/25000
192 175 617/50000
265 175 369/50000
191 175 147/50000
200 175 57/10000
310 175 -291/250
392 175 -41/100
391 175 51/2500
390 175 -253/10000
297 176 29/2000
337 176 43/1250
336 176 241/10000
313 176 37/5000
311 176 91/10000
312 176 143/10000
324 176 -1221/1000
323 176 -893/10000
200 176 29/2000
282 176 379/5000
280 176 419/2000
274 176 107/1000
273 176 2339/10000
272 176 1043/5000
255 176 541/10000
263 176 -1
267 176 43/1250
266 176 241/10000
193 176 37/5000
188 176 91/10000
192 176 143/10000
191 176 73/10000
210 176 1/50000
310 176 -11273/10000
392 176 -63/100
391 176 197/10000
390 176 -49/2000
297 177 413/50000
337 177 253/5000
336 177 183/5000
313 177 81/10000
311 177 73/2500
312 177 13/1250
324 177 -1169/1000
323 177 -1349/10000
277 177 12839/50000
268 177 -1
255 177 4591/100000
281 177 247/12500
274 177 487/5000
273 177 5663/25000
272 177 4891/25000
210 177 51/25000
267 177 5061/100000
193 177 811/100000
188 177 2919/100000
266 177 183/5000
192 177 519/50000
265 177 79/10000
191 177 489/100000
200 177 413/50000
310 177 -11091/10000
392 177 -21/50
391 177 97/5000
390 177 -241/10000
297 178 2929/100000
337 178 61/2000
336 178 257/10000
313 178 13/10000
311 178 101/10000
312 178 57/10000
324 178 -11841/10000
323 178 -183/2500
278 178 37341/100000
269 178 -1
255 178 5891/100000
281 178 10611/50000
274 178 493/10000
273 178 4691/50000
272 178 4221/50000
210 178 207/100000
267 178 3053/100000
193 178 4/3125
188 178 1011/100000
266 178 2567/100000
192 178 283/50000
265 178 39/5000
191 178 31/2000
200 178 2929/100000
310 178 -5439/5000
392 178 -17/40
391 178 19/1000
390 178 -59/2500
297 179 283/25000
337 179 337/10000
336 179 11/400
313 179 39/10000
311 179 79/5000
312 179 69/10000
270 179 -1
324 179 -7579/5000
323 179 -439/5000
279 179 19441/50000
255 179 937/20000
281 179 4721/100000
274 179 8321/100000
273 179 4743/25000
272 179 6311/50000
210 179 51/50000
267 179 337/10000
193 179 193/50000
188 179 79/5000
266 179 687/25000
192 179 69/10000
265 179 403/50000
191 179 197/20000
200 179 283/25000
310 179 -2659/2500
392 179 -2457/10000
391 179 93/5000
390 179 -231/10000
297 180 21/5000
337 180 209/5000
336 180 341/10000
313 180 7/625
311 180 481/10000
312 180 61/5000
324 180 -269/250
323 180 -737/5000
276 180 35223/100000
177 180 -1
255 180 29/800
281 180 3/6250
274 180 507/6250
273 180 8829/50000
272 180 19303/100000
210 180 91/100000
267 180 261/6250
193 180 1117/100000
188 180 2407/50000
266 180 213/6250
192 180 1221/100000
265 180 273/50000
191 180 57/25000
200 180 21/5000
310 180 -291/250
392 180 -263/500
391 180 51/2500
390 180 -253/10000
297 181 3/500
337 181 441/10000
336 181 31/1000
313 181 91/10000
311 181 21/625
312 181 51/5000
324 181 -1159/1000
323 181 -16/125
277 181 13057/50000
268 181 -1
255 181 5623/100000
281 181 233/12500
274 181 302/3125
273 181 11273/50000
272 181 19633/100000
210 181 51/25000
267 181 4413/100000
193 181 909/100000
188 181 1679/50000
266 181 3099/100000
192 181 511/50000
265 181 579/100000
191 181 371/100000
200 181 3/500
310 181 -11091/10000
392 181 -257/500
391 181 97/5000
390 181 -241/10000
297 182 2341/100000
337 182 7/250
336 182 223/10000
313 182 3/2000
311 182 111/10000
312 182 27/5000
324 182 -1181/1000
323 182 -683/10000
278 182 39239/100000
269 182 -1
255 182 1841/25000
281 182 19419/100000
274 182 4943/100000
273 182 1889/20000
272 182 8389/100000
210 182 13/6250
267 182 2799/100000
193 182 3/2000
188 182 111/10000
266 182 2227/100000
192 182 543/100000
265 182 661/100000
191 182 1163/100000
200 182 2341/100000
310 182 -5439/5000
392 182 -531/1000
391 182 19/1000
390 182 -59/2500
1893 183 -1
1520 183 1
342 184 1
344 184 -1
341 184 -1
343 184 -1
392 184 1
1528 185 1
257 186 -1
172 187 -1
260 187 20317/50000
177 187 861/10000
175 187 11907/100000
213 187 14801/100000
228 187 1779/10000
227 187 4417/100000
313 187 53/5000
311 187 9/2500
312 187 39/10000
193 187 531/50000
188 187 9/2500
192 187 387/100000
191 187 31/100000
314 187 -11957/10000
391 187 -81/10000
390 187 -3/625
389 187 -37/2500
173 188 -1
262 188 1083/5000
185 188 77/625
223 188 707/5000
248 188 2589/5000
313 188 3/5000
311 188 1/2500
193 188 3/5000
188 188 1/2500
314 188 -117/100
391 188 -1/125
390 188 -47/10000
389 188 -29/2000
174 189 -1
263 189 4231/10000
186 189 2123/10000
224 189 207/1250
231 189 703/5000
229 189 519/10000
313 189 1/250
311 189 1/400
193 189 1/250
188 189 1/400
314 189 -603/500
391 189 -41/5000
390 189 -3/625
389 189 -3/200
1607 190 -1
1705 190 4231/10000
1621 190 2123/10000
1658 190 207/1250
1665 190 703/5000
1663 190 519/10000
1758 190 1/250
1756 190 1/400
1628 190 1/250
1623 190 1/400
1759 190 -603/500
1838 190 -41/5000
1837 190 -3/625
1836 190 -3/200
653 191 16877811/100000
654 191 8769367/50000
628 191 434/25
626 191 227/200
668 191 1705151/10000
667 191 3507993/25000
557 191 1
543 191 8881/5000
433 191 -1
1606 192 -1
1704 192 1083/5000
1620 192 77/625
1657 192 707/5000
1688 192 2589/5000
1758 192 3/5000
1756 192 1/2500
1628 192 3/5000
1623 192 1/2500
1759 192 -117/100
1838 192 -1/125
1837 192 -47/10000
1836 192 -29/2000
693 193 -1
1868 193 1
1881 194 -1
297 195 1/20
313 195 -1
200 195 1139/20000
193 195 -1/20
200 196 -613/200
190 196 49/200
212 196 1
339 196 -1
391 196 8/25
390 196 -41/100
389 196 -119/50
454 197 -1
1877 197 1
226 198 -1
1881 198 1
1815 199 1167989/100000
1814 199 20989/20000
1855 199 12/5
1854 199 6659/25000
1747 199 1
1641 199 989/20000
1727 199 -1
1815 200 1294079/100000
1814 200 105797/100000
1855 200 293/100
1854 200 82009/50000
1747 200 1
1641 200 5797/100000
1610 200 -1
1606 201 1
1436 201 -1
1744 202 869/50000
1785 202 289/10000
1784 202 57/2500
1758 202 13/5000
1756 202 69/5000
1757 202 3/500
1772 202 -333/200
1771 202 -741/10000
1727 202 34747/100000
1714 202 -1
1695 202 7877/100000
1732 202 8061/50000
1723 202 323/5000
1722 202 13279/100000
1721 202 10251/100000
1644 202 479/100000
1709 202 361/12500
1628 202 259/100000
1623 202 1381/100000
1708 202 2283/100000
1627 202 599/100000
1707 202 339/50000
1626 202 957/100000
1635 202 869/50000
1755 202 -5313/5000
1839 202 -207/500
1838 202 37/2000
1837 202 -231/10000
1844 203 5493627/50000
1845 203 2497667/20000
1823 203 595901/50000
1821 203 106519/100000
1859 203 51511/12500
1858 203 82093/20000
1749 203 1
1738 203 999/800
1667 203 -1
1777 204 1
653 205 2231531/20000
654 205 116293/1000
628 205 1380359/100000
626 205 109319/100000
668 205 265883/10000
667 205 174923/12500
557 205 1
543 205 69969/50000
498 205 -1
1880 206 -1
1835 207 231/200
1752 207 1
1741 207 1939/1000
1627 207 -1
371 208 1/2
372 208 1
395 208 -1
376 209 1/2
377 209 1
397 209 -1
1815 210 305103/25000
1814 210 105747/100000
1855 210 21/10
1854 210 13127/50000
1747 210 1
1641 210 5747/100000
1613 210 -1
653 211 1482959/12500
654 211 2994511/25000
628 211 202477/12500
626 211 110957/100000
668 211 3505241/100000
667 211 191353/12500
557 211 1
543 211 75871/50000
472 211 -1
1848 212 -956061/100000
1803 212 20205493/50000
1809 212 -85
1808 212 -1
1807 212 -12
1802 212 -1/10000
1849 212 -2177/2500
1736 212 -1
1631 212 1
1607 213 1
1437 213 -1
607 214 273921/20000
606 214 107977/100000
608 214 2
657 214 714137/100000
605 214 -3582781/25000
611 214 6180179/50000
610 214 6180179/50000
609 214 4449729/100000
604 214 6180179/100000
551 214 1
541 214 30901/25000
461 214 -1
1835 215 144/125
1752 215 1
1741 215 19141/10000
1623 215 -657/5000
1627 215 -4343/5000
1302 216 246411/20000
1399 216 149997/10000
1397 216 109303/100000
1403 216 3217029/25000
1402 216 2316261/50000
1434 216 327/100
1432 216 234843/25000
1400 216 829993/25000
1401 216 2522151/100000
1398 216 -343723/50000
1431 216 31157/20000
1396 216 -93249/625
1320 216 1
1309 216 128681/100000
1230 216 -1
607 217 138063/10000
606 217 108059/100000
608 217 19/10
657 217 795171/100000
605 217 -2449857/50000
611 217 12331977/100000
610 217 5857689/50000
609 217 1541497/25000
604 217 1572327/25000
658 217 21/1000
551 217 1
541 217 3083/2500
469 217 -1
607 218 168069/10000
606 218 55253/50000
608 218 19/10
657 218 60349/50000
605 218 -11041253/20000
611 218 6830601/50000
610 218 6830601/50000
609 218 6147541/50000
604 218 6830601/100000
658 218 1/10
551 218 1
541 218 34153/25000
493 218 -1
1752 219 -1
607 220 246701/20000
606 220 53177/50000
608 220 19/10
657 220 46739/50000
605 220 -90995877/100000
611 220 12065637/100000
610 220 12065637/100000
609 220 12065637/100000
604 220 2413127/100000
658 220 9/100
551 220 1
541 220 7541/6250
528 220 -1
946 221 -1
1869 221 1
1813 222 489951/50000
1812 222 9933/10000
1853 222 49/10
1852 222 1/200
1746 222 1
1640 222 -67/10000
1733 222 -1
615 223 54519/4000
614 223 53939/50000
616 223 13/5
659 223 1634889/50000
613 223 -16134/625
619 223 9562697/100000
618 223 3586011/100000
612 223 1195337/25000
552 223 1
542 223 59767/50000
425 223 -1
1898 224 -1
1777 224 1
615 225 125673/10000
614 225 13317/12500
616 225 2
659 225 450131/100000
613 225 -2358529/50000
619 225 2374451/20000
618 225 2374451/20000
617 225 326487/5000
612 225 4511457/100000
661 225 1/2000
552 225 1
542 225 118723/100000
462 225 -1
1825 226 -1
615 227 601/50
614 227 657/625
616 227 2
659 227 168233/100000
613 227 -60335427/100000
619 227 11494253/100000
618 227 11494253/100000
617 227 2163793/25000
612 227 1534483/50000
661 227 17/50
552 227 1
542 227 114943/100000
465 227 -1
313 228 1
1883 229 -1
615 230 1138661/100000
614 230 104619/100000
616 230 131/50
659 230 349299/50000
613 230 -20272057/100000
619 230 5439609/50000
618 230 906139/12500
617 230 382993/50000
612 230 115897/4000
661 230 447/5000
552 230 1
542 230 27753/25000
533 230 -1
1875 231 -1
621 232 8397/625
620 232 107657/100000
662 232 9747/50000
554 232 1
447 232 7657/100000
421 232 -1
1778 233 1
1824 234 1/2
1825 234 1
1845 234 -1
625 235 1291811/100000
624 235 53309/50000
666 235 12/5
665 235 21231/50000
556 235 1
451 235 3309/50000
534 235 -1
1877 236 -1
1822 237 -1
623 238 489951/50000
622 238 9933/10000
664 238 49/10
663 238 1/200
555 238 1
450 238 -67/10000
538 238 -1
625 239 33383/2500
624 239 21491/20000
666 239 61/25
665 239 1227/12500
556 239 1
451 239 1491/20000
419 239 -1
625 240 669047/50000
624 240 26891/25000
666 240 61/25
665 240 491/50000
556 240 1
451 240 1891/25000
420 240 -1
57 241 -1
1887 241 1
625 242 1349017/100000
624 242 863/800
666 242 291/100
665 242 1949/100000
556 242 1
451 242 63/800
422 242 -1
1813 243 339479/50000
1812 243 94163/100000
1853 243 99/20
1852 243 4519/10000
1746 243 1
1640 243 -5837/100000
1732 243 -1
655 244 1482959/12500
656 244 2994511/25000
633 244 202477/12500
631 244 110957/100000
670 244 3505241/100000
669 244 191353/12500
558 244 1
544 244 75871/50000
472 244 -1
625 245 639113/50000
624 245 106929/100000
666 245 12/5
665 245 1/2000
556 245 1
451 245 6929/100000
426 245 -1
625 246 667887/50000
624 246 21499/20000
666 246 21/10
665 246 5659/100000
556 246 1
451 246 1499/20000
427 246 -1
625 247 129089/10000
624 247 106469/100000
666 247 21/10
665 247 82/125
556 247 1
451 247 6469/100000
429 247 -1
1813 248 1167989/100000
1812 248 20989/20000
1853 248 12/5
1852 248 6659/25000
1746 248 1
1640 248 989/20000
1727 248 -1
625 249 672209/50000
624 249 21549/20000
666 249 12/5
665 249 21/1000
556 249 1
451 249 1549/20000
431 249 -1
1815 250 683041/50000
1814 250 53807/50000
1855 250 37/20
1854 250 37741/100000
1747 250 1
1641 250 3807/50000
1647 250 -1
625 251 49/4
624 251 1313/1250
666 251 91/50
665 251 17/100
556 251 1
451 251 63/1250
465 251 -1
1769 252 1
625 253 138063/10000
624 253 108059/100000
666 253 17/10
665 253 21/1000
556 253 1
451 253 8059/100000
469 253 -1
625 254 1268869/100000
624 254 102379/100000
666 254 397/100
665 254 54867/100000
556 254 1
451 254 2379/100000
510 254 -1
625 255 1115063/100000
624 255 98973/100000
666 255 253/50
665 255 102279/100000
556 255 1
451 255 -1027/100000
511 255 -1
625 256 90269/12500
624 256 11667/12500
666 256 253/50
665 256 130249/100000
556 256 1
451 256 -833/12500
512 256 -1
625 257 149189/20000
624 257 95579/100000
666 257 7/2
665 257 11/200
556 257 1
451 257 -4421/100000
513 257 -1
625 258 1379387/100000
624 258 109591/100000
666 258 197/50
665 258 1/50
556 258 1
451 258 9591/100000
514 258 -1
625 259 650139/50000
624 259 107737/100000
666 259 189/50
665 259 40957/100000
556 259 1
451 259 7737/100000
519 259 -1
625 260 1213349/100000
624 260 25541/25000
666 260 33/10
665 260 22757/25000
556 260 1
451 260 541/25000
520 260 -1
625 261 340311/25000
624 261 107349/100000
666 261 283/100
665 261 9333/12500
556 261 1
451 261 7349/100000
521 261 -1
897 262 1
625 263 36718/3125
624 263 4203/4000
666 263 12/5
665 263 24193/100000
556 263 1
451 263 203/4000
530 263 -1
1868 264 -1
625 265 229/20
624 265 1041/1000
666 265 12/5
665 265 641/10000
556 265 1
451 265 41/1000
532 265 -1
1744 266 487/50000
1785 266 231/5000
1784 266 359/10000
1758 266 89/10000
1756 266 141/5000
1757 266 103/10000
1772 266 -7/5
1771 266 -259/2000
1726 266 4227/20000
1695 266 743/10000
1732 266 3289/100000
1723 266 2007/20000
1722 266 23089/100000
1721 266 1199/6250
1713 266 -1
1644 266 159/50000
1709 266 289/6250
1628 266 893/100000
1623 266 141/5000
1708 266 3587/100000
1627 266 513/50000
1707 266 507/50000
1626 266 583/100000
1635 266 487/50000
1755 266 -2197/2000
1839 266 -607/1000
1838 266 19/1000
1837 266 -59/2500
625 267 144621/12500
624 267 4199/4000
666 267 66/25
665 267 29/500
556 267 1
451 267 199/4000
535 267 -1
625 268 68289/6250
624 268 25713/25000
666 268 31/10
665 268 3/1000
556 268 1
451 268 713/25000
536 268 -1
625 269 1317359/100000
624 269 26709/25000
666 269 21/10
665 269 56253/100000
556 269 1
451 269 1709/25000
424 269 -1
625 270 489951/50000
624 270 9933/10000
666 270 49/10
665 270 1/200
556 270 1
451 270 -67/10000
538 270 -1
625 271 1150537/100000
624 271 103403/100000
666 271 27/10
665 271 1/1000
556 271 1
451 271 3403/100000
430 271 -1
653 272 284437/2000
654 272 7460789/50000
628 272 839/50
626 272 559/500
668 272 1412/25
667 272 168/5
557 272 1
543 272 8/5
434 272 -1
653 273 7457177/50000
654 273 15851493/100000
628 273 434/25
626 273 1139/1000
668 273 3296233/25000
667 273 10273973/100000
557 273 1
543 273 171233/100000
438 273 -1
702 274 -1
1870 274 1
1698 275 -1
653 276 8064701/100000
654 276 7598343/100000
628 276 684741/50000
626 276 13581/12500
668 276 145701/100000
667 276 15293/5000
557 276 1
543 276 16557/12500
473 276 -1
653 277 5627497/50000
654 277 5758511/50000
628 277 814163/50000
626 277 110907/100000
668 277 3771877/100000
667 277 1131563/50000
557 277 1
543 277 1207/800
474 277 -1
653 278 11864549/100000
654 278 11978929/100000
628 278 162007/10000
626 278 27741/25000
668 278 7011/200
667 278 1530937/100000
557 278 1
543 278 151753/100000
475 278 -1
653 279 10648247/100000
654 279 2384733/20000
628 279 1231391/100000
626 279 107053/100000
668 279 199327/50000
667 279 389581/100000
557 279 1
543 279 126557/100000
477 279 -1
653 280 10912527/100000
654 280 12410627/100000
628 280 117351/10000
626 280 106261/100000
668 280 354921/100000
667 280 373287/100000
557 280 1
543 280 62049/50000
478 280 -1
653 281 6795143/50000
654 281 2879479/20000
628 281 1685641/100000
626 281 111179/100000
668 281 3711631/100000
667 281 2010467/100000
557 281 1
543 281 154651/100000
479 281 -1
653 282 4663351/50000
654 282 9292437/100000
628 282 1425993/100000
626 282 13669/12500
668 282 1096007/100000
667 282 479503/50000
557 282 1
543 282 137001/100000
481 282 -1
653 283 9130247/100000
654 283 4590431/50000
628 283 322693/25000
626 283 2701/2500
668 283 744401/100000
667 283 329381/50000
557 283 1
543 283 16469/12500
482 283 -1
653 284 10743381/100000
654 284 6133991/50000
628 284 1101423/100000
626 284 105101/100000
668 284 843373/100000
667 284 60241/10000
557 284 1
543 284 60241/50000
485 284 -1
653 285 11754671/100000
654 285 12308529/100000
628 285 759369/50000
626 285 110417/100000
668 285 3242799/100000
667 285 214597/12500
557 285 1
543 285 146733/100000
486 285 -1
653 286 11991173/100000
654 286 3108077/25000
628 286 94781/6250
626 286 22071/20000
668 286 262697/10000
667 286 262697/20000
557 286 1
543 286 145943/100000
487 286 -1
1744 287 1
1708 287 -1
1635 287 57/50
1813 288 68289/6250
1812 288 25713/25000
1853 288 31/10
1852 288 3/1000
1746 288 1
1640 288 713/25000
1731 288 -1
653 289 1507049/12500
654 289 6211771/50000
628 289 81/5
626 289 11089/10000
668 289 3374561/100000
667 289 446633/25000
557 289 1
543 289 30539/20000
499 289 -1
653 290 4442581/50000
654 290 916433/10000
628 290 139/10
626 290 2721/2500
668 290 418749/100000
667 290 418749/100000
557 290 1
543 290 3377/2500
500 290 -1
653 291 7366091/50000
654 291 9227661/50000
628 291 719/50
626 291 1123/1000
668 291 290099/2000
667 291 2929043/25000
557 291 1
543 291 165017/100000
518 291 -1
653 292 12222313/100000
654 292 13923041/100000
628 292 732211/50000
626 292 110003/100000
668 292 58071/2000
667 292 698577/50000
557 292 1
543 292 7187/5000
526 292 -1
653 293 9975411/100000
654 293 2315489/20000
628 293 655501/50000
626 293 53983/50000
668 293 298237/100000
667 293 298237/100000
557 293 1
543 293 32417/25000
527 293 -1
653 294 8846261/100000
654 294 10184837/100000
628 294 246701/20000
626 294 53177/50000
668 294 84459/100000
667 294 84459/100000
557 294 1
543 294 7541/6250
528 294 -1
655 295 16877811/100000
656 295 8769367/50000
633 295 434/25
631 295 227/200
670 295 1705151/10000
669 295 3507993/25000
558 295 1
544 295 8881/5000
433 295 -1
655 296 284437/2000
656 296 7460789/50000
633 296 839/50
631 296 559/500
670 296 1412/25
669 296 168/5
558 296 1
544 296 8/5
434 296 -1
655 297 7457177/50000
656 297 15851493/100000
633 297 434/25
631 297 1139/1000
670 297 3296233/25000
669 297 10273973/100000
558 297 1
544 297 171233/100000
438 297 -1
655 298 5640113/50000
656 298 11339347/100000
633 298 839/50
631 298 1121/1000
670 298 1111111/25000
669 298 297619/12500
558 298 1
544 298 15873/10000
439 298 -1
1815 299 1150537/100000
1814 299 103403/100000
1855 299 27/10
1854 299 1/1000
1747 299 1
1641 299 3403/100000
1620 299 -1
655 300 8064701/100000
656 300 7598343/100000
633 300 684741/50000
631 300 13581/12500
670 300 145701/100000
669 300 15293/5000
558 300 1
544 300 16557/12500
473 300 -1
1815 301 633577/50000
1814 301 53221/50000
1855 301 21/10
1854 301 593/2000
1747 301 1
1641 301 3221/50000
1619 301 -1
655 302 11864549/100000
656 302 11978929/100000
633 302 162007/10000
631 302 27741/25000
670 302 7011/200
669 302 1530937/100000
558 302 1
544 302 151753/100000
475 302 -1
655 303 10648247/100000
656 303 2384733/20000
633 303 1231391/100000
631 303 107053/100000
670 303 199327/50000
669 303 389581/100000
558 303 1
544 303 126557/100000
477 303 -1
655 304 10912527/100000
656 304 12410627/100000
633 304 117351/10000
631 304 106261/100000
670 304 354921/100000
669 304 373287/100000
558 304 1
544 304 62049/50000
478 304 -1
655 305 6795143/50000
656 305 2879479/20000
633 305 1685641/100000
631 305 111179/100000
670 305 3711631/100000
669 305 2010467/100000
558 305 1
544 305 154651/100000
479 305 -1
655 306 4663351/50000
656 306 9292437/100000
633 306 1425993/100000
631 306 13669/12500
670 306 1096007/100000
669 306 479503/50000
558 306 1
544 306 137001/100000
481 306 -1
255 307 1
973 308 -1
1879 308 1
127 309 -1
1210 310 -1
1870 310 1
1201 311 -1
1868 311 1
1013 312 -1
1884 312 1
655 313 2231531/20000
656 313 116293/1000
633 313 1380359/100000
631 313 109319/100000
670 313 265883/10000
669 313 174923/12500
558 313 1
544 313 69969/50000
498 313 -1
1018 314 -1
1886 314 1
223 315 1
292 316 1
251 317 1
1895 318 -1
578 318 1
1220 319 -1
1874 319 1
1025 320 -1
1887 320 1
6 321 1
564 322 1
293 323 1
566 324 1
239 325 1
572 326 1
573 327 1
577 328 1
1235 329 -1
1878 329 1
1236 330 -1
1879 330 1
238 331 1
591 332 1
592 333 1
138 334 -1
596 335 1
597 336 1
598 337 1
1302 338 111367/10000
1399 338 1150537/100000
1397 338 103403/100000
1403 338 3853777/100000
1434 338 21/5
1432 338 1101079/25000
1433 338 1/1000
1400 338 27527/5000
1398 338 -816903/50000
1431 338 90047/50000
1396 338 -210101/100000
1320 338 1
1309 338 27527/25000
1199 338 -1
106 339 -1
306 340 1
259 341 1
446 342 1
445 342 -1
1631 343 -1
1870 343 1
246 344 1
1280 345 -1
1887 345 1
1443 346 -1
1868 346 1
645 347 144/125
561 347 1
547 347 19141/10000
433 347 -657/5000
437 347 -4343/5000
645 348 231/200
561 348 1
547 348 1939/1000
437 348 -1
121 349 -1
13 350 1
569 351 3/10000
567 351 1/5000
568 351 3/5000
524 351 91883/100000
523 351 -1
423 351 7081/100000
482 351 23/10000
455 351 93/10000
438 351 13/50000
433 351 3/12500
437 351 31/50000
436 351 47/100000
435 351 13/25000
457 351 -167/50000
574 351 -2113/2000
650 351 -53/5000
649 351 -4/625
648 351 -17/2000
581 352 1
652 352 -1543/500
582 353 1
602 353 -6379/5000
599 353 -1363/2000
601 353 -2219/5000
600 353 6379/5000
652 353 337/500
490 354 24997/25000
483 354 -1
456 354 -21/25000
455 354 13/12500
583 354 -15913/10000
649 354 -31/2500
648 354 -103/10000
481 355 99989/100000
480 355 -1
455 355 57/100000
456 355 -21/50000
583 355 -13699/10000
649 355 -107/10000
648 355 -89/10000
491 356 49939/50000
484 356 -1
455 356 217/100000
456 356 -9/10000
583 356 -6797/5000
649 356 -53/5000
648 356 -11/1250
1240 357 -1
1881 357 1
475 358 99993/100000
472 358 -1
584 358 -607/400
649 358 -1/1250
648 358 -19/2500
501 359 3757/5000
498 359 2421/10000
497 359 -1
455 359 139/10000
457 359 -37/5000
585 359 -259/200
650 359 -9/1000
649 359 -1/200
648 359 -1/250
427 360 49817/50000
424 360 -1
455 360 519/100000
456 360 -153/100000
586 360 -11783/10000
649 360 -41/10000
648 360 -3/2500
132 361 -1
422 362 3993/4000
421 362 -1
455 362 9/5000
456 362 -1/10000
587 362 -291/250
649 362 -13/2000
648 362 -21/10000
420 363 12489/12500
419 363 -1
455 363 9/10000
456 363 -1/20000
587 363 -1481/1250
649 363 -33/5000
648 363 -21/10000
519 364 15439/20000
511 364 4561/20000
510 364 -1
588 364 -10859/10000
650 364 -17/10000
649 364 -9/5000
648 364 -137/10000
103 365 1
569 366 19/625
567 366 207/10000
568 366 89/2500
484 366 -1
478 366 85227/100000
438 366 19/625
433 366 207/10000
437 366 891/25000
436 366 509/20000
435 366 379/25000
456 366 1019/50000
589 366 -6797/5000
650 366 -51/2500
649 366 -39/2500
648 366 -557/10000
569 367 41/10000
567 367 43/10000
568 367 17/2000
488 367 -1
478 367 94299/100000
438 367 413/100000
433 367 43/10000
437 367 169/20000
436 367 113/20000
435 367 791/100000
456 367 83/3125
589 367 -2613/2000
650 367 -49/2500
649 367 -9/625
648 367 -59/1250
569 368 171/10000
567 368 8/625
568 368 14/625
478 368 45261/50000
438 368 341/20000
433 368 51/4000
437 368 2243/100000
436 368 1569/100000
435 368 563/50000
456 368 39/2500
527 368 -1
589 368 -12967/10000
650 368 -49/2500
649 368 -3/200
648 368 -537/10000
569 369 29/1000
567 369 33/2000
568 369 69/2000
477 369 2713/3125
438 369 579/20000
433 369 413/25000
437 369 3451/100000
436 369 2457/100000
435 369 1393/100000
456 369 167/12500
473 369 -1
590 369 -2649/2000
650 369 -37/2000
649 369 -179/10000
648 369 -53/1000
478 370 94299/100000
569 370 41/10000
567 370 43/10000
568 370 17/2000
489 370 -1
438 370 413/100000
433 370 101/25000
437 370 169/20000
436 370 113/20000
435 370 791/100000
456 370 83/3125
591 370 -6733/5000
649 370 -9/625
648 370 -59/1250
569 371 1/125
567 371 7/1000
568 371 11/1000
501 371 -1
495 371 919/1000
438 371 1/125
433 371 7/1000
437 371 11/1000
436 371 1/125
435 371 7/1000
456 371 1/25
591 371 -639/500
649 371 -9/1000
648 371 -1/200
569 372 13/500
567 372 17/1000
568 372 4/125
476 372 -1
485 372 213/250
438 372 13/500
433 372 17/1000
437 372 4/125
436 372 1/40
435 372 17/1000
456 372 31/1000
592 372 -53/40
650 372 -7/1000
649 372 -11/125
648 372 -1/100
509 373 499/500
455 373 -17/16
593 373 -1
650 373 53/200
649 373 -16/625
648 373 -657/10000
456 374 1
457 374 -1
488 375 1
500 375 -1
553 376 219/5000
445 376 131/1000
457 376 1
456 376 -5219/5000
596 376 -1
650 376 -1/20
649 376 -59/100
445 377 -613/200
435 377 49/200
457 377 1
597 377 -1
650 377 8/25
649 377 -41/100
648 377 -119/50
553 378 413/2000
445 378 3087/5000
457 378 1
456 378 -2413/2000
598 378 -1
649 378 -21/50
98 379 1
658 380 -27/100
551 380 -1
659 381 -956061/100000
613 381 20205493/50000
619 381 -85
618 381 -1
617 381 -12
612 381 -1/10000
660 381 -2177/2500
542 381 -1
441 381 1
36 382 1
662 383 -3/5
554 383 -1
447 383 1
664 384 -42119/10000
663 384 -3/5
555 384 -1
450 384 1
666 385 -8737/2000
665 385 -23/10
556 385 -1
451 385 1
629 386 -91
630 386 -96
627 386 -86
668 386 -16
667 386 -13
543 386 -1
453 386 99/100
302 387 1
634 388 -87
635 388 -92
632 388 -82
670 388 -16
669 388 -13
544 388 -1
454 388 99/100
558 389 -1
539 390 -1
671 390 1731/2500
539 391 -38327/4000
672 391 -21/25
643 391 -1
642 391 -1
673 391 -18
640 391 -43/2
641 391 -15
671 391 -61177/50000
636 391 6726709/12500
545 391 -1
466 391 199/200
672 392 1
675 392 -5
674 392 -7/25
638 392 1785159/100000
559 392 -1
149 393 1
1866 394 -1
438 394 1
1867 395 -1
525 395 1
648 396 1
650 397 1
652 397 -83/2
852 398 672209/50000
851 398 21549/20000
853 398 13/5
900 398 1680401/100000
850 398 -254803/100000
856 398 4976581/50000
855 398 3512881/100000
849 398 6791569/100000
901 398 21/1000
796 398 1
789 398 14637/12500
692 398 -1
1211 399 -1
1871 399 1
677 400 1
5 400 -1
1472 401 -1
1880 401 1
852 402 34293/2500
851 402 53861/50000
853 402 128769/50000
900 402 192581/25000
850 402 -1710311/50000
856 402 12002029/100000
855 402 2781937/25000
849 402 6858703/100000
901 402 30217/100000
796 402 1
789 402 6001/5000
682 402 -1
852 403 690191/50000
851 403 54027/50000
853 403 128769/50000
900 403 96553/12500
850 403 -3429947/100000
856 403 6017373/50000
855 403 5579041/50000
849 403 6877399/100000
901 403 1511/50000
796 403 1
789 403 120347/100000
683 403 -1
852 404 676611/50000
851 404 10729/10000
853 404 76297/25000
900 404 268121/10000
850 404 -11139/5000
856 404 5837411/50000
849 404 7049869/100000
901 404 77651/100000
796 404 1
789 404 29187/25000
684 404 -1
852 405 1375301/100000
851 405 108153/100000
853 405 76297/25000
900 405 2700079/100000
850 405 -56087/25000
856 405 11756983/100000
849 405 3549741/50000
901 405 1553/20000
796 405 1
789 405 11757/10000
685 405 -1
852 406 270363/20000
851 406 107711/100000
853 406 12/5
900 406 212393/50000
850 406 -3477797/100000
856 406 11936023/100000
855 406 4476009/50000
854 406 1492003/50000
849 406 5609931/100000
901 406 39/2000
796 406 1
789 406 746/625
686 406 -1
852 407 317/25
851 407 10671/10000
853 407 12/5
900 407 1161083/100000
850 407 -1908759/100000
856 407 5902491/50000
855 407 9101641/100000
854 407 590249/20000
849 407 1239523/25000
901 407 19/200
796 407 1
789 407 2361/2000
689 407 -1
852 408 257251/20000
851 408 26711/25000
853 408 12/5
900 408 195357/100000
850 408 -23326591/50000
856 408 1039021/10000
855 408 323251/4000
854 408 4040637/100000
849 408 1039021/20000
901 408 1319/10000
796 408 1
789 408 115447/100000
690 408 -1
852 409 1150537/100000
851 409 103403/100000
853 409 16/5
900 409 85171/25000
850 409 -239597/100000
856 409 2339793/25000
855 409 3853777/100000
849 409 1376349/50000
901 409 1/1000
796 409 1
789 409 27527/25000
691 409 -1
657 410 -956061/100000
605 410 6187/40
611 410 -85
610 410 -1
609 410 -12
604 410 -44
541 410 -1
440 410 1
852 411 347823/25000
851 411 10823/10000
853 411 96343/50000
900 411 6026/3125
850 411 -16054289/25000
856 411 780281/6250
855 411 780281/6250
854 411 328208/3125
849 411 1287831/20000
901 411 221/25000
796 411 1
789 411 24969/20000
719 411 -1
249 412 1
852 413 137/10
851 413 1089/1000
853 413 2
900 413 17591/10000
850 413 -31663441/100000
856 413 1257071/10000
855 413 1257071/10000
854 413 282841/6250
849 413 1257071/20000
796 413 1
789 413 125707/100000
723 413 -1
156 414 1
852 415 299/25
851 415 419/400
853 415 19/10
900 415 11103/6250
850 415 -7387569/12500
856 415 11494253/100000
855 415 11494253/100000
854 415 9666667/100000
849 415 1454023/50000
901 415 47/1000
796 415 1
789 415 114943/100000
725 415 -1
852 416 244851/20000
851 416 26523/25000
853 416 11/5
900 416 457201/100000
850 416 -4674877/100000
856 416 1176609/10000
855 416 1176609/10000
854 416 3529827/50000
849 416 1029533/25000
901 416 1/1000
796 416 1
789 416 117661/100000
728 416 -1
743 417 1
852 418 1185389/100000
851 418 21071/20000
853 418 10203/4000
900 418 88711/12500
850 418 -4242429/20000
856 418 11109339/100000
855 418 1477007/20000
854 418 449223/50000
849 418 1907163/50000
901 418 4883/50000
796 418 1
789 418 4511/4000
782 418 -1
359 419 -1
340 420 1
535 421 1
672 422 1
361 423 -1
487 424 1
725 425 1
632 426 -1
866 427 257251/20000
865 427 26711/25000
905 427 1319/10000
799 427 1
708 427 1711/25000
690 427 -1
688 428 1
712 429 1
866 430 149189/20000
865 430 95579/100000
905 430 11/200
799 430 1
708 430 -4421/100000
767 430 -1
338 431 1
866 432 1341229/100000
865 432 54283/50000
905 432 13311/100000
799 432 1
708 432 4283/50000
774 432 -1
866 433 1185389/100000
865 433 21071/20000
905 433 4883/50000
799 433 1
708 433 1071/20000
782 433 -1
397 434 1
471 435 1
641 436 -1
648 437 1
660 438 1
618 439 -1
547 440 1
490 441 1
868 442 86797/6250
867 442 54067/50000
907 442 87/50
906 442 221/2500
800 442 1
711 442 4067/50000
718 442 -1
529 443 1
868 444 138063/10000
867 444 108059/100000
907 444 17/10
906 444 21/1000
800 444 1
711 444 8059/100000
729 444 -1
341 445 -1
342 446 -1
868 447 288353/25000
867 447 101599/100000
907 447 613/200
906 447 1091/5000
800 447 1
711 447 1599/100000
776 447 -1
868 448 6878/625
867 448 102823/100000
907 448 273/100
906 448 7/250
800 448 1
711 448 2823/100000
784 448 -1
671 449 1
504 450 1
868 451 633201/100000
867 451 93629/100000
907 451 249/50
906 451 131/500
800 451 1
711 451 -6371/100000
787 451 -1
870 452 34293/2500
869 452 53861/50000
909 452 239/100
908 452 30217/100000
801 452 1
712 452 3861/50000
682 452 -1
330 453 1
870 454 1375301/100000
869 454 108153/100000
909 454 72/25
908 454 1553/20000
801 454 1
712 454 8153/100000
685 454 -1
870 455 381277/25000
869 455 21917/20000
909 455 12/5
801 455 1
712 455 1917/20000
687 455 -1
683 456 1
870 457 611/50
869 457 5253/5000
909 457 87/50
908 457 47/100
801 457 1
712 457 253/5000
725 457 -1
733 458 1
619 459 -1
356 460 -1
355 461 -1
870 462 6878/625
869 462 102823/100000
909 462 273/100
908 462 7/250
801 462 1
712 462 2823/100000
784 462 -1
477 463 1
761 464 77/200
710 464 123/200
760 464 -1
896 465 3427311/25000
897 465 7261709/50000
871 465 27811/25000
873 465 1717831/100000
911 465 93603/2500
910 465 405613/20000
802 465 1
791 465 31201/20000
739 465 -1
661 466 1
896 467 10743381/100000
897 467 6133991/50000
871 467 105101/100000
873 467 1101423/100000
911 467 843373/100000
910 467 60241/10000
802 467 1
791 467 60241/50000
741 467 -1
434 468 1
526 469 1
666 470 1
337 471 1
884 472 244851/20000
882 472 26523/25000
888 472 1176609/10000
887 472 3529827/50000
917 472 7/2
915 472 1029533/25000
916 472 1/1000
885 472 1176609/100000
886 472 1029533/25000
883 472 -367557/25000
914 472 289/200
881 472 -1031203/2000
804 472 1
793 472 117661/100000
728 472 -1
884 473 138063/10000
882 473 108059/100000
888 473 5857689/50000
887 473 1541497/25000
917 473 63/20
915 473 1603157/50000
916 473 21/1000
885 473 585769/25000
886 473 3699593/100000
883 473 -738421/100000
914 473 78691/50000
881 473 -2449857/50000
804 473 1
793 473 3083/2500
729 473 -1
530 474 1
699 475 1
884 476 1057/100
882 476 10243/10000
888 476 263377/4000
887 476 458751/25000
917 476 41/10
915 476 1619121/20000
916 476 319/2000
885 476 20239/3125
883 476 -367557/25000
914 476 82869/50000
881 476 -24896329/100000
804 476 1
793 476 107941/100000
783 476 -1
1888 477 -1
808 477 1
1889 478 -1
810 478 1
1890 479 -1
814 479 1
1891 480 -1
815 480 1
351 481 -1
1893 482 -1
818 482 1
1894 483 -1
820 483 1
1895 484 -1
823 484 1
1898 485 -1
824 485 1
1896 486 -1
828 486 1
1897 487 -1
829 487 1
1898 488 -1
831 488 1
728 489 1
1899 490 -1
833 490 1
1900 491 -1
1897 491 -1
834 491 1
1900 492 -1
1897 492 -1
835 492 1
1901 493 -1
838 493 1
1902 494 -1
843 494 1
659 495 1
808 496 1
809 497 1
810 498 1
550 499 1
815 500 1
816 501 1
1892 502 -1
817 502 1
818 503 1
819 504 1
820 505 1
821 506 1
735 507 1
823 508 1
824 509 1
825 510 1
828 511 1
829 512 1
738 513 1
831 514 1
832 515 1
833 516 1
834 517 1
367 518 -1
343 519 -1
334 520 1
798 521 1
706 521 623/500
696 521 -1
503 522 1
798 523 1
706 523 231/200
698 523 -1
798 524 1
706 524 1139/1000
699 524 -1
798 525 1
706 525 299/100
716 525 -1
798 526 1
770 526 -1
706 526 47/40
798 527 1
771 527 -1
706 527 57/50
798 528 1
772 528 -1
706 528 1123/1000
798 529 -1
707 530 1
706 530 -1
708 531 -1
707 531 1
709 532 1
707 532 -1
549 533 1
889 534 5431/5000
805 534 1
794 534 641/500
718 534 -831/1000
735 534 -169/1000
564 535 1
889 536 681/625
805 536 1
794 536 1323/1000
718 536 -107/250
733 536 -397/1000
735 536 -7/40
727 537 99/100
794 537 -1
1059 538 1
890 539 1153/1000
806 539 1
795 539 2417/1250
771 539 -41/400
698 539 -359/400
927 540 1
1066 541 1
1052 542 1
681 543 1
678 543 -1
839 544 1
798 545 29/2000
840 545 43/1250
839 545 241/10000
813 545 37/5000
811 545 91/10000
812 545 143/10000
827 545 -1221/1000
826 545 -893/10000
706 545 29/2000
788 545 379/5000
786 545 419/2000
780 545 107/1000
779 545 2339/10000
778 545 1043/5000
758 545 541/10000
768 545 -1
772 545 43/1250
771 545 241/10000
699 545 37/5000
694 545 91/10000
698 545 143/10000
697 545 73/10000
715 545 1/50000
810 545 -11273/10000
893 545 197/10000
892 545 -49/2000
823 546 1
1016 547 1
798 548 3/20
812 548 -1
706 548 693/4000
698 548 -3/20
1024 549 1
1096 550 1
930 551 1
844 552 1
773 553 36801/50000
765 553 13199/50000
764 553 -1
833 553 -1347/1250
893 553 -17/10000
892 553 -9/5000
891 553 -17/1250
771 554 1
738 555 94299/100000
813 555 41/10000
811 555 43/10000
812 555 17/2000
745 555 -1
699 555 413/100000
694 555 101/25000
698 555 169/20000
697 555 113/20000
696 555 791/100000
716 555 83/3125
836 555 -6733/5000
892 555 -9/625
891 555 -59/1250
931 556 1
1130 557 569821/50000
1129 557 12923/12500
1170 557 131/1000
1064 557 1
953 557 423/12500
1049 557 -1
1134 558 1173437/100000
1133 558 51073/50000
1174 558 307/100
1173 558 103/500
1066 558 1
957 558 1073/50000
1033 558 -1
757 559 1
1089 560 1
902 561 -956061/100000
858 561 20205493/50000
864 561 -85
863 561 -1
862 561 -12
857 561 -1/10000
903 561 -2177/2500
790 561 -1
702 561 1
920 562 1
1012 563 1
874 564 -91
875 564 -96
872 564 -86
911 564 -16
910 564 -13
791 564 -1
713 564 99/100
888 565 -1
887 565 -1
915 565 -18
885 565 -43/2
886 565 -15
914 565 -61177/50000
881 565 6726709/12500
793 565 -1
726 565 199/200
1866 566 -1
699 566 1
1867 567 -1
777 567 1
893 568 1
894 568 -83/2
891 569 -289/10000
894 569 1
704 570 -1
891 570 1
705 571 -1
892 571 1
709 572 -1
893 572 1
891 573 -1
874 574 1/2
872 574 1
896 574 -1
1116 575 6501/500
1115 575 106767/100000
1117 575 134761/50000
1165 575 586341/100000
1114 575 -1073559/50000
1120 575 2923907/25000
1119 575 9403513/100000
1113 575 587/10
1166 575 19317/50000
1061 575 1
1054 575 29239/25000
924 575 -1
851 576 -1
797 577 1
1116 578 1150537/100000
1115 578 103403/100000
1117 578 16/5
1165 578 85171/25000
1114 578 -239597/100000
1120 578 2339793/25000
1119 578 3853777/100000
1113 578 1376349/50000
1166 578 1/1000
1061 578 1
1054 578 27527/25000
936 578 -1
1116 579 672209/50000
1115 579 21549/20000
1117 579 13/5
1165 579 1680401/100000
1114 579 -254803/100000
1120 579 4976581/50000
1119 579 3512881/100000
1113 579 6791569/100000
1166 579 21/1000
1061 579 1
1054 579 14637/12500
937 579 -1
759 580 1
776 581 1
1116 582 230139/20000
1115 582 104819/100000
1117 582 129459/50000
1165 582 350727/50000
1114 582 -21012607/100000
1120 582 343809/3125
1119 582 1749099/25000
1118 582 898601/100000
1113 582 1763903/50000
1166 582 8379/100000
1061 582 1
1054 582 55733/50000
1044 582 -1
1116 583 533937/50000
1115 583 51309/50000
1117 583 71871/25000
1165 583 681797/100000
1114 583 -24507501/100000
1120 583 2506047/25000
1119 583 3132627/100000
1118 583 1760221/100000
1113 583 1393917/50000
1166 583 12509/100000
1061 583 1
1054 583 108343/100000
1045 583 -1
1116 584 238053/20000
1115 584 105427/100000
1117 584 274747/100000
1165 584 355423/50000
1114 584 -21333909/100000
1120 584 238903/2500
1119 584 6053803/100000
1118 584 22993/2500
1113 584 420337/10000
1166 584 2531/25000
1061 584 1
1054 584 112959/100000
1046 584 -1
1116 585 232179/20000
1115 585 52457/50000
1117 585 1618/625
1165 585 5631/800
1114 585 -10186521/50000
1120 585 138143/1250
1119 585 7200957/100000
1118 585 369321/50000
1113 585 3647059/100000
1166 585 167/1000
1061 585 1
1054 585 111851/100000
1047 585 -1
1026 586 1
1112 587 -1
1130 588 661789/50000
1129 588 10731/10000
1170 588 13099/100000
1064 588 1
953 588 731/10000
964 588 -1
1130 589 230139/20000
1129 589 104819/100000
1170 589 8379/100000
1064 589 1
953 589 4819/100000
1044 589 -1
1130 590 533937/50000
1129 590 51309/50000
1170 590 12509/100000
1064 590 1
953 590 1309/50000
1045 590 -1
1130 591 238053/20000
1129 591 105427/100000
1170 591 2531/25000
1064 591 1
953 591 5427/100000
1046 591 -1
1130 592 232179/20000
1129 592 52457/50000
1170 592 522/3125
1064 592 1
953 592 2457/50000
1047 592 -1
929 593 1
1050 594 1
1130 595 68289/6250
1129 595 25713/25000
1170 595 3/1000
1064 595 1
953 595 713/25000
1050 595 -1
1130 596 13347/2000
1129 596 94157/100000
1170 596 1961/10000
1064 596 1
953 596 -5843/100000
1051 596 -1
1130 597 489951/50000
1129 597 9933/10000
1170 597 1/200
1064 597 1
953 597 -67/10000
1052 597 -1
758 598 1
1132 599 1311031/100000
1131 599 107201/100000
1172 599 251/100
1171 599 3863/100000
1065 599 1
956 599 7201/100000
925 599 -1
1132 600 646767/50000
1131 600 53281/50000
1172 600 74/25
1171 600 717/1000
1065 600 1
956 600 3281/50000
926 600 -1
1132 601 1313523/100000
1131 601 107373/100000
1172 601 74/25
1171 601 717/10000
1065 601 1
956 601 7373/100000
927 601 -1
792 602 1
1132 603 270363/20000
1131 603 21541/20000
1172 603 56/25
1171 603 3391/100000
1065 603 1
956 603 1541/20000
930 603 -1
1132 604 623/50
1131 604 133/125
1172 604 12/5
1171 604 12/125
1065 604 1
956 604 8/125
933 604 -1
1132 605 62937/5000
1131 605 106457/100000
1172 605 21/10
1171 605 17/125
1065 605 1
956 605 6457/100000
935 605 -1
1132 606 1150537/100000
1131 606 103403/100000
1172 606 27/10
1171 606 1/1000
1065 606 1
956 606 3403/100000
936 606 -1
1132 607 672209/50000
1131 607 21549/20000
1172 607 12/5
1171 607 21/1000
1065 607 1
956 607 1549/20000
937 607 -1
1132 608 661789/50000
1131 608 10731/10000
1172 608 187/100
1171 608 13099/100000
1065 608 1
956 608 731/10000
964 608 -1
1132 609 132727/10000
1131 609 53727/50000
1172 609 187/100
1171 609 131/10000
1065 609 1
956 609 3727/50000
965 609 -1
1132 610 309/25
1131 610 421/400
1172 610 187/100
1171 610 14/25
1065 610 1
956 610 21/400
971 610 -1
1132 611 244851/20000
1131 611 26523/25000
1172 611 21/10
1171 611 1/1000
1065 611 1
956 611 1523/25000
974 611 -1
767 612 1
1132 613 1184547/100000
1131 613 20037/20000
1172 613 109/25
1171 613 152559/100000
1065 613 1
956 613 37/20000
1019 613 -1
1132 614 1038249/100000
1131 614 97049/100000
1172 614 267/50
1171 614 8573/4000
1065 614 1
956 614 -2951/100000
1020 614 -1
1132 615 4877/800
1131 615 22697/25000
1172 615 253/50
1171 615 67511/25000
1065 615 1
956 615 -2303/25000
1021 615 -1
905 616 1
1132 617 1379387/100000
1131 617 109591/100000
1172 617 197/50
1171 617 1/50
1065 617 1
956 617 9591/100000
1024 617 -1
1132 618 1245281/100000
1131 618 50957/50000
1172 618 39/10
1171 618 59587/50000
1065 618 1
956 618 957/50000
1029 618 -1
1110 619 -1
1132 620 565759/50000
1131 620 20043/20000
1172 620 33/10
1171 620 190749/100000
1065 620 1
956 620 43/20000
1031 620 -1
1132 621 319017/25000
1131 621 51599/50000
1172 621 367/100
1171 621 1281/10000
1065 621 1
956 621 1599/50000
1032 621 -1
1132 622 1173437/100000
1131 622 51073/50000
1172 622 307/100
1171 622 103/500
1065 622 1
956 622 1073/50000
1033 622 -1
1132 623 284941/20000
1131 623 13573/12500
1172 623 13/5
1171 623 8477/50000
1065 623 1
956 623 1073/12500
1034 623 -1
1105 624 1
1134 625 1175339/100000
1133 625 20353/20000
1174 625 311/100
1173 625 79/2000
1066 625 1
957 625 353/20000
1035 625 -1
1132 626 230139/20000
1131 626 104819/100000
1172 626 12/5
1171 626 8379/100000
1065 626 1
956 626 4819/100000
1044 626 -1
1132 627 533937/50000
1131 627 51309/50000
1172 627 12/5
1171 627 12509/100000
1065 627 1
956 627 1309/50000
1045 627 -1
1132 628 238053/20000
1131 628 105427/100000
1172 628 12/5
1171 628 2531/25000
1065 628 1
956 628 5427/100000
1046 628 -1
1132 629 232179/20000
1131 629 52457/50000
1172 629 12/5
1171 629 522/3125
1065 629 1
956 629 2457/50000
1047 629 -1
1132 630 1111549/100000
1131 630 102987/100000
1172 630 271/100
1171 630 121/5000
1065 630 1
956 630 2987/100000
1048 630 -1
1132 631 569821/50000
1131 631 12923/12500
1172 631 67/25
1171 631 131/1000
1065 631 1
956 631 423/12500
1049 631 -1
1132 632 68289/6250
1131 632 25713/25000
1172 632 31/10
1171 632 3/1000
1065 632 1
956 632 713/25000
1050 632 -1
1132 633 13347/2000
1131 633 94157/100000
1172 633 99/20
1171 633 1961/10000
1065 633 1
956 633 -5843/100000
1051 633 -1
1132 634 489951/50000
1131 634 9933/10000
1172 634 49/10
1171 634 1/200
1065 634 1
956 634 -67/10000
1052 634 -1
1134 635 6501/500
1133 635 106767/100000
1174 635 251/100
1173 635 19317/50000
1066 635 1
957 635 6767/100000
924 635 -1
1101 636 1
1011 637 1
925 638 1
1130 639 1111549/100000
1129 639 102987/100000
1170 639 121/5000
1064 639 1
953 639 2987/100000
1048 639 -1
1134 640 244851/20000
1133 640 26523/25000
1174 640 21/10
1173 640 1/1000
1066 640 1
957 640 1523/25000
974 640 -1
1134 641 138063/10000
1133 641 108059/100000
1174 641 17/10
1173 641 21/1000
1066 641 1
957 641 8059/100000
975 641 -1
1134 642 1184547/100000
1133 642 20037/20000
1174 642 109/25
1173 642 152559/100000
1066 642 1
957 642 37/20000
1019 642 -1
1134 643 1038249/100000
1133 643 97049/100000
1174 643 267/50
1173 643 8573/4000
1066 643 1
957 643 -2951/100000
1020 643 -1
1134 644 4877/800
1133 644 22697/25000
1174 644 253/50
1173 644 67511/25000
1066 644 1
957 644 -2303/25000
1021 644 -1
1134 645 149189/20000
1133 645 95579/100000
1174 645 7/2
1173 645 11/200
1066 645 1
957 645 -4421/100000
1023 645 -1
1134 646 1379387/100000
1133 646 109591/100000
1174 646 197/50
1173 646 1/50
1066 646 1
957 646 9591/100000
1024 646 -1
1134 647 1245281/100000
1133 647 50957/50000
1174 647 39/10
1173 647 59587/50000
1066 647 1
957 647 957/50000
1029 647 -1
1134 648 136197/10000
1133 648 10667/10000
1174 648 283/100
1173 648 156457/100000
1066 648 1
957 648 667/10000
1030 648 -1
1134 649 565759/50000
1133 649 20043/20000
1174 649 33/10
1173 649 190749/100000
1066 649 1
957 649 43/20000
1031 649 -1
1134 650 319017/25000
1133 650 51599/50000
1174 650 367/100
1173 650 1281/10000
1066 650 1
957 650 1599/50000
1032 650 -1
928 651 1
1134 652 284941/20000
1133 652 13573/12500
1174 652 13/5
1173 652 8477/50000
1066 652 1
957 652 1073/12500
1034 652 -1
1115 653 -1
1134 654 109631/10000
1133 654 100779/100000
1174 654 307/100
1173 654 447/2000
1066 654 1
957 654 779/100000
1038 654 -1
1134 655 230139/20000
1133 655 104819/100000
1174 655 12/5
1173 655 8379/100000
1066 655 1
957 655 4819/100000
1044 655 -1
1731 656 1
1277 657 1
1155 658 1
1157 659 1
1161 660 9130247/100000
1162 660 4590431/50000
1135 660 2701/2500
1137 660 322693/25000
1176 660 744401/100000
1175 660 329381/50000
1067 660 1
1056 660 16469/12500
992 660 -1
1161 661 1071881/10000
1162 661 1237547/10000
1135 661 51729/50000
1137 661 984091/100000
1176 661 76651/25000
1175 661 76651/25000
1067 661 1
1056 661 4717/4000
1001 661 -1
1268 662 1
1135 663 -1
1163 664 16877811/100000
1164 664 8769367/50000
1140 664 227/200
1142 664 434/25
1178 664 1705151/10000
1177 664 3507993/25000
1068 664 1
1057 664 8881/5000
939 664 -1
1163 665 284437/2000
1164 665 7460789/50000
1140 665 559/500
1142 665 839/50
1178 665 1412/25
1177 665 168/5
1068 665 1
1057 665 8/5
940 665 -1
1163 666 7971107/100000
1164 666 7517023/100000
1140 666 27081/25000
1142 666 1340711/100000
1178 666 72071/50000
1177 666 29823/10000
1068 666 1
1057 666 65519/50000
979 666 -1
1266 667 1
1163 668 11991173/100000
1164 668 3108077/25000
1140 668 22071/20000
1142 668 94781/6250
1178 668 262697/10000
1177 668 262697/20000
1068 668 1
1057 668 145943/100000
995 668 -1
1163 669 2954169/25000
1164 669 6088369/50000
1140 669 55253/50000
1142 669 168069/10000
1178 669 191257/100000
1177 669 191257/100000
1068 669 1
1057 669 34153/25000
999 669 -1
1150 670 -1
1159 671 1
1168 672 1
1094 673 1
1898 674 -1
1095 674 1
1898 675 -1
1096 675 1
1899 676 -1
1097 676 1
1900 677 -1
1897 677 -1
1098 677 1
1900 678 -1
1897 678 -1
1099 678 1
1100 679 1
1101 680 1
1901 681 -1
1102 681 1
1137 682 -1
1072 683 1
1073 684 1
1074 685 1
1078 686 1
1079 687 1
1080 688 1
1081 689 1
1082 690 1
1083 691 1
1084 692 1
1085 693 1
1087 694 1
1088 695 1
1089 696 1
1092 697 1
1093 698 1
1095 699 1
1096 700 1
1097 701 1
1098 702 1
1099 703 1
1102 704 1
1105 705 1
1106 706 1
1107 707 1
1108 708 1
949 709 1
952 709 -1
950 710 1
952 710 -1
1063 711 1
951 711 227/200
939 711 -1
1063 712 1
951 712 623/500
941 712 -1
1063 713 1
951 713 1183/1000
942 713 -1
1063 714 1
951 714 231/200
943 714 -1
1063 715 1
951 715 1139/1000
944 715 -1
1063 716 1
951 716 299/100
962 716 -1
1139 717 -1
1153 718 27197/25000
1070 718 1
1059 718 641/500
964 718 -831/1000
981 718 -169/1000
1153 719 10831/10000
1070 719 1
1059 719 166/125
964 719 -43/200
979 719 -697/1000
981 719 -11/125
1153 720 1083/1000
1070 720 1
1059 720 1323/1000
964 720 -107/250
979 720 -397/1000
981 720 -7/40
973 721 99/100
1059 721 -1
1070 722 -1
1154 723 144/125
1071 723 1
1060 723 19141/10000
939 723 -657/5000
943 723 -4343/5000
1154 724 231/200
1071 724 1
1060 724 1939/1000
943 724 -1
1154 725 1153/1000
1071 725 1
1060 725 2381/1250
944 725 -339/2500
943 725 -2161/2500
1154 726 1153/1000
1071 726 1
1060 726 2417/1250
1027 726 -41/400
943 726 -359/400
976 727 197/200
1060 727 -1
1071 728 -1
1039 729 -1
943 729 3/10
979 729 3/20
978 729 3/10
939 729 7/80
944 729 13/80
921 730 1
918 730 -1
922 731 1
919 731 -1
923 732 1
920 732 -1
971 733 24/125
970 733 101/125
964 733 -1
1072 733 -6067/5000
1157 733 -19/10000
1156 733 -19/10000
1155 733 -16/625
999 734 1087/100000
998 734 98913/100000
939 734 -56919/100000
1027 734 -43081/100000
1073 734 -4127/5000
1157 734 -653/5000
1156 734 -69/10000
1063 735 319/50000
1104 735 17/400
1103 735 363/10000
1077 735 93/10000
1075 735 379/10000
1076 735 11/1000
1091 735 -1121/1000
1090 735 -137/1000
1044 735 4887/12500
927 735 -1
1012 735 3203/100000
1051 735 59/20000
1042 735 7741/100000
1041 735 16577/100000
1040 735 8733/50000
961 735 39/25000
1028 735 849/20000
944 735 929/100000
939 735 379/10000
1027 735 907/25000
943 735 11/1000
1026 735 799/100000
942 735 67/20000
951 735 319/50000
1074 735 -5763/5000
1158 735 -399/1000
1157 735 101/5000
1156 735 -1/40
1521 736 1
1721 737 1
1329 738 1
1687 739 1
1063 740 83/12500
1104 740 51/1250
1103 740 37/1250
1077 740 23/2500
1075 740 313/10000
1076 740 49/5000
1091 740 -311/250
1090 740 -603/5000
1045 740 3123/12500
1012 740 223/3125
1051 740 129/5000
1042 740 9713/100000
1041 740 5653/25000
1040 740 18943/100000
1032 740 -1
961 740 119/50000
1028 740 2041/50000
944 740 923/100000
939 740 1563/50000
1027 740 739/25000
943 740 977/100000
1026 740 41/6250
942 740 409/100000
951 740 133/20000
1074 740 -1373/1250
1158 740 -581/1000
1157 740 191/10000
1156 740 -237/10000
1349 741 1
1345 742 1
1077 743 3/10000
1075 743 1/5000
1076 743 3/5000
1035 743 2887/3125
1036 743 -1
930 743 3537/50000
992 743 23/10000
961 743 171/50000
944 743 13/50000
939 743 3/12500
943 743 31/50000
942 743 47/100000
941 743 13/25000
963 743 -3/1250
1082 743 -2111/2000
1157 743 -53/5000
1156 743 -4/625
1155 743 -21/2500
1077 744 297/10000
1075 744 61/1250
1076 744 181/10000
1045 744 -1
931 744 8551/100000
967 744 12809/50000
996 744 41997/100000
994 744 3377/20000
961 744 17/12500
944 744 2971/100000
939 744 39/800
943 744 363/20000
942 744 63/50000
941 744 23/50000
963 744 -151/5000
1084 744 -5417/5000
1156 744 -39/2500
1157 744 -11/10000
1155 744 -157/5000
964 745 -1
966 745 100663/100000
961 745 67/50000
962 745 -797/100000
1089 745 -152/125
1157 745 -3/1250
1156 745 -3/1250
1155 745 -9/2500
1522 746 1
1063 747 1/20
1104 747 -1
951 747 1123/20000
1028 747 -1/20
1549 748 -1
1324 749 1
981 750 99993/100000
978 750 -1
1093 750 -3729/2500
1156 750 -7/10000
1155 750 -3/400
1310 751 1
1413 752 294456/3125
1414 752 334224/3125
1388 752 73239/6250
1386 752 106167/100000
1428 752 123457/50000
1427 752 123457/100000
1318 752 1
1307 752 123457/100000
1256 752 -1
1669 753 1
1636 754 1
1617 755 1
1698 756 1
984 757 94299/100000
1077 757 41/10000
1075 757 43/10000
1076 757 17/2000
997 757 -1
944 757 413/100000
939 757 101/25000
943 757 169/20000
942 757 113/20000
941 757 791/100000
962 757 83/3125
1100 757 -6733/5000
1156 757 -9/625
1155 757 -59/1250
1710 758 1
1508 759 1
962 760 1
963 760 -1
1619 761 1
951 762 -613/200
941 762 49/200
963 762 1
1107 762 -1
1157 762 8/25
1156 762 -41/100
1155 762 -119/50
1354 763 1
1355 764 1
1174 765 -8737/2000
1173 765 -23/10
1066 765 -1
957 765 1
1143 766 -87
1144 766 -92
1141 766 -82
1178 766 -16
1177 766 -13
1057 766 -1
960 766 99/100
1323 767 1
1053 768 -38327/4000
1152 768 -1
1151 768 -1
1180 768 -18
1149 768 -43/2
1150 768 -15
1179 768 -61177/50000
1145 768 6726709/12500
1058 768 -1
972 768 199/200
1865 769 -1
939 769 1
1866 770 -1
944 770 1
1533 771 1
1155 772 -1
1383 773 -1
1648 774 1
1604 775 1
1333 776 1
1326 777 1
1660 778 1
1654 779 1
1367 780 1174203/100000
1366 780 26277/25000
1368 780 6511/2500
1417 780 707033/100000
1365 780 -26008/125
1371 780 11096401/100000
1370 780 6881841/100000
1369 780 4103/500
1364 780 1953567/50000
1418 780 18629/100000
1312 780 1
1305 780 112353/100000
1295 780 -1
1649 781 1
1367 782 1096107/100000
1366 782 4113/4000
1368 782 57/20
1417 782 602833/100000
1365 782 -11403399/50000
1371 782 5006523/50000
1370 782 3881279/100000
1369 782 1391607/100000
1364 782 750163/25000
1418 782 487/10000
1312 782 1
1305 782 108719/100000
1297 782 -1
1385 783 270363/20000
1384 783 53847/50000
1426 783 56/25
1425 783 4669/100000
1317 783 1
1220 783 3847/50000
1193 783 -1
1512 784 1
1302 785 588757/50000
1399 785 1353943/100000
1397 785 539/500
1403 785 12309153/100000
1402 785 4744903/50000
1434 785 162099/50000
1432 785 1942237/100000
1400 785 198607/6250
1401 785 2864763/100000
1398 785 -83423/12500
1431 785 148801/100000
1396 785 -30943261/50000
1320 785 1
1309 785 30773/25000
1229 785 -1
1652 786 1
1383 787 26481/2000
1382 787 53177/50000
1424 787 289/100
1423 787 72361/50000
1316 787 1
1219 787 3177/50000
1191 787 -1
1383 788 273013/20000
1382 788 26993/25000
1424 788 289/100
1423 788 1809/12500
1316 788 1
1219 788 1993/25000
1192 788 -1
1610 789 1
1656 790 1
1320 791 1
1334 792 1
1383 793 672209/50000
1382 793 21549/20000
1424 793 12/5
1423 793 21/1000
1316 793 1
1219 793 1549/20000
1200 793 -1
1383 794 691057/50000
1382 794 54047/50000
1424 794 89/50
1423 794 3437/100000
1316 794 1
1219 794 4047/50000
1228 794 -1
1383 795 149997/10000
1382 795 109303/100000
1424 795 9/5
1316 795 1
1219 795 9303/100000
1230 795 -1
1489 796 1
1383 797 244851/20000
1382 797 26523/25000
1424 797 21/10
1423 797 1/1000
1316 797 1
1219 797 1523/25000
1237 797 -1
1383 798 138063/10000
1382 798 108059/100000
1424 798 17/10
1423 798 21/1000
1316 798 1
1219 798 8059/100000
1238 798 -1
1383 799 238789/20000
1382 799 99453/100000
1424 799 207/50
1423 799 272247/100000
1316 799 1
1219 799 -547/100000
1275 799 -1
1383 800 1027531/100000
1382 800 47747/50000
1424 800 209/50
1423 800 200827/50000
1316 800 1
1219 800 -2253/50000
1276 800 -1
1383 801 149189/20000
1382 801 95579/100000
1424 801 7/2
1423 801 11/200
1316 801 1
1219 801 -4421/100000
1278 801 -1
1383 802 1379387/100000
1382 802 109591/100000
1424 802 197/50
1423 802 1/50
1316 802 1
1219 802 9591/100000
1279 802 -1
1383 803 1251809/100000
1382 803 101253/100000
1424 803 379/100
1423 803 107681/50000
1316 803 1
1219 803 1253/100000
1284 803 -1
1383 804 1161943/100000
1382 804 50773/50000
1424 804 311/100
1423 804 149/2000
1316 804 1
1219 804 773/50000
1286 804 -1
1383 805 1107489/100000
1382 805 100781/100000
1424 805 307/100
1423 805 2133/5000
1316 805 1
1219 805 781/100000
1289 805 -1
1383 806 1174203/100000
1382 806 26277/25000
1424 806 12/5
1423 806 18629/100000
1316 806 1
1219 806 1277/25000
1295 806 -1
1383 807 268831/25000
1382 807 102621/100000
1424 807 12/5
1423 807 2587/10000
1316 807 1
1219 807 2621/100000
1296 807 -1
1383 808 1096107/100000
1382 808 4113/4000
1424 808 269/100
1423 808 487/10000
1316 808 1
1219 808 113/4000
1297 808 -1
1383 809 1115199/100000
1382 809 12863/12500
1424 809 53/20
1423 809 143/500
1316 809 1
1219 809 363/12500
1298 809 -1
1383 810 68289/6250
1382 810 25713/25000
1424 810 31/10
1423 810 3/1000
1316 810 1
1219 810 713/25000
1299 810 -1
1383 811 315219/50000
1382 811 93461/100000
1424 811 249/50
1423 811 89/200
1316 811 1
1219 811 -6539/100000
1300 811 -1
1383 812 489951/50000
1382 812 9933/10000
1424 812 49/10
1423 812 1/200
1316 812 1
1219 812 -67/10000
1301 812 -1
1385 813 1342147/100000
1384 813 6679/6250
1426 813 243/100
1425 813 9023/10000
1317 813 1
1220 813 429/6250
1189 813 -1
1385 814 1367909/100000
1384 814 107863/100000
1426 814 243/100
1425 814 9023/100000
1317 814 1
1220 814 7863/100000
1190 814 -1
1385 815 26481/2000
1384 815 53177/50000
1426 815 289/100
1425 815 72361/50000
1317 815 1
1220 815 3177/50000
1191 815 -1
1385 816 273013/20000
1384 816 26993/25000
1426 816 289/100
1425 816 1809/12500
1317 816 1
1220 816 1993/25000
1192 816 -1
1383 817 1150537/100000
1382 817 103403/100000
1424 817 27/10
1423 817 1/1000
1316 817 1
1219 817 3403/100000
1199 817 -1
1385 818 1493117/100000
1384 818 13661/12500
1426 818 12/5
1317 818 1
1220 818 1161/12500
1194 818 -1
1385 819 1291961/100000
1384 819 3338/3125
1426 819 21/10
1425 819 129/500
1317 819 1
1220 819 213/3125
1198 819 -1
1385 820 1150537/100000
1384 820 103403/100000
1426 820 27/10
1425 820 1/1000
1317 820 1
1220 820 3403/100000
1199 820 -1
1385 821 672209/50000
1384 821 21549/20000
1426 821 12/5
1425 821 21/1000
1317 821 1
1220 821 1549/20000
1200 821 -1
1723 822 1
1383 823 63/5
1382 823 1309/1250
1424 823 89/50
1423 823 159/100
1316 823 1
1219 823 59/1250
1234 823 -1
1385 824 63/5
1384 824 1309/1250
1426 824 89/50
1425 824 159/100
1317 824 1
1220 824 59/1250
1234 824 -1
1385 825 244851/20000
1384 825 26523/25000
1426 825 21/10
1425 825 1/1000
1317 825 1
1220 825 1523/25000
1237 825 -1
1385 826 138063/10000
1384 826 108059/100000
1426 826 17/10
1425 826 21/1000
1317 826 1
1220 826 8059/100000
1238 826 -1
1385 827 238789/20000
1384 827 99453/100000
1426 827 207/50
1425 827 272247/100000
1317 827 1
1220 827 -547/100000
1275 827 -1
1385 828 149997/10000
1384 828 109303/100000
1426 828 9/5
1317 828 1
1220 828 9303/100000
1230 828 -1
1385 829 149189/20000
1384 829 95579/100000
1426 829 7/2
1425 829 11/200
1317 829 1
1220 829 -4421/100000
1278 829 -1
1385 830 1379387/100000
1384 830 109591/100000
1426 830 197/50
1425 830 1/50
1317 830 1
1220 830 9591/100000
1279 830 -1
1385 831 1251809/100000
1384 831 101253/100000
1426 831 379/100
1425 831 107681/50000
1317 831 1
1220 831 1253/100000
1284 831 -1
1385 832 1161943/100000
1384 832 50773/50000
1426 832 311/100
1425 832 149/2000
1317 832 1
1220 832 773/50000
1286 832 -1
1606 833 1
1515 834 1
1383 835 1291961/100000
1382 835 3338/3125
1424 835 21/10
1423 835 129/500
1316 835 1
1219 835 213/3125
1198 835 -1
1413 836 5640113/50000
1414 836 11339347/100000
1388 836 839/50
1386 836 1121/1000
1428 836 1111111/25000
1427 836 297619/12500
1318 836 1
1307 836 15873/10000
1208 836 -1
1347 837 1
1413 838 5627497/50000
1414 838 5758511/50000
1388 838 814163/50000
1386 838 110907/100000
1428 838 3771877/100000
1427 838 1131563/50000
1318 838 1
1307 838 1207/800
1243 838 -1
1413 839 2118987/20000
1414 839 5385671/50000
1388 839 64617/4000
1386 839 110937/100000
1428 839 3484239/100000
1427 839 151717/10000
1318 839 1
1307 839 151489/100000
1244 839 -1
1413 840 5338569/50000
1414 840 11951151/100000
1388 840 1238259/100000
1386 840 53571/50000
1428 840 424943/100000
1427 840 100837/25000
1318 840 1
1307 840 126849/100000
1246 840 -1
1413 841 1094803/10000
1414 841 1244637/10000
1388 841 1181923/100000
1386 841 106381/100000
1428 841 186061/50000
1427 841 187181/50000
1318 841 1
1307 841 15557/12500
1247 841 -1
1413 842 13560597/100000
1414 842 14365943/100000
1388 842 1679343/100000
1386 842 111151/100000
1428 842 3703523/100000
1427 842 80243/4000
1318 842 1
1307 842 154313/100000
1250 842 -1
1413 843 9130247/100000
1414 843 4590431/50000
1388 843 322693/25000
1386 843 2701/2500
1428 843 744401/100000
1427 843 329381/50000
1318 843 1
1307 843 16469/12500
1251 843 -1
1413 844 10743381/100000
1414 844 6133991/50000
1388 844 1101423/100000
1386 844 105101/100000
1428 844 843373/100000
1427 844 60241/10000
1318 844 1
1307 844 60241/50000
1252 844 -1
1413 845 3059387/25000
1414 845 12814159/100000
1388 845 413807/25000
1386 845 27763/25000
1428 845 844003/25000
1427 845 1787301/100000
1318 845 1
1307 845 152761/100000
1253 845 -1
1413 846 11991173/100000
1414 846 3108077/25000
1388 846 94781/6250
1386 846 22071/20000
1428 846 262697/10000
1427 846 262697/20000
1318 846 1
1307 846 145943/100000
1254 846 -1
1413 847 4912703/50000
1414 847 10125597/100000
1388 847 1447657/100000
1386 847 21881/20000
1428 847 421783/100000
1427 847 210891/50000
1318 847 1
1307 847 136059/100000
1255 847 -1
1348 848 1
1413 849 12749257/100000
1414 849 2661981/20000
1388 849 153753/10000
1386 849 110287/100000
1428 849 244253/50000
1427 849 86207/25000
1318 849 1
1307 849 71839/50000
1257 849 -1
1413 850 2954169/25000
1414 850 6088369/50000
1388 850 168069/10000
1386 850 55253/50000
1428 850 191257/100000
1427 850 191257/100000
1318 850 1
1307 850 34153/25000
1258 850 -1
1551 851 -1
1413 852 1071881/10000
1414 852 1237547/10000
1388 852 984091/100000
1386 852 51729/50000
1428 852 76651/25000
1427 852 76651/25000
1318 852 1
1307 852 4717/4000
1260 852 -1
1413 853 2086739/20000
1414 853 10565103/100000
1388 853 756619/50000
1386 853 21871/20000
1428 853 136541/50000
1427 853 136541/50000
1318 853 1
1307 853 130039/100000
1261 853 -1
1413 854 1991561/20000
1414 854 1409771/12500
1388 854 1317221/100000
1386 854 6753/6250
1428 854 298857/100000
1427 854 300031/100000
1318 854 1
1307 854 64969/50000
1292 854 -1
1302 855 602021/50000
1399 855 353/25
1397 855 1357/1250
1403 855 3146633/25000
1402 855 1213027/12500
1434 855 81/25
1432 855 1258653/100000
1433 855 4/125
1400 855 849591/25000
1401 855 1466331/50000
1398 855 -1249/200
1431 855 38037/25000
1396 855 -12678977/20000
1320 855 1
1309 855 25173/20000
1233 855 -1
1302 856 1129529/100000
1399 856 244851/20000
1397 856 26523/25000
1403 856 1176609/10000
1402 856 3529827/50000
1434 856 7/2
1432 856 1029533/25000
1433 856 1/1000
1400 856 1176609/100000
1401 856 1029533/25000
1398 856 -367557/25000
1431 856 289/200
1396 856 -1031203/2000
1320 856 1
1309 856 117661/100000
1237 856 -1
1302 857 1188297/100000
1399 857 138063/10000
1397 857 108059/100000
1403 857 5857689/50000
1402 857 1541497/25000
1434 857 63/20
1432 857 1603157/50000
1433 857 21/1000
1400 857 585769/25000
1401 857 3699593/100000
1398 857 -738421/100000
1431 857 78691/50000
1396 857 -2449857/50000
1320 857 1
1309 857 3083/2500
1238 857 -1
1329 858 1
1324 859 1
1337 860 1
1348 861 1
1314 862 1
1214 862 623/500
1204 862 -1
1314 863 1
1214 863 1183/1000
1205 863 -1
1314 864 1
1214 864 231/200
1206 864 -1
1314 865 1
1214 865 1139/1000
1207 865 -1
1314 866 1
1214 866 299/100
1225 866 -1
1314 867 1
1281 867 -1
1214 867 47/40
1314 868 1
1282 868 -1
1214 868 57/50
1314 869 1
1283 869 -1
1214 869 1123/1000
1314 870 -1
1215 871 1
1214 871 -1
1216 872 -1
1215 872 1
1217 873 1
1215 873 -1
1272 874 413/1000
1218 874 587/1000
1271 874 -1
1404 875 5413/5000
1321 875 1
1310 875 641/500
1227 875 -831/1000
1244 875 -169/1000
1404 876 2717/2500
1321 876 1
1310 876 166/125
1227 876 -43/200
1242 876 -697/1000
1244 876 -11/125
1404 877 10867/10000
1321 877 1
1310 877 1323/1000
1227 877 -107/250
1242 877 -397/1000
1244 877 -7/40
1236 878 99/100
1310 878 -1
1405 879 144/125
1322 879 1
1311 879 19141/10000
1202 879 -657/5000
1206 879 -4343/5000
1405 880 231/200
1322 880 1
1311 880 1939/1000
1206 880 -1
1405 881 1153/1000
1322 881 1
1311 881 2381/1250
1207 881 -339/2500
1206 881 -2161/2500
1322 882 -1
1290 883 -1
1206 883 3/10
1242 883 3/20
1241 883 3/10
1202 883 7/80
1207 883 13/80
1406 884 9549/10000
1303 884 9753/10000
1304 884 1
1276 884 -1
1303 885 -1
1280 885 1
1304 886 -1
1187 887 1
1184 887 -1
1261 888 1111/25000
1259 888 23889/25000
1283 888 -4813/10000
1202 888 -5187/10000
1324 888 -3971/5000
1409 888 -77/500
1408 888 -13/2000
1314 889 163/25000
1355 889 17/400
1354 889 24/625
1328 889 103/10000
1326 889 99/2500
1327 889 7/625
1342 889 -1141/1000
1341 889 -71/500
1295 889 10013/25000
1192 889 -1
1269 889 104/3125
1300 889 77/20000
1293 889 3473/50000
1292 889 14947/100000
1291 889 18009/100000
1224 889 311/100000
1283 889 1063/25000
1207 889 129/12500
1202 889 3963/100000
1282 889 24/625
1206 889 559/50000
1281 889 53/6250
1205 889 159/50000
1214 889 163/25000
1325 889 -5859/5000
1410 889 -501/1000
1409 889 41/2000
1408 889 -127/5000
1314 890 239/50000
1355 890 71/2000
1354 890 327/10000
1328 890 113/10000
1326 890 447/10000
1327 890 11/1000
1342 890 -281/250
1341 890 -1353/10000
1295 890 20169/50000
1192 890 -1
1269 890 167/4000
1300 890 139/50000
1293 890 1729/25000
1292 890 2993/20000
1291 890 9071/50000
1224 890 31/10000
1283 890 111/3125
1207 890 1131/100000
1202 890 559/12500
1282 890 3267/100000
1206 890 1103/100000
1281 890 39/6250
1205 890 123/50000
1214 890 239/50000
1325 890 -5859/5000
1410 890 -629/1000
1409 890 41/2000
1408 890 -127/5000
1314 891 331/50000
1355 891 17/400
1354 891 159/5000
1328 891 109/10000
1326 891 353/10000
1327 891 21/2000
1342 891 -13/10
1341 891 -1349/10000
1296 891 21817/100000
1269 891 1981/25000
1300 891 2881/100000
1293 891 4771/50000
1292 891 22247/100000
1291 891 5071/25000
1285 891 -1
1224 891 437/100000
1283 891 4247/100000
1207 891 1091/100000
1202 891 441/12500
1282 891 199/6250
1206 891 1053/100000
1281 891 179/25000
1205 891 387/100000
1214 891 331/50000
1325 891 -2221/2000
1410 891 -92/125
1409 891 97/5000
1408 891 -241/10000
1314 892 729/100000
1355 892 307/10000
1354 892 227/10000
1328 892 7/1250
1326 892 201/10000
1327 892 9/1250
1297 892 33907/100000
1286 892 -1
1342 892 -1327/1000
1341 892 -131/1000
1269 892 5783/100000
1300 892 2949/100000
1293 892 9751/100000
1292 892 11493/50000
1291 892 3501/25000
1224 892 19/25000
1283 892 1533/50000
1207 892 563/100000
1202 892 1007/50000
1282 892 2273/100000
1206 892 143/20000
1281 892 283/50000
1205 892 619/100000
1214 892 729/100000
1325 892 -10549/10000
1410 892 -1357/5000
1409 892 83/5000
1408 892 -103/5000
1314 893 487/50000
1355 893 157/5000
1354 893 129/5000
1328 893 51/10000
1326 893 203/10000
1327 893 73/10000
1298 893 6401/20000
1289 893 -1
1342 893 -4269/2500
1341 893 -169/1250
1269 893 3553/50000
1300 893 973/12500
1293 893 4239/50000
1292 893 19179/100000
1291 893 6741/50000
1224 893 413/100000
1283 893 3139/100000
1207 893 257/50000
1202 893 127/6250
1282 893 2577/100000
1206 893 729/100000
1281 893 747/100000
1205 893 21/2500
1214 893 487/50000
1325 893 -5211/5000
1410 893 -2877/10000
1409 893 21/1250
1408 893 -13/625
1361 894 1
1363 894 -1
1360 894 -1
1362 894 -1
1410 894 1
1186 895 -1
1275 895 24173/50000
1191 895 3801/50000
1189 895 9441/100000
1227 895 3233/25000
1242 895 1601/10000
1241 895 4241/100000
1328 895 89/10000
1326 895 3/1250
1327 895 7/2500
1207 895 179/20000
1202 895 119/50000
1206 895 277/100000
1205 895 1/5000
1329 895 -11659/10000
1409 895 -79/10000
1408 895 -47/10000
1407 895 -29/2000
1187 896 -1
1278 896 1083/5000
1199 896 77/625
1237 896 707/5000
1264 896 2589/5000
1328 896 3/5000
1326 896 1/2500
1207 896 3/5000
1202 896 1/2500
1329 896 -117/100
1409 896 -1/125
1408 896 -47/10000
1407 896 -29/2000
1188 897 -1
1279 897 4231/10000
1200 897 2123/10000
1238 897 207/1250
1245 897 703/5000
1243 897 519/10000
1328 897 1/250
1326 897 1/400
1207 897 1/250
1202 897 1/400
1329 897 -603/500
1409 897 -41/5000
1408 897 -3/625
1407 897 -3/200
1363 898 1
1360 898 1
1407 898 -289/10000
1328 899 3/10000
1326 899 1/5000
1327 899 3/5000
1285 899 90787/100000
1193 899 1461/20000
1251 899 23/10000
1284 899 -1
1224 899 62/3125
1207 899 13/50000
1202 899 3/12500
1206 899 31/50000
1205 899 47/100000
1204 899 13/25000
1226 899 -259/50000
1333 899 -5449/5000
1409 899 -109/10000
1408 899 -33/5000
1407 899 -87/10000
1328 900 7/500
1326 900 21/1000
1327 900 1/100
1284 900 -1
1232 900 639/1000
1267 900 2263/10000
1266 900 47/500
1207 900 7/500
1202 900 21/1000
1206 900 1/100
1205 900 1/500
1204 900 1/200
1224 900 241/10000
1226 900 -127/5000
1334 900 -5449/5000
1409 900 -9/10000
1408 900 -1/125
1407 900 -71/2500
1328 901 39/1250
1326 901 32/625
1327 901 191/10000
1191 901 -1
1194 901 1051/12500
1230 901 25189/100000
1255 901 20647/50000
1253 901 16603/100000
1224 901 91/6250
1207 901 1561/50000
1202 901 5123/100000
1206 901 1907/100000
1205 901 133/100000
1204 901 3/6250
1226 901 -1641/50000
1335 901 -5783/5000
1408 901 -167/10000
1409 901 -3/2500
1407 901 -67/2000
1328 902 73/2500
1326 902 6/125
1327 902 179/10000
1284 902 -1
1194 902 8391/100000
1230 902 25137/100000
1255 902 5151/12500
1253 902 2071/12500
1224 902 431/20000
1207 902 731/25000
1202 902 4799/100000
1206 902 893/50000
1205 902 31/25000
1204 902 9/20000
1226 902 -98/3125
1335 902 -5449/5000
1408 902 -157/10000
1409 902 -11/10000
1407 902 -79/2500
1328 903 307/10000
1326 903 503/10000
1327 903 187/10000
1295 903 -1
1194 903 4263/50000
1230 903 12771/50000
1255 903 41871/100000
1253 903 3367/20000
1224 903 1/500
1207 903 3067/100000
1202 903 629/12500
1206 903 1873/100000
1205 903 13/10000
1204 903 47/100000
1226 903 -3123/100000
1335 903 -2247/2000
1408 903 -81/5000
1409 903 -11/10000
1407 903 -163/5000
1276 904 -1
1328 904 81/5000
1326 904 13/5000
1355 904 71/10000
1327 904 273/10000
1277 904 1527/10000
1287 904 169/625
1196 904 433/1250
1263 904 1053/10000
1262 904 221/10000
1207 904 81/5000
1202 904 13/5000
1283 904 71/10000
1206 904 273/10000
1205 904 19/1000
1204 904 101/5000
1226 904 -131/5000
1224 904 23/625
1336 904 -9753/10000
1409 904 -11/10000
1408 904 -67/5000
1407 904 -61/10000
1363 905 1
1411 905 -1
1328 906 23/1000
1326 906 143/5000
1327 906 7/625
1226 906 -187/10000
1195 906 363/2000
1231 906 393/1250
1256 906 171/500
1254 906 1081/10000
1278 906 -1
1207 906 23/1000
1202 906 143/5000
1206 906 7/625
1205 906 1/400
1204 906 27/5000
1224 906 1/500
1337 906 -901/1000
1408 906 -7/1000
1407 906 -33/1000
1314 907 1993/50000
1244 907 -1
1250 907 4971/6250
1208 907 107/12500
1203 907 3359/20000
1214 907 1993/50000
1225 907 -1173/100000
1338 907 -15149/10000
1409 907 -159/5000
1408 907 -91/10000
1407 907 -53/5000
1228 908 99691/100000
1227 908 -1
1224 908 317/100000
1225 908 -17/100000
1339 908 -12381/10000
1409 908 -37/10000
1408 908 -1/1000
1314 909 3/20
1327 909 -1
1214 909 693/4000
1206 909 -3/20
1321 910 -1
1314 911 3/20
1354 911 -1
1214 911 171/1000
1282 911 -3/20
1314 912 1/20
1355 912 -1
1214 912 1123/20000
1283 912 -1/20
1341 913 1
1411 913 -1543/500
1342 914 1
1363 914 -6379/5000
1360 914 -1363/2000
1362 914 -2219/5000
1361 914 6379/5000
1411 914 337/500
1244 915 100003/100000
1241 915 -1
1225 915 -3/100000
1344 915 -757/500
1408 915 -1/1250
1407 915 -19/2500
1268 916 3757/5000
1265 916 2421/10000
1264 916 -1
1224 916 139/10000
1226 916 -37/5000
1345 916 -259/200
1409 916 -9/1000
1408 916 -1/200
1407 916 -1/250
1284 917 13783/20000
1276 917 6217/20000
1275 917 -1
1348 917 -5271/5000
1409 917 -17/10000
1408 917 -9/5000
1407 917 -133/10000
1328 918 41/10000
1326 918 43/10000
1327 918 17/2000
1255 918 -1
1247 918 94299/100000
1207 918 413/100000
1202 918 43/10000
1206 918 169/20000
1205 918 113/20000
1204 918 791/100000
1225 918 83/3125
1349 918 -2721/2000
1409 918 -49/2500
1408 918 -9/625
1407 918 -59/1250
1328 919 27/1000
1326 919 99/5000
1327 919 13/400
1263 919 -1
1247 919 85851/100000
1207 919 1349/50000
1202 919 1983/100000
1206 919 13/400
1205 919 2309/100000
1204 919 361/25000
1225 919 493/20000
1349 919 -1
1409 919 -97/5000
1408 919 -149/10000
1407 919 -531/10000
1328 920 77/2500
1326 920 11/625
1327 920 23/625
1246 920 86061/100000
1207 920 3081/100000
1202 920 1763/100000
1206 920 3683/100000
1205 920 2629/100000
1204 920 183/12500
1225 920 1319/100000
1242 920 -1
1350 920 -13291/10000
1409 920 -93/5000
1408 920 -179/10000
1407 920 -531/10000
1405 921 1153/1000
1322 921 1
1311 921 2417/1250
1282 921 -41/400
1206 921 -359/400
1239 922 197/200
1311 922 -1
1328 923 13/500
1326 923 17/1000
1327 923 4/125
1245 923 -1
1252 923 213/250
1207 923 13/500
1202 923 17/1000
1206 923 4/125
1205 923 1/40
1204 923 17/1000
1225 923 31/1000
1352 923 -53/40
1409 923 -7/1000
1408 923 -11/125
1407 923 -1/100
1225 924 1
1226 924 -1
1255 925 1
1267 925 -1
1314 926 219/5000
1214 926 131/1000
1226 926 1
1225 926 -5219/5000
1356 926 -1
1409 926 -1/20
1408 926 -59/100
1214 927 -613/200
1204 927 49/200
1226 927 1
1358 927 -1
1409 927 8/25
1408 927 -41/100
1407 927 -119/50
1314 928 413/2000
1214 928 3087/5000
1226 928 1
1225 928 -2413/2000
1359 928 -1
1408 928 -21/50
1417 929 -956061/100000
1365 929 6187/40
1371 929 -85
1370 929 -1
1369 929 -12
1364 929 -44
1305 929 -1
1209 929 1
1418 930 -27/100
1312 930 -1
1895 931 -1
1522 931 1
1901 932 -1
1532 932 1
1502 933 1
1455 933 1139/1000
1449 933 -1
1535 934 1
1813 935 138063/10000
1812 935 108059/100000
1853 935 17/10
1852 935 21/1000
1746 935 1
1640 935 8059/100000
1658 935 -1
1480 936 -1
1481 937 499/500
1463 937 -17/16
1532 937 -1
1582 937 53/200
1581 937 -16/625
1580 937 -657/10000
1464 938 1
1465 938 -1
1455 939 -613/200
1446 939 49/200
1465 939 1
1535 939 -1
1582 939 8/25
1581 939 -41/100
1580 939 -119/50
1587 940 -956061/100000
1541 940 6187/40
1547 940 -85
1546 940 -1
1545 940 -12
1540 940 -44
1493 940 -1
1451 940 1
1588 941 -27/100
1500 941 -1
1589 942 -956061/100000
1549 942 20205493/50000
1555 942 -85
1554 942 -1
1553 942 -12
1548 942 -1/10000
1590 942 -2177/2500
1494 942 -1
1452 942 1
1590 943 1
1591 943 -27/100
1501 943 -1
1592 944 -3/5
1503 944 -1
1457 944 1
1594 945 -42119/10000
1593 945 -3/5
1504 945 -1
1459 945 1
1596 946 -8737/2000
1595 946 -23/10
1505 946 -1
1460 946 1
1562 947 -91
1563 947 -96
1560 947 -86
1598 947 -16
1597 947 -13
1495 947 -1
1461 947 99/100
1506 948 -1
1567 949 -87
1568 949 -92
1565 949 -82
1600 949 -16
1599 949 -13
1496 949 -1
1462 949 99/100
1507 950 -1
1490 951 -1
1601 951 2777/4000
1490 952 -959987/100000
1576 952 -1
1575 952 -1
1602 952 -18
1573 952 -43/2
1574 952 -15
1601 952 -123611/100000
1569 952 6726709/12500
1497 952 -1
1470 952 199/200
1604 953 -5
1603 953 -7/25
1571 953 1785159/100000
1508 953 -1
1865 954 -1
1444 954 1
1866 955 -1
1449 955 1
1867 956 -1
1489 956 1
1580 957 1
1453 958 -1
1580 958 1
1454 959 -1
1581 959 1
1458 960 -1
1582 960 1
1580 961 -1
1562 962 1/2
1560 962 1
1583 962 -1
1562 963 1/2
1563 963 1
1584 963 -1
1567 964 1/2
1565 964 1
1585 964 -1
1567 965 1/2
1568 965 1
1586 965 -1
1797 966 1322879/100000
1796 966 4259/4000
1798 966 33417/12500
1846 966 268573/50000
1795 966 -2350217/100000
1801 966 2946859/25000
1800 966 2483691/25000
1794 966 773993/12500
1847 966 108403/100000
1742 966 1
1735 966 58937/50000
1608 966 -1
1797 967 676843/50000
1796 967 673/625
1798 967 33417/12500
1846 967 542437/100000
1795 967 -237337/10000
1801 967 2975889/25000
1800 967 10032633/100000
1794 967 3126471/50000
1847 967 271/2500
1742 967 1
1735 967 29759/25000
1609 967 -1
1797 968 1340193/100000
1796 968 26911/25000
1798 968 77733/25000
1846 968 180109/12500
1795 968 -222203/100000
1801 968 581247/5000
1794 968 6283169/100000
1847 968 8201/50000
1742 968 1
1735 968 116249/100000
1611 968 -1
1797 969 305103/25000
1796 969 105747/100000
1798 969 12/5
1846 969 255749/100000
1795 969 -46131019/100000
1801 969 2283093/20000
1800 969 319633/4000
1799 969 3995413/100000
1794 969 791259/25000
1847 969 13127/50000
1742 969 1
1735 969 22831/20000
1613 969 -1
1797 970 270363/20000
1796 970 107671/100000
1798 970 12/5
1846 970 212393/50000
1795 970 -3477797/100000
1801 970 11936023/100000
1800 970 4476009/50000
1799 970 1492003/50000
1794 970 5609931/100000
1847 970 39/2000
1742 970 1
1735 970 746/625
1614 970 -1
1797 971 633577/50000
1796 971 53221/50000
1798 971 12/5
1846 971 97073/50000
1795 971 -23182071/50000
1801 971 5162919/50000
1800 971 8031207/100000
1799 971 4015603/100000
1794 971 3178063/100000
1847 971 593/2000
1742 971 1
1735 971 28683/25000
1619 971 -1
1797 972 1150537/100000
1796 972 103403/100000
1798 972 16/5
1846 972 85171/25000
1795 972 -239597/100000
1801 972 2339793/25000
1800 972 3853777/100000
1794 972 1376349/50000
1847 972 1/1000
1742 972 1
1735 972 27527/25000
1620 972 -1
1797 973 672209/50000
1796 973 21549/20000
1798 973 13/5
1846 973 1680401/100000
1795 973 -254803/100000
1801 973 4976581/50000
1800 973 3512881/100000
1794 973 6791569/100000
1847 973 21/1000
1742 973 1
1735 973 14637/12500
1621 973 -1
1797 974 1376887/100000
1796 974 13503/12500
1798 974 50813/25000
1846 974 150447/100000
1795 974 -3941647/6250
1801 974 3094799/25000
1800 974 3094799/25000
1799 974 1777333/20000
1794 974 6175439/100000
1847 974 1887/50000
1742 974 1
1735 974 7737/6250
1648 974 -1
1797 975 733001/50000
1796 975 108989/100000
1798 975 2
1846 975 73583/10000
1795 975 -3691611/25000
1801 975 2547163/20000
1800 975 2547163/20000
1799 975 4584893/100000
1794 975 6367907/100000
1742 975 1
1735 975 63679/50000
1650 975 -1
1797 976 62/5
1796 976 2601/2500
1798 976 813/400
1846 976 139583/100000
1795 976 -14653601/25000
1801 976 11494253/100000
1800 976 11494253/100000
1799 976 4126437/50000
1794 976 387931/12500
1847 976 43/25
1742 976 1
1735 976 114943/100000
1654 976 -1
1797 977 244851/20000
1796 977 26523/25000
1798 977 11/5
1846 977 457201/100000
1795 977 -4674877/100000
1801 977 1176609/10000
1800 977 1176609/10000
1799 977 3529827/50000
1794 977 1029533/25000
1847 977 1/1000
1742 977 1
1735 977 117661/100000
1657 977 -1
1797 978 1233141/100000
1796 978 106357/100000
1798 978 19/10
1846 978 93467/100000
1795 978 -90984899/100000
1801 978 12064181/100000
1800 978 12064181/100000
1799 978 12064181/100000
1794 978 603209/25000
1847 978 2/25
1742 978 1
1735 978 60321/50000
1723 978 -1
1797 979 581019/50000
1796 979 20981/20000
1798 979 263929/100000
1846 979 352073/50000
1795 979 -5188471/25000
1801 979 11061839/100000
1800 979 6699967/100000
1799 979 20617/2500
1794 979 1902967/50000
1847 979 19979/100000
1742 979 1
1735 979 55947/50000
1725 979 -1
1797 980 1103151/100000
1796 980 103021/100000
1798 980 273/100
1846 980 69017/10000
1795 980 -2249221/10000
1801 980 9102873/100000
1800 980 5549463/100000
1794 980 3103751/100000
1847 980 2683/10000
1742 980 1
1735 980 109673/100000
1730 980 -1
1797 981 68289/6250
1796 981 25713/25000
1798 981 3
1846 981 152657/20000
1795 981 -24411019/100000
1801 981 10326087/100000
1800 981 5434783/100000
1794 981 1576087/50000
1847 981 3/1000
1742 981 1
1735 981 13587/12500
1731 981 -1
1813 982 1376887/100000
1812 982 13503/12500
1853 982 37/20
1852 982 1887/50000
1746 982 1
1640 982 1003/12500
1648 982 -1
1805 983 676843/50000
1804 983 673/625
1806 983 33417/12500
1848 983 542437/100000
1803 983 -237337/10000
1809 983 2975889/25000
1808 983 10032633/100000
1802 983 3126471/50000
1850 983 271/2500
1743 983 1
1736 983 29759/25000
1609 983 -1
1805 984 1294079/100000
1804 984 105797/100000
1806 984 77733/25000
1848 984 283921/20000
1803 984 -54731/25000
1809 984 11453357/100000
1802 984 619043/10000
1850 984 82009/50000
1743 984 1
1736 984 57267/50000
1610 984 -1
1805 985 270363/20000
1804 985 107671/100000
1806 985 12/5
1848 985 212393/50000
1803 985 -3477797/100000
1809 985 11936023/100000
1808 985 4476009/50000
1807 985 1492003/50000
1802 985 5609931/100000
1850 985 39/2000
1743 985 1
1736 985 746/625
1614 985 -1
1805 986 1459207/100000
1804 986 13619/12500
1806 986 13/5
1848 986 126023/20000
1803 986 -2659853/100000
1809 986 2463293/25000
1808 986 3694939/100000
1802 986 2463293/50000
1743 986 1
1736 986 24633/20000
1615 986 -1
1805 987 1183/100
1804 987 10533/10000
1806 987 12/5
1848 987 70447/6250
1803 987 -1852979/100000
1809 987 2693101/25000
1808 987 8709603/100000
1807 987 2865001/100000
1802 987 1976851/50000
1850 987 21/100
1743 987 1
1736 987 573/500
1617 987 -1
1805 988 672209/50000
1804 988 21549/20000
1806 988 13/5
1848 988 1680401/100000
1803 988 -254803/100000
1809 988 4976581/50000
1808 988 3512881/100000
1802 988 6791569/100000
1850 988 21/1000
1743 988 1
1736 988 14637/12500
1621 988 -1
1805 989 1376887/100000
1804 989 13503/12500
1806 989 50813/25000
1848 989 150447/100000
1803 989 -3941647/6250
1809 989 3094799/25000
1808 989 3094799/25000
1807 989 1777333/20000
1802 989 6175439/100000
1850 989 1887/50000
1743 989 1
1736 989 7737/6250
1648 989 -1
1805 990 733001/50000
1804 990 108989/100000
1806 990 2
1848 990 73583/10000
1803 990 -3691611/25000
1809 990 2547163/20000
1808 990 2547163/20000
1807 990 4584893/100000
1802 990 6367907/100000
1743 990 1
1736 990 63679/50000
1650 990 -1
1811 991 1100553/100000
1810 991 5033/5000
1851 991 863/10000
1745 991 1
1637 991 33/5000
1716 991 -1
1805 992 138063/10000
1804 992 108059/100000
1806 992 19/10
1848 992 795171/100000
1803 992 -2449857/50000
1809 992 12331977/100000
1808 992 5857689/50000
1807 992 1541497/25000
1802 992 1572327/25000
1850 992 21/1000
1743 992 1
1736 992 3083/2500
1658 992 -1
1805 993 168069/10000
1804 993 55253/50000
1806 993 19/10
1848 993 60349/50000
1803 993 -11041253/20000
1809 993 6830601/50000
1808 993 6830601/50000
1807 993 6147541/50000
1802 993 6830601/100000
1850 993 1/10
1743 993 1
1736 993 34153/25000
1682 993 -1
1805 994 1167989/100000
1804 994 20989/20000
1806 994 17047/6250
1848 994 352779/50000
1803 994 -4342763/20000
1809 994 516171/5000
1808 994 6493029/100000
1807 994 517177/50000
1802 994 1829959/50000
1850 994 6659/25000
1743 994 1
1736 994 112119/100000
1727 994 -1
1805 995 224193/20000
1804 995 102941/100000
1806 995 291/100
1848 995 265851/50000
1803 995 -22614023/100000
1809 995 10346707/100000
1808 995 242041/10000
1807 995 670519/50000
1802 995 844963/25000
1850 995 533/10000
1743 995 1
1736 995 109027/100000
1729 995 -1
1805 996 68289/6250
1804 996 25713/25000
1806 996 3
1848 996 152657/20000
1803 996 -24411019/100000
1809 996 10326087/100000
1808 996 5434783/100000
1802 996 1576087/50000
1850 996 3/1000
1743 996 1
1736 996 13587/12500
1731 996 -1
1811 997 1322879/100000
1810 997 4259/4000
1851 997 108403/100000
1745 997 1
1637 997 259/4000
1608 997 -1
1811 998 1294079/100000
1810 998 105797/100000
1851 998 82009/50000
1745 998 1
1637 998 5797/100000
1610 998 -1
1811 999 305103/25000
1810 999 105747/100000
1851 999 13127/50000
1745 999 1
1637 999 5747/100000
1613 999 -1
1811 1000 270363/20000
1810 1000 107671/100000
1851 1000 7487/100000
1745 1000 1
1637 1000 7671/100000
1614 1000 -1
1811 1001 1183/100
1810 1001 10533/10000
1851 1001 21/100
1745 1001 1
1637 1001 533/10000
1617 1001 -1
1811 1002 633577/50000
1810 1002 53221/50000
1851 1002 593/2000
1745 1002 1
1637 1002 3221/50000
1619 1002 -1
1811 1003 1150537/100000
1810 1003 103403/100000
1851 1003 1/1000
1745 1003 1
1637 1003 3403/100000
1620 1003 -1
1811 1004 672209/50000
1810 1004 21549/20000
1851 1004 21/1000
1745 1004 1
1637 1004 1549/20000
1621 1004 -1
1811 1005 683041/50000
1810 1005 53807/50000
1851 1005 37741/100000
1745 1005 1
1637 1005 3807/50000
1647 1005 -1
1811 1006 1376887/100000
1810 1006 13503/12500
1851 1006 1887/50000
1745 1006 1
1637 1006 1003/12500
1648 1006 -1
1811 1007 62/5
1810 1007 2601/2500
1851 1007 43/25
1745 1007 1
1637 1007 101/2500
1654 1007 -1
1811 1008 244851/20000
1810 1008 26523/25000
1851 1008 1/1000
1745 1008 1
1637 1008 1523/25000
1657 1008 -1
1811 1009 138063/10000
1810 1009 108059/100000
1851 1009 21/1000
1745 1009 1
1637 1009 8059/100000
1658 1009 -1
1811 1010 34833/3125
1810 1010 97509/100000
1851 1010 11044/3125
1745 1010 1
1637 1010 -2491/100000
1700 1010 -1
1811 1011 241473/25000
1810 1011 47087/50000
1851 1011 465953/100000
1745 1011 1
1637 1011 -2913/50000
1701 1011 -1
1811 1012 127131/25000
1810 1012 87277/100000
1851 1012 18177/3125
1745 1012 1
1637 1012 -12723/100000
1702 1012 -1
1811 1013 1379387/100000
1810 1013 109591/100000
1851 1013 1/50
1745 1013 1
1637 1013 9591/100000
1705 1013 -1
1811 1014 9723/800
1810 1014 25079/25000
1851 1014 130877/50000
1745 1014 1
1637 1014 79/25000
1710 1014 -1
1811 1015 136197/10000
1810 1015 105117/100000
1851 1015 68029/20000
1745 1015 1
1637 1015 5117/100000
1711 1015 -1
1811 1016 32932/3125
1810 1016 19479/20000
1851 1016 207349/50000
1745 1016 1
1637 1016 -521/20000
1712 1016 -1
297 1017 169/20000
337 1017 73/2500
336 1017 227/10000
313 1017 43/10000
311 1017 87/5000
312 1017 13/2000
270 1017 -1
324 1017 -14691/10000
323 1017 -801/10000
279 1017 1294/3125
255 1017 2739/50000
281 1017 3881/100000
274 1017 809/10000
273 1017 18483/100000
272 1017 12351/100000
210 1017 99/100000
267 1017 2919/100000
193 1017 17/4000
188 1017 349/20000
266 1017 2271/100000
192 1017 653/100000
265 1017 609/100000
191 1017 743/100000
200 1017 169/20000
310 1017 -2659/2500
392 1017 -2873/10000
391 1017 93/5000
390 1017 -231/10000
1811 1018 1145227/100000
1810 1018 50773/50000
1851 1018 45591/100000
1745 1018 1
1637 1018 773/50000
1714 1018 -1
1811 1019 1475667/100000
1810 1019 2179/2000
1851 1019 37433/100000
1745 1019 1
1637 1019 179/2000
1715 1019 -1
1811 1020 218209/20000
1810 1020 20099/20000
1851 1020 4933/10000
1745 1020 1
1637 1020 99/20000
1719 1020 -1
1811 1021 1082037/100000
1810 1021 20539/20000
1851 1021 28939/100000
1745 1021 1
1637 1021 539/20000
1726 1021 -1
1811 1022 1142663/100000
1810 1022 104461/100000
1851 1022 36393/100000
1745 1022 1
1637 1022 4461/100000
1728 1022 -1
1811 1023 224193/20000
1810 1023 102941/100000
1851 1023 533/10000
1745 1023 1
1637 1023 2941/100000
1729 1023 -1
1811 1024 1103151/100000
1810 1024 103021/100000
1851 1024 2683/10000
1745 1024 1
1637 1024 3021/100000
1730 1024 -1
1811 1025 68289/6250
1810 1025 25713/25000
1851 1025 3/1000
1745 1025 1
1637 1025 713/25000
1731 1025 -1
1811 1026 339479/50000
1810 1026 94163/100000
1851 1026 4519/10000
1745 1026 1
1637 1026 -5837/100000
1732 1026 -1
1813 1027 676843/50000
1812 1027 673/625
1853 1027 249/100
1852 1027 271/2500
1746 1027 1
1640 1027 48/625
1609 1027 -1
1813 1028 1294079/100000
1812 1028 105797/100000
1853 1028 293/100
1852 1028 82009/50000
1746 1028 1
1640 1028 5797/100000
1610 1028 -1
1813 1029 1340193/100000
1812 1029 26911/25000
1853 1029 293/100
1852 1029 8201/50000
1746 1029 1
1640 1029 1911/25000
1611 1029 -1
1813 1030 305103/25000
1812 1030 105747/100000
1853 1030 21/10
1852 1030 13127/50000
1746 1030 1
1640 1030 5747/100000
1613 1030 -1
1813 1031 270363/20000
1812 1031 107671/100000
1853 1031 56/25
1852 1031 7487/100000
1746 1031 1
1640 1031 7671/100000
1614 1031 -1
1813 1032 1183/100
1812 1032 10533/10000
1853 1032 21/10
1852 1032 21/100
1746 1032 1
1640 1032 533/10000
1617 1032 -1
1813 1033 633577/50000
1812 1033 53221/50000
1853 1033 21/10
1852 1033 593/2000
1746 1033 1
1640 1033 3221/50000
1619 1033 -1
1813 1034 1150537/100000
1812 1034 103403/100000
1853 1034 27/10
1852 1034 1/1000
1746 1034 1
1640 1034 3403/100000
1620 1034 -1
1813 1035 683041/50000
1812 1035 53807/50000
1853 1035 37/20
1852 1035 37741/100000
1746 1035 1
1640 1035 3807/50000
1647 1035 -1
1813 1036 62/5
1812 1036 2601/2500
1853 1036 37/20
1852 1036 43/25
1746 1036 1
1640 1036 101/2500
1654 1036 -1
1813 1037 244851/20000
1812 1037 26523/25000
1853 1037 21/10
1852 1037 1/1000
1746 1037 1
1640 1037 1523/25000
1657 1037 -1
1813 1038 34833/3125
1812 1038 97509/100000
1853 1038 114/25
1852 1038 11044/3125
1746 1038 1
1640 1038 -2491/100000
1700 1038 -1
1813 1039 241473/25000
1812 1039 47087/50000
1853 1039 557/100
1852 1039 465953/100000
1746 1039 1
1640 1039 -2913/50000
1701 1039 -1
1813 1040 127131/25000
1812 1040 87277/100000
1853 1040 253/50
1852 1040 18177/3125
1746 1040 1
1640 1040 -12723/100000
1702 1040 -1
1813 1041 149189/20000
1812 1041 95579/100000
1853 1041 7/2
1852 1041 11/200
1746 1041 1
1640 1041 -4421/100000
1704 1041 -1
1813 1042 32932/3125
1812 1042 19479/20000
1853 1042 33/10
1852 1042 207349/50000
1746 1042 1
1640 1042 -521/20000
1712 1042 -1
1813 1043 639999/50000
1812 1043 51539/50000
1853 1043 91/25
1852 1043 2847/10000
1746 1043 1
1640 1043 1539/50000
1713 1043 -1
1813 1044 1145227/100000
1812 1044 50773/50000
1853 1044 307/100
1852 1044 45591/100000
1746 1044 1
1640 1044 773/50000
1714 1044 -1
1813 1045 1100553/100000
1812 1045 5033/5000
1853 1045 311/100
1852 1045 863/10000
1746 1045 1
1640 1045 33/5000
1716 1045 -1
1813 1046 218209/20000
1812 1046 20099/20000
1853 1046 613/200
1852 1046 4933/10000
1746 1046 1
1640 1046 99/20000
1719 1046 -1
1813 1047 581019/50000
1812 1047 20981/20000
1853 1047 12/5
1852 1047 19979/100000
1746 1047 1
1640 1047 981/20000
1725 1047 -1
1813 1048 1082037/100000
1812 1048 20539/20000
1853 1048 12/5
1852 1048 28939/100000
1746 1048 1
1640 1048 539/20000
1726 1048 -1
1815 1049 241473/25000
1814 1049 47087/50000
1855 1049 557/100
1854 1049 465953/100000
1747 1049 1
1641 1049 -2913/50000
1701 1049 -1
1638 1050 1
1636 1050 -1
1744 1051 -1
625 1052 105953/10000
624 1052 10229/10000
666 1052 12/5
665 1052 19213/50000
556 1052 1
451 1052 229/10000
531 1052 -1
712 1053 -1
1874 1053 1
1758 1054 7/500
1756 1054 21/1000
1757 1054 1/100
1710 1054 -1
1652 1054 3133/5000
1691 1054 2253/10000
1690 1054 117/1250
1628 1054 7/500
1623 1054 21/1000
1627 1054 1/100
1626 1054 1/500
1625 1054 1/200
1644 1054 241/10000
1646 1054 -59/2000
1764 1054 -2687/2500
1838 1054 -9/10000
1837 1054 -39/5000
1836 1054 -281/10000
1758 1055 309/10000
1756 1055 253/5000
1757 1055 189/10000
1610 1055 -1
1615 1055 8399/100000
1650 1055 25163/100000
1679 1055 41251/100000
1677 1055 3317/20000
1644 1055 103/6250
1628 1055 1543/50000
1623 1055 1013/20000
1627 1055 377/20000
1626 1055 131/100000
1625 1055 47/100000
1646 1055 -1631/50000
1765 1055 -11453/10000
1837 1055 -33/2000
1838 1055 -11/10000
1836 1055 -83/2500
1758 1056 287/10000
1756 1056 471/10000
1757 1056 7/400
1710 1056 -1
1615 1056 8363/100000
1650 1056 12527/50000
1679 1056 41073/100000
1677 1056 8257/50000
1644 1056 2609/100000
1628 1056 2873/100000
1623 1056 2357/50000
1627 1056 351/20000
1626 1056 61/50000
1625 1056 11/25000
1646 1056 -39/1250
1765 1056 -2687/2500
1837 1056 -31/2000
1838 1056 -11/10000
1836 1056 -39/1250
1758 1057 271/10000
1756 1057 223/5000
1757 1057 83/5000
1712 1057 -1
1615 1057 517/6250
1650 1057 24781/100000
1679 1057 13/32
1677 1057 8167/50000
1644 1057 51/1250
1628 1057 543/20000
1623 1057 891/20000
1627 1057 829/50000
1626 1057 23/20000
1625 1057 21/50000
1646 1057 -3077/100000
1765 1057 -10289/10000
1837 1057 -37/2500
1838 1057 -1/1000
1836 1057 -297/10000
1758 1058 299/10000
1756 1058 49/1000
1757 1058 91/5000
1726 1058 -1
1615 1058 2133/25000
1650 1058 12781/50000
1679 1058 2619/6250
1677 1058 1053/6250
1644 1058 319/100000
1628 1058 2987/100000
1623 1058 4901/100000
1627 1058 57/3125
1626 1058 127/100000
1625 1058 23/50000
1646 1058 -3051/100000
1765 1058 -10887/10000
1837 1058 -79/5000
1838 1058 -11/10000
1836 1058 -317/10000
1758 1059 19/625
1756 1059 249/5000
1757 1059 93/5000
1727 1059 -1
1615 1059 8523/100000
1650 1059 5107/20000
1679 1059 2093/5000
1677 1059 1683/10000
1644 1059 301/100000
1628 1059 1519/50000
1623 1059 623/12500
1627 1059 371/20000
1626 1059 129/100000
1625 1059 47/100000
1646 1059 -1551/50000
1765 1059 -2803/2500
1837 1059 -161/10000
1838 1059 -11/10000
1836 1059 -13/400
1701 1060 -1
1758 1060 81/5000
1756 1060 13/5000
1785 1060 71/10000
1757 1060 273/10000
1703 1060 96/625
1717 1060 2703/10000
1617 1060 691/2000
1687 1060 131/1250
1686 1060 11/500
1628 1060 81/5000
1623 1060 13/5000
1709 1060 71/10000
1627 1060 273/10000
1626 1060 19/1000
1625 1060 101/5000
1646 1060 -4/125
1644 1060 431/10000
1766 1060 -9527/10000
1838 1060 -1/1000
1837 1060 -131/10000
1836 1060 -3/500
1758 1061 23/1000
1756 1061 143/5000
1757 1061 7/625
1646 1061 -187/10000
1616 1061 363/2000
1651 1061 393/1250
1680 1061 171/500
1678 1061 1081/10000
1704 1061 -1
1628 1061 23/1000
1623 1061 143/5000
1627 1061 7/625
1626 1061 1/400
1625 1061 27/5000
1644 1061 1/500
1767 1061 -901/1000
1837 1061 -7/1000
1836 1061 -33/1000
1647 1062 -1
1649 1062 803/800
1644 1062 193/50000
1645 1062 -761/100000
1770 1062 -12337/10000
1838 1062 -1/400
1837 1062 -1/400
1836 1062 -37/10000
1744 1063 3/20
1757 1063 -1
1635 1063 693/4000
1627 1063 -3/20
1744 1064 1/20
1758 1064 -1
1635 1064 1139/20000
1628 1064 -1/20
1744 1065 3/20
1784 1065 -1
1635 1065 171/1000
1708 1065 -3/20
1744 1066 1/20
1785 1066 -1
1635 1066 1123/20000
1709 1066 -1/20
1771 1067 1
1840 1067 -1543/500
1772 1068 1
1793 1068 -6379/5000
1790 1068 -1363/2000
1792 1068 -2219/5000
1791 1068 6379/5000
1840 1068 337/500
1670 1069 24907/25000
1668 1069 -1
1645 1069 -13/12500
1644 1069 59/12500
1773 1069 -15051/10000
1837 1069 -117/10000
1836 1069 -49/5000
1671 1070 12393/12500
1669 1070 -1
1644 1070 987/100000
1645 1070 -131/100000
1773 1070 -3203/2500
1837 1070 -1/100
1836 1070 -83/10000
1674 1071 99793/100000
1673 1071 -1
1644 1071 129/50000
1645 1071 -53/100000
1773 1071 -13699/10000
1837 1071 -107/10000
1836 1071 -89/10000
1664 1072 100001/100000
1661 1072 -1
1645 1072 -1/100000
1774 1072 -15277/10000
1837 1072 -1/1250
1836 1072 -77/10000
1692 1073 3757/5000
1689 1073 2421/10000
1688 1073 -1
1644 1073 139/10000
1646 1073 -37/5000
1775 1073 -259/200
1838 1073 -9/1000
1837 1073 -1/200
1836 1073 -1/250
1613 1074 19577/20000
1612 1074 -1
1644 1074 2367/100000
1645 1074 -63/25000
1776 1074 -11143/10000
1837 1074 -39/10000
1836 1074 -11/10000
1619 1075 12237/12500
1618 1075 -1
1644 1075 2673/100000
1645 1075 -569/100000
1776 1075 -100569/100000
1837 1075 -39/10000
1836 1075 -11/10000
1611 1076 9857/10000
1610 1076 -1
1644 1076 1511/100000
1645 1076 -81/100000
1777 1076 -11453/10000
1837 1076 -4/625
1836 1076 -21/10000
1609 1077 19811/20000
1608 1077 -1
1644 1077 999/100000
1645 1077 -27/50000
1777 1077 -11787/10000
1837 1077 -33/5000
1836 1077 -21/10000
1710 1078 54551/100000
1701 1078 45449/100000
1700 1078 -1
1778 1078 -5097/5000
1838 1078 -1/625
1837 1078 -17/10000
1836 1078 -8/625
1758 1079 3/80
1756 1079 237/10000
1757 1079 53/1250
1667 1079 41501/50000
1628 1079 1873/50000
1623 1079 74/3125
1627 1079 1059/25000
1626 1079 3047/100000
1625 1079 1693/100000
1645 1079 1909/100000
1662 1079 -1
1779 1079 -67/50
1838 1079 -201/10000
1837 1079 -77/5000
1836 1079 -549/10000
1758 1080 19/625
1756 1080 207/10000
1757 1080 357/10000
1669 1080 -1
1667 1080 42633/50000
1628 1080 3041/100000
1623 1080 2071/100000
1627 1080 713/20000
1626 1080 1273/50000
1625 1080 1517/100000
1645 1080 1993/100000
1779 1080 -3203/2500
1838 1080 -12/625
1837 1080 -147/10000
1836 1080 -21/400
1758 1081 41/10000
1756 1081 43/10000
1757 1081 17/2000
1679 1081 -1
1667 1081 94299/100000
1628 1081 413/100000
1623 1081 43/10000
1627 1081 169/20000
1626 1081 113/20000
1625 1081 791/100000
1645 1081 83/3125
1779 1081 -6733/5000
1838 1081 -49/2500
1837 1081 -9/625
1836 1081 -59/1250
1687 1082 -1
1758 1082 27/1000
1756 1082 99/5000
1757 1082 13/400
1667 1082 85851/100000
1628 1082 1349/50000
1623 1082 1983/100000
1627 1082 13/400
1626 1082 2309/100000
1625 1082 361/25000
1645 1082 493/20000
1779 1082 -1
1838 1082 -97/5000
1837 1082 -149/10000
1836 1082 -531/10000
1758 1083 43/5000
1756 1083 51/10000
1757 1083 29/2500
1722 1083 -1
1667 1083 18763/20000
1628 1083 863/100000
1623 1083 51/10000
1627 1083 231/20000
1626 1083 207/25000
1625 1083 953/100000
1645 1083 469/25000
1779 1083 -517/400
1838 1083 -97/5000
1837 1083 -149/10000
1836 1083 -53/1000
1758 1084 351/10000
1756 1084 203/10000
1757 1084 211/5000
1666 1084 2107/2500
1628 1084 3507/100000
1623 1084 507/25000
1627 1084 4217/100000
1626 1084 3027/100000
1625 1084 407/25000
1645 1084 1313/100000
1662 1084 -1
1780 1084 -67/50
1838 1084 -47/2500
1837 1084 -9/500
1836 1084 -67/1250
1667 1085 94299/100000
1758 1085 41/10000
1756 1085 43/10000
1757 1085 17/2000
1680 1085 -1
1628 1085 413/100000
1623 1085 101/25000
1627 1085 169/20000
1626 1085 113/20000
1625 1085 791/100000
1645 1085 83/3125
1781 1085 -6733/5000
1837 1085 -9/625
1836 1085 -59/1250
1758 1086 1/125
1756 1086 7/1000
1757 1086 11/1000
1692 1086 -1
1684 1086 919/1000
1628 1086 1/125
1623 1086 7/1000
1627 1086 11/1000
1626 1086 1/125
1625 1086 7/1000
1645 1086 1/25
1781 1086 -639/500
1837 1086 -9/1000
1836 1086 -1/200
1758 1087 13/500
1756 1087 17/1000
1757 1087 4/125
1665 1087 -1
1676 1087 213/250
1628 1087 13/500
1623 1087 17/1000
1627 1087 4/125
1626 1087 1/40
1625 1087 17/1000
1645 1087 31/1000
1782 1087 -53/40
1838 1087 -7/1000
1837 1087 -11/125
1836 1087 -1/100
1699 1088 499/500
1644 1088 -17/16
1783 1088 -1
1838 1088 53/200
1837 1088 -16/625
1836 1088 -657/10000
1645 1089 1
1646 1089 -1
1679 1090 1
1691 1090 -1
1744 1091 219/5000
1635 1091 131/1000
1646 1091 1
1645 1091 -5219/5000
1786 1091 -1
1838 1091 -1/20
1837 1091 -59/100
1625 1092 49/200
1703 1092 -61119/10000
1699 1092 923/5000
1646 1092 1
1787 1092 -1
1841 1092 -67231/10000
1837 1092 -46/125
1836 1092 -117/500
1635 1093 -613/200
1625 1093 49/200
1646 1093 1
1788 1093 -1
1838 1093 8/25
1837 1093 -41/100
1836 1093 -119/50
1744 1094 413/2000
1635 1094 3087/5000
1646 1094 1
1645 1094 -2413/2000
1789 1094 -1
1837 1094 -21/50
1846 1095 -956061/100000
1795 1095 6187/40
1801 1095 -85
1800 1095 -1
1799 1095 -12
1794 1095 -44
1735 1095 -1
1630 1095 1
1847 1096 -27/100
1742 1096 -1
1849 1097 1
1850 1097 -27/100
1743 1097 -1
1851 1098 -3/5
1745 1098 -1
1637 1098 1
1853 1099 -42119/10000
1852 1099 -3/5
1746 1099 -1
1640 1099 1
1819 1100 -91
1820 1100 -96
1817 1100 -86
1857 1100 -16
1856 1100 -13
1737 1100 -1
1642 1100 99/100
1824 1101 -87
1825 1101 -92
1822 1101 -82
1859 1101 -16
1858 1101 -13
1738 1101 -1
1643 1101 99/100
1749 1102 -1
1815 1103 1082037/100000
1814 1103 20539/20000
1855 1103 12/5
1854 1103 28939/100000
1747 1103 1
1641 1103 539/20000
1726 1103 -1
1734 1104 -959987/100000
1861 1104 -21/25
1860 1104 -123611/100000
1831 1104 -15
1833 1104 -1
1832 1104 -1
1862 1104 -18
1830 1104 -43/2
1826 1104 6726709/12500
1739 1104 -1
1655 1104 199/200
1861 1105 1
1864 1105 -5
1863 1105 -7/25
1828 1105 1785159/100000
1750 1105 -1
1866 1106 -1
1628 1106 1
1867 1107 -1
1720 1107 1
1836 1108 -289/10000
1840 1108 1
1633 1109 -1
1836 1109 1
1819 1110 1/2
1820 1110 1
1843 1110 -1
1824 1111 1/2
1822 1111 1
1844 1111 -1
1844 1112 12116933/100000
1845 1112 13756081/100000
1823 1112 57061/4000
1821 1112 54849/50000
1859 1112 2752163/100000
1858 1112 1317917/100000
1749 1112 1
1738 1112 17733/12500
1721 1112 -1
1865 1113 1
1866 1114 1
1889 1115 1
1890 1116 1
1891 1117 1
1894 1118 1
1895 1119 1
1896 1120 1
1898 1121 1
1872 1122 -1
1870 1123 -1
1873 1124 -1
1874 1125 -1
1876 1126 -1
1878 1127 -1
1879 1128 -1
1882 1129 -1
1884 1130 -1
1885 1131 -1
1878 1132 -1
1872 1132 1
16 1133 -1
1868 1133 1
24 1134 -1
1869 1134 1
1748 1135 -1
33 1136 -1
1873 1136 1
34 1137 -1
1874 1137 1
36 1138 -1
1876 1138 1
37 1139 -1
1877 1139 1
44 1140 -1
1878 1140 1
45 1141 -1
1879 1141 1
46 1142 -1
1880 1142 1
47 1143 -1
1881 1143 1
54 1144 -1
1885 1144 1
55 1145 -1
1886 1145 1
187 1146 -1
1868 1146 1
195 1147 -1
1869 1147 1
196 1148 -1
1870 1148 1
197 1149 -1
1871 1149 1
205 1150 -1
1873 1150 1
206 1151 -1
1874 1151 1
208 1152 -1
1876 1152 1
209 1153 -1
1877 1153 1
221 1154 -1
1878 1154 1
222 1155 -1
1879 1155 1
225 1156 -1
1880 1156 1
264 1157 -1
1887 1157 1
440 1158 -1
1869 1158 1
441 1159 -1
1870 1159 1
442 1160 -1
1871 1160 1
450 1161 -1
1873 1161 1
470 1162 -1
1880 1162 1
1855 1163 -8737/2000
1854 1163 -23/10
1747 1163 -1
1641 1163 1
1734 1164 304847/25000
1829 1164 733001/50000
1827 1164 108989/100000
1860 1164 38163/25000
1831 1164 124811/5000
1833 1164 2547163/20000
1832 1164 4584893/100000
1864 1164 327/100
1862 1164 464857/50000
1830 1164 3285839/100000
1828 1164 -343723/50000
1826 1164 -3691611/25000
1750 1164 1
1739 1164 63679/50000
1650 1164 -1
471 1165 -1
1881 1165 1
1815 1166 1340193/100000
1814 1166 26911/25000
1855 1166 293/100
1854 1166 8201/50000
1747 1166 1
1641 1166 1911/25000
1611 1166 -1
505 1167 -1
1884 1167 1
508 1168 -1
1885 1168 1
509 1169 -1
1886 1169 1
515 1170 -1
1887 1170 1
701 1171 -1
1869 1171 1
703 1172 -1
1871 1172 1
711 1173 -1
1873 1173 1
713 1174 -1
1876 1174 1
259 1175 -1
1886 1175 1
258 1176 -1
1885 1176 1
727 1177 -1
1879 1177 1
731 1178 -1
1881 1178 1
763 1179 -1
1886 1179 1
769 1180 -1
1887 1180 1
938 1181 -1
1868 1181 1
947 1182 -1
1870 1182 1
948 1183 -1
1871 1183 1
956 1184 -1
1873 1184 1
957 1185 -1
1874 1185 1
959 1186 -1
1876 1186 1
960 1187 -1
1877 1187 1
972 1188 -1
1878 1188 1
304 1189 1
2 1190 1
119 1191 -1
429 1192 6241/6250
428 1192 -1
455 1192 603/100000
456 1192 -459/100000
586 1192 -5731/5000
649 1192 -21/5000
648 1192 -3/2500
126 1193 -1
128 1194 -1
137 1195 -1
157 1196 1
178 1197 1
179 1198 1
180 1199 1
181 1200 1
182 1201 1
183 1202 1
184 1203 1
185 1204 1
186 1205 1
187 1206 1
188 1207 1
189 1208 1
190 1209 1
191 1210 1
192 1211 1
193 1212 1
194 1213 1
195 1214 1
196 1215 1
197 1216 1
198 1217 1
199 1218 1
200 1219 1
201 1220 1
202 1221 1
203 1222 1
204 1223 1
205 1224 1
206 1225 1
207 1226 1
208 1227 1
557 1228 -1
210 1229 1
212 1230 1
213 1231 1
214 1232 1
217 1233 1
569 1234 59/2000
567 1234 189/10000
568 1234 69/2000
473 1234 -1
478 1234 85867/100000
438 1234 2951/100000
433 1234 943/50000
437 1234 689/20000
436 1234 2463/100000
435 1234 91/6250
456 1234 1931/100000
589 1234 -2649/2000
650 1234 -199/10000
649 1234 -19/1250
648 1234 -543/10000
211 1235 1
220 1236 1
221 1237 1
224 1238 1
228 1239 1
229 1240 1
234 1241 1
235 1242 1
237 1243 1
240 1244 1
241 1245 1
242 1246 1
244 1247 1
245 1248 1
243 1249 1
250 1250 1
295 1251 1
254 1252 1
256 1253 1
257 1254 1
260 1255 1
261 1256 1
262 1257 1
263 1258 1
264 1259 1
265 1260 1
266 1261 1
267 1262 1
268 1263 1
269 1264 1
270 1265 1
271 1266 1
273 1267 1
274 1268 1
275 1269 1
276 1270 1
277 1271 1
280 1272 1
281 1273 1
282 1274 1
283 1275 1
284 1276 1
285 1277 1
286 1278 1
852 1279 306403/20000
851 1279 109579/100000
853 1279 2
900 1279 150137/20000
850 1279 -3012911/20000
856 1279 1299293/10000
855 1279 1299293/10000
854 1279 935491/20000
849 1279 1299293/20000
796 1279 1
789 1279 129929/100000
721 1279 -1
288 1280 1
290 1281 1
372 1282 -1
294 1283 1
1239 1284 -1
1880 1284 1
296 1285 1
297 1286 1
298 1287 1
299 1288 1
301 1289 1
303 1290 1
1451 1291 -1
1869 1291 1
305 1292 1
215 1293 1
216 1294 1
308 1295 1
309 1296 1
310 1297 1
314 1298 1
315 1299 1
317 1300 1
318 1301 1
319 1302 1
320 1303 1
321 1304 1
322 1305 1
323 1306 1
524 1307 1
534 1308 1
558 1309 1
566 1310 1
577 1311 1
582 1312 1
586 1313 1
588 1314 1
589 1315 1
592 1316 1
593 1317 1
594 1318 1
595 1319 1
596 1320 1
597 1321 1
598 1322 1
599 1323 -1
600 1324 -1
601 1325 -1
602 1326 -1
603 1327 -1
604 1328 -1
605 1329 -1
606 1330 -1
607 1331 -1
608 1332 -1
609 1333 -1
610 1334 -1
611 1335 -1
612 1336 -1
613 1337 -1
614 1338 -1
615 1339 -1
616 1340 -1
617 1341 -1
621 1342 -1
622 1343 -1
720 1344 1
626 1345 -1
627 1346 -1
711 1347 1
629 1348 -1
630 1349 -1
633 1350 -1
637 1351 -1
638 1352 -1
643 1353 -1
644 1354 -1
646 1355 -1
494 1356 1
650 1357 1
651 1358 1
1302 1359 594077/50000
1399 1359 672209/50000
1397 1359 21549/20000
1403 1359 3512881/100000
1434 1359 97/25
1432 1359 190281/6250
1433 1359 21/1000
1400 1359 278103/12500
1398 1359 -429489/50000
1431 1359 201467/100000
1396 1359 -254803/100000
1320 1359 1
1309 1359 14637/12500
1200 1359 -1
335 1360 1
663 1361 1
664 1362 1
665 1363 1
667 1364 1
669 1365 1
670 1366 1
673 1367 1
668 1368 1
675 1369 1
676 1370 1
677 1371 1
678 1372 1
679 1373 1
680 1374 1
681 1375 1
500 1376 1
363 1377 -1
687 1378 1
689 1379 1
690 1380 1
691 1381 1
692 1382 1
693 1383 1
694 1384 1
695 1385 1
696 1386 1
697 1387 1
698 1388 1
700 1389 1
701 1390 1
702 1391 1
703 1392 1
704 1393 1
705 1394 1
706 1395 1
707 1396 1
708 1397 1
709 1398 1
710 1399 1
713 1400 1
714 1401 1
715 1402 1
716 1403 1
717 1404 1
718 1405 1
719 1406 1
620 1407 -1
721 1408 1
723 1409 1
763 1410 1
727 1411 1
662 1412 1
729 1413 1
730 1414 1
731 1415 1
732 1416 1
734 1417 1
736 1418 1
737 1419 1
739 1420 1
624 1421 -1
674 1422 1
742 1423 1
744 1424 1
497 1425 1
747 1426 1
748 1427 1
749 1428 1
751 1429 1
493 1430 1
753 1431 1
754 1432 1
755 1433 1
1892 1434 1
1893 1435 1
922 1436 1
1132 1437 138063/10000
1131 1437 108059/100000
1172 1437 17/10
1171 1437 21/1000
1065 1437 1
956 1437 8059/100000
975 1437 -1
924 1438 1
953 1439 1
959 1440 1
980 1441 1
981 1442 1
982 1443 1
983 1444 1
984 1445 1
985 1446 1
986 1447 1
987 1448 1
988 1449 1
989 1450 1
990 1451 1
991 1452 1
992 1453 1
993 1454 1
994 1455 1
995 1456 1
996 1457 1
997 1458 1
998 1459 1
999 1460 1
1000 1461 1
1001 1462 1
1002 1463 1
1003 1464 1
1004 1465 1
1005 1466 1
1006 1467 1
1007 1468 1
1008 1469 1
1009 1470 1
1013 1471 1
1014 1472 1
1015 1473 1
1018 1474 1
1019 1475 1
1020 1476 1
1021 1477 1
1022 1478 1
1025 1479 1
1029 1480 1
1030 1481 1
1035 1482 1
1036 1483 1
1038 1484 1
1039 1485 1
1040 1486 1
1041 1487 1
1042 1488 1
1043 1489 1
1044 1490 1
1045 1491 1
1046 1492 1
1302 1493 1188021/100000
1399 1493 691057/50000
1397 1493 54047/50000
1403 1493 12418981/100000
1402 1493 4787239/50000
1434 1493 162099/50000
1432 1493 1306379/50000
1433 1493 3437/100000
1400 1493 2724831/100000
1401 1493 722581/25000
1398 1493 -378047/50000
1431 1493 150129/100000
1396 1493 -624387/1000
1320 1493 1
1309 1493 12419/10000
1228 1493 -1
1053 1494 1
1054 1495 1
1055 1496 1
1056 1497 1
1058 1498 1
1060 1499 1
1061 1500 1
1062 1501 1
1067 1502 1
1064 1503 1
1065 1504 1
1068 1505 1
1069 1506 1
1071 1507 1
1072 1508 1
1073 1509 1
1074 1510 1
1075 1511 1
1076 1512 1
1077 1513 1
1078 1514 1
1079 1515 1
1080 1516 1
1082 1517 1
1083 1518 1
1084 1519 1
1085 1520 1
1086 1521 1
1087 1522 1
1090 1523 1
917 1524 1
1092 1525 1
787 1526 1
1094 1527 1
1095 1528 1
872 1529 -1
926 1530 1
1100 1531 1
1103 1532 1
1104 1533 1
898 1534 1
1106 1535 1
1107 1536 1
1108 1537 1
1109 1538 -1
1111 1539 -1
1113 1540 -1
1114 1541 -1
1116 1542 -1
1010 1543 1
1132 1544 136197/10000
1131 1544 10667/10000
1172 1544 283/100
1171 1544 156457/100000
1065 1544 1
956 1544 667/10000
1030 1544 -1
1119 1545 -1
1121 1546 -1
1123 1547 -1
1124 1548 -1
1125 1549 -1
1126 1550 -1
1128 1551 -1
1129 1552 -1
1130 1553 -1
1131 1554 -1
1132 1555 -1
1133 1556 -1
1134 1557 -1
1175 1558 1
1186 1559 1
1193 1560 1
1196 1561 1
1200 1562 1
1215 1563 1
1216 1564 1
1217 1565 1
1218 1566 1
1219 1567 1
1220 1568 1
1221 1569 1
1222 1570 1
1223 1571 1
1224 1572 1
1225 1573 1
1226 1574 1
1227 1575 1
1228 1576 1
1229 1577 1
1230 1578 1
1231 1579 1
1232 1580 1
1233 1581 1
1234 1582 1
1235 1583 1
1237 1584 1
1238 1585 1
1239 1586 1
1242 1587 1
1243 1588 1
1244 1589 1
1245 1590 1
1246 1591 1
1248 1592 1
1252 1593 1
1253 1594 1
1258 1595 1
1259 1596 1
1261 1597 1
1262 1598 1
1263 1599 1
1264 1600 1
1265 1601 1
1267 1602 1
1269 1603 1
1270 1604 1
1271 1605 1
1272 1606 1
1273 1607 1
1274 1608 1
1275 1609 1
1276 1610 1
1278 1611 1
1279 1612 1
1280 1613 1
1281 1614 1
1282 1615 1
1142 1616 -1
1285 1617 1
1286 1618 1
1287 1619 1
1288 1620 1
1292 1621 1
1294 1622 1
1295 1623 1
1297 1624 1
1298 1625 1
1299 1626 1
1300 1627 1
1302 1628 1
1303 1629 1
1304 1630 1
1306 1631 1
1307 1632 1
1308 1633 1
1309 1634 1
1520 1635 1
1510 1636 1
1726 1637 1
1552 1638 -1
1556 1639 -1
1557 1640 -1
1558 1641 -1
1559 1642 -1
1574 1643 -1
1575 1644 -1
1576 1645 -1
1577 1646 -1
1578 1647 -1
1579 1648 -1
1580 1649 1
1581 1650 1
1582 1651 1
1583 1652 1
1584 1653 1
1585 1654 1
1586 1655 1
1587 1656 1
1588 1657 1
1589 1658 1
1590 1659 1
1591 1660 1
1592 1661 1
1593 1662 1
1594 1663 1
1595 1664 1
1596 1665 1
1597 1666 1
1598 1667 1
1599 1668 1
1600 1669 1
1601 1670 1
1602 1671 1
1603 1672 1
1605 1673 1
1607 1674 1
1608 1675 1
1609 1676 1
1659 1677 1
1613 1678 1
1614 1679 1
1615 1680 1
1616 1681 1
1620 1682 1
1624 1683 1
1625 1684 1
1630 1685 1
1631 1686 1
1633 1687 1
1634 1688 1
1513 1689 1
1638 1690 1
1639 1691 1
1457 1692 1
1650 1693 1
1651 1694 1
1524 1695 1
1653 1696 1
1655 1697 1
1657 1698 1
1658 1699 1
1661 1700 1
1662 1701 1
1663 1702 1
1664 1703 1
1665 1704 1
1666 1705 1
1667 1706 1
1668 1707 1
1357 1708 1
1647 1709 1
1536 1710 -1
1675 1711 1
1677 1712 1
1678 1713 1
1679 1714 1
1680 1715 1
1681 1716 1
1682 1717 1
1683 1718 1
1684 1719 1
1685 1720 1
1686 1721 1
1688 1722 1
1689 1723 1
1690 1724 1
1691 1725 1
1692 1726 1
1693 1727 1
1694 1728 1
1695 1729 1
1696 1730 1
1697 1731 1
1701 1732 1
1702 1733 1
1703 1734 1
1525 1735 1
1705 1736 1
1706 1737 1
1707 1738 1
1700 1739 1
1671 1740 1
1711 1741 1
1714 1742 1
1715 1743 1
1716 1744 1
1717 1745 1
1718 1746 1
1719 1747 1
1720 1748 1
1722 1749 1
1724 1750 1
1725 1751 1
1727 1752 1
1343 1753 1
1341 1754 1
1730 1755 1
1732 1756 1
1733 1757 1
1735 1758 1
1736 1759 1
1737 1760 1
1739 1761 1
1544 1762 -1
1741 1763 1
1742 1764 1
1743 1765 1
1744 1766 1
1745 1767 1
1761 1768 1
1762 1769 1
1763 1770 1
1314 1771 249/25000
1355 1771 7/200
1354 1771 273/10000
1328 1771 51/10000
1326 1771 179/10000
1327 1771 37/5000
1297 1771 8137/25000
1286 1771 -1
1342 1771 -13753/10000
1341 1771 -927/10000
1269 1771 2537/50000
1300 1771 3081/100000
1293 1771 1987/20000
1292 1771 23333/100000
1291 1771 563/4000
1224 1771 77/100000
1283 1771 3499/100000
1207 1771 511/100000
1202 1771 447/25000
1282 1771 2733/100000
1206 1771 93/12500
1281 1771 771/100000
1205 1771 167/20000
1214 1771 249/25000
1325 1771 -10549/10000
1410 1771 -2381/10000
1409 1771 83/5000
1408 1771 -103/5000
1634 1772 1
1636 1772 -1
1767 1773 1
1117 1774 -1
1769 1775 1
1770 1776 1
768 1777 1
1772 1778 1
1773 1779 1
1774 1780 1
1775 1781 1
1776 1782 1
1777 1783 1
1778 1784 1
1779 1785 1
1780 1786 1
1781 1787 1
1782 1788 1
1783 1789 1
1784 1790 1
1785 1791 1
1786 1792 1
1787 1793 1
1788 1794 1
1789 1795 1
1790 1796 -1
1791 1797 -1
1794 1798 -1
1795 1799 -1
1796 1800 -1
1797 1801 -1
1798 1802 -1
1799 1803 -1
1800 1804 -1
1801 1805 -1
1802 1806 -1
1803 1807 -1
1804 1808 -1
1805 1809 -1
1806 1810 -1
1807 1811 -1
1809 1812 -1
1810 1813 -1
1811 1814 -1
1812 1815 -1
1813 1816 -1
1814 1817 -1
1815 1818 -1
1816 1819 -1
1817 1820 -1
1818 1821 -1
1819 1822 -1
1820 1823 -1
1821 1824 -1
1823 1825 -1
1824 1826 -1
1826 1827 -1
1827 1828 -1
1828 1829 -1
1829 1830 -1
1830 1831 -1
1831 1832 -1
1832 1833 -1
1833 1834 -1
1834 1835 -1
1835 1836 -1
1836 1837 1
1837 1838 1
1838 1839 1
1839 1840 1
1840 1841 1
1841 1842 1
1842 1843 1
1843 1844 1
1844 1845 1
1845 1846 1
1846 1847 1
1847 1848 1
1848 1849 1
1849 1850 1
1850 1851 1
1851 1852 1
1852 1853 1
1853 1854 1
1854 1855 1
1855 1856 1
1856 1857 1
1857 1858 1
1858 1859 1
1859 1860 1
1860 1861 1
1861 1862 1
1862 1863 1
1863 1864 1
1864 1865 1
1865 1866 1
1866 1867 1
1867 1868 1
1868 1869 1
1869 1870 1
1870 1871 1
1871 1872 1
1872 1873 1
1873 1874 1
1874 1875 1
1875 1876 1
1876 1877 1
1877 1878 1
1878 1879 1
1879 1880 1
1880 1881 1
1881 1882 1
1882 1883 1
1883 1884 1
1884 1885 1
1885 1886 1
1886 1887 1
1888 1888 1
1889 1889 1
1890 1890 1
1891 1891 1
1892 1892 1
1893 1893 1
1894 1894 1
1895 1895 1
1896 1896 1
1897 1897 1
1898 1898 1
1899 1899 1
1900 1900 1
1901 1901 1
1902 1902 1
